Using gain_safety_margin_override=4.0
[INFO] [launch]: All log files can be found below /home/hci-student/.ros/log/2026-07-28-18-17-37-772259-hci-student-44503
[INFO] [launch]: Default logging verbosity is set to INFO
[INFO] [pinn_controller_node-1]: process started with pid [44506]
[pinn_controller_node-1] [WARN] [1785226658.834269900] [pinn_franka_controller]: gain_safety_margin_override=4.00 active -- using recomputed Kp/Kd (diag Kp=[108.16, 128.14, 37.45, 57.76, 17.64, 22.66, 9.86]) instead of the Lyapunov default. TEMPORARY debug override, not the project's validated gains.
[pinn_controller_node-1] [INFO] [1785226658.839706012] [pinn_franka_controller]: Stage 3 controller loaded (urdf=/home/hci-student/projects/pinn_franka/pinocchio_baseline/panda.urdf, checkpoint=/home/hci-student/projects/pinn_franka/models/run_20260716_121302/greybox_best.pt, gains=lyapunov).
[pinn_controller_node-1] [INFO] [1785226658.843664121] [pinn_franka_controller]: PinnControllerNode started (rate=1000 Hz, delta=0.00, lyapunov_gains=True)
[pinn_controller_node-1] [INFO] [1785226708.101231854] [pinn_franka_controller]: New trajectory received with 12 points.
[pinn_controller_node-1] [INFO] [1785226708.101983019] [pinn_franka_controller]: [DEBUG e] j4: q_des=-1.6613 q_meas=-1.6614 e=+0.0000 qdot=-0.00004 | j6: q_des=+1.5456 q_meas=+1.5456 e=-0.0000 qdot=-0.00000 | j7: q_des=-0.7865 q_meas=-0.7865 e=-0.0000 qdot=-0.00001
[pinn_controller_node-1] [INFO] [1785226708.103976786] [pinn_franka_controller]: [DEBUG tau] j4: rnea=+23.041 res=-0.539 pd=+0.025 unclipped=+22.526 clipped=+22.526 | j6: rnea=+1.898 res=+0.167 pd=-0.012 unclipped=+2.053 clipped=+2.053 | j7: rnea=-0.000 res=-0.153 pd=-0.000 unclipped=-0.153 clipped=-0.153
[pinn_controller_node-1] [INFO] [1785226709.101991125] [pinn_franka_controller]: [DEBUG e] j4: q_des=-1.3847 q_meas=-1.3998 e=+0.0151 qdot=+0.10183 | j6: q_des=+1.3199 q_meas=+1.3420 e=-0.0221 qdot=-0.09613 | j7: q_des=-0.7906 q_meas=-0.8028 e=+0.0122 qdot=-0.01358
[pinn_controller_node-1] [INFO] [1785226709.104608791] [pinn_franka_controller]: [DEBUG tau] j4: rnea=+20.814 res=-0.614 pd=+0.649 unclipped=+20.849 clipped=+20.849 | j6: rnea=+1.844 res=+0.238 pd=-0.261 unclipped=+1.821 clipped=+1.821 | j7: rnea=+0.000 res=-0.207 pd=+0.197 unclipped=-0.009 clipped=-0.009
[pinn_controller_node-1] [INFO] [1785226709.200376841] [pinn_franka_controller]: New trajectory received with 1 points.
[pinn_controller_node-1] [INFO] [1785226709.225952767] [pinn_franka_controller]: New trajectory received with 11 points.
[pinn_controller_node-1] [INFO] [1785226710.102872182] [pinn_franka_controller]: [DEBUG e] j4: q_des=-1.5376 q_meas=-1.5473 e=+0.0097 qdot=-0.02651 | j6: q_des=+1.4303 q_meas=+1.4284 e=+0.0018 qdot=+0.03742 | j7: q_des=-0.5034 q_meas=-0.5524 e=+0.0490 qdot=+0.09819
[pinn_controller_node-1] [INFO] [1785226710.105388274] [pinn_franka_controller]: [DEBUG tau] j4: rnea=+21.741 res=-0.523 pd=+0.587 unclipped=+21.804 clipped=+21.804 | j6: rnea=+2.017 res=+0.153 pd=-0.159 unclipped=+2.011 clipped=+2.011 | j7: rnea=-0.009 res=-0.228 pd=+0.192 unclipped=-0.045 clipped=-0.045
[pinn_controller_node-1] [INFO] [1785226710.144379831] [pinn_franka_controller]: New trajectory received with 1 points.
[pinn_controller_node-1] [INFO] [1785226710.169768745] [pinn_franka_controller]: New trajectory received with 10 points.
[pinn_controller_node-1] [INFO] [1785226711.020668220] [pinn_franka_controller]: New trajectory received with 1 points.
[pinn_controller_node-1] [INFO] [1785226711.046095302] [pinn_franka_controller]: New trajectory received with 12 points.
[pinn_controller_node-1] [INFO] [1785226711.103584026] [pinn_franka_controller]: [DEBUG e] j4: q_des=-1.6756 q_meas=-1.6751 e=-0.0005 qdot=-0.04834 | j6: q_des=+1.5247 q_meas=+1.5248 e=-0.0002 qdot=+0.04811 | j7: q_des=-0.3289 q_meas=-0.3309 e=+0.0021 qdot=+0.02248
[pinn_controller_node-1] [INFO] [1785226711.106207618] [pinn_franka_controller]: [DEBUG tau] j4: rnea=+22.206 res=-0.471 pd=+0.085 unclipped=+21.820 clipped=+21.820 | j6: rnea=+2.113 res=+0.150 pd=-0.073 unclipped=+2.190 clipped=+2.190 | j7: rnea=+0.007 res=-0.168 pd=+0.299 unclipped=+0.139 clipped=+0.139
[pinn_controller_node-1] [INFO] [1785226712.088794561] [pinn_franka_controller]: New trajectory received with 1 points.
[pinn_controller_node-1] [INFO] [1785226712.103676572] [pinn_franka_controller]: [DEBUG e] j4: q_des=-1.8672 q_meas=-1.8722 e=+0.0050 qdot=-0.00654 | j6: q_des=+1.7138 q_meas=+1.7079 e=+0.0059 qdot=+0.02001 | j7: q_des=-0.0184 q_meas=-0.0615 e=+0.0431 qdot=+0.03579
[pinn_controller_node-1] [INFO] [1785226712.106400821] [pinn_franka_controller]: [DEBUG tau] j4: rnea=+22.564 res=-0.403 pd=+0.387 unclipped=+22.548 clipped=+22.548 | j6: rnea=+2.354 res=+0.071 pd=-0.057 unclipped=+2.369 clipped=+2.369 | j7: rnea=-0.002 res=-0.181 pd=+0.202 unclipped=+0.019 clipped=+0.019
[pinn_controller_node-1] [INFO] [1785226712.116005976] [pinn_franka_controller]: New trajectory received with 16 points.
[pinn_controller_node-1] [INFO] [1785226713.105130506] [pinn_franka_controller]: [DEBUG e] j4: q_des=-2.2526 q_meas=-2.2498 e=-0.0028 qdot=-0.42833 | j6: q_des=+2.2211 q_meas=+2.1827 e=+0.0384 qdot=+0.56828 | j7: q_des=-0.0922 q_meas=-0.0850 e=-0.0071 qdot=-0.02594
[pinn_controller_node-1] [INFO] [1785226713.107824320] [pinn_franka_controller]: [DEBUG tau] j4: rnea=+22.440 res=-0.191 pd=-0.066 unclipped=+22.183 clipped=+22.183 | j6: rnea=+2.359 res=-0.395 pd=+0.880 unclipped=+2.844 clipped=+2.844 | j7: rnea=-0.001 res=+0.092 pd=-0.117 unclipped=-0.026 clipped=-0.026
[pinn_controller_node-1] [INFO] [1785226713.559189875] [pinn_franka_controller]: New trajectory received with 1 points.
[pinn_controller_node-1] [INFO] [1785226714.105203744] [pinn_franka_controller]: [DEBUG e] j4: q_des=-2.3484 q_meas=-2.3518 e=+0.0034 qdot=-0.00352 | j6: q_des=+2.3504 q_meas=+2.3387 e=+0.0117 qdot=+0.01498 | j7: q_des=-0.0998 q_meas=-0.1048 e=+0.0050 qdot=-0.01059
[pinn_controller_node-1] [INFO] [1785226714.109462067] [pinn_franka_controller]: [DEBUG tau] j4: rnea=+20.184 res=-0.240 pd=+0.253 unclipped=+20.197 clipped=+20.197 | j6: rnea=+2.268 res=-0.109 pd=+0.122 unclipped=+2.282 clipped=+2.282 | j7: rnea=-0.001 res=-0.125 pd=+0.116 unclipped=-0.010 clipped=-0.010
[pinn_controller_node-1] [INFO] [1785226715.106702162] [pinn_franka_controller]: [DEBUG e] j4: q_des=-2.3484 q_meas=-2.3526 e=+0.0042 qdot=-0.00010 | j6: q_des=+2.3504 q_meas=+2.3452 e=+0.0052 qdot=+0.00187 | j7: q_des=-0.0998 q_meas=-0.1109 e=+0.0111 qdot=-0.00310
[pinn_controller_node-1] [INFO] [1785226715.110851695] [pinn_franka_controller]: [DEBUG tau] j4: rnea=+20.178 res=-0.247 pd=+0.247 unclipped=+20.178 clipped=+20.178 | j6: rnea=+2.279 res=-0.098 pd=+0.100 unclipped=+2.280 clipped=+2.280 | j7: rnea=-0.001 res=-0.132 pd=+0.129 unclipped=-0.003 clipped=-0.003
[pinn_controller_node-1] [WARN] [1785226715.560834671] [pinn_franka_controller]: Trajectory stale (2.0s > 2.0s) -- holding at last known position via gravity compensation.
[pinn_controller_node-1] [WARN] [1785226716.561419596] [pinn_franka_controller]: Trajectory stale (3.0s > 2.0s) -- holding at last known position via gravity compensation.
[pinn_controller_node-1] [WARN] [1785226717.561732429] [pinn_franka_controller]: Trajectory stale (4.0s > 2.0s) -- holding at last known position via gravity compensation.
[pinn_controller_node-1] [WARN] [1785226718.561845398] [pinn_franka_controller]: Trajectory stale (5.0s > 2.0s) -- holding at last known position via gravity compensation.
[pinn_controller_node-1] [WARN] [1785226719.562732909] [pinn_franka_controller]: Trajectory stale (6.0s > 2.0s) -- holding at last known position via gravity compensation.
[pinn_controller_node-1] [WARN] [1785226720.562960035] [pinn_franka_controller]: Trajectory stale (7.0s > 2.0s) -- holding at last known position via gravity compensation.
[pinn_controller_node-1] [WARN] [1785226721.563775823] [pinn_franka_controller]: Trajectory stale (8.0s > 2.0s) -- holding at last known position via gravity compensation.
[pinn_controller_node-1] [WARN] [1785226722.563975464] [pinn_franka_controller]: Trajectory stale (9.0s > 2.0s) -- holding at last known position via gravity compensation.
[pinn_controller_node-1] [WARN] [1785226723.564669894] [pinn_franka_controller]: Trajectory stale (10.0s > 2.0s) -- holding at last known position via gravity compensation.
[pinn_controller_node-1] [WARN] [1785226724.564839706] [pinn_franka_controller]: Trajectory stale (11.0s > 2.0s) -- holding at last known position via gravity compensation.
[pinn_controller_node-1] [WARN] [1785226725.565790444] [pinn_franka_controller]: Trajectory stale (12.0s > 2.0s) -- holding at last known position via gravity compensation.
[pinn_controller_node-1] [WARN] [1785226726.566490433] [pinn_franka_controller]: Trajectory stale (13.0s > 2.0s) -- holding at last known position via gravity compensation.
[pinn_controller_node-1] [WARN] [1785226727.567203406] [pinn_franka_controller]: Trajectory stale (14.0s > 2.0s) -- holding at last known position via gravity compensation.
[pinn_controller_node-1] [WARN] [1785226728.567917987] [pinn_franka_controller]: Trajectory stale (15.0s > 2.0s) -- holding at last known position via gravity compensation.
[pinn_controller_node-1] [WARN] [1785226729.568811718] [pinn_franka_controller]: Trajectory stale (16.0s > 2.0s) -- holding at last known position via gravity compensation.
[pinn_controller_node-1] [WARN] [1785226730.569044281] [pinn_franka_controller]: Trajectory stale (17.0s > 2.0s) -- holding at last known position via gravity compensation.
[pinn_controller_node-1] [WARN] [1785226731.569702227] [pinn_franka_controller]: Trajectory stale (18.0s > 2.0s) -- holding at last known position via gravity compensation.
[pinn_controller_node-1] [WARN] [1785226732.569719809] [pinn_franka_controller]: Trajectory stale (19.0s > 2.0s) -- holding at last known position via gravity compensation.
[pinn_controller_node-1] [WARN] [1785226733.569797501] [pinn_franka_controller]: Trajectory stale (20.0s > 2.0s) -- holding at last known position via gravity compensation.
[pinn_controller_node-1] [WARN] [1785226734.569842603] [pinn_franka_controller]: Trajectory stale (21.0s > 2.0s) -- holding at last known position via gravity compensation.
[pinn_controller_node-1] [WARN] [1785226735.570832727] [pinn_franka_controller]: Trajectory stale (22.0s > 2.0s) -- holding at last known position via gravity compensation.
[pinn_controller_node-1] [WARN] [1785226736.571819966] [pinn_franka_controller]: Trajectory stale (23.0s > 2.0s) -- holding at last known position via gravity compensation.
[pinn_controller_node-1] [WARN] [1785226737.572726288] [pinn_franka_controller]: Trajectory stale (24.0s > 2.0s) -- holding at last known position via gravity compensation.
[pinn_controller_node-1] [WARN] [1785226738.573708859] [pinn_franka_controller]: Trajectory stale (25.0s > 2.0s) -- holding at last known position via gravity compensation.
[pinn_controller_node-1] [WARN] [1785226739.573769251] [pinn_franka_controller]: Trajectory stale (26.0s > 2.0s) -- holding at last known position via gravity compensation.
[pinn_controller_node-1] [WARN] [1785226740.573775898] [pinn_franka_controller]: Trajectory stale (27.0s > 2.0s) -- holding at last known position via gravity compensation.
[pinn_controller_node-1] [WARN] [1785226741.574713512] [pinn_franka_controller]: Trajectory stale (28.0s > 2.0s) -- holding at last known position via gravity compensation.
[pinn_controller_node-1] [WARN] [1785226742.574742592] [pinn_franka_controller]: Trajectory stale (29.0s > 2.0s) -- holding at last known position via gravity compensation.
[pinn_controller_node-1] [WARN] [1785226743.575311130] [pinn_franka_controller]: Trajectory stale (30.0s > 2.0s) -- holding at last known position via gravity compensation.
[pinn_controller_node-1] [WARN] [1785226744.576216662] [pinn_franka_controller]: Trajectory stale (31.0s > 2.0s) -- holding at last known position via gravity compensation.
[pinn_controller_node-1] [WARN] [1785226745.576834926] [pinn_franka_controller]: Trajectory stale (32.0s > 2.0s) -- holding at last known position via gravity compensation.
[pinn_controller_node-1] [WARN] [1785226746.577049187] [pinn_franka_controller]: Trajectory stale (33.0s > 2.0s) -- holding at last known position via gravity compensation.
[pinn_controller_node-1] [WARN] [1785226747.577787500] [pinn_franka_controller]: Trajectory stale (34.0s > 2.0s) -- holding at last known position via gravity compensation.
[pinn_controller_node-1] [WARN] [1785226748.578731546] [pinn_franka_controller]: Trajectory stale (35.0s > 2.0s) -- holding at last known position via gravity compensation.
[pinn_controller_node-1] [WARN] [1785226749.579741300] [pinn_franka_controller]: Trajectory stale (36.0s > 2.0s) -- holding at last known position via gravity compensation.
[pinn_controller_node-1] [WARN] [1785226750.580095806] [pinn_franka_controller]: Trajectory stale (37.0s > 2.0s) -- holding at last known position via gravity compensation.
[pinn_controller_node-1] [WARN] [1785226751.580925315] [pinn_franka_controller]: Trajectory stale (38.0s > 2.0s) -- holding at last known position via gravity compensation.
[pinn_controller_node-1] [WARN] [1785226752.581752833] [pinn_franka_controller]: Trajectory stale (39.0s > 2.0s) -- holding at last known position via gravity compensation.
[pinn_controller_node-1] [WARN] [1785226753.581753573] [pinn_franka_controller]: Trajectory stale (40.0s > 2.0s) -- holding at last known position via gravity compensation.
[pinn_controller_node-1] [WARN] [1785226754.581790669] [pinn_franka_controller]: Trajectory stale (41.0s > 2.0s) -- holding at last known position via gravity compensation.
[pinn_controller_node-1] [WARN] [1785226755.582730148] [pinn_franka_controller]: Trajectory stale (42.0s > 2.0s) -- holding at last known position via gravity compensation.
[pinn_controller_node-1] [WARN] [1785226756.583721794] [pinn_franka_controller]: Trajectory stale (43.0s > 2.0s) -- holding at last known position via gravity compensation.
[pinn_controller_node-1] [WARN] [1785226757.583884070] [pinn_franka_controller]: Trajectory stale (44.0s > 2.0s) -- holding at last known position via gravity compensation.
[pinn_controller_node-1] [WARN] [1785226758.583950610] [pinn_franka_controller]: Trajectory stale (45.0s > 2.0s) -- holding at last known position via gravity compensation.
[pinn_controller_node-1] [WARN] [1785226759.584596504] [pinn_franka_controller]: Trajectory stale (46.0s > 2.0s) -- holding at last known position via gravity compensation.
[pinn_controller_node-1] [WARN] [1785226760.584670164] [pinn_franka_controller]: Trajectory stale (47.0s > 2.0s) -- holding at last known position via gravity compensation.
[pinn_controller_node-1] [WARN] [1785226761.585691403] [pinn_franka_controller]: Trajectory stale (48.0s > 2.0s) -- holding at last known position via gravity compensation.
[pinn_controller_node-1] [WARN] [1785226762.585823717] [pinn_franka_controller]: Trajectory stale (49.0s > 2.0s) -- holding at last known position via gravity compensation.
[pinn_controller_node-1] [WARN] [1785226763.586744544] [pinn_franka_controller]: Trajectory stale (50.0s > 2.0s) -- holding at last known position via gravity compensation.
[pinn_controller_node-1] [WARN] [1785226764.587713917] [pinn_franka_controller]: Trajectory stale (51.0s > 2.0s) -- holding at last known position via gravity compensation.
[pinn_controller_node-1] [WARN] [1785226765.587725056] [pinn_franka_controller]: Trajectory stale (52.0s > 2.0s) -- holding at last known position via gravity compensation.
[pinn_controller_node-1] [WARN] [1785226766.588471093] [pinn_franka_controller]: Trajectory stale (53.0s > 2.0s) -- holding at last known position via gravity compensation.
[pinn_controller_node-1] [WARN] [1785226767.588808777] [pinn_franka_controller]: Trajectory stale (54.0s > 2.0s) -- holding at last known position via gravity compensation.
[pinn_controller_node-1] [WARN] [1785226768.588901182] [pinn_franka_controller]: Trajectory stale (55.0s > 2.0s) -- holding at last known position via gravity compensation.
[pinn_controller_node-1] [WARN] [1785226769.589811779] [pinn_franka_controller]: Trajectory stale (56.0s > 2.0s) -- holding at last known position via gravity compensation.
[pinn_controller_node-1] [WARN] [1785226770.590680437] [pinn_franka_controller]: Trajectory stale (57.0s > 2.0s) -- holding at last known position via gravity compensation.
[pinn_controller_node-1] [WARN] [1785226771.590741074] [pinn_franka_controller]: Trajectory stale (58.0s > 2.0s) -- holding at last known position via gravity compensation.
[pinn_controller_node-1] [WARN] [1785226772.591716511] [pinn_franka_controller]: Trajectory stale (59.0s > 2.0s) -- holding at last known position via gravity compensation.
[pinn_controller_node-1] [WARN] [1785226773.592718433] [pinn_franka_controller]: Trajectory stale (60.0s > 2.0s) -- holding at last known position via gravity compensation.
[pinn_controller_node-1] [WARN] [1785226774.592841735] [pinn_franka_controller]: Trajectory stale (61.0s > 2.0s) -- holding at last known position via gravity compensation.
[pinn_controller_node-1] [WARN] [1785226775.594021000] [pinn_franka_controller]: Trajectory stale (62.0s > 2.0s) -- holding at last known position via gravity compensation.
[pinn_controller_node-1] [WARN] [1785226776.594636633] [pinn_franka_controller]: Trajectory stale (63.0s > 2.0s) -- holding at last known position via gravity compensation.
[pinn_controller_node-1] [WARN] [1785226777.594713444] [pinn_franka_controller]: Trajectory stale (64.0s > 2.0s) -- holding at last known position via gravity compensation.
[pinn_controller_node-1] [WARN] [1785226778.594930297] [pinn_franka_controller]: Trajectory stale (65.0s > 2.0s) -- holding at last known position via gravity compensation.
[pinn_controller_node-1] [WARN] [1785226779.595711023] [pinn_franka_controller]: Trajectory stale (66.0s > 2.0s) -- holding at last known position via gravity compensation.
[pinn_controller_node-1] [WARN] [1785226780.596597682] [pinn_franka_controller]: Trajectory stale (67.0s > 2.0s) -- holding at last known position via gravity compensation.
[pinn_controller_node-1] [WARN] [1785226781.596725281] [pinn_franka_controller]: Trajectory stale (68.0s > 2.0s) -- holding at last known position via gravity compensation.
[pinn_controller_node-1] [WARN] [1785226782.597010847] [pinn_franka_controller]: Trajectory stale (69.0s > 2.0s) -- holding at last known position via gravity compensation.
[pinn_controller_node-1] [WARN] [1785226783.597820674] [pinn_franka_controller]: Trajectory stale (70.0s > 2.0s) -- holding at last known position via gravity compensation.
[pinn_controller_node-1] [WARN] [1785226784.598620278] [pinn_franka_controller]: Trajectory stale (71.0s > 2.0s) -- holding at last known position via gravity compensation.
[pinn_controller_node-1] [WARN] [1785226785.598748781] [pinn_franka_controller]: Trajectory stale (72.0s > 2.0s) -- holding at last known position via gravity compensation.
[pinn_controller_node-1] [WARN] [1785226786.599741066] [pinn_franka_controller]: Trajectory stale (73.0s > 2.0s) -- holding at last known position via gravity compensation.
[pinn_controller_node-1] [WARN] [1785226787.600954440] [pinn_franka_controller]: Trajectory stale (74.0s > 2.0s) -- holding at last known position via gravity compensation.
[pinn_controller_node-1] [WARN] [1785226788.601575009] [pinn_franka_controller]: Trajectory stale (75.0s > 2.0s) -- holding at last known position via gravity compensation.
[pinn_controller_node-1] [WARN] [1785226789.601787723] [pinn_franka_controller]: Trajectory stale (76.0s > 2.0s) -- holding at last known position via gravity compensation.
[pinn_controller_node-1] [WARN] [1785226790.601893108] [pinn_franka_controller]: Trajectory stale (77.0s > 2.0s) -- holding at last known position via gravity compensation.
[pinn_controller_node-1] [WARN] [1785226791.602758134] [pinn_franka_controller]: Trajectory stale (78.0s > 2.0s) -- holding at last known position via gravity compensation.
[pinn_controller_node-1] [WARN] [1785226792.603727036] [pinn_franka_controller]: Trajectory stale (79.0s > 2.0s) -- holding at last known position via gravity compensation.
[pinn_controller_node-1] [WARN] [1785226793.604279929] [pinn_franka_controller]: Trajectory stale (80.0s > 2.0s) -- holding at last known position via gravity compensation.
[pinn_controller_node-1] [WARN] [1785226794.604646833] [pinn_franka_controller]: Trajectory stale (81.0s > 2.0s) -- holding at last known position via gravity compensation.
[pinn_controller_node-1] [WARN] [1785226795.604744632] [pinn_franka_controller]: Trajectory stale (82.0s > 2.0s) -- holding at last known position via gravity compensation.
[pinn_controller_node-1] [WARN] [1785226796.605726954] [pinn_franka_controller]: Trajectory stale (83.0s > 2.0s) -- holding at last known position via gravity compensation.
[pinn_controller_node-1] [WARN] [1785226797.605766239] [pinn_franka_controller]: Trajectory stale (84.0s > 2.0s) -- holding at last known position via gravity compensation.
[pinn_controller_node-1] [WARN] [1785226798.606679123] [pinn_franka_controller]: Trajectory stale (85.0s > 2.0s) -- holding at last known position via gravity compensation.
[pinn_controller_node-1] [WARN] [1785226799.606682356] [pinn_franka_controller]: Trajectory stale (86.0s > 2.0s) -- holding at last known position via gravity compensation.
[pinn_controller_node-1] [WARN] [1785226800.606697520] [pinn_franka_controller]: Trajectory stale (87.0s > 2.0s) -- holding at last known position via gravity compensation.
[pinn_controller_node-1] [WARN] [1785226801.606715825] [pinn_franka_controller]: Trajectory stale (88.0s > 2.0s) -- holding at last known position via gravity compensation.
[pinn_controller_node-1] [WARN] [1785226802.607059500] [pinn_franka_controller]: Trajectory stale (89.0s > 2.0s) -- holding at last known position via gravity compensation.
[pinn_controller_node-1] [WARN] [1785226803.607731850] [pinn_franka_controller]: Trajectory stale (90.0s > 2.0s) -- holding at last known position via gravity compensation.
[pinn_controller_node-1] [WARN] [1785226804.607821975] [pinn_franka_controller]: Trajectory stale (91.0s > 2.0s) -- holding at last known position via gravity compensation.
[pinn_controller_node-1] [WARN] [1785226805.608734976] [pinn_franka_controller]: Trajectory stale (92.0s > 2.0s) -- holding at last known position via gravity compensation.
[pinn_controller_node-1] [WARN] [1785226806.609741456] [pinn_franka_controller]: Trajectory stale (93.1s > 2.0s) -- holding at last known position via gravity compensation.
[pinn_controller_node-1] [WARN] [1785226807.609826466] [pinn_franka_controller]: Trajectory stale (94.1s > 2.0s) -- holding at last known position via gravity compensation.
[pinn_controller_node-1] [WARN] [1785226808.609950610] [pinn_franka_controller]: Trajectory stale (95.1s > 2.0s) -- holding at last known position via gravity compensation.
[pinn_controller_node-1] [WARN] [1785226809.610949816] [pinn_franka_controller]: Trajectory stale (96.1s > 2.0s) -- holding at last known position via gravity compensation.
[pinn_controller_node-1] [WARN] [1785226810.611837354] [pinn_franka_controller]: Trajectory stale (97.1s > 2.0s) -- holding at last known position via gravity compensation.
[pinn_controller_node-1] [WARN] [1785226811.612855262] [pinn_franka_controller]: Trajectory stale (98.1s > 2.0s) -- holding at last known position via gravity compensation.
[pinn_controller_node-1] [WARN] [1785226812.613817213] [pinn_franka_controller]: Trajectory stale (99.1s > 2.0s) -- holding at last known position via gravity compensation.
[pinn_controller_node-1] [WARN] [1785226813.615045557] [pinn_franka_controller]: Trajectory stale (100.1s > 2.0s) -- holding at last known position via gravity compensation.
[pinn_controller_node-1] [WARN] [1785226814.615518158] [pinn_franka_controller]: Trajectory stale (101.1s > 2.0s) -- holding at last known position via gravity compensation.
[pinn_controller_node-1] [WARN] [1785226815.615912581] [pinn_franka_controller]: Trajectory stale (102.1s > 2.0s) -- holding at last known position via gravity compensation.
[pinn_controller_node-1] [WARN] [1785226816.616671168] [pinn_franka_controller]: Trajectory stale (103.1s > 2.0s) -- holding at last known position via gravity compensation.
[pinn_controller_node-1] [WARN] [1785226817.616767458] [pinn_franka_controller]: Trajectory stale (104.1s > 2.0s) -- holding at last known position via gravity compensation.
[pinn_controller_node-1] [WARN] [1785226818.617665380] [pinn_franka_controller]: Trajectory stale (105.1s > 2.0s) -- holding at last known position via gravity compensation.
[pinn_controller_node-1] [WARN] [1785226819.617719507] [pinn_franka_controller]: Trajectory stale (106.1s > 2.0s) -- holding at last known position via gravity compensation.
[pinn_controller_node-1] [WARN] [1785226820.617780583] [pinn_franka_controller]: Trajectory stale (107.1s > 2.0s) -- holding at last known position via gravity compensation.
[pinn_controller_node-1] [WARN] [1785226821.618760846] [pinn_franka_controller]: Trajectory stale (108.1s > 2.0s) -- holding at last known position via gravity compensation.
[pinn_controller_node-1] [WARN] [1785226822.619814705] [pinn_franka_controller]: Trajectory stale (109.1s > 2.0s) -- holding at last known position via gravity compensation.
[pinn_controller_node-1] [WARN] [1785226823.620693796] [pinn_franka_controller]: Trajectory stale (110.1s > 2.0s) -- holding at last known position via gravity compensation.
[pinn_controller_node-1] [WARN] [1785226824.620708841] [pinn_franka_controller]: Trajectory stale (111.1s > 2.0s) -- holding at last known position via gravity compensation.
[pinn_controller_node-1] [WARN] [1785226825.620947174] [pinn_franka_controller]: Trajectory stale (112.1s > 2.0s) -- holding at last known position via gravity compensation.
[pinn_controller_node-1] [WARN] [1785226826.621764376] [pinn_franka_controller]: Trajectory stale (113.1s > 2.0s) -- holding at last known position via gravity compensation.
[pinn_controller_node-1] [WARN] [1785226827.622180279] [pinn_franka_controller]: Trajectory stale (114.1s > 2.0s) -- holding at last known position via gravity compensation.
[pinn_controller_node-1] [WARN] [1785226828.623280129] [pinn_franka_controller]: Trajectory stale (115.1s > 2.0s) -- holding at last known position via gravity compensation.
[pinn_controller_node-1] [WARN] [1785226829.623639909] [pinn_franka_controller]: Trajectory stale (116.1s > 2.0s) -- holding at last known position via gravity compensation.
[pinn_controller_node-1] [WARN] [1785226830.623805390] [pinn_franka_controller]: Trajectory stale (117.1s > 2.0s) -- holding at last known position via gravity compensation.
[pinn_controller_node-1] [WARN] [1785226831.624741341] [pinn_franka_controller]: Trajectory stale (118.1s > 2.0s) -- holding at last known position via gravity compensation.
[pinn_controller_node-1] [WARN] [1785226832.625820461] [pinn_franka_controller]: Trajectory stale (119.1s > 2.0s) -- holding at last known position via gravity compensation.
[pinn_controller_node-1] [WARN] [1785226833.626633649] [pinn_franka_controller]: Trajectory stale (120.1s > 2.0s) -- holding at last known position via gravity compensation.
[pinn_controller_node-1] [WARN] [1785226834.626677392] [pinn_franka_controller]: Trajectory stale (121.1s > 2.0s) -- holding at last known position via gravity compensation.
[pinn_controller_node-1] [WARN] [1785226835.626743002] [pinn_franka_controller]: Trajectory stale (122.1s > 2.0s) -- holding at last known position via gravity compensation.
[pinn_controller_node-1] [WARN] [1785226836.627714387] [pinn_franka_controller]: Trajectory stale (123.1s > 2.0s) -- holding at last known position via gravity compensation.
[pinn_controller_node-1] [WARN] [1785226837.628702960] [pinn_franka_controller]: Trajectory stale (124.1s > 2.0s) -- holding at last known position via gravity compensation.
[pinn_controller_node-1] [WARN] [1785226838.629713811] [pinn_franka_controller]: Trajectory stale (125.1s > 2.0s) -- holding at last known position via gravity compensation.
[pinn_controller_node-1] [WARN] [1785226839.630897294] [pinn_franka_controller]: Trajectory stale (126.1s > 2.0s) -- holding at last known position via gravity compensation.
[pinn_controller_node-1] [WARN] [1785226840.631740377] [pinn_franka_controller]: Trajectory stale (127.1s > 2.0s) -- holding at last known position via gravity compensation.
[pinn_controller_node-1] [WARN] [1785226841.631765629] [pinn_franka_controller]: Trajectory stale (128.1s > 2.0s) -- holding at last known position via gravity compensation.
[pinn_controller_node-1] [WARN] [1785226842.632703013] [pinn_franka_controller]: Trajectory stale (129.1s > 2.0s) -- holding at last known position via gravity compensation.
[pinn_controller_node-1] [WARN] [1785226843.633786635] [pinn_franka_controller]: Trajectory stale (130.1s > 2.0s) -- holding at last known position via gravity compensation.
[pinn_controller_node-1] [WARN] [1785226844.633805816] [pinn_franka_controller]: Trajectory stale (131.1s > 2.0s) -- holding at last known position via gravity compensation.
[pinn_controller_node-1] [WARN] [1785226845.634727476] [pinn_franka_controller]: Trajectory stale (132.1s > 2.0s) -- holding at last known position via gravity compensation.
[pinn_controller_node-1] [WARN] [1785226846.635722807] [pinn_franka_controller]: Trajectory stale (133.1s > 2.0s) -- holding at last known position via gravity compensation.
[pinn_controller_node-1] [WARN] [1785226847.637058906] [pinn_franka_controller]: Trajectory stale (134.1s > 2.0s) -- holding at last known position via gravity compensation.
[pinn_controller_node-1] [WARN] [1785226848.637707202] [pinn_franka_controller]: Trajectory stale (135.1s > 2.0s) -- holding at last known position via gravity compensation.
[pinn_controller_node-1] [WARN] [1785226849.638789869] [pinn_franka_controller]: Trajectory stale (136.1s > 2.0s) -- holding at last known position via gravity compensation.
[pinn_controller_node-1] [WARN] [1785226850.638839537] [pinn_franka_controller]: Trajectory stale (137.1s > 2.0s) -- holding at last known position via gravity compensation.
[pinn_controller_node-1] [WARN] [1785226851.639769888] [pinn_franka_controller]: Trajectory stale (138.1s > 2.0s) -- holding at last known position via gravity compensation.
[pinn_controller_node-1] [WARN] [1785226852.640645106] [pinn_franka_controller]: Trajectory stale (139.1s > 2.0s) -- holding at last known position via gravity compensation.
[pinn_controller_node-1] [WARN] [1785226853.641653516] [pinn_franka_controller]: Trajectory stale (140.1s > 2.0s) -- holding at last known position via gravity compensation.
[pinn_controller_node-1] [WARN] [1785226854.641990570] [pinn_franka_controller]: Trajectory stale (141.1s > 2.0s) -- holding at last known position via gravity compensation.
[pinn_controller_node-1] [WARN] [1785226855.642899582] [pinn_franka_controller]: Trajectory stale (142.1s > 2.0s) -- holding at last known position via gravity compensation.
[pinn_controller_node-1] [WARN] [1785226856.643725867] [pinn_franka_controller]: Trajectory stale (143.1s > 2.0s) -- holding at last known position via gravity compensation.
[pinn_controller_node-1] [WARN] [1785226857.644722281] [pinn_franka_controller]: Trajectory stale (144.1s > 2.0s) -- holding at last known position via gravity compensation.
[pinn_controller_node-1] [WARN] [1785226858.644752570] [pinn_franka_controller]: Trajectory stale (145.1s > 2.0s) -- holding at last known position via gravity compensation.
[pinn_controller_node-1] [WARN] [1785226859.645714818] [pinn_franka_controller]: Trajectory stale (146.1s > 2.0s) -- holding at last known position via gravity compensation.
[pinn_controller_node-1] [WARN] [1785226860.645715796] [pinn_franka_controller]: Trajectory stale (147.1s > 2.0s) -- holding at last known position via gravity compensation.
[pinn_controller_node-1] [WARN] [1785226861.645769849] [pinn_franka_controller]: Trajectory stale (148.1s > 2.0s) -- holding at last known position via gravity compensation.
[pinn_controller_node-1] [WARN] [1785226862.647244468] [pinn_franka_controller]: Trajectory stale (149.1s > 2.0s) -- holding at last known position via gravity compensation.
[pinn_controller_node-1] [WARN] [1785226863.647828493] [pinn_franka_controller]: Trajectory stale (150.1s > 2.0s) -- holding at last known position via gravity compensation.
[pinn_controller_node-1] [WARN] [1785226864.648732535] [pinn_franka_controller]: Trajectory stale (151.1s > 2.0s) -- holding at last known position via gravity compensation.
[pinn_controller_node-1] [WARN] [1785226865.649695785] [pinn_franka_controller]: Trajectory stale (152.1s > 2.0s) -- holding at last known position via gravity compensation.
[pinn_controller_node-1] [WARN] [1785226866.649958574] [pinn_franka_controller]: Trajectory stale (153.1s > 2.0s) -- holding at last known position via gravity compensation.
[pinn_controller_node-1] [WARN] [1785226867.650653069] [pinn_franka_controller]: Trajectory stale (154.1s > 2.0s) -- holding at last known position via gravity compensation.
[pinn_controller_node-1] [WARN] [1785226868.651780474] [pinn_franka_controller]: Trajectory stale (155.1s > 2.0s) -- holding at last known position via gravity compensation.
[pinn_controller_node-1] [WARN] [1785226869.651937709] [pinn_franka_controller]: Trajectory stale (156.1s > 2.0s) -- holding at last known position via gravity compensation.
[pinn_controller_node-1] [WARN] [1785226870.652868933] [pinn_franka_controller]: Trajectory stale (157.1s > 2.0s) -- holding at last known position via gravity compensation.
[pinn_controller_node-1] [WARN] [1785226871.653783541] [pinn_franka_controller]: Trajectory stale (158.1s > 2.0s) -- holding at last known position via gravity compensation.
[pinn_controller_node-1] [WARN] [1785226872.654062032] [pinn_franka_controller]: Trajectory stale (159.1s > 2.0s) -- holding at last known position via gravity compensation.
[pinn_controller_node-1] [WARN] [1785226873.654800078] [pinn_franka_controller]: Trajectory stale (160.1s > 2.0s) -- holding at last known position via gravity compensation.
[pinn_controller_node-1] [WARN] [1785226874.655311256] [pinn_franka_controller]: Trajectory stale (161.1s > 2.0s) -- holding at last known position via gravity compensation.
[pinn_controller_node-1] [WARN] [1785226875.655707065] [pinn_franka_controller]: Trajectory stale (162.1s > 2.0s) -- holding at last known position via gravity compensation.
[pinn_controller_node-1] [WARN] [1785226876.656024615] [pinn_franka_controller]: Trajectory stale (163.1s > 2.0s) -- holding at last known position via gravity compensation.
[pinn_controller_node-1] [WARN] [1785226877.656178135] [pinn_franka_controller]: Trajectory stale (164.1s > 2.0s) -- holding at last known position via gravity compensation.
[pinn_controller_node-1] [WARN] [1785226878.656782916] [pinn_franka_controller]: Trajectory stale (165.1s > 2.0s) -- holding at last known position via gravity compensation.
[pinn_controller_node-1] [WARN] [1785226879.657700990] [pinn_franka_controller]: Trajectory stale (166.1s > 2.0s) -- holding at last known position via gravity compensation.
[pinn_controller_node-1] [WARN] [1785226880.658002323] [pinn_franka_controller]: Trajectory stale (167.1s > 2.0s) -- holding at last known position via gravity compensation.
[pinn_controller_node-1] [WARN] [1785226881.658833339] [pinn_franka_controller]: Trajectory stale (168.1s > 2.0s) -- holding at last known position via gravity compensation.
[pinn_controller_node-1] [WARN] [1785226882.658988933] [pinn_franka_controller]: Trajectory stale (169.1s > 2.0s) -- holding at last known position via gravity compensation.
[pinn_controller_node-1] [WARN] [1785226883.659739808] [pinn_franka_controller]: Trajectory stale (170.1s > 2.0s) -- holding at last known position via gravity compensation.
[pinn_controller_node-1] [WARN] [1785226884.659742343] [pinn_franka_controller]: Trajectory stale (171.1s > 2.0s) -- holding at last known position via gravity compensation.
[pinn_controller_node-1] [WARN] [1785226885.659757260] [pinn_franka_controller]: Trajectory stale (172.1s > 2.0s) -- holding at last known position via gravity compensation.
[pinn_controller_node-1] [WARN] [1785226886.660729665] [pinn_franka_controller]: Trajectory stale (173.1s > 2.0s) -- holding at last known position via gravity compensation.
[pinn_controller_node-1] [WARN] [1785226887.660743723] [pinn_franka_controller]: Trajectory stale (174.1s > 2.0s) -- holding at last known position via gravity compensation.
[pinn_controller_node-1] [WARN] [1785226888.660857171] [pinn_franka_controller]: Trajectory stale (175.1s > 2.0s) -- holding at last known position via gravity compensation.
[pinn_controller_node-1] [WARN] [1785226889.660982964] [pinn_franka_controller]: Trajectory stale (176.1s > 2.0s) -- holding at last known position via gravity compensation.
[pinn_controller_node-1] [WARN] [1785226890.661916801] [pinn_franka_controller]: Trajectory stale (177.1s > 2.0s) -- holding at last known position via gravity compensation.
[pinn_controller_node-1] [WARN] [1785226891.661976021] [pinn_franka_controller]: Trajectory stale (178.1s > 2.0s) -- holding at last known position via gravity compensation.
[pinn_controller_node-1] [WARN] [1785226892.662724302] [pinn_franka_controller]: Trajectory stale (179.1s > 2.0s) -- holding at last known position via gravity compensation.
[pinn_controller_node-1] [WARN] [1785226893.662784477] [pinn_franka_controller]: Trajectory stale (180.1s > 2.0s) -- holding at last known position via gravity compensation.
[pinn_controller_node-1] [WARN] [1785226894.663697926] [pinn_franka_controller]: Trajectory stale (181.1s > 2.0s) -- holding at last known position via gravity compensation.
[pinn_controller_node-1] [WARN] [1785226895.663775102] [pinn_franka_controller]: Trajectory stale (182.1s > 2.0s) -- holding at last known position via gravity compensation.
[pinn_controller_node-1] [WARN] [1785226896.664707232] [pinn_franka_controller]: Trajectory stale (183.1s > 2.0s) -- holding at last known position via gravity compensation.
[pinn_controller_node-1] [WARN] [1785226897.665221375] [pinn_franka_controller]: Trajectory stale (184.1s > 2.0s) -- holding at last known position via gravity compensation.
[pinn_controller_node-1] [WARN] [1785226898.665698009] [pinn_franka_controller]: Trajectory stale (185.1s > 2.0s) -- holding at last known position via gravity compensation.
[pinn_controller_node-1] [WARN] [1785226899.665995690] [pinn_franka_controller]: Trajectory stale (186.1s > 2.0s) -- holding at last known position via gravity compensation.
[pinn_controller_node-1] [WARN] [1785226900.666785030] [pinn_franka_controller]: Trajectory stale (187.1s > 2.0s) -- holding at last known position via gravity compensation.
[pinn_controller_node-1] [WARN] [1785226901.667819872] [pinn_franka_controller]: Trajectory stale (188.1s > 2.0s) -- holding at last known position via gravity compensation.
[pinn_controller_node-1] [WARN] [1785226902.668741699] [pinn_franka_controller]: Trajectory stale (189.1s > 2.0s) -- holding at last known position via gravity compensation.
[pinn_controller_node-1] [WARN] [1785226903.669752498] [pinn_franka_controller]: Trajectory stale (190.1s > 2.0s) -- holding at last known position via gravity compensation.
[pinn_controller_node-1] [WARN] [1785226904.669838667] [pinn_franka_controller]: Trajectory stale (191.1s > 2.0s) -- holding at last known position via gravity compensation.
[pinn_controller_node-1] [WARN] [1785226905.669892426] [pinn_franka_controller]: Trajectory stale (192.1s > 2.0s) -- holding at last known position via gravity compensation.
[pinn_controller_node-1] [WARN] [1785226906.670797890] [pinn_franka_controller]: Trajectory stale (193.1s > 2.0s) -- holding at last known position via gravity compensation.
[pinn_controller_node-1] [WARN] [1785226907.671189220] [pinn_franka_controller]: Trajectory stale (194.1s > 2.0s) -- holding at last known position via gravity compensation.
[pinn_controller_node-1] [WARN] [1785226908.671779341] [pinn_franka_controller]: Trajectory stale (195.1s > 2.0s) -- holding at last known position via gravity compensation.
[pinn_controller_node-1] [WARN] [1785226909.672664224] [pinn_franka_controller]: Trajectory stale (196.1s > 2.0s) -- holding at last known position via gravity compensation.
[pinn_controller_node-1] [WARN] [1785226910.672846495] [pinn_franka_controller]: Trajectory stale (197.1s > 2.0s) -- holding at last known position via gravity compensation.
[pinn_controller_node-1] [WARN] [1785226911.673188368] [pinn_franka_controller]: Trajectory stale (198.1s > 2.0s) -- holding at last known position via gravity compensation.
[pinn_controller_node-1] [WARN] [1785226912.673821004] [pinn_franka_controller]: Trajectory stale (199.1s > 2.0s) -- holding at last known position via gravity compensation.
[pinn_controller_node-1] [WARN] [1785226913.674725722] [pinn_franka_controller]: Trajectory stale (200.1s > 2.0s) -- holding at last known position via gravity compensation.
[pinn_controller_node-1] [WARN] [1785226914.675692980] [pinn_franka_controller]: Trajectory stale (201.1s > 2.0s) -- holding at last known position via gravity compensation.
[pinn_controller_node-1] [WARN] [1785226915.676043090] [pinn_franka_controller]: Trajectory stale (202.1s > 2.0s) -- holding at last known position via gravity compensation.
[pinn_controller_node-1] [WARN] [1785226916.676783389] [pinn_franka_controller]: Trajectory stale (203.1s > 2.0s) -- holding at last known position via gravity compensation.
[pinn_controller_node-1] [WARN] [1785226917.677713873] [pinn_franka_controller]: Trajectory stale (204.1s > 2.0s) -- holding at last known position via gravity compensation.
[pinn_controller_node-1] [WARN] [1785226918.677910754] [pinn_franka_controller]: Trajectory stale (205.1s > 2.0s) -- holding at last known position via gravity compensation.
[pinn_controller_node-1] [WARN] [1785226919.678299032] [pinn_franka_controller]: Trajectory stale (206.1s > 2.0s) -- holding at last known position via gravity compensation.
[pinn_controller_node-1] [WARN] [1785226920.678706517] [pinn_franka_controller]: Trajectory stale (207.1s > 2.0s) -- holding at last known position via gravity compensation.
[pinn_controller_node-1] [WARN] [1785226921.679696534] [pinn_franka_controller]: Trajectory stale (208.1s > 2.0s) -- holding at last known position via gravity compensation.
[pinn_controller_node-1] [WARN] [1785226922.679749422] [pinn_franka_controller]: Trajectory stale (209.1s > 2.0s) -- holding at last known position via gravity compensation.
[pinn_controller_node-1] [WARN] [1785226923.679765165] [pinn_franka_controller]: Trajectory stale (210.1s > 2.0s) -- holding at last known position via gravity compensation.
[pinn_controller_node-1] [WARN] [1785226924.679889401] [pinn_franka_controller]: Trajectory stale (211.1s > 2.0s) -- holding at last known position via gravity compensation.
[pinn_controller_node-1] [WARN] [1785226925.679920294] [pinn_franka_controller]: Trajectory stale (212.1s > 2.0s) -- holding at last known position via gravity compensation.
[pinn_controller_node-1] [WARN] [1785226926.679994623] [pinn_franka_controller]: Trajectory stale (213.1s > 2.0s) -- holding at last known position via gravity compensation.
[pinn_controller_node-1] [WARN] [1785226927.680060907] [pinn_franka_controller]: Trajectory stale (214.1s > 2.0s) -- holding at last known position via gravity compensation.
[pinn_controller_node-1] [WARN] [1785226928.680677492] [pinn_franka_controller]: Trajectory stale (215.1s > 2.0s) -- holding at last known position via gravity compensation.
[pinn_controller_node-1] [WARN] [1785226929.680680617] [pinn_franka_controller]: Trajectory stale (216.1s > 2.0s) -- holding at last known position via gravity compensation.
[pinn_controller_node-1] [WARN] [1785226930.681696297] [pinn_franka_controller]: Trajectory stale (217.1s > 2.0s) -- holding at last known position via gravity compensation.
[pinn_controller_node-1] [WARN] [1785226931.681939276] [pinn_franka_controller]: Trajectory stale (218.1s > 2.0s) -- holding at last known position via gravity compensation.
[pinn_controller_node-1] [WARN] [1785226932.682826548] [pinn_franka_controller]: Trajectory stale (219.1s > 2.0s) -- holding at last known position via gravity compensation.
[pinn_controller_node-1] [WARN] [1785226933.683698281] [pinn_franka_controller]: Trajectory stale (220.1s > 2.0s) -- holding at last known position via gravity compensation.
[pinn_controller_node-1] [WARN] [1785226934.683718294] [pinn_franka_controller]: Trajectory stale (221.1s > 2.0s) -- holding at last known position via gravity compensation.
[pinn_controller_node-1] [WARN] [1785226935.684169071] [pinn_franka_controller]: Trajectory stale (222.1s > 2.0s) -- holding at last known position via gravity compensation.
[pinn_controller_node-1] [WARN] [1785226936.684968144] [pinn_franka_controller]: Trajectory stale (223.1s > 2.0s) -- holding at last known position via gravity compensation.
[pinn_controller_node-1] [WARN] [1785226937.685061266] [pinn_franka_controller]: Trajectory stale (224.1s > 2.0s) -- holding at last known position via gravity compensation.
[pinn_controller_node-1] [WARN] [1785226938.685814761] [pinn_franka_controller]: Trajectory stale (225.1s > 2.0s) -- holding at last known position via gravity compensation.
[pinn_controller_node-1] [WARN] [1785226939.686786167] [pinn_franka_controller]: Trajectory stale (226.1s > 2.0s) -- holding at last known position via gravity compensation.
[pinn_controller_node-1] [WARN] [1785226940.687716205] [pinn_franka_controller]: Trajectory stale (227.1s > 2.0s) -- holding at last known position via gravity compensation.
[pinn_controller_node-1] [WARN] [1785226941.687855377] [pinn_franka_controller]: Trajectory stale (228.1s > 2.0s) -- holding at last known position via gravity compensation.
[pinn_controller_node-1] [WARN] [1785226942.687919946] [pinn_franka_controller]: Trajectory stale (229.1s > 2.0s) -- holding at last known position via gravity compensation.
[pinn_controller_node-1] [WARN] [1785226943.689025646] [pinn_franka_controller]: Trajectory stale (230.1s > 2.0s) -- holding at last known position via gravity compensation.
[pinn_controller_node-1] [WARN] [1785226944.689801207] [pinn_franka_controller]: Trajectory stale (231.1s > 2.0s) -- holding at last known position via gravity compensation.
[pinn_controller_node-1] [WARN] [1785226945.689814794] [pinn_franka_controller]: Trajectory stale (232.1s > 2.0s) -- holding at last known position via gravity compensation.
[pinn_controller_node-1] [WARN] [1785226946.690711027] [pinn_franka_controller]: Trajectory stale (233.1s > 2.0s) -- holding at last known position via gravity compensation.
[pinn_controller_node-1] [WARN] [1785226947.691027093] [pinn_franka_controller]: Trajectory stale (234.1s > 2.0s) -- holding at last known position via gravity compensation.
[pinn_controller_node-1] [WARN] [1785226948.691705603] [pinn_franka_controller]: Trajectory stale (235.1s > 2.0s) -- holding at last known position via gravity compensation.
[pinn_controller_node-1] [WARN] [1785226949.692686055] [pinn_franka_controller]: Trajectory stale (236.1s > 2.0s) -- holding at last known position via gravity compensation.
[pinn_controller_node-1] [WARN] [1785226950.692716295] [pinn_franka_controller]: Trajectory stale (237.1s > 2.0s) -- holding at last known position via gravity compensation.
[pinn_controller_node-1] [WARN] [1785226951.692741522] [pinn_franka_controller]: Trajectory stale (238.1s > 2.0s) -- holding at last known position via gravity compensation.
[pinn_controller_node-1] [WARN] [1785226952.693700310] [pinn_franka_controller]: Trajectory stale (239.1s > 2.0s) -- holding at last known position via gravity compensation.
[pinn_controller_node-1] [WARN] [1785226953.694802087] [pinn_franka_controller]: Trajectory stale (240.1s > 2.0s) -- holding at last known position via gravity compensation.
[pinn_controller_node-1] [WARN] [1785226954.695788269] [pinn_franka_controller]: Trajectory stale (241.1s > 2.0s) -- holding at last known position via gravity compensation.
[pinn_controller_node-1] [WARN] [1785226955.695961192] [pinn_franka_controller]: Trajectory stale (242.1s > 2.0s) -- holding at last known position via gravity compensation.
[pinn_controller_node-1] [WARN] [1785226956.696676748] [pinn_franka_controller]: Trajectory stale (243.1s > 2.0s) -- holding at last known position via gravity compensation.
[pinn_controller_node-1] [WARN] [1785226957.697284674] [pinn_franka_controller]: Trajectory stale (244.1s > 2.0s) -- holding at last known position via gravity compensation.
[pinn_controller_node-1] [WARN] [1785226958.697717033] [pinn_franka_controller]: Trajectory stale (245.1s > 2.0s) -- holding at last known position via gravity compensation.
[pinn_controller_node-1] [WARN] [1785226959.698713148] [pinn_franka_controller]: Trajectory stale (246.1s > 2.0s) -- holding at last known position via gravity compensation.
[pinn_controller_node-1] [WARN] [1785226960.698997591] [pinn_franka_controller]: Trajectory stale (247.1s > 2.0s) -- holding at last known position via gravity compensation.
[pinn_controller_node-1] [WARN] [1785226961.699146824] [pinn_franka_controller]: Trajectory stale (248.1s > 2.0s) -- holding at last known position via gravity compensation.
[pinn_controller_node-1] [WARN] [1785226962.700186651] [pinn_franka_controller]: Trajectory stale (249.1s > 2.0s) -- holding at last known position via gravity compensation.
[pinn_controller_node-1] [WARN] [1785226963.700776208] [pinn_franka_controller]: Trajectory stale (250.1s > 2.0s) -- holding at last known position via gravity compensation.
[pinn_controller_node-1] [WARN] [1785226964.701792982] [pinn_franka_controller]: Trajectory stale (251.1s > 2.0s) -- holding at last known position via gravity compensation.
[pinn_controller_node-1] [WARN] [1785226965.702683770] [pinn_franka_controller]: Trajectory stale (252.1s > 2.0s) -- holding at last known position via gravity compensation.
[pinn_controller_node-1] [WARN] [1785226966.703697006] [pinn_franka_controller]: Trajectory stale (253.1s > 2.0s) -- holding at last known position via gravity compensation.
[pinn_controller_node-1] [WARN] [1785226967.703698300] [pinn_franka_controller]: Trajectory stale (254.1s > 2.0s) -- holding at last known position via gravity compensation.
[pinn_controller_node-1] [WARN] [1785226968.703805960] [pinn_franka_controller]: Trajectory stale (255.1s > 2.0s) -- holding at last known position via gravity compensation.
[pinn_controller_node-1] [WARN] [1785226969.703868457] [pinn_franka_controller]: Trajectory stale (256.1s > 2.0s) -- holding at last known position via gravity compensation.
[pinn_controller_node-1] [WARN] [1785226970.703971382] [pinn_franka_controller]: Trajectory stale (257.1s > 2.0s) -- holding at last known position via gravity compensation.
[pinn_controller_node-1] [WARN] [1785226971.704771843] [pinn_franka_controller]: Trajectory stale (258.1s > 2.0s) -- holding at last known position via gravity compensation.
[pinn_controller_node-1] [WARN] [1785226972.705602587] [pinn_franka_controller]: Trajectory stale (259.1s > 2.0s) -- holding at last known position via gravity compensation.
[pinn_controller_node-1] [WARN] [1785226973.705724591] [pinn_franka_controller]: Trajectory stale (260.1s > 2.0s) -- holding at last known position via gravity compensation.
[pinn_controller_node-1] [WARN] [1785226974.706695185] [pinn_franka_controller]: Trajectory stale (261.1s > 2.0s) -- holding at last known position via gravity compensation.
[pinn_controller_node-1] [WARN] [1785226975.706791944] [pinn_franka_controller]: Trajectory stale (262.1s > 2.0s) -- holding at last known position via gravity compensation.
[pinn_controller_node-1] [WARN] [1785226976.707785525] [pinn_franka_controller]: Trajectory stale (263.1s > 2.0s) -- holding at last known position via gravity compensation.
[pinn_controller_node-1] [WARN] [1785226977.708831413] [pinn_franka_controller]: Trajectory stale (264.1s > 2.0s) -- holding at last known position via gravity compensation.
[pinn_controller_node-1] [WARN] [1785226978.709707197] [pinn_franka_controller]: Trajectory stale (265.2s > 2.0s) -- holding at last known position via gravity compensation.
[pinn_controller_node-1] [WARN] [1785226979.710441609] [pinn_franka_controller]: Trajectory stale (266.2s > 2.0s) -- holding at last known position via gravity compensation.
[pinn_controller_node-1] [WARN] [1785226980.710792672] [pinn_franka_controller]: Trajectory stale (267.2s > 2.0s) -- holding at last known position via gravity compensation.
[pinn_controller_node-1] [WARN] [1785226981.711016292] [pinn_franka_controller]: Trajectory stale (268.2s > 2.0s) -- holding at last known position via gravity compensation.
[pinn_controller_node-1] [WARN] [1785226982.711729199] [pinn_franka_controller]: Trajectory stale (269.2s > 2.0s) -- holding at last known position via gravity compensation.
[pinn_controller_node-1] [WARN] [1785226983.712051041] [pinn_franka_controller]: Trajectory stale (270.2s > 2.0s) -- holding at last known position via gravity compensation.
[pinn_controller_node-1] [WARN] [1785226984.712053403] [pinn_franka_controller]: Trajectory stale (271.2s > 2.0s) -- holding at last known position via gravity compensation.
[pinn_controller_node-1] [WARN] [1785226985.712961372] [pinn_franka_controller]: Trajectory stale (272.2s > 2.0s) -- holding at last known position via gravity compensation.
[pinn_controller_node-1] [WARN] [1785226986.713696574] [pinn_franka_controller]: Trajectory stale (273.2s > 2.0s) -- holding at last known position via gravity compensation.
[pinn_controller_node-1] [WARN] [1785226987.713824160] [pinn_franka_controller]: Trajectory stale (274.2s > 2.0s) -- holding at last known position via gravity compensation.
[pinn_controller_node-1] [WARN] [1785226988.714668498] [pinn_franka_controller]: Trajectory stale (275.2s > 2.0s) -- holding at last known position via gravity compensation.
[pinn_controller_node-1] [WARN] [1785226989.714761022] [pinn_franka_controller]: Trajectory stale (276.2s > 2.0s) -- holding at last known position via gravity compensation.
[pinn_controller_node-1] [WARN] [1785226990.714934986] [pinn_franka_controller]: Trajectory stale (277.2s > 2.0s) -- holding at last known position via gravity compensation.
[pinn_controller_node-1] [WARN] [1785226991.715783831] [pinn_franka_controller]: Trajectory stale (278.2s > 2.0s) -- holding at last known position via gravity compensation.
[pinn_controller_node-1] [WARN] [1785226992.715904395] [pinn_franka_controller]: Trajectory stale (279.2s > 2.0s) -- holding at last known position via gravity compensation.
[pinn_controller_node-1] [WARN] [1785226993.716791771] [pinn_franka_controller]: Trajectory stale (280.2s > 2.0s) -- holding at last known position via gravity compensation.
[pinn_controller_node-1] [WARN] [1785226994.717769720] [pinn_franka_controller]: Trajectory stale (281.2s > 2.0s) -- holding at last known position via gravity compensation.
[pinn_controller_node-1] [WARN] [1785226995.718663448] [pinn_franka_controller]: Trajectory stale (282.2s > 2.0s) -- holding at last known position via gravity compensation.
[pinn_controller_node-1] [WARN] [1785226996.718790993] [pinn_franka_controller]: Trajectory stale (283.2s > 2.0s) -- holding at last known position via gravity compensation.
[pinn_controller_node-1] [WARN] [1785226997.719728377] [pinn_franka_controller]: Trajectory stale (284.2s > 2.0s) -- holding at last known position via gravity compensation.
[pinn_controller_node-1] [WARN] [1785226998.720720102] [pinn_franka_controller]: Trajectory stale (285.2s > 2.0s) -- holding at last known position via gravity compensation.
[pinn_controller_node-1] [WARN] [1785226999.720858374] [pinn_franka_controller]: Trajectory stale (286.2s > 2.0s) -- holding at last known position via gravity compensation.
[pinn_controller_node-1] [WARN] [1785227000.721064837] [pinn_franka_controller]: Trajectory stale (287.2s > 2.0s) -- holding at last known position via gravity compensation.
[pinn_controller_node-1] [WARN] [1785227001.721728956] [pinn_franka_controller]: Trajectory stale (288.2s > 2.0s) -- holding at last known position via gravity compensation.
[pinn_controller_node-1] [WARN] [1785227002.721770723] [pinn_franka_controller]: Trajectory stale (289.2s > 2.0s) -- holding at last known position via gravity compensation.
[pinn_controller_node-1] [WARN] [1785227003.722704779] [pinn_franka_controller]: Trajectory stale (290.2s > 2.0s) -- holding at last known position via gravity compensation.
[pinn_controller_node-1] [WARN] [1785227004.722770298] [pinn_franka_controller]: Trajectory stale (291.2s > 2.0s) -- holding at last known position via gravity compensation.
[pinn_controller_node-1] [WARN] [1785227005.722841832] [pinn_franka_controller]: Trajectory stale (292.2s > 2.0s) -- holding at last known position via gravity compensation.
[pinn_controller_node-1] [WARN] [1785227006.723739141] [pinn_franka_controller]: Trajectory stale (293.2s > 2.0s) -- holding at last known position via gravity compensation.
[pinn_controller_node-1] [WARN] [1785227007.723752697] [pinn_franka_controller]: Trajectory stale (294.2s > 2.0s) -- holding at last known position via gravity compensation.
[pinn_controller_node-1] [WARN] [1785227008.723743688] [pinn_franka_controller]: Trajectory stale (295.2s > 2.0s) -- holding at last known position via gravity compensation.
[pinn_controller_node-1] [WARN] [1785227009.724697904] [pinn_franka_controller]: Trajectory stale (296.2s > 2.0s) -- holding at last known position via gravity compensation.
[pinn_controller_node-1] [WARN] [1785227010.724776975] [pinn_franka_controller]: Trajectory stale (297.2s > 2.0s) -- holding at last known position via gravity compensation.
[pinn_controller_node-1] [WARN] [1785227011.726042012] [pinn_franka_controller]: Trajectory stale (298.2s > 2.0s) -- holding at last known position via gravity compensation.
[pinn_controller_node-1] [WARN] [1785227012.726866175] [pinn_franka_controller]: Trajectory stale (299.2s > 2.0s) -- holding at last known position via gravity compensation.
[pinn_controller_node-1] [WARN] [1785227013.727104483] [pinn_franka_controller]: Trajectory stale (300.2s > 2.0s) -- holding at last known position via gravity compensation.
[pinn_controller_node-1] [WARN] [1785227014.727457498] [pinn_franka_controller]: Trajectory stale (301.2s > 2.0s) -- holding at last known position via gravity compensation.
[pinn_controller_node-1] [WARN] [1785227015.727697754] [pinn_franka_controller]: Trajectory stale (302.2s > 2.0s) -- holding at last known position via gravity compensation.
[pinn_controller_node-1] [WARN] [1785227016.727701723] [pinn_franka_controller]: Trajectory stale (303.2s > 2.0s) -- holding at last known position via gravity compensation.
[pinn_controller_node-1] [WARN] [1785227017.727802222] [pinn_franka_controller]: Trajectory stale (304.2s > 2.0s) -- holding at last known position via gravity compensation.
[pinn_controller_node-1] [WARN] [1785227018.728660676] [pinn_franka_controller]: Trajectory stale (305.2s > 2.0s) -- holding at last known position via gravity compensation.
[pinn_controller_node-1] [WARN] [1785227019.728846768] [pinn_franka_controller]: Trajectory stale (306.2s > 2.0s) -- holding at last known position via gravity compensation.
[pinn_controller_node-1] [WARN] [1785227020.728941478] [pinn_franka_controller]: Trajectory stale (307.2s > 2.0s) -- holding at last known position via gravity compensation.
[pinn_controller_node-1] [WARN] [1785227021.729733143] [pinn_franka_controller]: Trajectory stale (308.2s > 2.0s) -- holding at last known position via gravity compensation.
[pinn_controller_node-1] [WARN] [1785227022.730260948] [pinn_franka_controller]: Trajectory stale (309.2s > 2.0s) -- holding at last known position via gravity compensation.
[pinn_controller_node-1] [WARN] [1785227023.731050779] [pinn_franka_controller]: Trajectory stale (310.2s > 2.0s) -- holding at last known position via gravity compensation.
[pinn_controller_node-1] [WARN] [1785227024.731755991] [pinn_franka_controller]: Trajectory stale (311.2s > 2.0s) -- holding at last known position via gravity compensation.
[pinn_controller_node-1] [WARN] [1785227025.731801005] [pinn_franka_controller]: Trajectory stale (312.2s > 2.0s) -- holding at last known position via gravity compensation.
[pinn_controller_node-1] [WARN] [1785227026.732697321] [pinn_franka_controller]: Trajectory stale (313.2s > 2.0s) -- holding at last known position via gravity compensation.
[pinn_controller_node-1] [WARN] [1785227027.732797502] [pinn_franka_controller]: Trajectory stale (314.2s > 2.0s) -- holding at last known position via gravity compensation.
[pinn_controller_node-1] [WARN] [1785227028.733760698] [pinn_franka_controller]: Trajectory stale (315.2s > 2.0s) -- holding at last known position via gravity compensation.
[pinn_controller_node-1] [WARN] [1785227029.734711211] [pinn_franka_controller]: Trajectory stale (316.2s > 2.0s) -- holding at last known position via gravity compensation.
[pinn_controller_node-1] [WARN] [1785227030.734772658] [pinn_franka_controller]: Trajectory stale (317.2s > 2.0s) -- holding at last known position via gravity compensation.
[pinn_controller_node-1] [WARN] [1785227031.734783426] [pinn_franka_controller]: Trajectory stale (318.2s > 2.0s) -- holding at last known position via gravity compensation.
[pinn_controller_node-1] [WARN] [1785227032.734981757] [pinn_franka_controller]: Trajectory stale (319.2s > 2.0s) -- holding at last known position via gravity compensation.
[pinn_controller_node-1] [WARN] [1785227033.735816116] [pinn_franka_controller]: Trajectory stale (320.2s > 2.0s) -- holding at last known position via gravity compensation.
[pinn_controller_node-1] [WARN] [1785227034.736734216] [pinn_franka_controller]: Trajectory stale (321.2s > 2.0s) -- holding at last known position via gravity compensation.
[pinn_controller_node-1] [WARN] [1785227035.737794954] [pinn_franka_controller]: Trajectory stale (322.2s > 2.0s) -- holding at last known position via gravity compensation.
[pinn_controller_node-1] [WARN] [1785227036.737857051] [pinn_franka_controller]: Trajectory stale (323.2s > 2.0s) -- holding at last known position via gravity compensation.
[pinn_controller_node-1] [WARN] [1785227037.738632554] [pinn_franka_controller]: Trajectory stale (324.2s > 2.0s) -- holding at last known position via gravity compensation.
[pinn_controller_node-1] [WARN] [1785227038.738737451] [pinn_franka_controller]: Trajectory stale (325.2s > 2.0s) -- holding at last known position via gravity compensation.
[pinn_controller_node-1] [WARN] [1785227039.738764941] [pinn_franka_controller]: Trajectory stale (326.2s > 2.0s) -- holding at last known position via gravity compensation.
[pinn_controller_node-1] [WARN] [1785227040.739692639] [pinn_franka_controller]: Trajectory stale (327.2s > 2.0s) -- holding at last known position via gravity compensation.
[pinn_controller_node-1] [WARN] [1785227041.739903222] [pinn_franka_controller]: Trajectory stale (328.2s > 2.0s) -- holding at last known position via gravity compensation.
[pinn_controller_node-1] [WARN] [1785227042.740273389] [pinn_franka_controller]: Trajectory stale (329.2s > 2.0s) -- holding at last known position via gravity compensation.
[pinn_controller_node-1] [WARN] [1785227043.740722926] [pinn_franka_controller]: Trajectory stale (330.2s > 2.0s) -- holding at last known position via gravity compensation.
[pinn_controller_node-1] [WARN] [1785227044.740758924] [pinn_franka_controller]: Trajectory stale (331.2s > 2.0s) -- holding at last known position via gravity compensation.
[pinn_controller_node-1] [WARN] [1785227045.741005068] [pinn_franka_controller]: Trajectory stale (332.2s > 2.0s) -- holding at last known position via gravity compensation.
[pinn_controller_node-1] [WARN] [1785227046.741775193] [pinn_franka_controller]: Trajectory stale (333.2s > 2.0s) -- holding at last known position via gravity compensation.
[pinn_controller_node-1] [WARN] [1785227047.742776928] [pinn_franka_controller]: Trajectory stale (334.2s > 2.0s) -- holding at last known position via gravity compensation.
[pinn_controller_node-1] [WARN] [1785227048.743785663] [pinn_franka_controller]: Trajectory stale (335.2s > 2.0s) -- holding at last known position via gravity compensation.
[pinn_controller_node-1] [WARN] [1785227049.744778349] [pinn_franka_controller]: Trajectory stale (336.2s > 2.0s) -- holding at last known position via gravity compensation.
[pinn_controller_node-1] [WARN] [1785227050.745686974] [pinn_franka_controller]: Trajectory stale (337.2s > 2.0s) -- holding at last known position via gravity compensation.
[pinn_controller_node-1] [WARN] [1785227051.745707836] [pinn_franka_controller]: Trajectory stale (338.2s > 2.0s) -- holding at last known position via gravity compensation.
[pinn_controller_node-1] [WARN] [1785227052.745836925] [pinn_franka_controller]: Trajectory stale (339.2s > 2.0s) -- holding at last known position via gravity compensation.
[pinn_controller_node-1] [WARN] [1785227053.746707119] [pinn_franka_controller]: Trajectory stale (340.2s > 2.0s) -- holding at last known position via gravity compensation.
[pinn_controller_node-1] [WARN] [1785227054.746722187] [pinn_franka_controller]: Trajectory stale (341.2s > 2.0s) -- holding at last known position via gravity compensation.
[pinn_controller_node-1] [WARN] [1785227055.746793606] [pinn_franka_controller]: Trajectory stale (342.2s > 2.0s) -- holding at last known position via gravity compensation.
[pinn_controller_node-1] [WARN] [1785227056.747074635] [pinn_franka_controller]: Trajectory stale (343.2s > 2.0s) -- holding at last known position via gravity compensation.
[pinn_controller_node-1] [WARN] [1785227057.747878479] [pinn_franka_controller]: Trajectory stale (344.2s > 2.0s) -- holding at last known position via gravity compensation.
[pinn_controller_node-1] [WARN] [1785227058.748568382] [pinn_franka_controller]: Trajectory stale (345.2s > 2.0s) -- holding at last known position via gravity compensation.
[pinn_controller_node-1] [WARN] [1785227059.748672847] [pinn_franka_controller]: Trajectory stale (346.2s > 2.0s) -- holding at last known position via gravity compensation.
[pinn_controller_node-1] [WARN] [1785227060.748710321] [pinn_franka_controller]: Trajectory stale (347.2s > 2.0s) -- holding at last known position via gravity compensation.
[pinn_controller_node-1] [WARN] [1785227061.749691891] [pinn_franka_controller]: Trajectory stale (348.2s > 2.0s) -- holding at last known position via gravity compensation.
[pinn_controller_node-1] [WARN] [1785227062.750095082] [pinn_franka_controller]: Trajectory stale (349.2s > 2.0s) -- holding at last known position via gravity compensation.
[pinn_controller_node-1] [WARN] [1785227063.750700284] [pinn_franka_controller]: Trajectory stale (350.2s > 2.0s) -- holding at last known position via gravity compensation.
[pinn_controller_node-1] [WARN] [1785227064.751696282] [pinn_franka_controller]: Trajectory stale (351.2s > 2.0s) -- holding at last known position via gravity compensation.
[pinn_controller_node-1] [WARN] [1785227065.751778158] [pinn_franka_controller]: Trajectory stale (352.2s > 2.0s) -- holding at last known position via gravity compensation.
[pinn_controller_node-1] [WARN] [1785227066.752100580] [pinn_franka_controller]: Trajectory stale (353.2s > 2.0s) -- holding at last known position via gravity compensation.
[pinn_controller_node-1] [WARN] [1785227067.752728541] [pinn_franka_controller]: Trajectory stale (354.2s > 2.0s) -- holding at last known position via gravity compensation.
[pinn_controller_node-1] [WARN] [1785227068.753776865] [pinn_franka_controller]: Trajectory stale (355.2s > 2.0s) -- holding at last known position via gravity compensation.
[pinn_controller_node-1] [WARN] [1785227069.754678420] [pinn_franka_controller]: Trajectory stale (356.2s > 2.0s) -- holding at last known position via gravity compensation.
[pinn_controller_node-1] [WARN] [1785227070.754798029] [pinn_franka_controller]: Trajectory stale (357.2s > 2.0s) -- holding at last known position via gravity compensation.
[pinn_controller_node-1] [WARN] [1785227071.755696389] [pinn_franka_controller]: Trajectory stale (358.2s > 2.0s) -- holding at last known position via gravity compensation.
[pinn_controller_node-1] [WARN] [1785227072.755719700] [pinn_franka_controller]: Trajectory stale (359.2s > 2.0s) -- holding at last known position via gravity compensation.
[pinn_controller_node-1] [WARN] [1785227073.756506693] [pinn_franka_controller]: Trajectory stale (360.2s > 2.0s) -- holding at last known position via gravity compensation.
[pinn_controller_node-1] [WARN] [1785227074.756666426] [pinn_franka_controller]: Trajectory stale (361.2s > 2.0s) -- holding at last known position via gravity compensation.
[pinn_controller_node-1] [WARN] [1785227075.756729012] [pinn_franka_controller]: Trajectory stale (362.2s > 2.0s) -- holding at last known position via gravity compensation.
[pinn_controller_node-1] [WARN] [1785227076.756826979] [pinn_franka_controller]: Trajectory stale (363.2s > 2.0s) -- holding at last known position via gravity compensation.
[pinn_controller_node-1] [WARN] [1785227077.756834394] [pinn_franka_controller]: Trajectory stale (364.2s > 2.0s) -- holding at last known position via gravity compensation.
[pinn_controller_node-1] [WARN] [1785227078.757716551] [pinn_franka_controller]: Trajectory stale (365.2s > 2.0s) -- holding at last known position via gravity compensation.
[pinn_controller_node-1] [WARN] [1785227079.758128769] [pinn_franka_controller]: Trajectory stale (366.2s > 2.0s) -- holding at last known position via gravity compensation.
[pinn_controller_node-1] [WARN] [1785227080.758678499] [pinn_franka_controller]: Trajectory stale (367.2s > 2.0s) -- holding at last known position via gravity compensation.
[pinn_controller_node-1] [WARN] [1785227081.759695715] [pinn_franka_controller]: Trajectory stale (368.2s > 2.0s) -- holding at last known position via gravity compensation.
[pinn_controller_node-1] [WARN] [1785227082.759771374] [pinn_franka_controller]: Trajectory stale (369.2s > 2.0s) -- holding at last known position via gravity compensation.
[pinn_controller_node-1] [WARN] [1785227083.761101853] [pinn_franka_controller]: Trajectory stale (370.2s > 2.0s) -- holding at last known position via gravity compensation.
[pinn_controller_node-1] [WARN] [1785227084.761717893] [pinn_franka_controller]: Trajectory stale (371.2s > 2.0s) -- holding at last known position via gravity compensation.
[pinn_controller_node-1] [WARN] [1785227085.762670533] [pinn_franka_controller]: Trajectory stale (372.2s > 2.0s) -- holding at last known position via gravity compensation.
[pinn_controller_node-1] [WARN] [1785227086.762890369] [pinn_franka_controller]: Trajectory stale (373.2s > 2.0s) -- holding at last known position via gravity compensation.
[pinn_controller_node-1] [WARN] [1785227087.763727831] [pinn_franka_controller]: Trajectory stale (374.2s > 2.0s) -- holding at last known position via gravity compensation.
[pinn_controller_node-1] [WARN] [1785227088.763779932] [pinn_franka_controller]: Trajectory stale (375.2s > 2.0s) -- holding at last known position via gravity compensation.
[pinn_controller_node-1] [WARN] [1785227089.763802911] [pinn_franka_controller]: Trajectory stale (376.2s > 2.0s) -- holding at last known position via gravity compensation.
[pinn_controller_node-1] [WARN] [1785227090.764709076] [pinn_franka_controller]: Trajectory stale (377.2s > 2.0s) -- holding at last known position via gravity compensation.
[pinn_controller_node-1] [WARN] [1785227091.765683644] [pinn_franka_controller]: Trajectory stale (378.2s > 2.0s) -- holding at last known position via gravity compensation.
[pinn_controller_node-1] [WARN] [1785227092.766227409] [pinn_franka_controller]: Trajectory stale (379.2s > 2.0s) -- holding at last known position via gravity compensation.
[pinn_controller_node-1] [WARN] [1785227093.766819201] [pinn_franka_controller]: Trajectory stale (380.2s > 2.0s) -- holding at last known position via gravity compensation.
[pinn_controller_node-1] [WARN] [1785227094.767617681] [pinn_franka_controller]: Trajectory stale (381.2s > 2.0s) -- holding at last known position via gravity compensation.
[pinn_controller_node-1] [WARN] [1785227095.767854318] [pinn_franka_controller]: Trajectory stale (382.2s > 2.0s) -- holding at last known position via gravity compensation.
[pinn_controller_node-1] [WARN] [1785227096.768672809] [pinn_franka_controller]: Trajectory stale (383.2s > 2.0s) -- holding at last known position via gravity compensation.
[pinn_controller_node-1] [WARN] [1785227097.768700252] [pinn_franka_controller]: Trajectory stale (384.2s > 2.0s) -- holding at last known position via gravity compensation.
[pinn_controller_node-1] [WARN] [1785227098.768868634] [pinn_franka_controller]: Trajectory stale (385.2s > 2.0s) -- holding at last known position via gravity compensation.
[pinn_controller_node-1] [WARN] [1785227099.768906081] [pinn_franka_controller]: Trajectory stale (386.2s > 2.0s) -- holding at last known position via gravity compensation.
[pinn_controller_node-1] [WARN] [1785227100.769703264] [pinn_franka_controller]: Trajectory stale (387.2s > 2.0s) -- holding at last known position via gravity compensation.
[pinn_controller_node-1] [WARN] [1785227101.769723482] [pinn_franka_controller]: Trajectory stale (388.2s > 2.0s) -- holding at last known position via gravity compensation.
[pinn_controller_node-1] [WARN] [1785227102.770676150] [pinn_franka_controller]: Trajectory stale (389.2s > 2.0s) -- holding at last known position via gravity compensation.
[pinn_controller_node-1] [WARN] [1785227103.771698258] [pinn_franka_controller]: Trajectory stale (390.2s > 2.0s) -- holding at last known position via gravity compensation.
[pinn_controller_node-1] [WARN] [1785227104.771791284] [pinn_franka_controller]: Trajectory stale (391.2s > 2.0s) -- holding at last known position via gravity compensation.
[pinn_controller_node-1] [WARN] [1785227105.771824028] [pinn_franka_controller]: Trajectory stale (392.2s > 2.0s) -- holding at last known position via gravity compensation.
[pinn_controller_node-1] [WARN] [1785227106.772692677] [pinn_franka_controller]: Trajectory stale (393.2s > 2.0s) -- holding at last known position via gravity compensation.
[pinn_controller_node-1] [WARN] [1785227107.772829510] [pinn_franka_controller]: Trajectory stale (394.2s > 2.0s) -- holding at last known position via gravity compensation.
[pinn_controller_node-1] [WARN] [1785227108.773717142] [pinn_franka_controller]: Trajectory stale (395.2s > 2.0s) -- holding at last known position via gravity compensation.
[pinn_controller_node-1] [WARN] [1785227109.773753525] [pinn_franka_controller]: Trajectory stale (396.2s > 2.0s) -- holding at last known position via gravity compensation.
[pinn_controller_node-1] [WARN] [1785227110.773830292] [pinn_franka_controller]: Trajectory stale (397.2s > 2.0s) -- holding at last known position via gravity compensation.
[pinn_controller_node-1] [WARN] [1785227111.774987178] [pinn_franka_controller]: Trajectory stale (398.2s > 2.0s) -- holding at last known position via gravity compensation.
[pinn_controller_node-1] [WARN] [1785227112.775967414] [pinn_franka_controller]: Trajectory stale (399.2s > 2.0s) -- holding at last known position via gravity compensation.
[pinn_controller_node-1] [WARN] [1785227113.776773232] [pinn_franka_controller]: Trajectory stale (400.2s > 2.0s) -- holding at last known position via gravity compensation.
[pinn_controller_node-1] [WARN] [1785227114.777600963] [pinn_franka_controller]: Trajectory stale (401.2s > 2.0s) -- holding at last known position via gravity compensation.
[pinn_controller_node-1] [WARN] [1785227115.777764629] [pinn_franka_controller]: Trajectory stale (402.2s > 2.0s) -- holding at last known position via gravity compensation.
[pinn_controller_node-1] [WARN] [1785227116.778732538] [pinn_franka_controller]: Trajectory stale (403.2s > 2.0s) -- holding at last known position via gravity compensation.
[pinn_controller_node-1] [WARN] [1785227117.779192390] [pinn_franka_controller]: Trajectory stale (404.2s > 2.0s) -- holding at last known position via gravity compensation.
[pinn_controller_node-1] [WARN] [1785227118.779885866] [pinn_franka_controller]: Trajectory stale (405.2s > 2.0s) -- holding at last known position via gravity compensation.
[pinn_controller_node-1] [WARN] [1785227119.780763589] [pinn_franka_controller]: Trajectory stale (406.2s > 2.0s) -- holding at last known position via gravity compensation.
[pinn_controller_node-1] [WARN] [1785227120.780806692] [pinn_franka_controller]: Trajectory stale (407.2s > 2.0s) -- holding at last known position via gravity compensation.
[pinn_controller_node-1] [WARN] [1785227121.781775166] [pinn_franka_controller]: Trajectory stale (408.2s > 2.0s) -- holding at last known position via gravity compensation.
[pinn_controller_node-1] [WARN] [1785227122.782713762] [pinn_franka_controller]: Trajectory stale (409.2s > 2.0s) -- holding at last known position via gravity compensation.
[pinn_controller_node-1] [WARN] [1785227123.783129234] [pinn_franka_controller]: Trajectory stale (410.2s > 2.0s) -- holding at last known position via gravity compensation.
[pinn_controller_node-1] [WARN] [1785227124.783648536] [pinn_franka_controller]: Trajectory stale (411.2s > 2.0s) -- holding at last known position via gravity compensation.
[pinn_controller_node-1] [WARN] [1785227125.783713431] [pinn_franka_controller]: Trajectory stale (412.2s > 2.0s) -- holding at last known position via gravity compensation.
[pinn_controller_node-1] [WARN] [1785227126.783957555] [pinn_franka_controller]: Trajectory stale (413.2s > 2.0s) -- holding at last known position via gravity compensation.
[pinn_controller_node-1] [WARN] [1785227127.784636967] [pinn_franka_controller]: Trajectory stale (414.2s > 2.0s) -- holding at last known position via gravity compensation.
[pinn_controller_node-1] [WARN] [1785227128.784743536] [pinn_franka_controller]: Trajectory stale (415.2s > 2.0s) -- holding at last known position via gravity compensation.
[pinn_controller_node-1] [WARN] [1785227129.784781631] [pinn_franka_controller]: Trajectory stale (416.2s > 2.0s) -- holding at last known position via gravity compensation.
[pinn_controller_node-1] [WARN] [1785227130.785718151] [pinn_franka_controller]: Trajectory stale (417.2s > 2.0s) -- holding at last known position via gravity compensation.
[pinn_controller_node-1] [WARN] [1785227131.785828815] [pinn_franka_controller]: Trajectory stale (418.2s > 2.0s) -- holding at last known position via gravity compensation.
[pinn_controller_node-1] [WARN] [1785227132.786656781] [pinn_franka_controller]: Trajectory stale (419.2s > 2.0s) -- holding at last known position via gravity compensation.
[pinn_controller_node-1] [WARN] [1785227133.786688237] [pinn_franka_controller]: Trajectory stale (420.2s > 2.0s) -- holding at last known position via gravity compensation.
[pinn_controller_node-1] [WARN] [1785227134.786796286] [pinn_franka_controller]: Trajectory stale (421.2s > 2.0s) -- holding at last known position via gravity compensation.
[pinn_controller_node-1] [WARN] [1785227135.786855295] [pinn_franka_controller]: Trajectory stale (422.2s > 2.0s) -- holding at last known position via gravity compensation.
[pinn_controller_node-1] [WARN] [1785227136.787716766] [pinn_franka_controller]: Trajectory stale (423.2s > 2.0s) -- holding at last known position via gravity compensation.
[pinn_controller_node-1] [WARN] [1785227137.788671628] [pinn_franka_controller]: Trajectory stale (424.2s > 2.0s) -- holding at last known position via gravity compensation.
[pinn_controller_node-1] [WARN] [1785227138.788709023] [pinn_franka_controller]: Trajectory stale (425.2s > 2.0s) -- holding at last known position via gravity compensation.
[pinn_controller_node-1] [WARN] [1785227139.788735781] [pinn_franka_controller]: Trajectory stale (426.2s > 2.0s) -- holding at last known position via gravity compensation.
[pinn_controller_node-1] [WARN] [1785227140.788863068] [pinn_franka_controller]: Trajectory stale (427.2s > 2.0s) -- holding at last known position via gravity compensation.
[pinn_controller_node-1] [WARN] [1785227141.789700707] [pinn_franka_controller]: Trajectory stale (428.2s > 2.0s) -- holding at last known position via gravity compensation.
[pinn_controller_node-1] [WARN] [1785227142.790667620] [pinn_franka_controller]: Trajectory stale (429.2s > 2.0s) -- holding at last known position via gravity compensation.
[pinn_controller_node-1] [WARN] [1785227143.790707270] [pinn_franka_controller]: Trajectory stale (430.2s > 2.0s) -- holding at last known position via gravity compensation.
[pinn_controller_node-1] [WARN] [1785227144.791657588] [pinn_franka_controller]: Trajectory stale (431.2s > 2.0s) -- holding at last known position via gravity compensation.
[pinn_controller_node-1] [WARN] [1785227145.791702733] [pinn_franka_controller]: Trajectory stale (432.2s > 2.0s) -- holding at last known position via gravity compensation.
[pinn_controller_node-1] [WARN] [1785227146.791905072] [pinn_franka_controller]: Trajectory stale (433.2s > 2.0s) -- holding at last known position via gravity compensation.
[pinn_controller_node-1] [WARN] [1785227147.792707704] [pinn_franka_controller]: Trajectory stale (434.2s > 2.0s) -- holding at last known position via gravity compensation.
[pinn_controller_node-1] [WARN] [1785227148.793708773] [pinn_franka_controller]: Trajectory stale (435.2s > 2.0s) -- holding at last known position via gravity compensation.
[pinn_controller_node-1] [WARN] [1785227149.793852074] [pinn_franka_controller]: Trajectory stale (436.2s > 2.0s) -- holding at last known position via gravity compensation.
[pinn_controller_node-1] [WARN] [1785227150.794658902] [pinn_franka_controller]: Trajectory stale (437.2s > 2.0s) -- holding at last known position via gravity compensation.
[pinn_controller_node-1] [WARN] [1785227151.794826538] [pinn_franka_controller]: Trajectory stale (438.2s > 2.0s) -- holding at last known position via gravity compensation.
[pinn_controller_node-1] [WARN] [1785227152.795347996] [pinn_franka_controller]: Trajectory stale (439.2s > 2.0s) -- holding at last known position via gravity compensation.
[pinn_controller_node-1] [WARN] [1785227153.795872861] [pinn_franka_controller]: Trajectory stale (440.2s > 2.0s) -- holding at last known position via gravity compensation.
[pinn_controller_node-1] [WARN] [1785227154.796708943] [pinn_franka_controller]: Trajectory stale (441.2s > 2.0s) -- holding at last known position via gravity compensation.
[pinn_controller_node-1] [WARN] [1785227155.797133499] [pinn_franka_controller]: Trajectory stale (442.2s > 2.0s) -- holding at last known position via gravity compensation.
[pinn_controller_node-1] [WARN] [1785227156.797756984] [pinn_franka_controller]: Trajectory stale (443.2s > 2.0s) -- holding at last known position via gravity compensation.
[pinn_controller_node-1] [WARN] [1785227157.798704208] [pinn_franka_controller]: Trajectory stale (444.2s > 2.0s) -- holding at last known position via gravity compensation.
[pinn_controller_node-1] [WARN] [1785227158.799156102] [pinn_franka_controller]: Trajectory stale (445.2s > 2.0s) -- holding at last known position via gravity compensation.
[pinn_controller_node-1] [WARN] [1785227159.799737846] [pinn_franka_controller]: Trajectory stale (446.2s > 2.0s) -- holding at last known position via gravity compensation.
[pinn_controller_node-1] [WARN] [1785227160.800299173] [pinn_franka_controller]: Trajectory stale (447.2s > 2.0s) -- holding at last known position via gravity compensation.
[pinn_controller_node-1] [WARN] [1785227161.800667036] [pinn_franka_controller]: Trajectory stale (448.2s > 2.0s) -- holding at last known position via gravity compensation.
[pinn_controller_node-1] [WARN] [1785227162.800829680] [pinn_franka_controller]: Trajectory stale (449.2s > 2.0s) -- holding at last known position via gravity compensation.
[pinn_controller_node-1] [WARN] [1785227163.800947346] [pinn_franka_controller]: Trajectory stale (450.2s > 2.0s) -- holding at last known position via gravity compensation.
[pinn_controller_node-1] [WARN] [1785227164.801736034] [pinn_franka_controller]: Trajectory stale (451.2s > 2.0s) -- holding at last known position via gravity compensation.
[pinn_controller_node-1] [WARN] [1785227165.801736045] [pinn_franka_controller]: Trajectory stale (452.2s > 2.0s) -- holding at last known position via gravity compensation.
[pinn_controller_node-1] [WARN] [1785227166.802701564] [pinn_franka_controller]: Trajectory stale (453.2s > 2.0s) -- holding at last known position via gravity compensation.
[pinn_controller_node-1] [WARN] [1785227167.803716366] [pinn_franka_controller]: Trajectory stale (454.2s > 2.0s) -- holding at last known position via gravity compensation.
[pinn_controller_node-1] [WARN] [1785227168.804702604] [pinn_franka_controller]: Trajectory stale (455.2s > 2.0s) -- holding at last known position via gravity compensation.
[pinn_controller_node-1] [WARN] [1785227169.804743066] [pinn_franka_controller]: Trajectory stale (456.2s > 2.0s) -- holding at last known position via gravity compensation.
[pinn_controller_node-1] [WARN] [1785227170.804768910] [pinn_franka_controller]: Trajectory stale (457.2s > 2.0s) -- holding at last known position via gravity compensation.
[pinn_controller_node-1] [WARN] [1785227171.805695451] [pinn_franka_controller]: Trajectory stale (458.2s > 2.0s) -- holding at last known position via gravity compensation.
[pinn_controller_node-1] [WARN] [1785227172.805707131] [pinn_franka_controller]: Trajectory stale (459.2s > 2.0s) -- holding at last known position via gravity compensation.
[pinn_controller_node-1] [WARN] [1785227173.805882411] [pinn_franka_controller]: Trajectory stale (460.2s > 2.0s) -- holding at last known position via gravity compensation.
[pinn_controller_node-1] [WARN] [1785227174.806713879] [pinn_franka_controller]: Trajectory stale (461.2s > 2.0s) -- holding at last known position via gravity compensation.
[pinn_controller_node-1] [WARN] [1785227175.807101274] [pinn_franka_controller]: Trajectory stale (462.2s > 2.0s) -- holding at last known position via gravity compensation.
[pinn_controller_node-1] [WARN] [1785227176.807699112] [pinn_franka_controller]: Trajectory stale (463.2s > 2.0s) -- holding at last known position via gravity compensation.
[pinn_controller_node-1] [WARN] [1785227177.807798897] [pinn_franka_controller]: Trajectory stale (464.2s > 2.0s) -- holding at last known position via gravity compensation.
[pinn_controller_node-1] [WARN] [1785227178.808737414] [pinn_franka_controller]: Trajectory stale (465.2s > 2.0s) -- holding at last known position via gravity compensation.
[pinn_controller_node-1] [INFO] [1785227179.755317093] [pinn_franka_controller]: New trajectory received with 12 points.
[pinn_controller_node-1] [INFO] [1785227179.755724158] [pinn_franka_controller]: [DEBUG e] j4: q_des=-1.6581 q_meas=-1.6581 e=+0.0000 qdot=+0.00000 | j6: q_des=+1.5440 q_meas=+1.5440 e=-0.0000 qdot=-0.00000 | j7: q_des=-0.7843 q_meas=-0.7843 e=-0.0000 qdot=-0.00000
[pinn_controller_node-1] [INFO] [1785227179.756567983] [pinn_franka_controller]: [DEBUG tau] j4: rnea=+22.968 res=-0.609 pd=+0.019 unclipped=+22.378 clipped=+22.378 | j6: rnea=+1.898 res=+0.226 pd=-0.009 unclipped=+2.115 clipped=+2.115 | j7: rnea=-0.002 res=-0.211 pd=-0.001 unclipped=-0.214 clipped=-0.214
[pinn_controller_node-1] [INFO] [1785227180.756578004] [pinn_franka_controller]: [DEBUG tau] j4: rnea=+21.003 res=-0.701 pd=+0.722 unclipped=+21.025 clipped=+21.025 | j6: rnea=+1.852 res=+0.295 pd=-0.318 unclipped=+1.829 clipped=+1.829 | j7: rnea=+0.001 res=-0.243 pd=+0.222 unclipped=-0.020 clipped=-0.020
[pinn_controller_node-1] [INFO] [1785227180.757412948] [pinn_franka_controller]: [DEBUG e] j4: q_des=-1.3813 q_meas=-1.3962 e=+0.0149 qdot=+0.09703 | j6: q_des=+1.3422 q_meas=+1.3640 e=-0.0218 qdot=-0.08245 | j7: q_des=-0.8352 q_meas=-0.8433 e=+0.0081 qdot=-0.03874
[pinn_controller_node-1] [INFO] [1785227180.853622213] [pinn_franka_controller]: New trajectory received with 1 points.
[pinn_controller_node-1] [INFO] [1785227180.878871636] [pinn_franka_controller]: New trajectory received with 12 points.
[pinn_controller_node-1] [INFO] [1785227181.756716355] [pinn_franka_controller]: [DEBUG tau] j4: rnea=+21.818 res=-0.548 pd=+0.498 unclipped=+21.768 clipped=+21.768 | j6: rnea=+2.062 res=+0.135 pd=-0.091 unclipped=+2.106 clipped=+2.106 | j7: rnea=-0.008 res=-0.296 pd=+0.388 unclipped=+0.084 clipped=+0.084
[pinn_controller_node-1] [INFO] [1785227181.757536659] [pinn_franka_controller]: [DEBUG e] j4: q_des=-1.5552 q_meas=-1.5636 e=+0.0084 qdot=-0.09569 | j6: q_des=+1.4688 q_meas=+1.4658 e=+0.0030 qdot=+0.08060 | j7: q_des=-0.5507 q_meas=-0.6012 e=+0.0505 qdot=+0.18909
[pinn_controller_node-1] [INFO] [1785227181.905229787] [pinn_franka_controller]: New trajectory received with 1 points.
[pinn_controller_node-1] [INFO] [1785227181.932064300] [pinn_franka_controller]: New trajectory received with 10 points.
[pinn_controller_node-1] [INFO] [1785227182.758256374] [pinn_franka_controller]: [DEBUG tau] j4: rnea=+22.015 res=-0.491 pd=+0.532 unclipped=+22.057 clipped=+22.057 | j6: rnea=+2.182 res=+0.173 pd=-0.165 unclipped=+2.190 clipped=+2.190 | j7: rnea=-0.011 res=-0.263 pd=+0.267 unclipped=-0.007 clipped=-0.007
[pinn_controller_node-1] [INFO] [1785227182.759076523] [pinn_franka_controller]: [DEBUG e] j4: q_des=-1.6727 q_meas=-1.6810 e=+0.0083 qdot=-0.03824 | j6: q_des=+1.5519 q_meas=+1.5522 e=-0.0003 qdot=+0.04349 | j7: q_des=-0.2884 q_meas=-0.3393 e=+0.0509 qdot=+0.13889
[pinn_controller_node-1] [INFO] [1785227182.828573837] [pinn_franka_controller]: New trajectory received with 1 points.
[pinn_controller_node-1] [INFO] [1785227182.855378300] [pinn_franka_controller]: New trajectory received with 12 points.
[pinn_controller_node-1] [INFO] [1785227183.759413529] [pinn_franka_controller]: [DEBUG tau] j4: rnea=+22.502 res=-0.422 pd=+0.352 unclipped=+22.432 clipped=+22.432 | j6: rnea=+2.313 res=+0.081 pd=-0.059 unclipped=+2.335 clipped=+2.335 | j7: rnea=-0.009 res=-0.274 pd=+0.354 unclipped=+0.071 clipped=+0.071
[pinn_controller_node-1] [INFO] [1785227183.760147226] [pinn_franka_controller]: [DEBUG e] j4: q_des=-1.8619 q_meas=-1.8661 e=+0.0042 qdot=-0.08863 | j6: q_des=+1.6615 q_meas=+1.6583 e=+0.0031 qdot=+0.06230 | j7: q_des=+0.0014 q_meas=-0.0523 e=+0.0536 qdot=+0.17954
[pinn_controller_node-1] [INFO] [1785227183.876031919] [pinn_franka_controller]: New trajectory received with 1 points.
[pinn_controller_node-1] [INFO] [1785227184.760907946] [pinn_franka_controller]: [DEBUG tau] j4: rnea=+22.500 res=-0.413 pd=+0.412 unclipped=+22.498 clipped=+22.498 | j6: rnea=+2.295 res=+0.134 pd=-0.132 unclipped=+2.296 clipped=+2.296 | j7: rnea=-0.000 res=-0.169 pd=+0.180 unclipped=+0.011 clipped=+0.011
[pinn_controller_node-1] [INFO] [1785227184.761704780] [pinn_franka_controller]: [DEBUG e] j4: q_des=-1.8667 q_meas=-1.8738 e=+0.0071 qdot=-0.00011 | j6: q_des=+1.6643 q_meas=+1.6691 e=-0.0048 qdot=+0.00246 | j7: q_des=+0.0103 q_meas=-0.0166 e=+0.0268 qdot=+0.01345
[pinn_controller_node-1] [INFO] [1785227185.761677827] [pinn_franka_controller]: [DEBUG tau] j4: rnea=+22.502 res=-0.415 pd=+0.415 unclipped=+22.502 clipped=+22.502 | j6: rnea=+2.296 res=+0.135 pd=-0.135 unclipped=+2.296 clipped=+2.296 | j7: rnea=-0.000 res=-0.164 pd=+0.167 unclipped=+0.003 clipped=+0.003
[pinn_controller_node-1] [INFO] [1785227185.763024715] [pinn_franka_controller]: [DEBUG e] j4: q_des=-1.8667 q_meas=-1.8739 e=+0.0072 qdot=-0.00003 | j6: q_des=+1.6643 q_meas=+1.6702 e=-0.0058 qdot=+0.00031 | j7: q_des=+0.0103 q_meas=-0.0090 e=+0.0193 qdot=+0.00370
[pinn_controller_node-1] [WARN] [1785227185.876614442] [pinn_franka_controller]: Trajectory stale (2.0s > 2.0s) -- holding at last known position via gravity compensation.
[pinn_controller_node-1] [WARN] [1785227186.876679612] [pinn_franka_controller]: Trajectory stale (3.0s > 2.0s) -- holding at last known position via gravity compensation.
[pinn_controller_node-1] [WARN] [1785227187.876705272] [pinn_franka_controller]: Trajectory stale (4.0s > 2.0s) -- holding at last known position via gravity compensation.
[pinn_controller_node-1] [WARN] [1785227188.877766300] [pinn_franka_controller]: Trajectory stale (5.0s > 2.0s) -- holding at last known position via gravity compensation.
[pinn_controller_node-1] [WARN] [1785227189.878657412] [pinn_franka_controller]: Trajectory stale (6.0s > 2.0s) -- holding at last known position via gravity compensation.
[pinn_controller_node-1] [WARN] [1785227190.878908905] [pinn_franka_controller]: Trajectory stale (7.0s > 2.0s) -- holding at last known position via gravity compensation.
[pinn_controller_node-1] [WARN] [1785227191.879653740] [pinn_franka_controller]: Trajectory stale (8.0s > 2.0s) -- holding at last known position via gravity compensation.
[pinn_controller_node-1] [WARN] [1785227192.880736146] [pinn_franka_controller]: Trajectory stale (9.0s > 2.0s) -- holding at last known position via gravity compensation.
[pinn_controller_node-1] [WARN] [1785227193.881041420] [pinn_franka_controller]: Trajectory stale (10.0s > 2.0s) -- holding at last known position via gravity compensation.
[pinn_controller_node-1] [WARN] [1785227194.881121235] [pinn_franka_controller]: Trajectory stale (11.0s > 2.0s) -- holding at last known position via gravity compensation.
[pinn_controller_node-1] [WARN] [1785227195.881854921] [pinn_franka_controller]: Trajectory stale (12.0s > 2.0s) -- holding at last known position via gravity compensation.
[pinn_controller_node-1] [WARN] [1785227196.881884281] [pinn_franka_controller]: Trajectory stale (13.0s > 2.0s) -- holding at last known position via gravity compensation.
[pinn_controller_node-1] [WARN] [1785227197.882661980] [pinn_franka_controller]: Trajectory stale (14.0s > 2.0s) -- holding at last known position via gravity compensation.
[pinn_controller_node-1] [WARN] [1785227198.882712848] [pinn_franka_controller]: Trajectory stale (15.0s > 2.0s) -- holding at last known position via gravity compensation.
[pinn_controller_node-1] [WARN] [1785227199.882904843] [pinn_franka_controller]: Trajectory stale (16.0s > 2.0s) -- holding at last known position via gravity compensation.
[pinn_controller_node-1] [WARN] [1785227200.883789322] [pinn_franka_controller]: Trajectory stale (17.0s > 2.0s) -- holding at last known position via gravity compensation.
[pinn_controller_node-1] [WARN] [1785227201.884697100] [pinn_franka_controller]: Trajectory stale (18.0s > 2.0s) -- holding at last known position via gravity compensation.
[pinn_controller_node-1] [WARN] [1785227202.885581992] [pinn_franka_controller]: Trajectory stale (19.0s > 2.0s) -- holding at last known position via gravity compensation.
[pinn_controller_node-1] [WARN] [1785227203.885802647] [pinn_franka_controller]: Trajectory stale (20.0s > 2.0s) -- holding at last known position via gravity compensation.
[pinn_controller_node-1] [WARN] [1785227204.885853016] [pinn_franka_controller]: Trajectory stale (21.0s > 2.0s) -- holding at last known position via gravity compensation.
[pinn_controller_node-1] [WARN] [1785227205.886713443] [pinn_franka_controller]: Trajectory stale (22.0s > 2.0s) -- holding at last known position via gravity compensation.
[pinn_controller_node-1] [WARN] [1785227206.886903108] [pinn_franka_controller]: Trajectory stale (23.0s > 2.0s) -- holding at last known position via gravity compensation.
[pinn_controller_node-1] [WARN] [1785227207.886909543] [pinn_franka_controller]: Trajectory stale (24.0s > 2.0s) -- holding at last known position via gravity compensation.
[pinn_controller_node-1] [WARN] [1785227208.887761159] [pinn_franka_controller]: Trajectory stale (25.0s > 2.0s) -- holding at last known position via gravity compensation.
[pinn_controller_node-1] [WARN] [1785227209.888722525] [pinn_franka_controller]: Trajectory stale (26.0s > 2.0s) -- holding at last known position via gravity compensation.
[pinn_controller_node-1] [WARN] [1785227210.889755226] [pinn_franka_controller]: Trajectory stale (27.0s > 2.0s) -- holding at last known position via gravity compensation.
[pinn_controller_node-1] [WARN] [1785227211.890006777] [pinn_franka_controller]: Trajectory stale (28.0s > 2.0s) -- holding at last known position via gravity compensation.
[pinn_controller_node-1] [WARN] [1785227212.890812522] [pinn_franka_controller]: Trajectory stale (29.0s > 2.0s) -- holding at last known position via gravity compensation.
[pinn_controller_node-1] [WARN] [1785227213.890899855] [pinn_franka_controller]: Trajectory stale (30.0s > 2.0s) -- holding at last known position via gravity compensation.
[pinn_controller_node-1] [WARN] [1785227214.891653470] [pinn_franka_controller]: Trajectory stale (31.0s > 2.0s) -- holding at last known position via gravity compensation.
[pinn_controller_node-1] [WARN] [1785227215.891684829] [pinn_franka_controller]: Trajectory stale (32.0s > 2.0s) -- holding at last known position via gravity compensation.
[pinn_controller_node-1] [WARN] [1785227216.892015217] [pinn_franka_controller]: Trajectory stale (33.0s > 2.0s) -- holding at last known position via gravity compensation.
[pinn_controller_node-1] [WARN] [1785227217.892595203] [pinn_franka_controller]: Trajectory stale (34.0s > 2.0s) -- holding at last known position via gravity compensation.
[pinn_controller_node-1] [WARN] [1785227218.892774384] [pinn_franka_controller]: Trajectory stale (35.0s > 2.0s) -- holding at last known position via gravity compensation.
[pinn_controller_node-1] [WARN] [1785227219.892922461] [pinn_franka_controller]: Trajectory stale (36.0s > 2.0s) -- holding at last known position via gravity compensation.
[pinn_controller_node-1] [WARN] [1785227220.893703132] [pinn_franka_controller]: Trajectory stale (37.0s > 2.0s) -- holding at last known position via gravity compensation.
[pinn_controller_node-1] [WARN] [1785227221.894729370] [pinn_franka_controller]: Trajectory stale (38.0s > 2.0s) -- holding at last known position via gravity compensation.
[pinn_controller_node-1] [WARN] [1785227222.894802445] [pinn_franka_controller]: Trajectory stale (39.0s > 2.0s) -- holding at last known position via gravity compensation.
[pinn_controller_node-1] [WARN] [1785227223.895660744] [pinn_franka_controller]: Trajectory stale (40.0s > 2.0s) -- holding at last known position via gravity compensation.
[pinn_controller_node-1] [WARN] [1785227224.895826893] [pinn_franka_controller]: Trajectory stale (41.0s > 2.0s) -- holding at last known position via gravity compensation.
[pinn_controller_node-1] [WARN] [1785227225.896673406] [pinn_franka_controller]: Trajectory stale (42.0s > 2.0s) -- holding at last known position via gravity compensation.
[pinn_controller_node-1] [WARN] [1785227226.896741896] [pinn_franka_controller]: Trajectory stale (43.0s > 2.0s) -- holding at last known position via gravity compensation.
[pinn_controller_node-1] [WARN] [1785227227.897062263] [pinn_franka_controller]: Trajectory stale (44.0s > 2.0s) -- holding at last known position via gravity compensation.
[pinn_controller_node-1] [WARN] [1785227228.897757746] [pinn_franka_controller]: Trajectory stale (45.0s > 2.0s) -- holding at last known position via gravity compensation.
[pinn_controller_node-1] [WARN] [1785227229.897816792] [pinn_franka_controller]: Trajectory stale (46.0s > 2.0s) -- holding at last known position via gravity compensation.
[pinn_controller_node-1] [WARN] [1785227230.898659053] [pinn_franka_controller]: Trajectory stale (47.0s > 2.0s) -- holding at last known position via gravity compensation.
[pinn_controller_node-1] [WARN] [1785227231.898858650] [pinn_franka_controller]: Trajectory stale (48.0s > 2.0s) -- holding at last known position via gravity compensation.
[pinn_controller_node-1] [WARN] [1785227232.899697010] [pinn_franka_controller]: Trajectory stale (49.0s > 2.0s) -- holding at last known position via gravity compensation.
[pinn_controller_node-1] [WARN] [1785227233.899702733] [pinn_franka_controller]: Trajectory stale (50.0s > 2.0s) -- holding at last known position via gravity compensation.
[pinn_controller_node-1] [WARN] [1785227234.900139989] [pinn_franka_controller]: Trajectory stale (51.0s > 2.0s) -- holding at last known position via gravity compensation.
[pinn_controller_node-1] [WARN] [1785227235.900795314] [pinn_franka_controller]: Trajectory stale (52.0s > 2.0s) -- holding at last known position via gravity compensation.
[pinn_controller_node-1] [WARN] [1785227236.901774478] [pinn_franka_controller]: Trajectory stale (53.0s > 2.0s) -- holding at last known position via gravity compensation.
[pinn_controller_node-1] [WARN] [1785227237.902225767] [pinn_franka_controller]: Trajectory stale (54.0s > 2.0s) -- holding at last known position via gravity compensation.
[pinn_controller_node-1] [WARN] [1785227238.903355470] [pinn_franka_controller]: Trajectory stale (55.0s > 2.0s) -- holding at last known position via gravity compensation.
[pinn_controller_node-1] [WARN] [1785227239.903707079] [pinn_franka_controller]: Trajectory stale (56.0s > 2.0s) -- holding at last known position via gravity compensation.
[pinn_controller_node-1] [WARN] [1785227240.904102342] [pinn_franka_controller]: Trajectory stale (57.0s > 2.0s) -- holding at last known position via gravity compensation.
[pinn_controller_node-1] [WARN] [1785227241.904727315] [pinn_franka_controller]: Trajectory stale (58.0s > 2.0s) -- holding at last known position via gravity compensation.
[pinn_controller_node-1] [WARN] [1785227242.904865176] [pinn_franka_controller]: Trajectory stale (59.0s > 2.0s) -- holding at last known position via gravity compensation.
[pinn_controller_node-1] [WARN] [1785227243.905804727] [pinn_franka_controller]: Trajectory stale (60.0s > 2.0s) -- holding at last known position via gravity compensation.
[pinn_controller_node-1] [WARN] [1785227244.906751704] [pinn_franka_controller]: Trajectory stale (61.0s > 2.0s) -- holding at last known position via gravity compensation.
[pinn_controller_node-1] [WARN] [1785227245.907699507] [pinn_franka_controller]: Trajectory stale (62.0s > 2.0s) -- holding at last known position via gravity compensation.
[pinn_controller_node-1] [WARN] [1785227246.908663197] [pinn_franka_controller]: Trajectory stale (63.0s > 2.0s) -- holding at last known position via gravity compensation.
[pinn_controller_node-1] [WARN] [1785227247.908696986] [pinn_franka_controller]: Trajectory stale (64.0s > 2.0s) -- holding at last known position via gravity compensation.
[pinn_controller_node-1] [WARN] [1785227248.908705688] [pinn_franka_controller]: Trajectory stale (65.0s > 2.0s) -- holding at last known position via gravity compensation.
[pinn_controller_node-1] [WARN] [1785227249.909712660] [pinn_franka_controller]: Trajectory stale (66.0s > 2.0s) -- holding at last known position via gravity compensation.
[pinn_controller_node-1] [WARN] [1785227250.909825863] [pinn_franka_controller]: Trajectory stale (67.0s > 2.0s) -- holding at last known position via gravity compensation.
[pinn_controller_node-1] [WARN] [1785227251.910700054] [pinn_franka_controller]: Trajectory stale (68.0s > 2.0s) -- holding at last known position via gravity compensation.
[pinn_controller_node-1] [WARN] [1785227252.911682118] [pinn_franka_controller]: Trajectory stale (69.0s > 2.0s) -- holding at last known position via gravity compensation.
[pinn_controller_node-1] [WARN] [1785227253.911712808] [pinn_franka_controller]: Trajectory stale (70.0s > 2.0s) -- holding at last known position via gravity compensation.
[pinn_controller_node-1] [WARN] [1785227254.912622593] [pinn_franka_controller]: Trajectory stale (71.0s > 2.0s) -- holding at last known position via gravity compensation.
[pinn_controller_node-1] [WARN] [1785227255.912975579] [pinn_franka_controller]: Trajectory stale (72.0s > 2.0s) -- holding at last known position via gravity compensation.
[pinn_controller_node-1] [WARN] [1785227256.913698051] [pinn_franka_controller]: Trajectory stale (73.0s > 2.0s) -- holding at last known position via gravity compensation.
[pinn_controller_node-1] [WARN] [1785227257.913699575] [pinn_franka_controller]: Trajectory stale (74.0s > 2.0s) -- holding at last known position via gravity compensation.
[pinn_controller_node-1] [WARN] [1785227258.914792372] [pinn_franka_controller]: Trajectory stale (75.0s > 2.0s) -- holding at last known position via gravity compensation.
[pinn_controller_node-1] [WARN] [1785227259.915691166] [pinn_franka_controller]: Trajectory stale (76.0s > 2.0s) -- holding at last known position via gravity compensation.
[pinn_controller_node-1] [WARN] [1785227260.915984494] [pinn_franka_controller]: Trajectory stale (77.0s > 2.0s) -- holding at last known position via gravity compensation.
[pinn_controller_node-1] [WARN] [1785227261.916628126] [pinn_franka_controller]: Trajectory stale (78.0s > 2.0s) -- holding at last known position via gravity compensation.
[pinn_controller_node-1] [WARN] [1785227262.916731985] [pinn_franka_controller]: Trajectory stale (79.0s > 2.0s) -- holding at last known position via gravity compensation.
[pinn_controller_node-1] [WARN] [1785227263.917696277] [pinn_franka_controller]: Trajectory stale (80.0s > 2.0s) -- holding at last known position via gravity compensation.
[pinn_controller_node-1] [WARN] [1785227264.917705337] [pinn_franka_controller]: Trajectory stale (81.0s > 2.0s) -- holding at last known position via gravity compensation.
[pinn_controller_node-1] [WARN] [1785227265.917833586] [pinn_franka_controller]: Trajectory stale (82.0s > 2.0s) -- holding at last known position via gravity compensation.
[pinn_controller_node-1] [WARN] [1785227266.918727961] [pinn_franka_controller]: Trajectory stale (83.0s > 2.0s) -- holding at last known position via gravity compensation.
[pinn_controller_node-1] [WARN] [1785227267.918961535] [pinn_franka_controller]: Trajectory stale (84.0s > 2.0s) -- holding at last known position via gravity compensation.
[pinn_controller_node-1] [WARN] [1785227268.919694443] [pinn_franka_controller]: Trajectory stale (85.0s > 2.0s) -- holding at last known position via gravity compensation.
[pinn_controller_node-1] [WARN] [1785227269.919981112] [pinn_franka_controller]: Trajectory stale (86.0s > 2.0s) -- holding at last known position via gravity compensation.
[pinn_controller_node-1] [WARN] [1785227270.920346396] [pinn_franka_controller]: Trajectory stale (87.0s > 2.0s) -- holding at last known position via gravity compensation.
[pinn_controller_node-1] [WARN] [1785227271.920827346] [pinn_franka_controller]: Trajectory stale (88.0s > 2.0s) -- holding at last known position via gravity compensation.
[pinn_controller_node-1] [WARN] [1785227272.921003230] [pinn_franka_controller]: Trajectory stale (89.0s > 2.0s) -- holding at last known position via gravity compensation.
[pinn_controller_node-1] [WARN] [1785227273.921804518] [pinn_franka_controller]: Trajectory stale (90.0s > 2.0s) -- holding at last known position via gravity compensation.
[pinn_controller_node-1] [WARN] [1785227274.922097845] [pinn_franka_controller]: Trajectory stale (91.0s > 2.0s) -- holding at last known position via gravity compensation.
[pinn_controller_node-1] [WARN] [1785227275.922952043] [pinn_franka_controller]: Trajectory stale (92.0s > 2.0s) -- holding at last known position via gravity compensation.
[pinn_controller_node-1] [WARN] [1785227276.923956519] [pinn_franka_controller]: Trajectory stale (93.0s > 2.0s) -- holding at last known position via gravity compensation.
[pinn_controller_node-1] [WARN] [1785227277.924834888] [pinn_franka_controller]: Trajectory stale (94.0s > 2.0s) -- holding at last known position via gravity compensation.
[pinn_controller_node-1] [WARN] [1785227278.924945797] [pinn_franka_controller]: Trajectory stale (95.0s > 2.0s) -- holding at last known position via gravity compensation.
[pinn_controller_node-1] [WARN] [1785227279.925691364] [pinn_franka_controller]: Trajectory stale (96.0s > 2.0s) -- holding at last known position via gravity compensation.
[pinn_controller_node-1] [WARN] [1785227280.925697933] [pinn_franka_controller]: Trajectory stale (97.0s > 2.0s) -- holding at last known position via gravity compensation.
[pinn_controller_node-1] [WARN] [1785227281.926694342] [pinn_franka_controller]: Trajectory stale (98.1s > 2.0s) -- holding at last known position via gravity compensation.
[pinn_controller_node-1] [WARN] [1785227282.926794626] [pinn_franka_controller]: Trajectory stale (99.1s > 2.0s) -- holding at last known position via gravity compensation.
[pinn_controller_node-1] [WARN] [1785227283.926857629] [pinn_franka_controller]: Trajectory stale (100.1s > 2.0s) -- holding at last known position via gravity compensation.
[pinn_controller_node-1] [WARN] [1785227284.927833848] [pinn_franka_controller]: Trajectory stale (101.1s > 2.0s) -- holding at last known position via gravity compensation.
[pinn_controller_node-1] [WARN] [1785227285.927856817] [pinn_franka_controller]: Trajectory stale (102.1s > 2.0s) -- holding at last known position via gravity compensation.
[pinn_controller_node-1] [WARN] [1785227286.928063834] [pinn_franka_controller]: Trajectory stale (103.1s > 2.0s) -- holding at last known position via gravity compensation.
[pinn_controller_node-1] [WARN] [1785227287.928720836] [pinn_franka_controller]: Trajectory stale (104.1s > 2.0s) -- holding at last known position via gravity compensation.
[pinn_controller_node-1] [WARN] [1785227288.929693322] [pinn_franka_controller]: Trajectory stale (105.1s > 2.0s) -- holding at last known position via gravity compensation.
[pinn_controller_node-1] [WARN] [1785227289.929705320] [pinn_franka_controller]: Trajectory stale (106.1s > 2.0s) -- holding at last known position via gravity compensation.
[pinn_controller_node-1] [WARN] [1785227290.930147521] [pinn_franka_controller]: Trajectory stale (107.1s > 2.0s) -- holding at last known position via gravity compensation.
[pinn_controller_node-1] [WARN] [1785227291.930698122] [pinn_franka_controller]: Trajectory stale (108.1s > 2.0s) -- holding at last known position via gravity compensation.
[pinn_controller_node-1] [WARN] [1785227292.930845594] [pinn_franka_controller]: Trajectory stale (109.1s > 2.0s) -- holding at last known position via gravity compensation.
[pinn_controller_node-1] [WARN] [1785227293.930847613] [pinn_franka_controller]: Trajectory stale (110.1s > 2.0s) -- holding at last known position via gravity compensation.
[pinn_controller_node-1] [WARN] [1785227294.931667858] [pinn_franka_controller]: Trajectory stale (111.1s > 2.0s) -- holding at last known position via gravity compensation.
[pinn_controller_node-1] [WARN] [1785227295.931727010] [pinn_franka_controller]: Trajectory stale (112.1s > 2.0s) -- holding at last known position via gravity compensation.
[pinn_controller_node-1] [WARN] [1785227296.932691833] [pinn_franka_controller]: Trajectory stale (113.1s > 2.0s) -- holding at last known position via gravity compensation.
[pinn_controller_node-1] [WARN] [1785227297.933701916] [pinn_franka_controller]: Trajectory stale (114.1s > 2.0s) -- holding at last known position via gravity compensation.
[pinn_controller_node-1] [WARN] [1785227298.933919625] [pinn_franka_controller]: Trajectory stale (115.1s > 2.0s) -- holding at last known position via gravity compensation.
[pinn_controller_node-1] [WARN] [1785227299.934709848] [pinn_franka_controller]: Trajectory stale (116.1s > 2.0s) -- holding at last known position via gravity compensation.
[pinn_controller_node-1] [WARN] [1785227300.934908982] [pinn_franka_controller]: Trajectory stale (117.1s > 2.0s) -- holding at last known position via gravity compensation.
[pinn_controller_node-1] [WARN] [1785227301.935741122] [pinn_franka_controller]: Trajectory stale (118.1s > 2.0s) -- holding at last known position via gravity compensation.
[pinn_controller_node-1] [WARN] [1785227302.936696954] [pinn_franka_controller]: Trajectory stale (119.1s > 2.0s) -- holding at last known position via gravity compensation.
[pinn_controller_node-1] [WARN] [1785227303.936791448] [pinn_franka_controller]: Trajectory stale (120.1s > 2.0s) -- holding at last known position via gravity compensation.
[pinn_controller_node-1] [WARN] [1785227304.937753498] [pinn_franka_controller]: Trajectory stale (121.1s > 2.0s) -- holding at last known position via gravity compensation.
[pinn_controller_node-1] [WARN] [1785227305.938834481] [pinn_franka_controller]: Trajectory stale (122.1s > 2.0s) -- holding at last known position via gravity compensation.
[pinn_controller_node-1] [WARN] [1785227306.939690047] [pinn_franka_controller]: Trajectory stale (123.1s > 2.0s) -- holding at last known position via gravity compensation.
[pinn_controller_node-1] [WARN] [1785227307.941106961] [pinn_franka_controller]: Trajectory stale (124.1s > 2.0s) -- holding at last known position via gravity compensation.
[pinn_controller_node-1] [WARN] [1785227308.941701732] [pinn_franka_controller]: Trajectory stale (125.1s > 2.0s) -- holding at last known position via gravity compensation.
[pinn_controller_node-1] [WARN] [1785227309.941928594] [pinn_franka_controller]: Trajectory stale (126.1s > 2.0s) -- holding at last known position via gravity compensation.
[pinn_controller_node-1] [WARN] [1785227310.942666194] [pinn_franka_controller]: Trajectory stale (127.1s > 2.0s) -- holding at last known position via gravity compensation.
[pinn_controller_node-1] [WARN] [1785227311.943730504] [pinn_franka_controller]: Trajectory stale (128.1s > 2.0s) -- holding at last known position via gravity compensation.
[pinn_controller_node-1] [WARN] [1785227312.943784063] [pinn_franka_controller]: Trajectory stale (129.1s > 2.0s) -- holding at last known position via gravity compensation.
[pinn_controller_node-1] [WARN] [1785227313.944670363] [pinn_franka_controller]: Trajectory stale (130.1s > 2.0s) -- holding at last known position via gravity compensation.
[pinn_controller_node-1] [WARN] [1785227314.944801528] [pinn_franka_controller]: Trajectory stale (131.1s > 2.0s) -- holding at last known position via gravity compensation.
[pinn_controller_node-1] [WARN] [1785227315.945822167] [pinn_franka_controller]: Trajectory stale (132.1s > 2.0s) -- holding at last known position via gravity compensation.
[pinn_controller_node-1] [WARN] [1785227316.945966758] [pinn_franka_controller]: Trajectory stale (133.1s > 2.0s) -- holding at last known position via gravity compensation.
[pinn_controller_node-1] [WARN] [1785227317.946694432] [pinn_franka_controller]: Trajectory stale (134.1s > 2.0s) -- holding at last known position via gravity compensation.
[pinn_controller_node-1] [WARN] [1785227318.946710782] [pinn_franka_controller]: Trajectory stale (135.1s > 2.0s) -- holding at last known position via gravity compensation.
[pinn_controller_node-1] [WARN] [1785227319.946964923] [pinn_franka_controller]: Trajectory stale (136.1s > 2.0s) -- holding at last known position via gravity compensation.
[pinn_controller_node-1] [WARN] [1785227320.947482475] [pinn_franka_controller]: Trajectory stale (137.1s > 2.0s) -- holding at last known position via gravity compensation.
[pinn_controller_node-1] [WARN] [1785227321.948358607] [pinn_franka_controller]: Trajectory stale (138.1s > 2.0s) -- holding at last known position via gravity compensation.
[pinn_controller_node-1] [WARN] [1785227322.948933283] [pinn_franka_controller]: Trajectory stale (139.1s > 2.0s) -- holding at last known position via gravity compensation.
[pinn_controller_node-1] [WARN] [1785227323.949705922] [pinn_franka_controller]: Trajectory stale (140.1s > 2.0s) -- holding at last known position via gravity compensation.
[pinn_controller_node-1] [WARN] [1785227324.950711104] [pinn_franka_controller]: Trajectory stale (141.1s > 2.0s) -- holding at last known position via gravity compensation.
[pinn_controller_node-1] [WARN] [1785227325.950948933] [pinn_franka_controller]: Trajectory stale (142.1s > 2.0s) -- holding at last known position via gravity compensation.
[pinn_controller_node-1] [WARN] [1785227326.951839159] [pinn_franka_controller]: Trajectory stale (143.1s > 2.0s) -- holding at last known position via gravity compensation.
[pinn_controller_node-1] [WARN] [1785227327.951880559] [pinn_franka_controller]: Trajectory stale (144.1s > 2.0s) -- holding at last known position via gravity compensation.
[pinn_controller_node-1] [WARN] [1785227328.952700758] [pinn_franka_controller]: Trajectory stale (145.1s > 2.0s) -- holding at last known position via gravity compensation.
[pinn_controller_node-1] [WARN] [1785227329.952891553] [pinn_franka_controller]: Trajectory stale (146.1s > 2.0s) -- holding at last known position via gravity compensation.
[pinn_controller_node-1] [WARN] [1785227330.953721827] [pinn_franka_controller]: Trajectory stale (147.1s > 2.0s) -- holding at last known position via gravity compensation.
[pinn_controller_node-1] [WARN] [1785227331.954290241] [pinn_franka_controller]: Trajectory stale (148.1s > 2.0s) -- holding at last known position via gravity compensation.
[pinn_controller_node-1] [WARN] [1785227332.954865853] [pinn_franka_controller]: Trajectory stale (149.1s > 2.0s) -- holding at last known position via gravity compensation.
[pinn_controller_node-1] [WARN] [1785227333.955034958] [pinn_franka_controller]: Trajectory stale (150.1s > 2.0s) -- holding at last known position via gravity compensation.
[pinn_controller_node-1] [WARN] [1785227334.955692421] [pinn_franka_controller]: Trajectory stale (151.1s > 2.0s) -- holding at last known position via gravity compensation.
[pinn_controller_node-1] [WARN] [1785227335.955716892] [pinn_franka_controller]: Trajectory stale (152.1s > 2.0s) -- holding at last known position via gravity compensation.
[pinn_controller_node-1] [WARN] [1785227336.955882111] [pinn_franka_controller]: Trajectory stale (153.1s > 2.0s) -- holding at last known position via gravity compensation.
[pinn_controller_node-1] [WARN] [1785227337.956815671] [pinn_franka_controller]: Trajectory stale (154.1s > 2.0s) -- holding at last known position via gravity compensation.
[pinn_controller_node-1] [WARN] [1785227338.957086404] [pinn_franka_controller]: Trajectory stale (155.1s > 2.0s) -- holding at last known position via gravity compensation.
[pinn_controller_node-1] [WARN] [1785227339.957731007] [pinn_franka_controller]: Trajectory stale (156.1s > 2.0s) -- holding at last known position via gravity compensation.
[pinn_controller_node-1] [WARN] [1785227340.957865885] [pinn_franka_controller]: Trajectory stale (157.1s > 2.0s) -- holding at last known position via gravity compensation.
[pinn_controller_node-1] [WARN] [1785227341.958656364] [pinn_franka_controller]: Trajectory stale (158.1s > 2.0s) -- holding at last known position via gravity compensation.
[pinn_controller_node-1] [WARN] [1785227342.958703420] [pinn_franka_controller]: Trajectory stale (159.1s > 2.0s) -- holding at last known position via gravity compensation.
[pinn_controller_node-1] [WARN] [1785227343.959692383] [pinn_franka_controller]: Trajectory stale (160.1s > 2.0s) -- holding at last known position via gravity compensation.
[pinn_controller_node-1] [WARN] [1785227344.959722773] [pinn_franka_controller]: Trajectory stale (161.1s > 2.0s) -- holding at last known position via gravity compensation.
[pinn_controller_node-1] [WARN] [1785227345.959981163] [pinn_franka_controller]: Trajectory stale (162.1s > 2.0s) -- holding at last known position via gravity compensation.
[pinn_controller_node-1] [WARN] [1785227346.960823955] [pinn_franka_controller]: Trajectory stale (163.1s > 2.0s) -- holding at last known position via gravity compensation.
[pinn_controller_node-1] [WARN] [1785227347.961743956] [pinn_franka_controller]: Trajectory stale (164.1s > 2.0s) -- holding at last known position via gravity compensation.
[pinn_controller_node-1] [WARN] [1785227348.962688612] [pinn_franka_controller]: Trajectory stale (165.1s > 2.0s) -- holding at last known position via gravity compensation.
[pinn_controller_node-1] [WARN] [1785227349.962763582] [pinn_franka_controller]: Trajectory stale (166.1s > 2.0s) -- holding at last known position via gravity compensation.
[pinn_controller_node-1] [WARN] [1785227350.962781486] [pinn_franka_controller]: Trajectory stale (167.1s > 2.0s) -- holding at last known position via gravity compensation.
[pinn_controller_node-1] [WARN] [1785227351.962912792] [pinn_franka_controller]: Trajectory stale (168.1s > 2.0s) -- holding at last known position via gravity compensation.
[pinn_controller_node-1] [WARN] [1785227352.963700363] [pinn_franka_controller]: Trajectory stale (169.1s > 2.0s) -- holding at last known position via gravity compensation.
[pinn_controller_node-1] [WARN] [1785227353.963990859] [pinn_franka_controller]: Trajectory stale (170.1s > 2.0s) -- holding at last known position via gravity compensation.
[pinn_controller_node-1] [WARN] [1785227354.964689635] [pinn_franka_controller]: Trajectory stale (171.1s > 2.0s) -- holding at last known position via gravity compensation.
[pinn_controller_node-1] [WARN] [1785227355.964797829] [pinn_franka_controller]: Trajectory stale (172.1s > 2.0s) -- holding at last known position via gravity compensation.
[pinn_controller_node-1] [WARN] [1785227356.964913260] [pinn_franka_controller]: Trajectory stale (173.1s > 2.0s) -- holding at last known position via gravity compensation.
[pinn_controller_node-1] [WARN] [1785227357.964980083] [pinn_franka_controller]: Trajectory stale (174.1s > 2.0s) -- holding at last known position via gravity compensation.
[pinn_controller_node-1] [WARN] [1785227358.965327520] [pinn_franka_controller]: Trajectory stale (175.1s > 2.0s) -- holding at last known position via gravity compensation.
[pinn_controller_node-1] [WARN] [1785227359.965701288] [pinn_franka_controller]: Trajectory stale (176.1s > 2.0s) -- holding at last known position via gravity compensation.
[pinn_controller_node-1] [WARN] [1785227360.965714487] [pinn_franka_controller]: Trajectory stale (177.1s > 2.0s) -- holding at last known position via gravity compensation.
[pinn_controller_node-1] [WARN] [1785227361.965851848] [pinn_franka_controller]: Trajectory stale (178.1s > 2.0s) -- holding at last known position via gravity compensation.
[pinn_controller_node-1] [WARN] [1785227362.966685526] [pinn_franka_controller]: Trajectory stale (179.1s > 2.0s) -- holding at last known position via gravity compensation.
[pinn_controller_node-1] [WARN] [1785227363.966699144] [pinn_franka_controller]: Trajectory stale (180.1s > 2.0s) -- holding at last known position via gravity compensation.
[pinn_controller_node-1] [WARN] [1785227364.966936896] [pinn_franka_controller]: Trajectory stale (181.1s > 2.0s) -- holding at last known position via gravity compensation.
[pinn_controller_node-1] [WARN] [1785227365.967778602] [pinn_franka_controller]: Trajectory stale (182.1s > 2.0s) -- holding at last known position via gravity compensation.
[pinn_controller_node-1] [WARN] [1785227366.967882018] [pinn_franka_controller]: Trajectory stale (183.1s > 2.0s) -- holding at last known position via gravity compensation.
[pinn_controller_node-1] [WARN] [1785227367.968834472] [pinn_franka_controller]: Trajectory stale (184.1s > 2.0s) -- holding at last known position via gravity compensation.
[pinn_controller_node-1] [WARN] [1785227368.969770891] [pinn_franka_controller]: Trajectory stale (185.1s > 2.0s) -- holding at last known position via gravity compensation.
[pinn_controller_node-1] [WARN] [1785227369.969988673] [pinn_franka_controller]: Trajectory stale (186.1s > 2.0s) -- holding at last known position via gravity compensation.
[pinn_controller_node-1] [WARN] [1785227370.970034011] [pinn_franka_controller]: Trajectory stale (187.1s > 2.0s) -- holding at last known position via gravity compensation.
[pinn_controller_node-1] [WARN] [1785227371.970758369] [pinn_franka_controller]: Trajectory stale (188.1s > 2.0s) -- holding at last known position via gravity compensation.
[pinn_controller_node-1] [WARN] [1785227372.971382420] [pinn_franka_controller]: Trajectory stale (189.1s > 2.0s) -- holding at last known position via gravity compensation.
[pinn_controller_node-1] [WARN] [1785227373.972189512] [pinn_franka_controller]: Trajectory stale (190.1s > 2.0s) -- holding at last known position via gravity compensation.
[pinn_controller_node-1] [WARN] [1785227374.973147537] [pinn_franka_controller]: Trajectory stale (191.1s > 2.0s) -- holding at last known position via gravity compensation.
[pinn_controller_node-1] [WARN] [1785227375.974533960] [pinn_franka_controller]: Trajectory stale (192.1s > 2.0s) -- holding at last known position via gravity compensation.
[pinn_controller_node-1] [WARN] [1785227376.975232980] [pinn_franka_controller]: Trajectory stale (193.1s > 2.0s) -- holding at last known position via gravity compensation.
[pinn_controller_node-1] [WARN] [1785227377.975763478] [pinn_franka_controller]: Trajectory stale (194.1s > 2.0s) -- holding at last known position via gravity compensation.
[pinn_controller_node-1] [WARN] [1785227378.976603733] [pinn_franka_controller]: Trajectory stale (195.1s > 2.0s) -- holding at last known position via gravity compensation.
[pinn_controller_node-1] [WARN] [1785227379.976667694] [pinn_franka_controller]: Trajectory stale (196.1s > 2.0s) -- holding at last known position via gravity compensation.
[pinn_controller_node-1] [WARN] [1785227380.976771394] [pinn_franka_controller]: Trajectory stale (197.1s > 2.0s) -- holding at last known position via gravity compensation.
[pinn_controller_node-1] [WARN] [1785227381.977837886] [pinn_franka_controller]: Trajectory stale (198.1s > 2.0s) -- holding at last known position via gravity compensation.
[pinn_controller_node-1] [WARN] [1785227382.978920078] [pinn_franka_controller]: Trajectory stale (199.1s > 2.0s) -- holding at last known position via gravity compensation.
[pinn_controller_node-1] [WARN] [1785227383.979709197] [pinn_franka_controller]: Trajectory stale (200.1s > 2.0s) -- holding at last known position via gravity compensation.
[pinn_controller_node-1] [WARN] [1785227384.979908422] [pinn_franka_controller]: Trajectory stale (201.1s > 2.0s) -- holding at last known position via gravity compensation.
[pinn_controller_node-1] [WARN] [1785227385.980806091] [pinn_franka_controller]: Trajectory stale (202.1s > 2.0s) -- holding at last known position via gravity compensation.
[pinn_controller_node-1] [WARN] [1785227386.980882116] [pinn_franka_controller]: Trajectory stale (203.1s > 2.0s) -- holding at last known position via gravity compensation.
[pinn_controller_node-1] [WARN] [1785227387.981832652] [pinn_franka_controller]: Trajectory stale (204.1s > 2.0s) -- holding at last known position via gravity compensation.
[pinn_controller_node-1] [WARN] [1785227388.982623572] [pinn_franka_controller]: Trajectory stale (205.1s > 2.0s) -- holding at last known position via gravity compensation.
[pinn_controller_node-1] [WARN] [1785227389.982732116] [pinn_franka_controller]: Trajectory stale (206.1s > 2.0s) -- holding at last known position via gravity compensation.
[pinn_controller_node-1] [WARN] [1785227390.982891667] [pinn_franka_controller]: Trajectory stale (207.1s > 2.0s) -- holding at last known position via gravity compensation.
[pinn_controller_node-1] [WARN] [1785227391.982914946] [pinn_franka_controller]: Trajectory stale (208.1s > 2.0s) -- holding at last known position via gravity compensation.
[pinn_controller_node-1] [WARN] [1785227392.983715547] [pinn_franka_controller]: Trajectory stale (209.1s > 2.0s) -- holding at last known position via gravity compensation.
[pinn_controller_node-1] [WARN] [1785227393.983729015] [pinn_franka_controller]: Trajectory stale (210.1s > 2.0s) -- holding at last known position via gravity compensation.
[pinn_controller_node-1] [WARN] [1785227394.984013100] [pinn_franka_controller]: Trajectory stale (211.1s > 2.0s) -- holding at last known position via gravity compensation.
[pinn_controller_node-1] [WARN] [1785227395.984696595] [pinn_franka_controller]: Trajectory stale (212.1s > 2.0s) -- holding at last known position via gravity compensation.
[pinn_controller_node-1] [WARN] [1785227396.984766628] [pinn_franka_controller]: Trajectory stale (213.1s > 2.0s) -- holding at last known position via gravity compensation.
[pinn_controller_node-1] [WARN] [1785227397.985693639] [pinn_franka_controller]: Trajectory stale (214.1s > 2.0s) -- holding at last known position via gravity compensation.
[pinn_controller_node-1] [WARN] [1785227398.985883064] [pinn_franka_controller]: Trajectory stale (215.1s > 2.0s) -- holding at last known position via gravity compensation.
[pinn_controller_node-1] [WARN] [1785227399.986743819] [pinn_franka_controller]: Trajectory stale (216.1s > 2.0s) -- holding at last known position via gravity compensation.
[pinn_controller_node-1] [WARN] [1785227400.987728880] [pinn_franka_controller]: Trajectory stale (217.1s > 2.0s) -- holding at last known position via gravity compensation.
[pinn_controller_node-1] [WARN] [1785227401.988294842] [pinn_franka_controller]: Trajectory stale (218.1s > 2.0s) -- holding at last known position via gravity compensation.
[pinn_controller_node-1] [WARN] [1785227402.988698359] [pinn_franka_controller]: Trajectory stale (219.1s > 2.0s) -- holding at last known position via gravity compensation.
[pinn_controller_node-1] [WARN] [1785227403.989022107] [pinn_franka_controller]: Trajectory stale (220.1s > 2.0s) -- holding at last known position via gravity compensation.
[pinn_controller_node-1] [WARN] [1785227404.989719337] [pinn_franka_controller]: Trajectory stale (221.1s > 2.0s) -- holding at last known position via gravity compensation.
[pinn_controller_node-1] [WARN] [1785227405.989795758] [pinn_franka_controller]: Trajectory stale (222.1s > 2.0s) -- holding at last known position via gravity compensation.
[pinn_controller_node-1] [WARN] [1785227406.990703522] [pinn_franka_controller]: Trajectory stale (223.1s > 2.0s) -- holding at last known position via gravity compensation.
[pinn_controller_node-1] [WARN] [1785227407.990985098] [pinn_franka_controller]: Trajectory stale (224.1s > 2.0s) -- holding at last known position via gravity compensation.
[pinn_controller_node-1] [WARN] [1785227408.991822910] [pinn_franka_controller]: Trajectory stale (225.1s > 2.0s) -- holding at last known position via gravity compensation.
[pinn_controller_node-1] [WARN] [1785227409.992830704] [pinn_franka_controller]: Trajectory stale (226.1s > 2.0s) -- holding at last known position via gravity compensation.
[pinn_controller_node-1] [WARN] [1785227410.992832950] [pinn_franka_controller]: Trajectory stale (227.1s > 2.0s) -- holding at last known position via gravity compensation.
[pinn_controller_node-1] [WARN] [1785227411.993813068] [pinn_franka_controller]: Trajectory stale (228.1s > 2.0s) -- holding at last known position via gravity compensation.
[pinn_controller_node-1] [WARN] [1785227412.994712017] [pinn_franka_controller]: Trajectory stale (229.1s > 2.0s) -- holding at last known position via gravity compensation.
[pinn_controller_node-1] [WARN] [1785227413.994780708] [pinn_franka_controller]: Trajectory stale (230.1s > 2.0s) -- holding at last known position via gravity compensation.
[pinn_controller_node-1] [WARN] [1785227414.994833633] [pinn_franka_controller]: Trajectory stale (231.1s > 2.0s) -- holding at last known position via gravity compensation.
[pinn_controller_node-1] [WARN] [1785227415.995703232] [pinn_franka_controller]: Trajectory stale (232.1s > 2.0s) -- holding at last known position via gravity compensation.
[pinn_controller_node-1] [WARN] [1785227416.996245646] [pinn_franka_controller]: Trajectory stale (233.1s > 2.0s) -- holding at last known position via gravity compensation.
[pinn_controller_node-1] [WARN] [1785227417.996689226] [pinn_franka_controller]: Trajectory stale (234.1s > 2.0s) -- holding at last known position via gravity compensation.
[pinn_controller_node-1] [WARN] [1785227418.996753293] [pinn_franka_controller]: Trajectory stale (235.1s > 2.0s) -- holding at last known position via gravity compensation.
[pinn_controller_node-1] [WARN] [1785227419.997112686] [pinn_franka_controller]: Trajectory stale (236.1s > 2.0s) -- holding at last known position via gravity compensation.
[pinn_controller_node-1] [WARN] [1785227420.997656662] [pinn_franka_controller]: Trajectory stale (237.1s > 2.0s) -- holding at last known position via gravity compensation.
[pinn_controller_node-1] [WARN] [1785227421.998692188] [pinn_franka_controller]: Trajectory stale (238.1s > 2.0s) -- holding at last known position via gravity compensation.
[pinn_controller_node-1] [WARN] [1785227422.999696570] [pinn_franka_controller]: Trajectory stale (239.1s > 2.0s) -- holding at last known position via gravity compensation.
[pinn_controller_node-1] [WARN] [1785227423.999810093] [pinn_franka_controller]: Trajectory stale (240.1s > 2.0s) -- holding at last known position via gravity compensation.
[pinn_controller_node-1] [WARN] [1785227425.000726894] [pinn_franka_controller]: Trajectory stale (241.1s > 2.0s) -- holding at last known position via gravity compensation.
[pinn_controller_node-1] [WARN] [1785227426.000785915] [pinn_franka_controller]: Trajectory stale (242.1s > 2.0s) -- holding at last known position via gravity compensation.
[pinn_controller_node-1] [WARN] [1785227427.001689390] [pinn_franka_controller]: Trajectory stale (243.1s > 2.0s) -- holding at last known position via gravity compensation.
[pinn_controller_node-1] [WARN] [1785227428.002217045] [pinn_franka_controller]: Trajectory stale (244.1s > 2.0s) -- holding at last known position via gravity compensation.
[pinn_controller_node-1] [WARN] [1785227429.002700603] [pinn_franka_controller]: Trajectory stale (245.1s > 2.0s) -- holding at last known position via gravity compensation.
[pinn_controller_node-1] [WARN] [1785227430.003724788] [pinn_franka_controller]: Trajectory stale (246.1s > 2.0s) -- holding at last known position via gravity compensation.
[pinn_controller_node-1] [WARN] [1785227431.003737160] [pinn_franka_controller]: Trajectory stale (247.1s > 2.0s) -- holding at last known position via gravity compensation.
[pinn_controller_node-1] [WARN] [1785227432.003902764] [pinn_franka_controller]: Trajectory stale (248.1s > 2.0s) -- holding at last known position via gravity compensation.
[pinn_controller_node-1] [WARN] [1785227433.004659795] [pinn_franka_controller]: Trajectory stale (249.1s > 2.0s) -- holding at last known position via gravity compensation.
[pinn_controller_node-1] [WARN] [1785227434.005689733] [pinn_franka_controller]: Trajectory stale (250.1s > 2.0s) -- holding at last known position via gravity compensation.
[pinn_controller_node-1] [WARN] [1785227435.006044455] [pinn_franka_controller]: Trajectory stale (251.1s > 2.0s) -- holding at last known position via gravity compensation.
[pinn_controller_node-1] [WARN] [1785227436.006198776] [pinn_franka_controller]: Trajectory stale (252.1s > 2.0s) -- holding at last known position via gravity compensation.
[pinn_controller_node-1] [WARN] [1785227437.006715157] [pinn_franka_controller]: Trajectory stale (253.1s > 2.0s) -- holding at last known position via gravity compensation.
[pinn_controller_node-1] [WARN] [1785227438.006979614] [pinn_franka_controller]: Trajectory stale (254.1s > 2.0s) -- holding at last known position via gravity compensation.
[pinn_controller_node-1] [WARN] [1785227439.007751769] [pinn_franka_controller]: Trajectory stale (255.1s > 2.0s) -- holding at last known position via gravity compensation.
[pinn_controller_node-1] [WARN] [1785227440.008691212] [pinn_franka_controller]: Trajectory stale (256.1s > 2.0s) -- holding at last known position via gravity compensation.
[pinn_controller_node-1] [WARN] [1785227441.009713991] [pinn_franka_controller]: Trajectory stale (257.1s > 2.0s) -- holding at last known position via gravity compensation.
[pinn_controller_node-1] [WARN] [1785227442.009730799] [pinn_franka_controller]: Trajectory stale (258.1s > 2.0s) -- holding at last known position via gravity compensation.
[pinn_controller_node-1] [WARN] [1785227443.009771273] [pinn_franka_controller]: Trajectory stale (259.1s > 2.0s) -- holding at last known position via gravity compensation.
[pinn_controller_node-1] [WARN] [1785227444.010778971] [pinn_franka_controller]: Trajectory stale (260.1s > 2.0s) -- holding at last known position via gravity compensation.
[pinn_controller_node-1] [WARN] [1785227445.010885904] [pinn_franka_controller]: Trajectory stale (261.1s > 2.0s) -- holding at last known position via gravity compensation.
[pinn_controller_node-1] [WARN] [1785227446.011880721] [pinn_franka_controller]: Trajectory stale (262.1s > 2.0s) -- holding at last known position via gravity compensation.
[pinn_controller_node-1] [WARN] [1785227447.012739685] [pinn_franka_controller]: Trajectory stale (263.1s > 2.0s) -- holding at last known position via gravity compensation.
[pinn_controller_node-1] [WARN] [1785227448.013724373] [pinn_franka_controller]: Trajectory stale (264.1s > 2.0s) -- holding at last known position via gravity compensation.
[pinn_controller_node-1] [WARN] [1785227449.013865171] [pinn_franka_controller]: Trajectory stale (265.1s > 2.0s) -- holding at last known position via gravity compensation.
[pinn_controller_node-1] [WARN] [1785227450.014705925] [pinn_franka_controller]: Trajectory stale (266.1s > 2.0s) -- holding at last known position via gravity compensation.
[pinn_controller_node-1] [WARN] [1785227451.015071952] [pinn_franka_controller]: Trajectory stale (267.1s > 2.0s) -- holding at last known position via gravity compensation.
[pinn_controller_node-1] [WARN] [1785227452.015289465] [pinn_franka_controller]: Trajectory stale (268.1s > 2.0s) -- holding at last known position via gravity compensation.
[pinn_controller_node-1] [WARN] [1785227453.015917141] [pinn_franka_controller]: Trajectory stale (269.1s > 2.0s) -- holding at last known position via gravity compensation.
[pinn_controller_node-1] [WARN] [1785227454.015968815] [pinn_franka_controller]: Trajectory stale (270.1s > 2.0s) -- holding at last known position via gravity compensation.
[pinn_controller_node-1] [WARN] [1785227455.016079949] [pinn_franka_controller]: Trajectory stale (271.1s > 2.0s) -- holding at last known position via gravity compensation.
[pinn_controller_node-1] [WARN] [1785227456.016964255] [pinn_franka_controller]: Trajectory stale (272.1s > 2.0s) -- holding at last known position via gravity compensation.
[pinn_controller_node-1] [WARN] [1785227457.017698453] [pinn_franka_controller]: Trajectory stale (273.1s > 2.0s) -- holding at last known position via gravity compensation.
[pinn_controller_node-1] [WARN] [1785227458.017698302] [pinn_franka_controller]: Trajectory stale (274.1s > 2.0s) -- holding at last known position via gravity compensation.
[pinn_controller_node-1] [WARN] [1785227459.017844900] [pinn_franka_controller]: Trajectory stale (275.1s > 2.0s) -- holding at last known position via gravity compensation.
[pinn_controller_node-1] [WARN] [1785227460.018688547] [pinn_franka_controller]: Trajectory stale (276.1s > 2.0s) -- holding at last known position via gravity compensation.
[pinn_controller_node-1] [WARN] [1785227461.018767606] [pinn_franka_controller]: Trajectory stale (277.1s > 2.0s) -- holding at last known position via gravity compensation.
[pinn_controller_node-1] [WARN] [1785227462.018942581] [pinn_franka_controller]: Trajectory stale (278.1s > 2.0s) -- holding at last known position via gravity compensation.
[pinn_controller_node-1] [WARN] [1785227463.019669884] [pinn_franka_controller]: Trajectory stale (279.1s > 2.0s) -- holding at last known position via gravity compensation.
[pinn_controller_node-1] [WARN] [1785227464.019821417] [pinn_franka_controller]: Trajectory stale (280.1s > 2.0s) -- holding at last known position via gravity compensation.
[pinn_controller_node-1] [WARN] [1785227465.019909812] [pinn_franka_controller]: Trajectory stale (281.1s > 2.0s) -- holding at last known position via gravity compensation.
[pinn_controller_node-1] [WARN] [1785227466.020491242] [pinn_franka_controller]: Trajectory stale (282.1s > 2.0s) -- holding at last known position via gravity compensation.
[pinn_controller_node-1] [WARN] [1785227467.021482241] [pinn_franka_controller]: Trajectory stale (283.1s > 2.0s) -- holding at last known position via gravity compensation.
[pinn_controller_node-1] [WARN] [1785227468.021742236] [pinn_franka_controller]: Trajectory stale (284.1s > 2.0s) -- holding at last known position via gravity compensation.
[pinn_controller_node-1] [WARN] [1785227469.022671957] [pinn_franka_controller]: Trajectory stale (285.1s > 2.0s) -- holding at last known position via gravity compensation.
[pinn_controller_node-1] [WARN] [1785227470.023018469] [pinn_franka_controller]: Trajectory stale (286.1s > 2.0s) -- holding at last known position via gravity compensation.
[pinn_controller_node-1] [WARN] [1785227471.023701292] [pinn_franka_controller]: Trajectory stale (287.1s > 2.0s) -- holding at last known position via gravity compensation.
[pinn_controller_node-1] [WARN] [1785227472.023721651] [pinn_franka_controller]: Trajectory stale (288.1s > 2.0s) -- holding at last known position via gravity compensation.
[pinn_controller_node-1] [WARN] [1785227473.023737175] [pinn_franka_controller]: Trajectory stale (289.1s > 2.0s) -- holding at last known position via gravity compensation.
[pinn_controller_node-1] [WARN] [1785227474.024103645] [pinn_franka_controller]: Trajectory stale (290.1s > 2.0s) -- holding at last known position via gravity compensation.
[pinn_controller_node-1] [WARN] [1785227475.024766488] [pinn_franka_controller]: Trajectory stale (291.1s > 2.0s) -- holding at last known position via gravity compensation.
[pinn_controller_node-1] [WARN] [1785227476.025731859] [pinn_franka_controller]: Trajectory stale (292.1s > 2.0s) -- holding at last known position via gravity compensation.
[pinn_controller_node-1] [WARN] [1785227477.025967931] [pinn_franka_controller]: Trajectory stale (293.1s > 2.0s) -- holding at last known position via gravity compensation.
[pinn_controller_node-1] [WARN] [1785227478.025986535] [pinn_franka_controller]: Trajectory stale (294.1s > 2.0s) -- holding at last known position via gravity compensation.
[pinn_controller_node-1] [WARN] [1785227479.026868673] [pinn_franka_controller]: Trajectory stale (295.2s > 2.0s) -- holding at last known position via gravity compensation.
[pinn_controller_node-1] [WARN] [1785227480.027662840] [pinn_franka_controller]: Trajectory stale (296.2s > 2.0s) -- holding at last known position via gravity compensation.
[pinn_controller_node-1] [WARN] [1785227481.027694382] [pinn_franka_controller]: Trajectory stale (297.2s > 2.0s) -- holding at last known position via gravity compensation.
[pinn_controller_node-1] [WARN] [1785227482.027866889] [pinn_franka_controller]: Trajectory stale (298.2s > 2.0s) -- holding at last known position via gravity compensation.
[pinn_controller_node-1] [WARN] [1785227483.028159603] [pinn_franka_controller]: Trajectory stale (299.2s > 2.0s) -- holding at last known position via gravity compensation.
[pinn_controller_node-1] [WARN] [1785227484.028862561] [pinn_franka_controller]: Trajectory stale (300.2s > 2.0s) -- holding at last known position via gravity compensation.
[pinn_controller_node-1] [WARN] [1785227485.028924346] [pinn_franka_controller]: Trajectory stale (301.2s > 2.0s) -- holding at last known position via gravity compensation.
[pinn_controller_node-1] [WARN] [1785227486.029730069] [pinn_franka_controller]: Trajectory stale (302.2s > 2.0s) -- holding at last known position via gravity compensation.
[pinn_controller_node-1] [WARN] [1785227487.030678549] [pinn_franka_controller]: Trajectory stale (303.2s > 2.0s) -- holding at last known position via gravity compensation.
[pinn_controller_node-1] [WARN] [1785227488.031703850] [pinn_franka_controller]: Trajectory stale (304.2s > 2.0s) -- holding at last known position via gravity compensation.
[pinn_controller_node-1] [WARN] [1785227489.031725030] [pinn_franka_controller]: Trajectory stale (305.2s > 2.0s) -- holding at last known position via gravity compensation.
[pinn_controller_node-1] [WARN] [1785227490.032009432] [pinn_franka_controller]: Trajectory stale (306.2s > 2.0s) -- holding at last known position via gravity compensation.
[pinn_controller_node-1] [WARN] [1785227491.032973344] [pinn_franka_controller]: Trajectory stale (307.2s > 2.0s) -- holding at last known position via gravity compensation.
[pinn_controller_node-1] [WARN] [1785227492.033031760] [pinn_franka_controller]: Trajectory stale (308.2s > 2.0s) -- holding at last known position via gravity compensation.
[pinn_controller_node-1] [WARN] [1785227493.033719665] [pinn_franka_controller]: Trajectory stale (309.2s > 2.0s) -- holding at last known position via gravity compensation.
[pinn_controller_node-1] [WARN] [1785227494.034154511] [pinn_franka_controller]: Trajectory stale (310.2s > 2.0s) -- holding at last known position via gravity compensation.
[pinn_controller_node-1] [WARN] [1785227495.034830725] [pinn_franka_controller]: Trajectory stale (311.2s > 2.0s) -- holding at last known position via gravity compensation.
[pinn_controller_node-1] [WARN] [1785227496.035762116] [pinn_franka_controller]: Trajectory stale (312.2s > 2.0s) -- holding at last known position via gravity compensation.
[pinn_controller_node-1] [WARN] [1785227497.036669353] [pinn_franka_controller]: Trajectory stale (313.2s > 2.0s) -- holding at last known position via gravity compensation.
[pinn_controller_node-1] [WARN] [1785227498.036690439] [pinn_franka_controller]: Trajectory stale (314.2s > 2.0s) -- holding at last known position via gravity compensation.
[pinn_controller_node-1] [WARN] [1785227499.037718033] [pinn_franka_controller]: Trajectory stale (315.2s > 2.0s) -- holding at last known position via gravity compensation.
[pinn_controller_node-1] [WARN] [1785227500.038095545] [pinn_franka_controller]: Trajectory stale (316.2s > 2.0s) -- holding at last known position via gravity compensation.
[pinn_controller_node-1] [WARN] [1785227501.038762184] [pinn_franka_controller]: Trajectory stale (317.2s > 2.0s) -- holding at last known position via gravity compensation.
[pinn_controller_node-1] [WARN] [1785227502.039770798] [pinn_franka_controller]: Trajectory stale (318.2s > 2.0s) -- holding at last known position via gravity compensation.
[pinn_controller_node-1] [WARN] [1785227503.040663314] [pinn_franka_controller]: Trajectory stale (319.2s > 2.0s) -- holding at last known position via gravity compensation.
[pinn_controller_node-1] [WARN] [1785227504.040720754] [pinn_franka_controller]: Trajectory stale (320.2s > 2.0s) -- holding at last known position via gravity compensation.
[pinn_controller_node-1] [WARN] [1785227505.041701470] [pinn_franka_controller]: Trajectory stale (321.2s > 2.0s) -- holding at last known position via gravity compensation.
[pinn_controller_node-1] [WARN] [1785227506.041803712] [pinn_franka_controller]: Trajectory stale (322.2s > 2.0s) -- holding at last known position via gravity compensation.
[pinn_controller_node-1] [WARN] [1785227507.042714121] [pinn_franka_controller]: Trajectory stale (323.2s > 2.0s) -- holding at last known position via gravity compensation.
[pinn_controller_node-1] [WARN] [1785227508.043122138] [pinn_franka_controller]: Trajectory stale (324.2s > 2.0s) -- holding at last known position via gravity compensation.
[pinn_controller_node-1] [WARN] [1785227509.043726593] [pinn_franka_controller]: Trajectory stale (325.2s > 2.0s) -- holding at last known position via gravity compensation.
[pinn_controller_node-1] [WARN] [1785227510.043730541] [pinn_franka_controller]: Trajectory stale (326.2s > 2.0s) -- holding at last known position via gravity compensation.
[pinn_controller_node-1] [WARN] [1785227511.044753642] [pinn_franka_controller]: Trajectory stale (327.2s > 2.0s) -- holding at last known position via gravity compensation.
[pinn_controller_node-1] [WARN] [1785227512.044825196] [pinn_franka_controller]: Trajectory stale (328.2s > 2.0s) -- holding at last known position via gravity compensation.
[pinn_controller_node-1] [WARN] [1785227513.045868493] [pinn_franka_controller]: Trajectory stale (329.2s > 2.0s) -- holding at last known position via gravity compensation.
[pinn_controller_node-1] [WARN] [1785227514.046803753] [pinn_franka_controller]: Trajectory stale (330.2s > 2.0s) -- holding at last known position via gravity compensation.
[pinn_controller_node-1] [WARN] [1785227515.047709661] [pinn_franka_controller]: Trajectory stale (331.2s > 2.0s) -- holding at last known position via gravity compensation.
[pinn_controller_node-1] [WARN] [1785227516.047923205] [pinn_franka_controller]: Trajectory stale (332.2s > 2.0s) -- holding at last known position via gravity compensation.
[pinn_controller_node-1] [WARN] [1785227517.048741773] [pinn_franka_controller]: Trajectory stale (333.2s > 2.0s) -- holding at last known position via gravity compensation.
[pinn_controller_node-1] [WARN] [1785227518.049681053] [pinn_franka_controller]: Trajectory stale (334.2s > 2.0s) -- holding at last known position via gravity compensation.
[pinn_controller_node-1] [WARN] [1785227519.049748484] [pinn_franka_controller]: Trajectory stale (335.2s > 2.0s) -- holding at last known position via gravity compensation.
[pinn_controller_node-1] [WARN] [1785227520.050665389] [pinn_franka_controller]: Trajectory stale (336.2s > 2.0s) -- holding at last known position via gravity compensation.
[pinn_controller_node-1] [WARN] [1785227521.050942444] [pinn_franka_controller]: Trajectory stale (337.2s > 2.0s) -- holding at last known position via gravity compensation.
[pinn_controller_node-1] [WARN] [1785227522.051815028] [pinn_franka_controller]: Trajectory stale (338.2s > 2.0s) -- holding at last known position via gravity compensation.
[pinn_controller_node-1] [WARN] [1785227523.052659203] [pinn_franka_controller]: Trajectory stale (339.2s > 2.0s) -- holding at last known position via gravity compensation.
[pinn_controller_node-1] [WARN] [1785227524.052895465] [pinn_franka_controller]: Trajectory stale (340.2s > 2.0s) -- holding at last known position via gravity compensation.
[pinn_controller_node-1] [WARN] [1785227525.052974535] [pinn_franka_controller]: Trajectory stale (341.2s > 2.0s) -- holding at last known position via gravity compensation.
[pinn_controller_node-1] [WARN] [1785227526.054003898] [pinn_franka_controller]: Trajectory stale (342.2s > 2.0s) -- holding at last known position via gravity compensation.
[pinn_controller_node-1] [WARN] [1785227527.054852062] [pinn_franka_controller]: Trajectory stale (343.2s > 2.0s) -- holding at last known position via gravity compensation.
[pinn_controller_node-1] [WARN] [1785227528.055776396] [pinn_franka_controller]: Trajectory stale (344.2s > 2.0s) -- holding at last known position via gravity compensation.
[pinn_controller_node-1] [WARN] [1785227529.056716406] [pinn_franka_controller]: Trajectory stale (345.2s > 2.0s) -- holding at last known position via gravity compensation.
[pinn_controller_node-1] [WARN] [1785227530.057708149] [pinn_franka_controller]: Trajectory stale (346.2s > 2.0s) -- holding at last known position via gravity compensation.
[pinn_controller_node-1] [WARN] [1785227531.058030679] [pinn_franka_controller]: Trajectory stale (347.2s > 2.0s) -- holding at last known position via gravity compensation.
[pinn_controller_node-1] [WARN] [1785227532.058788955] [pinn_franka_controller]: Trajectory stale (348.2s > 2.0s) -- holding at last known position via gravity compensation.
[pinn_controller_node-1] [WARN] [1785227533.059714946] [pinn_franka_controller]: Trajectory stale (349.2s > 2.0s) -- holding at last known position via gravity compensation.
[pinn_controller_node-1] [WARN] [1785227534.059761449] [pinn_franka_controller]: Trajectory stale (350.2s > 2.0s) -- holding at last known position via gravity compensation.
[pinn_controller_node-1] [WARN] [1785227535.059900398] [pinn_franka_controller]: Trajectory stale (351.2s > 2.0s) -- holding at last known position via gravity compensation.
[pinn_controller_node-1] [WARN] [1785227536.060653334] [pinn_franka_controller]: Trajectory stale (352.2s > 2.0s) -- holding at last known position via gravity compensation.
[pinn_controller_node-1] [WARN] [1785227537.060967110] [pinn_franka_controller]: Trajectory stale (353.2s > 2.0s) -- holding at last known position via gravity compensation.
[pinn_controller_node-1] [WARN] [1785227538.061715474] [pinn_franka_controller]: Trajectory stale (354.2s > 2.0s) -- holding at last known position via gravity compensation.
[pinn_controller_node-1] [WARN] [1785227539.062473761] [pinn_franka_controller]: Trajectory stale (355.2s > 2.0s) -- holding at last known position via gravity compensation.
[pinn_controller_node-1] [WARN] [1785227540.062768943] [pinn_franka_controller]: Trajectory stale (356.2s > 2.0s) -- holding at last known position via gravity compensation.
[pinn_controller_node-1] [WARN] [1785227541.063682074] [pinn_franka_controller]: Trajectory stale (357.2s > 2.0s) -- holding at last known position via gravity compensation.
[pinn_controller_node-1] [WARN] [1785227542.063840575] [pinn_franka_controller]: Trajectory stale (358.2s > 2.0s) -- holding at last known position via gravity compensation.
[pinn_controller_node-1] [WARN] [1785227543.064640763] [pinn_franka_controller]: Trajectory stale (359.2s > 2.0s) -- holding at last known position via gravity compensation.
[pinn_controller_node-1] [WARN] [1785227544.065074943] [pinn_franka_controller]: Trajectory stale (360.2s > 2.0s) -- holding at last known position via gravity compensation.
[pinn_controller_node-1] [WARN] [1785227545.065844369] [pinn_franka_controller]: Trajectory stale (361.2s > 2.0s) -- holding at last known position via gravity compensation.
[pinn_controller_node-1] [WARN] [1785227546.067149451] [pinn_franka_controller]: Trajectory stale (362.2s > 2.0s) -- holding at last known position via gravity compensation.
[pinn_controller_node-1] [WARN] [1785227547.067693648] [pinn_franka_controller]: Trajectory stale (363.2s > 2.0s) -- holding at last known position via gravity compensation.
[pinn_controller_node-1] [WARN] [1785227548.068356501] [pinn_franka_controller]: Trajectory stale (364.2s > 2.0s) -- holding at last known position via gravity compensation.
[pinn_controller_node-1] [WARN] [1785227549.068809385] [pinn_franka_controller]: Trajectory stale (365.2s > 2.0s) -- holding at last known position via gravity compensation.
[pinn_controller_node-1] [WARN] [1785227550.069064129] [pinn_franka_controller]: Trajectory stale (366.2s > 2.0s) -- holding at last known position via gravity compensation.
[pinn_controller_node-1] [WARN] [1785227551.069693915] [pinn_franka_controller]: Trajectory stale (367.2s > 2.0s) -- holding at last known position via gravity compensation.
[pinn_controller_node-1] [WARN] [1785227552.070851135] [pinn_franka_controller]: Trajectory stale (368.2s > 2.0s) -- holding at last known position via gravity compensation.
[pinn_controller_node-1] [WARN] [1785227553.071774485] [pinn_franka_controller]: Trajectory stale (369.2s > 2.0s) -- holding at last known position via gravity compensation.
[pinn_controller_node-1] [WARN] [1785227554.072697481] [pinn_franka_controller]: Trajectory stale (370.2s > 2.0s) -- holding at last known position via gravity compensation.
[pinn_controller_node-1] [WARN] [1785227555.072777146] [pinn_franka_controller]: Trajectory stale (371.2s > 2.0s) -- holding at last known position via gravity compensation.
[pinn_controller_node-1] [WARN] [1785227556.073730834] [pinn_franka_controller]: Trajectory stale (372.2s > 2.0s) -- holding at last known position via gravity compensation.
[pinn_controller_node-1] [WARN] [1785227557.074031260] [pinn_franka_controller]: Trajectory stale (373.2s > 2.0s) -- holding at last known position via gravity compensation.
[pinn_controller_node-1] [WARN] [1785227558.074934507] [pinn_franka_controller]: Trajectory stale (374.2s > 2.0s) -- holding at last known position via gravity compensation.
[pinn_controller_node-1] [WARN] [1785227559.075731441] [pinn_franka_controller]: Trajectory stale (375.2s > 2.0s) -- holding at last known position via gravity compensation.
[pinn_controller_node-1] [WARN] [1785227560.075772684] [pinn_franka_controller]: Trajectory stale (376.2s > 2.0s) -- holding at last known position via gravity compensation.
[pinn_controller_node-1] [WARN] [1785227561.076808417] [pinn_franka_controller]: Trajectory stale (377.2s > 2.0s) -- holding at last known position via gravity compensation.
[pinn_controller_node-1] [WARN] [1785227562.077099198] [pinn_franka_controller]: Trajectory stale (378.2s > 2.0s) -- holding at last known position via gravity compensation.
[pinn_controller_node-1] [WARN] [1785227563.077990783] [pinn_franka_controller]: Trajectory stale (379.2s > 2.0s) -- holding at last known position via gravity compensation.
[pinn_controller_node-1] [WARN] [1785227564.078680043] [pinn_franka_controller]: Trajectory stale (380.2s > 2.0s) -- holding at last known position via gravity compensation.
[pinn_controller_node-1] [WARN] [1785227565.078720201] [pinn_franka_controller]: Trajectory stale (381.2s > 2.0s) -- holding at last known position via gravity compensation.
[pinn_controller_node-1] [WARN] [1785227566.078792494] [pinn_franka_controller]: Trajectory stale (382.2s > 2.0s) -- holding at last known position via gravity compensation.
[pinn_controller_node-1] [WARN] [1785227567.079753242] [pinn_franka_controller]: Trajectory stale (383.2s > 2.0s) -- holding at last known position via gravity compensation.
[pinn_controller_node-1] [WARN] [1785227568.080723217] [pinn_franka_controller]: Trajectory stale (384.2s > 2.0s) -- holding at last known position via gravity compensation.
[pinn_controller_node-1] [WARN] [1785227569.081031287] [pinn_franka_controller]: Trajectory stale (385.2s > 2.0s) -- holding at last known position via gravity compensation.
[pinn_controller_node-1] [WARN] [1785227570.082137649] [pinn_franka_controller]: Trajectory stale (386.2s > 2.0s) -- holding at last known position via gravity compensation.
[pinn_controller_node-1] [WARN] [1785227571.082712536] [pinn_franka_controller]: Trajectory stale (387.2s > 2.0s) -- holding at last known position via gravity compensation.
[pinn_controller_node-1] [WARN] [1785227572.082797658] [pinn_franka_controller]: Trajectory stale (388.2s > 2.0s) -- holding at last known position via gravity compensation.
[pinn_controller_node-1] [WARN] [1785227573.083702748] [pinn_franka_controller]: Trajectory stale (389.2s > 2.0s) -- holding at last known position via gravity compensation.
[pinn_controller_node-1] [WARN] [1785227574.084669729] [pinn_franka_controller]: Trajectory stale (390.2s > 2.0s) -- holding at last known position via gravity compensation.
[pinn_controller_node-1] [WARN] [1785227575.084941961] [pinn_franka_controller]: Trajectory stale (391.2s > 2.0s) -- holding at last known position via gravity compensation.
[pinn_controller_node-1] [WARN] [1785227576.086011057] [pinn_franka_controller]: Trajectory stale (392.2s > 2.0s) -- holding at last known position via gravity compensation.
[pinn_controller_node-1] [WARN] [1785227577.086695588] [pinn_franka_controller]: Trajectory stale (393.2s > 2.0s) -- holding at last known position via gravity compensation.
[pinn_controller_node-1] [WARN] [1785227578.086756616] [pinn_franka_controller]: Trajectory stale (394.2s > 2.0s) -- holding at last known position via gravity compensation.
[pinn_controller_node-1] [WARN] [1785227579.087655000] [pinn_franka_controller]: Trajectory stale (395.2s > 2.0s) -- holding at last known position via gravity compensation.
[pinn_controller_node-1] [WARN] [1785227580.088300277] [pinn_franka_controller]: Trajectory stale (396.2s > 2.0s) -- holding at last known position via gravity compensation.
[pinn_controller_node-1] [WARN] [1785227581.088620453] [pinn_franka_controller]: Trajectory stale (397.2s > 2.0s) -- holding at last known position via gravity compensation.
[pinn_controller_node-1] [WARN] [1785227582.088767058] [pinn_franka_controller]: Trajectory stale (398.2s > 2.0s) -- holding at last known position via gravity compensation.
[pinn_controller_node-1] [WARN] [1785227583.089701883] [pinn_franka_controller]: Trajectory stale (399.2s > 2.0s) -- holding at last known position via gravity compensation.
[pinn_controller_node-1] [WARN] [1785227584.089915948] [pinn_franka_controller]: Trajectory stale (400.2s > 2.0s) -- holding at last known position via gravity compensation.
[pinn_controller_node-1] [WARN] [1785227585.091444554] [pinn_franka_controller]: Trajectory stale (401.2s > 2.0s) -- holding at last known position via gravity compensation.
[pinn_controller_node-1] [WARN] [1785227586.091864284] [pinn_franka_controller]: Trajectory stale (402.2s > 2.0s) -- holding at last known position via gravity compensation.
[pinn_controller_node-1] [WARN] [1785227587.092692872] [pinn_franka_controller]: Trajectory stale (403.2s > 2.0s) -- holding at last known position via gravity compensation.
[pinn_controller_node-1] [WARN] [1785227588.093701569] [pinn_franka_controller]: Trajectory stale (404.2s > 2.0s) -- holding at last known position via gravity compensation.
[pinn_controller_node-1] [WARN] [1785227589.093924360] [pinn_franka_controller]: Trajectory stale (405.2s > 2.0s) -- holding at last known position via gravity compensation.
[pinn_controller_node-1] [WARN] [1785227590.094655369] [pinn_franka_controller]: Trajectory stale (406.2s > 2.0s) -- holding at last known position via gravity compensation.
[pinn_controller_node-1] [WARN] [1785227591.095708156] [pinn_franka_controller]: Trajectory stale (407.2s > 2.0s) -- holding at last known position via gravity compensation.
[pinn_controller_node-1] [WARN] [1785227592.096001129] [pinn_franka_controller]: Trajectory stale (408.2s > 2.0s) -- holding at last known position via gravity compensation.
[pinn_controller_node-1] [WARN] [1785227593.096671429] [pinn_franka_controller]: Trajectory stale (409.2s > 2.0s) -- holding at last known position via gravity compensation.
[pinn_controller_node-1] [WARN] [1785227594.097548083] [pinn_franka_controller]: Trajectory stale (410.2s > 2.0s) -- holding at last known position via gravity compensation.
[pinn_controller_node-1] [WARN] [1785227595.097839381] [pinn_franka_controller]: Trajectory stale (411.2s > 2.0s) -- holding at last known position via gravity compensation.
[pinn_controller_node-1] [WARN] [1785227596.098769991] [pinn_franka_controller]: Trajectory stale (412.2s > 2.0s) -- holding at last known position via gravity compensation.
[pinn_controller_node-1] [WARN] [1785227597.098809652] [pinn_franka_controller]: Trajectory stale (413.2s > 2.0s) -- holding at last known position via gravity compensation.
[pinn_controller_node-1] [WARN] [1785227598.099712843] [pinn_franka_controller]: Trajectory stale (414.2s > 2.0s) -- holding at last known position via gravity compensation.
[pinn_controller_node-1] [WARN] [1785227599.099717598] [pinn_franka_controller]: Trajectory stale (415.2s > 2.0s) -- holding at last known position via gravity compensation.
[pinn_controller_node-1] [WARN] [1785227600.099748857] [pinn_franka_controller]: Trajectory stale (416.2s > 2.0s) -- holding at last known position via gravity compensation.
[pinn_controller_node-1] [WARN] [1785227601.100664493] [pinn_franka_controller]: Trajectory stale (417.2s > 2.0s) -- holding at last known position via gravity compensation.
[pinn_controller_node-1] [WARN] [1785227602.100798708] [pinn_franka_controller]: Trajectory stale (418.2s > 2.0s) -- holding at last known position via gravity compensation.
[pinn_controller_node-1] [WARN] [1785227603.100978493] [pinn_franka_controller]: Trajectory stale (419.2s > 2.0s) -- holding at last known position via gravity compensation.
[pinn_controller_node-1] [WARN] [1785227604.101699008] [pinn_franka_controller]: Trajectory stale (420.2s > 2.0s) -- holding at last known position via gravity compensation.
[pinn_controller_node-1] [WARN] [1785227605.101887836] [pinn_franka_controller]: Trajectory stale (421.2s > 2.0s) -- holding at last known position via gravity compensation.
[pinn_controller_node-1] [WARN] [1785227606.102022564] [pinn_franka_controller]: Trajectory stale (422.2s > 2.0s) -- holding at last known position via gravity compensation.
[pinn_controller_node-1] [WARN] [1785227607.102831329] [pinn_franka_controller]: Trajectory stale (423.2s > 2.0s) -- holding at last known position via gravity compensation.
[pinn_controller_node-1] [WARN] [1785227608.103706531] [pinn_franka_controller]: Trajectory stale (424.2s > 2.0s) -- holding at last known position via gravity compensation.
[pinn_controller_node-1] [WARN] [1785227609.103785482] [pinn_franka_controller]: Trajectory stale (425.2s > 2.0s) -- holding at last known position via gravity compensation.
[pinn_controller_node-1] [WARN] [1785227610.104706676] [pinn_franka_controller]: Trajectory stale (426.2s > 2.0s) -- holding at last known position via gravity compensation.
[pinn_controller_node-1] [WARN] [1785227611.104808668] [pinn_franka_controller]: Trajectory stale (427.2s > 2.0s) -- holding at last known position via gravity compensation.
[pinn_controller_node-1] [WARN] [1785227612.105147113] [pinn_franka_controller]: Trajectory stale (428.2s > 2.0s) -- holding at last known position via gravity compensation.
[pinn_controller_node-1] [WARN] [1785227613.106183574] [pinn_franka_controller]: Trajectory stale (429.2s > 2.0s) -- holding at last known position via gravity compensation.
[pinn_controller_node-1] [WARN] [1785227614.106471041] [pinn_franka_controller]: Trajectory stale (430.2s > 2.0s) -- holding at last known position via gravity compensation.
[pinn_controller_node-1] [WARN] [1785227615.106686120] [pinn_franka_controller]: Trajectory stale (431.2s > 2.0s) -- holding at last known position via gravity compensation.
[pinn_controller_node-1] [WARN] [1785227616.106728801] [pinn_franka_controller]: Trajectory stale (432.2s > 2.0s) -- holding at last known position via gravity compensation.
[pinn_controller_node-1] [WARN] [1785227617.107697899] [pinn_franka_controller]: Trajectory stale (433.2s > 2.0s) -- holding at last known position via gravity compensation.
[pinn_controller_node-1] [WARN] [1785227618.107978698] [pinn_franka_controller]: Trajectory stale (434.2s > 2.0s) -- holding at last known position via gravity compensation.
[pinn_controller_node-1] [WARN] [1785227619.108854395] [pinn_franka_controller]: Trajectory stale (435.2s > 2.0s) -- holding at last known position via gravity compensation.
[pinn_controller_node-1] [WARN] [1785227620.109804596] [pinn_franka_controller]: Trajectory stale (436.2s > 2.0s) -- holding at last known position via gravity compensation.
[pinn_controller_node-1] [WARN] [1785227621.110657157] [pinn_franka_controller]: Trajectory stale (437.2s > 2.0s) -- holding at last known position via gravity compensation.
[pinn_controller_node-1] [WARN] [1785227622.110758688] [pinn_franka_controller]: Trajectory stale (438.2s > 2.0s) -- holding at last known position via gravity compensation.
[pinn_controller_node-1] [WARN] [1785227623.111697173] [pinn_franka_controller]: Trajectory stale (439.2s > 2.0s) -- holding at last known position via gravity compensation.
[pinn_controller_node-1] [WARN] [1785227624.111944806] [pinn_franka_controller]: Trajectory stale (440.2s > 2.0s) -- holding at last known position via gravity compensation.
[pinn_controller_node-1] [WARN] [1785227625.111971844] [pinn_franka_controller]: Trajectory stale (441.2s > 2.0s) -- holding at last known position via gravity compensation.
[pinn_controller_node-1] [WARN] [1785227626.112674967] [pinn_franka_controller]: Trajectory stale (442.2s > 2.0s) -- holding at last known position via gravity compensation.
[pinn_controller_node-1] [WARN] [1785227627.113019596] [pinn_franka_controller]: Trajectory stale (443.2s > 2.0s) -- holding at last known position via gravity compensation.
[pinn_controller_node-1] [WARN] [1785227628.113959802] [pinn_franka_controller]: Trajectory stale (444.2s > 2.0s) -- holding at last known position via gravity compensation.
[pinn_controller_node-1] [WARN] [1785227629.114285573] [pinn_franka_controller]: Trajectory stale (445.2s > 2.0s) -- holding at last known position via gravity compensation.
[pinn_controller_node-1] [WARN] [1785227630.114712014] [pinn_franka_controller]: Trajectory stale (446.2s > 2.0s) -- holding at last known position via gravity compensation.
[pinn_controller_node-1] [WARN] [1785227631.114924781] [pinn_franka_controller]: Trajectory stale (447.2s > 2.0s) -- holding at last known position via gravity compensation.
[pinn_controller_node-1] [WARN] [1785227632.115859899] [pinn_franka_controller]: Trajectory stale (448.2s > 2.0s) -- holding at last known position via gravity compensation.
[pinn_controller_node-1] [WARN] [1785227633.116730041] [pinn_franka_controller]: Trajectory stale (449.2s > 2.0s) -- holding at last known position via gravity compensation.
[pinn_controller_node-1] [WARN] [1785227634.117097681] [pinn_franka_controller]: Trajectory stale (450.2s > 2.0s) -- holding at last known position via gravity compensation.
[pinn_controller_node-1] [WARN] [1785227635.117711522] [pinn_franka_controller]: Trajectory stale (451.2s > 2.0s) -- holding at last known position via gravity compensation.
[pinn_controller_node-1] [WARN] [1785227636.117936792] [pinn_franka_controller]: Trajectory stale (452.2s > 2.0s) -- holding at last known position via gravity compensation.
[pinn_controller_node-1] [WARN] [1785227637.118610254] [pinn_franka_controller]: Trajectory stale (453.2s > 2.0s) -- holding at last known position via gravity compensation.
[pinn_controller_node-1] [WARN] [1785227638.119580791] [pinn_franka_controller]: Trajectory stale (454.2s > 2.0s) -- holding at last known position via gravity compensation.
[pinn_controller_node-1] [WARN] [1785227639.119763169] [pinn_franka_controller]: Trajectory stale (455.2s > 2.0s) -- holding at last known position via gravity compensation.
[pinn_controller_node-1] [WARN] [1785227640.120679647] [pinn_franka_controller]: Trajectory stale (456.2s > 2.0s) -- holding at last known position via gravity compensation.
[pinn_controller_node-1] [WARN] [1785227641.120782971] [pinn_franka_controller]: Trajectory stale (457.2s > 2.0s) -- holding at last known position via gravity compensation.
[pinn_controller_node-1] [WARN] [1785227642.121359016] [pinn_franka_controller]: Trajectory stale (458.2s > 2.0s) -- holding at last known position via gravity compensation.
[pinn_controller_node-1] [WARN] [1785227643.121813031] [pinn_franka_controller]: Trajectory stale (459.2s > 2.0s) -- holding at last known position via gravity compensation.
[pinn_controller_node-1] [WARN] [1785227644.122500839] [pinn_franka_controller]: Trajectory stale (460.2s > 2.0s) -- holding at last known position via gravity compensation.
[pinn_controller_node-1] [WARN] [1785227645.122944554] [pinn_franka_controller]: Trajectory stale (461.2s > 2.0s) -- holding at last known position via gravity compensation.
[pinn_controller_node-1] [WARN] [1785227646.123853026] [pinn_franka_controller]: Trajectory stale (462.2s > 2.0s) -- holding at last known position via gravity compensation.
[pinn_controller_node-1] [WARN] [1785227647.124032809] [pinn_franka_controller]: Trajectory stale (463.2s > 2.0s) -- holding at last known position via gravity compensation.
[pinn_controller_node-1] [WARN] [1785227648.124694644] [pinn_franka_controller]: Trajectory stale (464.2s > 2.0s) -- holding at last known position via gravity compensation.
[pinn_controller_node-1] [WARN] [1785227649.125064685] [pinn_franka_controller]: Trajectory stale (465.2s > 2.0s) -- holding at last known position via gravity compensation.
[pinn_controller_node-1] [WARN] [1785227650.125715879] [pinn_franka_controller]: Trajectory stale (466.2s > 2.0s) -- holding at last known position via gravity compensation.
[pinn_controller_node-1] [WARN] [1785227651.125962245] [pinn_franka_controller]: Trajectory stale (467.2s > 2.0s) -- holding at last known position via gravity compensation.
[pinn_controller_node-1] [WARN] [1785227652.126903919] [pinn_franka_controller]: Trajectory stale (468.3s > 2.0s) -- holding at last known position via gravity compensation.
[pinn_controller_node-1] [WARN] [1785227653.127742731] [pinn_franka_controller]: Trajectory stale (469.3s > 2.0s) -- holding at last known position via gravity compensation.
[pinn_controller_node-1] [WARN] [1785227654.128709325] [pinn_franka_controller]: Trajectory stale (470.3s > 2.0s) -- holding at last known position via gravity compensation.
[pinn_controller_node-1] [WARN] [1785227655.128804109] [pinn_franka_controller]: Trajectory stale (471.3s > 2.0s) -- holding at last known position via gravity compensation.
[pinn_controller_node-1] [WARN] [1785227656.129705527] [pinn_franka_controller]: Trajectory stale (472.3s > 2.0s) -- holding at last known position via gravity compensation.
[pinn_controller_node-1] [WARN] [1785227657.129805212] [pinn_franka_controller]: Trajectory stale (473.3s > 2.0s) -- holding at last known position via gravity compensation.
[pinn_controller_node-1] [WARN] [1785227658.130784483] [pinn_franka_controller]: Trajectory stale (474.3s > 2.0s) -- holding at last known position via gravity compensation.
[pinn_controller_node-1] [WARN] [1785227659.131711536] [pinn_franka_controller]: Trajectory stale (475.3s > 2.0s) -- holding at last known position via gravity compensation.
[pinn_controller_node-1] [WARN] [1785227660.131753576] [pinn_franka_controller]: Trajectory stale (476.3s > 2.0s) -- holding at last known position via gravity compensation.
[pinn_controller_node-1] [WARN] [1785227661.131981777] [pinn_franka_controller]: Trajectory stale (477.3s > 2.0s) -- holding at last known position via gravity compensation.
[pinn_controller_node-1] [WARN] [1785227662.132661175] [pinn_franka_controller]: Trajectory stale (478.3s > 2.0s) -- holding at last known position via gravity compensation.
[pinn_controller_node-1] [WARN] [1785227663.133079341] [pinn_franka_controller]: Trajectory stale (479.3s > 2.0s) -- holding at last known position via gravity compensation.
[pinn_controller_node-1] [WARN] [1785227664.133702666] [pinn_franka_controller]: Trajectory stale (480.3s > 2.0s) -- holding at last known position via gravity compensation.
[pinn_controller_node-1] [WARN] [1785227665.133784549] [pinn_franka_controller]: Trajectory stale (481.3s > 2.0s) -- holding at last known position via gravity compensation.
[pinn_controller_node-1] [WARN] [1785227666.133850676] [pinn_franka_controller]: Trajectory stale (482.3s > 2.0s) -- holding at last known position via gravity compensation.
[pinn_controller_node-1] [WARN] [1785227667.134707457] [pinn_franka_controller]: Trajectory stale (483.3s > 2.0s) -- holding at last known position via gravity compensation.
[pinn_controller_node-1] [WARN] [1785227668.135625467] [pinn_franka_controller]: Trajectory stale (484.3s > 2.0s) -- holding at last known position via gravity compensation.
[pinn_controller_node-1] [WARN] [1785227669.136562843] [pinn_franka_controller]: Trajectory stale (485.3s > 2.0s) -- holding at last known position via gravity compensation.
[pinn_controller_node-1] [WARN] [1785227670.137255792] [pinn_franka_controller]: Trajectory stale (486.3s > 2.0s) -- holding at last known position via gravity compensation.
[pinn_controller_node-1] [WARN] [1785227671.137852170] [pinn_franka_controller]: Trajectory stale (487.3s > 2.0s) -- holding at last known position via gravity compensation.
[pinn_controller_node-1] [WARN] [1785227672.138786502] [pinn_franka_controller]: Trajectory stale (488.3s > 2.0s) -- holding at last known position via gravity compensation.
[pinn_controller_node-1] [WARN] [1785227673.139546587] [pinn_franka_controller]: Trajectory stale (489.3s > 2.0s) -- holding at last known position via gravity compensation.
[pinn_controller_node-1] [WARN] [1785227674.139907954] [pinn_franka_controller]: Trajectory stale (490.3s > 2.0s) -- holding at last known position via gravity compensation.
[pinn_controller_node-1] [WARN] [1785227675.140753449] [pinn_franka_controller]: Trajectory stale (491.3s > 2.0s) -- holding at last known position via gravity compensation.
[pinn_controller_node-1] [WARN] [1785227676.140950564] [pinn_franka_controller]: Trajectory stale (492.3s > 2.0s) -- holding at last known position via gravity compensation.
[pinn_controller_node-1] [WARN] [1785227677.141705805] [pinn_franka_controller]: Trajectory stale (493.3s > 2.0s) -- holding at last known position via gravity compensation.
[pinn_controller_node-1] [WARN] [1785227678.142825125] [pinn_franka_controller]: Trajectory stale (494.3s > 2.0s) -- holding at last known position via gravity compensation.
[pinn_controller_node-1] [WARN] [1785227679.142947992] [pinn_franka_controller]: Trajectory stale (495.3s > 2.0s) -- holding at last known position via gravity compensation.
[pinn_controller_node-1] [WARN] [1785227680.143743588] [pinn_franka_controller]: Trajectory stale (496.3s > 2.0s) -- holding at last known position via gravity compensation.
[pinn_controller_node-1] [WARN] [1785227681.143756240] [pinn_franka_controller]: Trajectory stale (497.3s > 2.0s) -- holding at last known position via gravity compensation.
[pinn_controller_node-1] [WARN] [1785227682.144739807] [pinn_franka_controller]: Trajectory stale (498.3s > 2.0s) -- holding at last known position via gravity compensation.
[pinn_controller_node-1] [WARN] [1785227683.145229784] [pinn_franka_controller]: Trajectory stale (499.3s > 2.0s) -- holding at last known position via gravity compensation.
[pinn_controller_node-1] [WARN] [1785227684.146017032] [pinn_franka_controller]: Trajectory stale (500.3s > 2.0s) -- holding at last known position via gravity compensation.
[pinn_controller_node-1] [WARN] [1785227685.146689876] [pinn_franka_controller]: Trajectory stale (501.3s > 2.0s) -- holding at last known position via gravity compensation.
[pinn_controller_node-1] [WARN] [1785227686.146864219] [pinn_franka_controller]: Trajectory stale (502.3s > 2.0s) -- holding at last known position via gravity compensation.
[pinn_controller_node-1] [WARN] [1785227687.147756878] [pinn_franka_controller]: Trajectory stale (503.3s > 2.0s) -- holding at last known position via gravity compensation.
[pinn_controller_node-1] [WARN] [1785227688.148722148] [pinn_franka_controller]: Trajectory stale (504.3s > 2.0s) -- holding at last known position via gravity compensation.
[pinn_controller_node-1] [WARN] [1785227689.148828606] [pinn_franka_controller]: Trajectory stale (505.3s > 2.0s) -- holding at last known position via gravity compensation.
[pinn_controller_node-1] [WARN] [1785227690.149688763] [pinn_franka_controller]: Trajectory stale (506.3s > 2.0s) -- holding at last known position via gravity compensation.
[pinn_controller_node-1] [WARN] [1785227691.149980916] [pinn_franka_controller]: Trajectory stale (507.3s > 2.0s) -- holding at last known position via gravity compensation.
[pinn_controller_node-1] [WARN] [1785227692.150722284] [pinn_franka_controller]: Trajectory stale (508.3s > 2.0s) -- holding at last known position via gravity compensation.
[pinn_controller_node-1] [WARN] [1785227693.150902753] [pinn_franka_controller]: Trajectory stale (509.3s > 2.0s) -- holding at last known position via gravity compensation.
[pinn_controller_node-1] [WARN] [1785227694.151027365] [pinn_franka_controller]: Trajectory stale (510.3s > 2.0s) -- holding at last known position via gravity compensation.
[pinn_controller_node-1] [WARN] [1785227695.151712788] [pinn_franka_controller]: Trajectory stale (511.3s > 2.0s) -- holding at last known position via gravity compensation.
[pinn_controller_node-1] [WARN] [1785227696.151743559] [pinn_franka_controller]: Trajectory stale (512.3s > 2.0s) -- holding at last known position via gravity compensation.
[pinn_controller_node-1] [WARN] [1785227697.151768288] [pinn_franka_controller]: Trajectory stale (513.3s > 2.0s) -- holding at last known position via gravity compensation.
[pinn_controller_node-1] [WARN] [1785227698.151802074] [pinn_franka_controller]: Trajectory stale (514.3s > 2.0s) -- holding at last known position via gravity compensation.
[pinn_controller_node-1] [WARN] [1785227699.152724807] [pinn_franka_controller]: Trajectory stale (515.3s > 2.0s) -- holding at last known position via gravity compensation.
[pinn_controller_node-1] [WARN] [1785227700.153728636] [pinn_franka_controller]: Trajectory stale (516.3s > 2.0s) -- holding at last known position via gravity compensation.
[pinn_controller_node-1] [WARN] [1785227701.153730734] [pinn_franka_controller]: Trajectory stale (517.3s > 2.0s) -- holding at last known position via gravity compensation.
[pinn_controller_node-1] [WARN] [1785227702.154626647] [pinn_franka_controller]: Trajectory stale (518.3s > 2.0s) -- holding at last known position via gravity compensation.
[pinn_controller_node-1] [WARN] [1785227703.154837547] [pinn_franka_controller]: Trajectory stale (519.3s > 2.0s) -- holding at last known position via gravity compensation.
[pinn_controller_node-1] [WARN] [1785227704.155925741] [pinn_franka_controller]: Trajectory stale (520.3s > 2.0s) -- holding at last known position via gravity compensation.
[pinn_controller_node-1] [WARN] [1785227705.156178331] [pinn_franka_controller]: Trajectory stale (521.3s > 2.0s) -- holding at last known position via gravity compensation.
[pinn_controller_node-1] [WARN] [1785227706.156917308] [pinn_franka_controller]: Trajectory stale (522.3s > 2.0s) -- holding at last known position via gravity compensation.
[pinn_controller_node-1] [WARN] [1785227707.156940220] [pinn_franka_controller]: Trajectory stale (523.3s > 2.0s) -- holding at last known position via gravity compensation.
[pinn_controller_node-1] [WARN] [1785227708.157175340] [pinn_franka_controller]: Trajectory stale (524.3s > 2.0s) -- holding at last known position via gravity compensation.
[pinn_controller_node-1] [WARN] [1785227709.157955805] [pinn_franka_controller]: Trajectory stale (525.3s > 2.0s) -- holding at last known position via gravity compensation.
[pinn_controller_node-1] [WARN] [1785227710.158352546] [pinn_franka_controller]: Trajectory stale (526.3s > 2.0s) -- holding at last known position via gravity compensation.
[pinn_controller_node-1] [WARN] [1785227711.158767559] [pinn_franka_controller]: Trajectory stale (527.3s > 2.0s) -- holding at last known position via gravity compensation.
[pinn_controller_node-1] [WARN] [1785227712.159519887] [pinn_franka_controller]: Trajectory stale (528.3s > 2.0s) -- holding at last known position via gravity compensation.
[pinn_controller_node-1] [WARN] [1785227713.159966618] [pinn_franka_controller]: Trajectory stale (529.3s > 2.0s) -- holding at last known position via gravity compensation.
[pinn_controller_node-1] [WARN] [1785227714.160843137] [pinn_franka_controller]: Trajectory stale (530.3s > 2.0s) -- holding at last known position via gravity compensation.
[pinn_controller_node-1] [WARN] [1785227715.161728645] [pinn_franka_controller]: Trajectory stale (531.3s > 2.0s) -- holding at last known position via gravity compensation.
[pinn_controller_node-1] [WARN] [1785227716.161866146] [pinn_franka_controller]: Trajectory stale (532.3s > 2.0s) -- holding at last known position via gravity compensation.
[pinn_controller_node-1] [WARN] [1785227717.162653218] [pinn_franka_controller]: Trajectory stale (533.3s > 2.0s) -- holding at last known position via gravity compensation.
[pinn_controller_node-1] [WARN] [1785227718.162761846] [pinn_franka_controller]: Trajectory stale (534.3s > 2.0s) -- holding at last known position via gravity compensation.
[pinn_controller_node-1] [WARN] [1785227719.163757901] [pinn_franka_controller]: Trajectory stale (535.3s > 2.0s) -- holding at last known position via gravity compensation.
[pinn_controller_node-1] [WARN] [1785227720.164655811] [pinn_franka_controller]: Trajectory stale (536.3s > 2.0s) -- holding at last known position via gravity compensation.
[pinn_controller_node-1] [WARN] [1785227721.164695263] [pinn_franka_controller]: Trajectory stale (537.3s > 2.0s) -- holding at last known position via gravity compensation.
[pinn_controller_node-1] [WARN] [1785227722.164795274] [pinn_franka_controller]: Trajectory stale (538.3s > 2.0s) -- holding at last known position via gravity compensation.
[pinn_controller_node-1] [WARN] [1785227723.165015443] [pinn_franka_controller]: Trajectory stale (539.3s > 2.0s) -- holding at last known position via gravity compensation.
[pinn_controller_node-1] [WARN] [1785227724.165984965] [pinn_franka_controller]: Trajectory stale (540.3s > 2.0s) -- holding at last known position via gravity compensation.
[pinn_controller_node-1] [WARN] [1785227725.166717812] [pinn_franka_controller]: Trajectory stale (541.3s > 2.0s) -- holding at last known position via gravity compensation.
[pinn_controller_node-1] [WARN] [1785227726.167720710] [pinn_franka_controller]: Trajectory stale (542.3s > 2.0s) -- holding at last known position via gravity compensation.
[pinn_controller_node-1] [WARN] [1785227727.168728124] [pinn_franka_controller]: Trajectory stale (543.3s > 2.0s) -- holding at last known position via gravity compensation.
[pinn_controller_node-1] [WARN] [1785227728.168835097] [pinn_franka_controller]: Trajectory stale (544.3s > 2.0s) -- holding at last known position via gravity compensation.
[pinn_controller_node-1] [WARN] [1785227729.169707679] [pinn_franka_controller]: Trajectory stale (545.3s > 2.0s) -- holding at last known position via gravity compensation.
[pinn_controller_node-1] [WARN] [1785227730.169943285] [pinn_franka_controller]: Trajectory stale (546.3s > 2.0s) -- holding at last known position via gravity compensation.
[pinn_controller_node-1] [WARN] [1785227731.170616740] [pinn_franka_controller]: Trajectory stale (547.3s > 2.0s) -- holding at last known position via gravity compensation.
[pinn_controller_node-1] [WARN] [1785227732.170875479] [pinn_franka_controller]: Trajectory stale (548.3s > 2.0s) -- holding at last known position via gravity compensation.
[pinn_controller_node-1] [WARN] [1785227733.171169221] [pinn_franka_controller]: Trajectory stale (549.3s > 2.0s) -- holding at last known position via gravity compensation.
[pinn_controller_node-1] [WARN] [1785227734.171960149] [pinn_franka_controller]: Trajectory stale (550.3s > 2.0s) -- holding at last known position via gravity compensation.
[pinn_controller_node-1] [WARN] [1785227735.172927773] [pinn_franka_controller]: Trajectory stale (551.3s > 2.0s) -- holding at last known position via gravity compensation.
[pinn_controller_node-1] [WARN] [1785227736.173106336] [pinn_franka_controller]: Trajectory stale (552.3s > 2.0s) -- holding at last known position via gravity compensation.
[pinn_controller_node-1] [WARN] [1785227737.173848673] [pinn_franka_controller]: Trajectory stale (553.3s > 2.0s) -- holding at last known position via gravity compensation.
[pinn_controller_node-1] [WARN] [1785227738.174193527] [pinn_franka_controller]: Trajectory stale (554.3s > 2.0s) -- holding at last known position via gravity compensation.
[pinn_controller_node-1] [WARN] [1785227739.174773091] [pinn_franka_controller]: Trajectory stale (555.3s > 2.0s) -- holding at last known position via gravity compensation.
[pinn_controller_node-1] [WARN] [1785227740.175710961] [pinn_franka_controller]: Trajectory stale (556.3s > 2.0s) -- holding at last known position via gravity compensation.
[pinn_controller_node-1] [WARN] [1785227741.176688827] [pinn_franka_controller]: Trajectory stale (557.3s > 2.0s) -- holding at last known position via gravity compensation.
[pinn_controller_node-1] [WARN] [1785227742.177655512] [pinn_franka_controller]: Trajectory stale (558.3s > 2.0s) -- holding at last known position via gravity compensation.
[pinn_controller_node-1] [WARN] [1785227743.177714623] [pinn_franka_controller]: Trajectory stale (559.3s > 2.0s) -- holding at last known position via gravity compensation.
[pinn_controller_node-1] [WARN] [1785227744.178029641] [pinn_franka_controller]: Trajectory stale (560.3s > 2.0s) -- holding at last known position via gravity compensation.
[pinn_controller_node-1] [WARN] [1785227745.178821875] [pinn_franka_controller]: Trajectory stale (561.3s > 2.0s) -- holding at last known position via gravity compensation.
[pinn_controller_node-1] [WARN] [1785227746.179821057] [pinn_franka_controller]: Trajectory stale (562.3s > 2.0s) -- holding at last known position via gravity compensation.
[pinn_controller_node-1] [WARN] [1785227747.180024031] [pinn_franka_controller]: Trajectory stale (563.3s > 2.0s) -- holding at last known position via gravity compensation.
[pinn_controller_node-1] [WARN] [1785227748.180542694] [pinn_franka_controller]: Trajectory stale (564.3s > 2.0s) -- holding at last known position via gravity compensation.
[pinn_controller_node-1] [WARN] [1785227749.180714334] [pinn_franka_controller]: Trajectory stale (565.3s > 2.0s) -- holding at last known position via gravity compensation.
[pinn_controller_node-1] [WARN] [1785227750.180772812] [pinn_franka_controller]: Trajectory stale (566.3s > 2.0s) -- holding at last known position via gravity compensation.
[pinn_controller_node-1] [WARN] [1785227751.181734344] [pinn_franka_controller]: Trajectory stale (567.3s > 2.0s) -- holding at last known position via gravity compensation.
[pinn_controller_node-1] [WARN] [1785227752.181834756] [pinn_franka_controller]: Trajectory stale (568.3s > 2.0s) -- holding at last known position via gravity compensation.
[pinn_controller_node-1] [WARN] [1785227753.181960275] [pinn_franka_controller]: Trajectory stale (569.3s > 2.0s) -- holding at last known position via gravity compensation.
[pinn_controller_node-1] [WARN] [1785227754.182692537] [pinn_franka_controller]: Trajectory stale (570.3s > 2.0s) -- holding at last known position via gravity compensation.
[pinn_controller_node-1] [WARN] [1785227755.182838129] [pinn_franka_controller]: Trajectory stale (571.3s > 2.0s) -- holding at last known position via gravity compensation.
[pinn_controller_node-1] [WARN] [1785227756.182854086] [pinn_franka_controller]: Trajectory stale (572.3s > 2.0s) -- holding at last known position via gravity compensation.
[pinn_controller_node-1] [WARN] [1785227757.183719358] [pinn_franka_controller]: Trajectory stale (573.3s > 2.0s) -- holding at last known position via gravity compensation.
[pinn_controller_node-1] [WARN] [1785227758.184008868] [pinn_franka_controller]: Trajectory stale (574.3s > 2.0s) -- holding at last known position via gravity compensation.
[pinn_controller_node-1] [WARN] [1785227759.184721451] [pinn_franka_controller]: Trajectory stale (575.3s > 2.0s) -- holding at last known position via gravity compensation.
[pinn_controller_node-1] [WARN] [1785227760.184752813] [pinn_franka_controller]: Trajectory stale (576.3s > 2.0s) -- holding at last known position via gravity compensation.
[pinn_controller_node-1] [WARN] [1785227761.185594423] [pinn_franka_controller]: Trajectory stale (577.3s > 2.0s) -- holding at last known position via gravity compensation.
[pinn_controller_node-1] [WARN] [1785227762.185728664] [pinn_franka_controller]: Trajectory stale (578.3s > 2.0s) -- holding at last known position via gravity compensation.
[pinn_controller_node-1] [WARN] [1785227763.186714311] [pinn_franka_controller]: Trajectory stale (579.3s > 2.0s) -- holding at last known position via gravity compensation.
[pinn_controller_node-1] [WARN] [1785227764.187685927] [pinn_franka_controller]: Trajectory stale (580.3s > 2.0s) -- holding at last known position via gravity compensation.
[pinn_controller_node-1] [WARN] [1785227765.187704565] [pinn_franka_controller]: Trajectory stale (581.3s > 2.0s) -- holding at last known position via gravity compensation.
[pinn_controller_node-1] [WARN] [1785227766.188355061] [pinn_franka_controller]: Trajectory stale (582.3s > 2.0s) -- holding at last known position via gravity compensation.
[pinn_controller_node-1] [WARN] [1785227767.188711867] [pinn_franka_controller]: Trajectory stale (583.3s > 2.0s) -- holding at last known position via gravity compensation.
[pinn_controller_node-1] [WARN] [1785227768.188899611] [pinn_franka_controller]: Trajectory stale (584.3s > 2.0s) -- holding at last known position via gravity compensation.
[pinn_controller_node-1] [WARN] [1785227769.188946239] [pinn_franka_controller]: Trajectory stale (585.3s > 2.0s) -- holding at last known position via gravity compensation.
[pinn_controller_node-1] [WARN] [1785227770.189718112] [pinn_franka_controller]: Trajectory stale (586.3s > 2.0s) -- holding at last known position via gravity compensation.
[pinn_controller_node-1] [WARN] [1785227771.190727918] [pinn_franka_controller]: Trajectory stale (587.3s > 2.0s) -- holding at last known position via gravity compensation.
[pinn_controller_node-1] [WARN] [1785227772.191058540] [pinn_franka_controller]: Trajectory stale (588.3s > 2.0s) -- holding at last known position via gravity compensation.
[pinn_controller_node-1] [WARN] [1785227773.191844985] [pinn_franka_controller]: Trajectory stale (589.3s > 2.0s) -- holding at last known position via gravity compensation.
[pinn_controller_node-1] [WARN] [1785227774.192350553] [pinn_franka_controller]: Trajectory stale (590.3s > 2.0s) -- holding at last known position via gravity compensation.
[pinn_controller_node-1] [WARN] [1785227775.192726386] [pinn_franka_controller]: Trajectory stale (591.3s > 2.0s) -- holding at last known position via gravity compensation.
[pinn_controller_node-1] [WARN] [1785227776.193722283] [pinn_franka_controller]: Trajectory stale (592.3s > 2.0s) -- holding at last known position via gravity compensation.
[pinn_controller_node-1] [WARN] [1785227777.193798246] [pinn_franka_controller]: Trajectory stale (593.3s > 2.0s) -- holding at last known position via gravity compensation.
[pinn_controller_node-1] [WARN] [1785227778.193898127] [pinn_franka_controller]: Trajectory stale (594.3s > 2.0s) -- holding at last known position via gravity compensation.
[pinn_controller_node-1] [WARN] [1785227779.194741921] [pinn_franka_controller]: Trajectory stale (595.3s > 2.0s) -- holding at last known position via gravity compensation.
[pinn_controller_node-1] [WARN] [1785227780.195739373] [pinn_franka_controller]: Trajectory stale (596.3s > 2.0s) -- holding at last known position via gravity compensation.
[pinn_controller_node-1] [WARN] [1785227781.196703349] [pinn_franka_controller]: Trajectory stale (597.3s > 2.0s) -- holding at last known position via gravity compensation.
[pinn_controller_node-1] [WARN] [1785227782.196819526] [pinn_franka_controller]: Trajectory stale (598.3s > 2.0s) -- holding at last known position via gravity compensation.
[pinn_controller_node-1] [WARN] [1785227783.197761058] [pinn_franka_controller]: Trajectory stale (599.3s > 2.0s) -- holding at last known position via gravity compensation.
[pinn_controller_node-1] [WARN] [1785227784.198765546] [pinn_franka_controller]: Trajectory stale (600.3s > 2.0s) -- holding at last known position via gravity compensation.
[pinn_controller_node-1] [WARN] [1785227785.199705646] [pinn_franka_controller]: Trajectory stale (601.3s > 2.0s) -- holding at last known position via gravity compensation.
[pinn_controller_node-1] [WARN] [1785227786.199796536] [pinn_franka_controller]: Trajectory stale (602.3s > 2.0s) -- holding at last known position via gravity compensation.
[pinn_controller_node-1] [WARN] [1785227787.200789506] [pinn_franka_controller]: Trajectory stale (603.3s > 2.0s) -- holding at last known position via gravity compensation.
[pinn_controller_node-1] [WARN] [1785227788.201710870] [pinn_franka_controller]: Trajectory stale (604.3s > 2.0s) -- holding at last known position via gravity compensation.
[pinn_controller_node-1] [WARN] [1785227789.201736091] [pinn_franka_controller]: Trajectory stale (605.3s > 2.0s) -- holding at last known position via gravity compensation.
[pinn_controller_node-1] [WARN] [1785227790.202693228] [pinn_franka_controller]: Trajectory stale (606.3s > 2.0s) -- holding at last known position via gravity compensation.
[pinn_controller_node-1] [WARN] [1785227791.203701858] [pinn_franka_controller]: Trajectory stale (607.3s > 2.0s) -- holding at last known position via gravity compensation.
[pinn_controller_node-1] [WARN] [1785227792.203713448] [pinn_franka_controller]: Trajectory stale (608.3s > 2.0s) -- holding at last known position via gravity compensation.
[pinn_controller_node-1] [WARN] [1785227793.204711735] [pinn_franka_controller]: Trajectory stale (609.3s > 2.0s) -- holding at last known position via gravity compensation.
[pinn_controller_node-1] [WARN] [1785227794.204716902] [pinn_franka_controller]: Trajectory stale (610.3s > 2.0s) -- holding at last known position via gravity compensation.
[pinn_controller_node-1] [WARN] [1785227795.205694943] [pinn_franka_controller]: Trajectory stale (611.3s > 2.0s) -- holding at last known position via gravity compensation.
[pinn_controller_node-1] [WARN] [1785227796.206035785] [pinn_franka_controller]: Trajectory stale (612.3s > 2.0s) -- holding at last known position via gravity compensation.
[pinn_controller_node-1] [WARN] [1785227797.206810005] [pinn_franka_controller]: Trajectory stale (613.3s > 2.0s) -- holding at last known position via gravity compensation.
[pinn_controller_node-1] [WARN] [1785227798.206836511] [pinn_franka_controller]: Trajectory stale (614.3s > 2.0s) -- holding at last known position via gravity compensation.
[pinn_controller_node-1] [WARN] [1785227799.207692521] [pinn_franka_controller]: Trajectory stale (615.3s > 2.0s) -- holding at last known position via gravity compensation.
[pinn_controller_node-1] [WARN] [1785227800.208704340] [pinn_franka_controller]: Trajectory stale (616.3s > 2.0s) -- holding at last known position via gravity compensation.
[pinn_controller_node-1] [WARN] [1785227801.208888371] [pinn_franka_controller]: Trajectory stale (617.3s > 2.0s) -- holding at last known position via gravity compensation.
[pinn_controller_node-1] [WARN] [1785227802.209725608] [pinn_franka_controller]: Trajectory stale (618.3s > 2.0s) -- holding at last known position via gravity compensation.
[pinn_controller_node-1] [WARN] [1785227803.210696135] [pinn_franka_controller]: Trajectory stale (619.3s > 2.0s) -- holding at last known position via gravity compensation.
[pinn_controller_node-1] [WARN] [1785227804.210736694] [pinn_franka_controller]: Trajectory stale (620.3s > 2.0s) -- holding at last known position via gravity compensation.
[pinn_controller_node-1] [WARN] [1785227805.211059502] [pinn_franka_controller]: Trajectory stale (621.3s > 2.0s) -- holding at last known position via gravity compensation.
[pinn_controller_node-1] [WARN] [1785227806.211403226] [pinn_franka_controller]: Trajectory stale (622.3s > 2.0s) -- holding at last known position via gravity compensation.
[pinn_controller_node-1] [WARN] [1785227807.211718755] [pinn_franka_controller]: Trajectory stale (623.3s > 2.0s) -- holding at last known position via gravity compensation.
[pinn_controller_node-1] [WARN] [1785227808.211730563] [pinn_franka_controller]: Trajectory stale (624.3s > 2.0s) -- holding at last known position via gravity compensation.
[pinn_controller_node-1] [WARN] [1785227809.211918314] [pinn_franka_controller]: Trajectory stale (625.3s > 2.0s) -- holding at last known position via gravity compensation.
[pinn_controller_node-1] [WARN] [1785227810.212691573] [pinn_franka_controller]: Trajectory stale (626.3s > 2.0s) -- holding at last known position via gravity compensation.
[pinn_controller_node-1] [WARN] [1785227811.212846703] [pinn_franka_controller]: Trajectory stale (627.3s > 2.0s) -- holding at last known position via gravity compensation.
[pinn_controller_node-1] [WARN] [1785227812.213734574] [pinn_franka_controller]: Trajectory stale (628.3s > 2.0s) -- holding at last known position via gravity compensation.
[pinn_controller_node-1] [WARN] [1785227813.213905361] [pinn_franka_controller]: Trajectory stale (629.3s > 2.0s) -- holding at last known position via gravity compensation.
[pinn_controller_node-1] [WARN] [1785227814.214082240] [pinn_franka_controller]: Trajectory stale (630.3s > 2.0s) -- holding at last known position via gravity compensation.
[pinn_controller_node-1] [WARN] [1785227815.214865873] [pinn_franka_controller]: Trajectory stale (631.3s > 2.0s) -- holding at last known position via gravity compensation.
[pinn_controller_node-1] [WARN] [1785227816.215401032] [pinn_franka_controller]: Trajectory stale (632.3s > 2.0s) -- holding at last known position via gravity compensation.
[pinn_controller_node-1] [WARN] [1785227817.215928560] [pinn_franka_controller]: Trajectory stale (633.3s > 2.0s) -- holding at last known position via gravity compensation.
[pinn_controller_node-1] [WARN] [1785227818.216785620] [pinn_franka_controller]: Trajectory stale (634.3s > 2.0s) -- holding at last known position via gravity compensation.
[pinn_controller_node-1] [WARN] [1785227819.217521563] [pinn_franka_controller]: Trajectory stale (635.3s > 2.0s) -- holding at last known position via gravity compensation.
[pinn_controller_node-1] [WARN] [1785227820.217999767] [pinn_franka_controller]: Trajectory stale (636.3s > 2.0s) -- holding at last known position via gravity compensation.
[pinn_controller_node-1] [WARN] [1785227821.218098051] [pinn_franka_controller]: Trajectory stale (637.3s > 2.0s) -- holding at last known position via gravity compensation.
[pinn_controller_node-1] [WARN] [1785227822.218626909] [pinn_franka_controller]: Trajectory stale (638.3s > 2.0s) -- holding at last known position via gravity compensation.
[pinn_controller_node-1] [WARN] [1785227823.218756799] [pinn_franka_controller]: Trajectory stale (639.3s > 2.0s) -- holding at last known position via gravity compensation.
[pinn_controller_node-1] [WARN] [1785227824.219098088] [pinn_franka_controller]: Trajectory stale (640.3s > 2.0s) -- holding at last known position via gravity compensation.
[pinn_controller_node-1] [WARN] [1785227825.220069380] [pinn_franka_controller]: Trajectory stale (641.3s > 2.0s) -- holding at last known position via gravity compensation.
[pinn_controller_node-1] [WARN] [1785227826.220875582] [pinn_franka_controller]: Trajectory stale (642.3s > 2.0s) -- holding at last known position via gravity compensation.
[pinn_controller_node-1] [WARN] [1785227827.220982925] [pinn_franka_controller]: Trajectory stale (643.3s > 2.0s) -- holding at last known position via gravity compensation.
[pinn_controller_node-1] [WARN] [1785227828.221786973] [pinn_franka_controller]: Trajectory stale (644.3s > 2.0s) -- holding at last known position via gravity compensation.
[pinn_controller_node-1] [WARN] [1785227829.221974580] [pinn_franka_controller]: Trajectory stale (645.3s > 2.0s) -- holding at last known position via gravity compensation.
[pinn_controller_node-1] [WARN] [1785227830.222074599] [pinn_franka_controller]: Trajectory stale (646.3s > 2.0s) -- holding at last known position via gravity compensation.
[pinn_controller_node-1] [WARN] [1785227831.222772911] [pinn_franka_controller]: Trajectory stale (647.3s > 2.0s) -- holding at last known position via gravity compensation.
[pinn_controller_node-1] [WARN] [1785227832.223696909] [pinn_franka_controller]: Trajectory stale (648.3s > 2.0s) -- holding at last known position via gravity compensation.
[pinn_controller_node-1] [WARN] [1785227833.223762963] [pinn_franka_controller]: Trajectory stale (649.3s > 2.0s) -- holding at last known position via gravity compensation.
[pinn_controller_node-1] [WARN] [1785227834.224416699] [pinn_franka_controller]: Trajectory stale (650.3s > 2.0s) -- holding at last known position via gravity compensation.
[pinn_controller_node-1] [WARN] [1785227835.224755862] [pinn_franka_controller]: Trajectory stale (651.3s > 2.0s) -- holding at last known position via gravity compensation.
[pinn_controller_node-1] [WARN] [1785227836.225703049] [pinn_franka_controller]: Trajectory stale (652.3s > 2.0s) -- holding at last known position via gravity compensation.
[pinn_controller_node-1] [WARN] [1785227837.226720640] [pinn_franka_controller]: Trajectory stale (653.4s > 2.0s) -- holding at last known position via gravity compensation.
[pinn_controller_node-1] [WARN] [1785227838.227693146] [pinn_franka_controller]: Trajectory stale (654.4s > 2.0s) -- holding at last known position via gravity compensation.
[pinn_controller_node-1] [WARN] [1785227839.227765408] [pinn_franka_controller]: Trajectory stale (655.4s > 2.0s) -- holding at last known position via gravity compensation.
[pinn_controller_node-1] [WARN] [1785227840.228114046] [pinn_franka_controller]: Trajectory stale (656.4s > 2.0s) -- holding at last known position via gravity compensation.
[pinn_controller_node-1] [WARN] [1785227841.229461246] [pinn_franka_controller]: Trajectory stale (657.4s > 2.0s) -- holding at last known position via gravity compensation.
[pinn_controller_node-1] [WARN] [1785227842.229718364] [pinn_franka_controller]: Trajectory stale (658.4s > 2.0s) -- holding at last known position via gravity compensation.
[pinn_controller_node-1] [WARN] [1785227843.230739809] [pinn_franka_controller]: Trajectory stale (659.4s > 2.0s) -- holding at last known position via gravity compensation.
[pinn_controller_node-1] [WARN] [1785227844.230768365] [pinn_franka_controller]: Trajectory stale (660.4s > 2.0s) -- holding at last known position via gravity compensation.
[pinn_controller_node-1] [WARN] [1785227845.230872359] [pinn_franka_controller]: Trajectory stale (661.4s > 2.0s) -- holding at last known position via gravity compensation.
[pinn_controller_node-1] [WARN] [1785227846.231819968] [pinn_franka_controller]: Trajectory stale (662.4s > 2.0s) -- holding at last known position via gravity compensation.
[pinn_controller_node-1] [WARN] [1785227847.232720435] [pinn_franka_controller]: Trajectory stale (663.4s > 2.0s) -- holding at last known position via gravity compensation.
[pinn_controller_node-1] [WARN] [1785227848.233102440] [pinn_franka_controller]: Trajectory stale (664.4s > 2.0s) -- holding at last known position via gravity compensation.
[pinn_controller_node-1] [WARN] [1785227849.233865135] [pinn_franka_controller]: Trajectory stale (665.4s > 2.0s) -- holding at last known position via gravity compensation.
[pinn_controller_node-1] [WARN] [1785227850.234767581] [pinn_franka_controller]: Trajectory stale (666.4s > 2.0s) -- holding at last known position via gravity compensation.
[pinn_controller_node-1] [WARN] [1785227851.235026893] [pinn_franka_controller]: Trajectory stale (667.4s > 2.0s) -- holding at last known position via gravity compensation.
[pinn_controller_node-1] [WARN] [1785227852.235121320] [pinn_franka_controller]: Trajectory stale (668.4s > 2.0s) -- holding at last known position via gravity compensation.
[pinn_controller_node-1] [WARN] [1785227853.235805784] [pinn_franka_controller]: Trajectory stale (669.4s > 2.0s) -- holding at last known position via gravity compensation.
[pinn_controller_node-1] [WARN] [1785227854.236814144] [pinn_franka_controller]: Trajectory stale (670.4s > 2.0s) -- holding at last known position via gravity compensation.
[pinn_controller_node-1] [WARN] [1785227855.237048259] [pinn_franka_controller]: Trajectory stale (671.4s > 2.0s) -- holding at last known position via gravity compensation.
[pinn_controller_node-1] [WARN] [1785227856.237704330] [pinn_franka_controller]: Trajectory stale (672.4s > 2.0s) -- holding at last known position via gravity compensation.
[pinn_controller_node-1] [WARN] [1785227857.237714793] [pinn_franka_controller]: Trajectory stale (673.4s > 2.0s) -- holding at last known position via gravity compensation.
[pinn_controller_node-1] [WARN] [1785227858.237787775] [pinn_franka_controller]: Trajectory stale (674.4s > 2.0s) -- holding at last known position via gravity compensation.
[pinn_controller_node-1] [WARN] [1785227859.238764273] [pinn_franka_controller]: Trajectory stale (675.4s > 2.0s) -- holding at last known position via gravity compensation.
[pinn_controller_node-1] [WARN] [1785227860.238776689] [pinn_franka_controller]: Trajectory stale (676.4s > 2.0s) -- holding at last known position via gravity compensation.
[pinn_controller_node-1] [WARN] [1785227861.239870993] [pinn_franka_controller]: Trajectory stale (677.4s > 2.0s) -- holding at last known position via gravity compensation.
[pinn_controller_node-1] [WARN] [1785227862.240724168] [pinn_franka_controller]: Trajectory stale (678.4s > 2.0s) -- holding at last known position via gravity compensation.
[pinn_controller_node-1] [WARN] [1785227863.241065313] [pinn_franka_controller]: Trajectory stale (679.4s > 2.0s) -- holding at last known position via gravity compensation.
[pinn_controller_node-1] [WARN] [1785227864.241697966] [pinn_franka_controller]: Trajectory stale (680.4s > 2.0s) -- holding at last known position via gravity compensation.
[pinn_controller_node-1] [WARN] [1785227865.241964234] [pinn_franka_controller]: Trajectory stale (681.4s > 2.0s) -- holding at last known position via gravity compensation.
[pinn_controller_node-1] [WARN] [1785227866.242861274] [pinn_franka_controller]: Trajectory stale (682.4s > 2.0s) -- holding at last known position via gravity compensation.
[pinn_controller_node-1] [INFO] [1785227867.218158191] [pinn_franka_controller]: New trajectory received with 13 points.
[pinn_controller_node-1] [INFO] [1785227867.218753589] [pinn_franka_controller]: [DEBUG e] j4: q_des=-1.6626 q_meas=-1.6626 e=+0.0000 qdot=-0.00000 | j6: q_des=+1.5454 q_meas=+1.5454 e=-0.0000 qdot=-0.00000 | j7: q_des=-0.7864 q_meas=-0.7864 e=+0.0000 qdot=-0.00000
[pinn_controller_node-1] [INFO] [1785227867.219571209] [pinn_franka_controller]: [DEBUG tau] j4: rnea=+22.928 res=-0.535 pd=+0.022 unclipped=+22.416 clipped=+22.416 | j6: rnea=+1.883 res=+0.166 pd=-0.011 unclipped=+2.037 clipped=+2.037 | j7: rnea=+0.000 res=-0.150 pd=+0.001 unclipped=-0.149 clipped=-0.149
[pinn_controller_node-1] [INFO] [1785227868.219707174] [pinn_franka_controller]: [DEBUG e] j4: q_des=-1.3472 q_meas=-1.3646 e=+0.0173 qdot=+0.19256 | j6: q_des=+1.2914 q_meas=+1.3155 e=-0.0240 qdot=-0.15971 | j7: q_des=-0.7677 q_meas=-0.7825 e=+0.0147 qdot=-0.00302
[pinn_controller_node-1] [INFO] [1785227868.220635489] [pinn_franka_controller]: [DEBUG tau] j4: rnea=+20.878 res=-0.651 pd=+0.763 unclipped=+20.989 clipped=+20.989 | j6: rnea=+1.793 res=+0.288 pd=-0.381 unclipped=+1.701 clipped=+1.701 | j7: rnea=-0.001 res=-0.236 pd=+0.230 unclipped=-0.007 clipped=-0.007
[pinn_controller_node-1] [INFO] [1785227868.412082842] [pinn_franka_controller]: New trajectory received with 1 points.
[pinn_controller_node-1] [INFO] [1785227868.439038032] [pinn_franka_controller]: New trajectory received with 12 points.
[pinn_controller_node-1] [INFO] [1785227869.219736708] [pinn_franka_controller]: [DEBUG e] j4: q_des=-1.5159 q_meas=-1.5230 e=+0.0072 qdot=-0.18835 | j6: q_des=+1.4248 q_meas=+1.4189 e=+0.0059 qdot=+0.14975 | j7: q_des=-0.5254 q_meas=-0.5732 e=+0.0478 qdot=+0.27489
[pinn_controller_node-1] [INFO] [1785227869.220660297] [pinn_franka_controller]: [DEBUG tau] j4: rnea=+21.719 res=-0.582 pd=+0.448 unclipped=+21.586 clipped=+21.586 | j6: rnea=+1.998 res=+0.079 pd=+0.025 unclipped=+2.103 clipped=+2.103 | j7: rnea=-0.006 res=-0.320 pd=+0.507 unclipped=+0.180 clipped=+0.180
[pinn_controller_node-1] [INFO] [1785227869.476636377] [pinn_franka_controller]: New trajectory received with 1 points.
[pinn_controller_node-1] [INFO] [1785227869.501816499] [pinn_franka_controller]: New trajectory received with 11 points.
[pinn_controller_node-1] [INFO] [1785227870.221145270] [pinn_franka_controller]: [DEBUG e] j4: q_des=-1.6873 q_meas=-1.6930 e=+0.0058 qdot=-0.16775 | j6: q_des=+1.5010 q_meas=+1.4996 e=+0.0014 qdot=+0.07419 | j7: q_des=-0.3098 q_meas=-0.3517 e=+0.0419 qdot=+0.25033
[pinn_controller_node-1] [INFO] [1785227870.222078847] [pinn_franka_controller]: [DEBUG tau] j4: rnea=+22.086 res=-0.475 pd=+0.431 unclipped=+22.042 clipped=+22.042 | j6: rnea=+2.081 res=+0.069 pd=-0.019 unclipped=+2.131 clipped=+2.131 | j7: rnea=-0.004 res=-0.302 pd=+0.455 unclipped=+0.148 clipped=+0.148
[pinn_controller_node-1] [INFO] [1785227870.452192310] [pinn_franka_controller]: New trajectory received with 1 points.
[pinn_controller_node-1] [INFO] [1785227870.479078283] [pinn_franka_controller]: New trajectory received with 11 points.
[pinn_controller_node-1] [INFO] [1785227871.222171753] [pinn_franka_controller]: [DEBUG e] j4: q_des=-1.7779 q_meas=-1.7854 e=+0.0075 qdot=-0.06030 | j6: q_des=+1.5752 q_meas=+1.5735 e=+0.0017 qdot=+0.06248 | j7: q_des=-0.0276 q_meas=-0.0814 e=+0.0538 qdot=+0.26606
[pinn_controller_node-1] [INFO] [1785227871.223104722] [pinn_franka_controller]: [DEBUG tau] j4: rnea=+22.065 res=-0.435 pd=+0.463 unclipped=+22.093 clipped=+22.093 | j6: rnea=+2.181 res=+0.047 pd=-0.003 unclipped=+2.226 clipped=+2.226 | j7: rnea=-0.007 res=-0.344 pd=+0.491 unclipped=+0.139 clipped=+0.139
[pinn_controller_node-1] [INFO] [1785227871.398269763] [pinn_franka_controller]: New trajectory received with 1 points.
[pinn_controller_node-1] [INFO] [1785227872.222220056] [pinn_franka_controller]: [DEBUG e] j4: q_des=-1.7834 q_meas=-1.7911 e=+0.0077 qdot=-0.00031 | j6: q_des=+1.5807 q_meas=+1.5855 e=-0.0048 qdot=+0.00235 | j7: q_des=-0.0030 q_meas=-0.0319 e=+0.0289 qdot=+0.01478
[pinn_controller_node-1] [INFO] [1785227872.223144535] [pinn_franka_controller]: [DEBUG tau] j4: rnea=+22.269 res=-0.448 pd=+0.449 unclipped=+22.271 clipped=+22.271 | j6: rnea=+2.212 res=+0.132 pd=-0.130 unclipped=+2.214 clipped=+2.214 | j7: rnea=+0.001 res=-0.179 pd=+0.192 unclipped=+0.014 clipped=+0.014
[pinn_controller_node-1] [INFO] [1785227873.223047245] [pinn_franka_controller]: [DEBUG e] j4: q_des=-1.7834 q_meas=-1.7912 e=+0.0078 qdot=-0.00002 | j6: q_des=+1.5807 q_meas=+1.5865 e=-0.0058 qdot=+0.00032 | j7: q_des=-0.0030 q_meas=-0.0236 e=+0.0205 qdot=+0.00410
[pinn_controller_node-1] [INFO] [1785227873.223974947] [pinn_franka_controller]: [DEBUG tau] j4: rnea=+22.271 res=-0.449 pd=+0.449 unclipped=+22.271 clipped=+22.271 | j6: rnea=+2.213 res=+0.134 pd=-0.134 unclipped=+2.214 clipped=+2.214 | j7: rnea=+0.001 res=-0.173 pd=+0.177 unclipped=+0.005 clipped=+0.005
[pinn_controller_node-1] [WARN] [1785227873.399141280] [pinn_franka_controller]: Trajectory stale (2.0s > 2.0s) -- holding at last known position via gravity compensation.
[pinn_controller_node-1] [WARN] [1785227874.399711830] [pinn_franka_controller]: Trajectory stale (3.0s > 2.0s) -- holding at last known position via gravity compensation.
[pinn_controller_node-1] [WARN] [1785227875.399724612] [pinn_franka_controller]: Trajectory stale (4.0s > 2.0s) -- holding at last known position via gravity compensation.
[pinn_controller_node-1] [WARN] [1785227876.400704658] [pinn_franka_controller]: Trajectory stale (5.0s > 2.0s) -- holding at last known position via gravity compensation.
[pinn_controller_node-1] [WARN] [1785227877.401696695] [pinn_franka_controller]: Trajectory stale (6.0s > 2.0s) -- holding at last known position via gravity compensation.
[pinn_controller_node-1] [WARN] [1785227878.401834931] [pinn_franka_controller]: Trajectory stale (7.0s > 2.0s) -- holding at last known position via gravity compensation.
[pinn_controller_node-1] [WARN] [1785227879.401854681] [pinn_franka_controller]: Trajectory stale (8.0s > 2.0s) -- holding at last known position via gravity compensation.
[pinn_controller_node-1] [WARN] [1785227880.402694066] [pinn_franka_controller]: Trajectory stale (9.0s > 2.0s) -- holding at last known position via gravity compensation.
[pinn_controller_node-1] [WARN] [1785227881.402788152] [pinn_franka_controller]: Trajectory stale (10.0s > 2.0s) -- holding at last known position via gravity compensation.
[pinn_controller_node-1] [WARN] [1785227882.403815514] [pinn_franka_controller]: Trajectory stale (11.0s > 2.0s) -- holding at last known position via gravity compensation.
[pinn_controller_node-1] [WARN] [1785227883.404654810] [pinn_franka_controller]: Trajectory stale (12.0s > 2.0s) -- holding at last known position via gravity compensation.
[pinn_controller_node-1] [WARN] [1785227884.404673503] [pinn_franka_controller]: Trajectory stale (13.0s > 2.0s) -- holding at last known position via gravity compensation.
[pinn_controller_node-1] [WARN] [1785227885.405009286] [pinn_franka_controller]: Trajectory stale (14.0s > 2.0s) -- holding at last known position via gravity compensation.
[pinn_controller_node-1] [WARN] [1785227886.405793224] [pinn_franka_controller]: Trajectory stale (15.0s > 2.0s) -- holding at last known position via gravity compensation.
[pinn_controller_node-1] [WARN] [1785227887.405820523] [pinn_franka_controller]: Trajectory stale (16.0s > 2.0s) -- holding at last known position via gravity compensation.
[pinn_controller_node-1] [WARN] [1785227888.406691920] [pinn_franka_controller]: Trajectory stale (17.0s > 2.0s) -- holding at last known position via gravity compensation.
[pinn_controller_node-1] [WARN] [1785227889.407028020] [pinn_franka_controller]: Trajectory stale (18.0s > 2.0s) -- holding at last known position via gravity compensation.
[pinn_controller_node-1] [WARN] [1785227890.407742661] [pinn_franka_controller]: Trajectory stale (19.0s > 2.0s) -- holding at last known position via gravity compensation.
[pinn_controller_node-1] [WARN] [1785227891.407967361] [pinn_franka_controller]: Trajectory stale (20.0s > 2.0s) -- holding at last known position via gravity compensation.
[pinn_controller_node-1] [WARN] [1785227892.407978244] [pinn_franka_controller]: Trajectory stale (21.0s > 2.0s) -- holding at last known position via gravity compensation.
[pinn_controller_node-1] [WARN] [1785227893.408729727] [pinn_franka_controller]: Trajectory stale (22.0s > 2.0s) -- holding at last known position via gravity compensation.
[pinn_controller_node-1] [WARN] [1785227894.408988445] [pinn_franka_controller]: Trajectory stale (23.0s > 2.0s) -- holding at last known position via gravity compensation.
[pinn_controller_node-1] [WARN] [1785227895.408999118] [pinn_franka_controller]: Trajectory stale (24.0s > 2.0s) -- holding at last known position via gravity compensation.
[pinn_controller_node-1] [WARN] [1785227896.409784101] [pinn_franka_controller]: Trajectory stale (25.0s > 2.0s) -- holding at last known position via gravity compensation.
[pinn_controller_node-1] [WARN] [1785227897.410302633] [pinn_franka_controller]: Trajectory stale (26.0s > 2.0s) -- holding at last known position via gravity compensation.
[pinn_controller_node-1] [WARN] [1785227898.410665019] [pinn_franka_controller]: Trajectory stale (27.0s > 2.0s) -- holding at last known position via gravity compensation.
[pinn_controller_node-1] [WARN] [1785227899.410921939] [pinn_franka_controller]: Trajectory stale (28.0s > 2.0s) -- holding at last known position via gravity compensation.
[pinn_controller_node-1] [WARN] [1785227900.411887338] [pinn_franka_controller]: Trajectory stale (29.0s > 2.0s) -- holding at last known position via gravity compensation.
[pinn_controller_node-1] [WARN] [1785227901.412702055] [pinn_franka_controller]: Trajectory stale (30.0s > 2.0s) -- holding at last known position via gravity compensation.
[pinn_controller_node-1] [WARN] [1785227902.412769302] [pinn_franka_controller]: Trajectory stale (31.0s > 2.0s) -- holding at last known position via gravity compensation.
[pinn_controller_node-1] [WARN] [1785227903.413655704] [pinn_franka_controller]: Trajectory stale (32.0s > 2.0s) -- holding at last known position via gravity compensation.
[pinn_controller_node-1] [WARN] [1785227904.413703182] [pinn_franka_controller]: Trajectory stale (33.0s > 2.0s) -- holding at last known position via gravity compensation.
[pinn_controller_node-1] [WARN] [1785227905.413790352] [pinn_franka_controller]: Trajectory stale (34.0s > 2.0s) -- holding at last known position via gravity compensation.
[pinn_controller_node-1] [WARN] [1785227906.413811259] [pinn_franka_controller]: Trajectory stale (35.0s > 2.0s) -- holding at last known position via gravity compensation.
[pinn_controller_node-1] [WARN] [1785227907.413846573] [pinn_franka_controller]: Trajectory stale (36.0s > 2.0s) -- holding at last known position via gravity compensation.
[pinn_controller_node-1] [WARN] [1785227908.414721310] [pinn_franka_controller]: Trajectory stale (37.0s > 2.0s) -- holding at last known position via gravity compensation.
[pinn_controller_node-1] [WARN] [1785227909.414722001] [pinn_franka_controller]: Trajectory stale (38.0s > 2.0s) -- holding at last known position via gravity compensation.
[pinn_controller_node-1] [WARN] [1785227910.414730926] [pinn_franka_controller]: Trajectory stale (39.0s > 2.0s) -- holding at last known position via gravity compensation.
[pinn_controller_node-1] [WARN] [1785227911.415749528] [pinn_franka_controller]: Trajectory stale (40.0s > 2.0s) -- holding at last known position via gravity compensation.
[pinn_controller_node-1] [WARN] [1785227912.415903755] [pinn_franka_controller]: Trajectory stale (41.0s > 2.0s) -- holding at last known position via gravity compensation.
[pinn_controller_node-1] [WARN] [1785227913.415908054] [pinn_franka_controller]: Trajectory stale (42.0s > 2.0s) -- holding at last known position via gravity compensation.
[pinn_controller_node-1] [WARN] [1785227914.416454560] [pinn_franka_controller]: Trajectory stale (43.0s > 2.0s) -- holding at last known position via gravity compensation.
[pinn_controller_node-1] [WARN] [1785227915.416699625] [pinn_franka_controller]: Trajectory stale (44.0s > 2.0s) -- holding at last known position via gravity compensation.
[pinn_controller_node-1] [WARN] [1785227916.416719320] [pinn_franka_controller]: Trajectory stale (45.0s > 2.0s) -- holding at last known position via gravity compensation.
[pinn_controller_node-1] [WARN] [1785227917.416760857] [pinn_franka_controller]: Trajectory stale (46.0s > 2.0s) -- holding at last known position via gravity compensation.
[pinn_controller_node-1] [WARN] [1785227918.417360062] [pinn_franka_controller]: Trajectory stale (47.0s > 2.0s) -- holding at last known position via gravity compensation.
[pinn_controller_node-1] [WARN] [1785227919.417793272] [pinn_franka_controller]: Trajectory stale (48.0s > 2.0s) -- holding at last known position via gravity compensation.
[pinn_controller_node-1] [WARN] [1785227920.417876887] [pinn_franka_controller]: Trajectory stale (49.0s > 2.0s) -- holding at last known position via gravity compensation.
[pinn_controller_node-1] [WARN] [1785227921.418776045] [pinn_franka_controller]: Trajectory stale (50.0s > 2.0s) -- holding at last known position via gravity compensation.
[pinn_controller_node-1] [WARN] [1785227922.418850809] [pinn_franka_controller]: Trajectory stale (51.0s > 2.0s) -- holding at last known position via gravity compensation.
[pinn_controller_node-1] [WARN] [1785227923.419709062] [pinn_franka_controller]: Trajectory stale (52.0s > 2.0s) -- holding at last known position via gravity compensation.
[pinn_controller_node-1] [WARN] [1785227924.419894447] [pinn_franka_controller]: Trajectory stale (53.0s > 2.0s) -- holding at last known position via gravity compensation.
[pinn_controller_node-1] [WARN] [1785227925.420739934] [pinn_franka_controller]: Trajectory stale (54.0s > 2.0s) -- holding at last known position via gravity compensation.
[pinn_controller_node-1] [WARN] [1785227926.420963056] [pinn_franka_controller]: Trajectory stale (55.0s > 2.0s) -- holding at last known position via gravity compensation.
[pinn_controller_node-1] [WARN] [1785227927.421003409] [pinn_franka_controller]: Trajectory stale (56.0s > 2.0s) -- holding at last known position via gravity compensation.
[pinn_controller_node-1] [WARN] [1785227928.421772575] [pinn_franka_controller]: Trajectory stale (57.0s > 2.0s) -- holding at last known position via gravity compensation.
[pinn_controller_node-1] [WARN] [1785227929.421859610] [pinn_franka_controller]: Trajectory stale (58.0s > 2.0s) -- holding at last known position via gravity compensation.
[pinn_controller_node-1] [WARN] [1785227930.422573542] [pinn_franka_controller]: Trajectory stale (59.0s > 2.0s) -- holding at last known position via gravity compensation.
[pinn_controller_node-1] [WARN] [1785227931.422677605] [pinn_franka_controller]: Trajectory stale (60.0s > 2.0s) -- holding at last known position via gravity compensation.
[pinn_controller_node-1] [WARN] [1785227932.422758481] [pinn_franka_controller]: Trajectory stale (61.0s > 2.0s) -- holding at last known position via gravity compensation.
[pinn_controller_node-1] [WARN] [1785227933.423723176] [pinn_franka_controller]: Trajectory stale (62.0s > 2.0s) -- holding at last known position via gravity compensation.
[pinn_controller_node-1] [WARN] [1785227934.423959949] [pinn_franka_controller]: Trajectory stale (63.0s > 2.0s) -- holding at last known position via gravity compensation.
[pinn_controller_node-1] [WARN] [1785227935.424442786] [pinn_franka_controller]: Trajectory stale (64.0s > 2.0s) -- holding at last known position via gravity compensation.
[pinn_controller_node-1] [WARN] [1785227936.424690472] [pinn_franka_controller]: Trajectory stale (65.0s > 2.0s) -- holding at last known position via gravity compensation.
[pinn_controller_node-1] [WARN] [1785227937.425708539] [pinn_franka_controller]: Trajectory stale (66.0s > 2.0s) -- holding at last known position via gravity compensation.
[pinn_controller_node-1] [WARN] [1785227938.426759991] [pinn_franka_controller]: Trajectory stale (67.0s > 2.0s) -- holding at last known position via gravity compensation.
[pinn_controller_node-1] [WARN] [1785227939.427728768] [pinn_franka_controller]: Trajectory stale (68.0s > 2.0s) -- holding at last known position via gravity compensation.
[pinn_controller_node-1] [WARN] [1785227940.428536644] [pinn_franka_controller]: Trajectory stale (69.0s > 2.0s) -- holding at last known position via gravity compensation.
[pinn_controller_node-1] [WARN] [1785227941.428711163] [pinn_franka_controller]: Trajectory stale (70.0s > 2.0s) -- holding at last known position via gravity compensation.
[pinn_controller_node-1] [WARN] [1785227942.429706482] [pinn_franka_controller]: Trajectory stale (71.0s > 2.0s) -- holding at last known position via gravity compensation.
[pinn_controller_node-1] [WARN] [1785227943.430662823] [pinn_franka_controller]: Trajectory stale (72.0s > 2.0s) -- holding at last known position via gravity compensation.
[pinn_controller_node-1] [WARN] [1785227944.430798681] [pinn_franka_controller]: Trajectory stale (73.0s > 2.0s) -- holding at last known position via gravity compensation.
[pinn_controller_node-1] [WARN] [1785227945.431744326] [pinn_franka_controller]: Trajectory stale (74.0s > 2.0s) -- holding at last known position via gravity compensation.
[pinn_controller_node-1] [WARN] [1785227946.431786486] [pinn_franka_controller]: Trajectory stale (75.0s > 2.0s) -- holding at last known position via gravity compensation.
[pinn_controller_node-1] [WARN] [1785227947.432722354] [pinn_franka_controller]: Trajectory stale (76.0s > 2.0s) -- holding at last known position via gravity compensation.
[pinn_controller_node-1] [WARN] [1785227948.432784331] [pinn_franka_controller]: Trajectory stale (77.0s > 2.0s) -- holding at last known position via gravity compensation.
[pinn_controller_node-1] [WARN] [1785227949.433786469] [pinn_franka_controller]: Trajectory stale (78.0s > 2.0s) -- holding at last known position via gravity compensation.
[pinn_controller_node-1] [WARN] [1785227950.433841047] [pinn_franka_controller]: Trajectory stale (79.0s > 2.0s) -- holding at last known position via gravity compensation.
[pinn_controller_node-1] [WARN] [1785227951.434786272] [pinn_franka_controller]: Trajectory stale (80.0s > 2.0s) -- holding at last known position via gravity compensation.
[pinn_controller_node-1] [WARN] [1785227952.435120605] [pinn_franka_controller]: Trajectory stale (81.0s > 2.0s) -- holding at last known position via gravity compensation.
[pinn_controller_node-1] [WARN] [1785227953.435706017] [pinn_franka_controller]: Trajectory stale (82.0s > 2.0s) -- holding at last known position via gravity compensation.
[pinn_controller_node-1] [WARN] [1785227954.435755690] [pinn_franka_controller]: Trajectory stale (83.0s > 2.0s) -- holding at last known position via gravity compensation.
[pinn_controller_node-1] [WARN] [1785227955.435866745] [pinn_franka_controller]: Trajectory stale (84.0s > 2.0s) -- holding at last known position via gravity compensation.
[pinn_controller_node-1] [WARN] [1785227956.436073206] [pinn_franka_controller]: Trajectory stale (85.0s > 2.0s) -- holding at last known position via gravity compensation.
[pinn_controller_node-1] [WARN] [1785227957.436696019] [pinn_franka_controller]: Trajectory stale (86.0s > 2.0s) -- holding at last known position via gravity compensation.
[pinn_controller_node-1] [WARN] [1785227958.436930332] [pinn_franka_controller]: Trajectory stale (87.0s > 2.0s) -- holding at last known position via gravity compensation.
[pinn_controller_node-1] [WARN] [1785227959.437117577] [pinn_franka_controller]: Trajectory stale (88.0s > 2.0s) -- holding at last known position via gravity compensation.
[pinn_controller_node-1] [WARN] [1785227960.437220579] [pinn_franka_controller]: Trajectory stale (89.0s > 2.0s) -- holding at last known position via gravity compensation.
[pinn_controller_node-1] [WARN] [1785227961.437895335] [pinn_franka_controller]: Trajectory stale (90.0s > 2.0s) -- holding at last known position via gravity compensation.
[pinn_controller_node-1] [WARN] [1785227962.438046258] [pinn_franka_controller]: Trajectory stale (91.0s > 2.0s) -- holding at last known position via gravity compensation.
[pinn_controller_node-1] [WARN] [1785227963.439023971] [pinn_franka_controller]: Trajectory stale (92.0s > 2.0s) -- holding at last known position via gravity compensation.
[pinn_controller_node-1] [WARN] [1785227964.439876062] [pinn_franka_controller]: Trajectory stale (93.0s > 2.0s) -- holding at last known position via gravity compensation.
[pinn_controller_node-1] [WARN] [1785227965.440523312] [pinn_franka_controller]: Trajectory stale (94.0s > 2.0s) -- holding at last known position via gravity compensation.
[pinn_controller_node-1] [WARN] [1785227966.440856691] [pinn_franka_controller]: Trajectory stale (95.0s > 2.0s) -- holding at last known position via gravity compensation.
[pinn_controller_node-1] [WARN] [1785227967.441756474] [pinn_franka_controller]: Trajectory stale (96.0s > 2.0s) -- holding at last known position via gravity compensation.
[pinn_controller_node-1] [WARN] [1785227968.442704253] [pinn_franka_controller]: Trajectory stale (97.0s > 2.0s) -- holding at last known position via gravity compensation.
[pinn_controller_node-1] [WARN] [1785227969.442870532] [pinn_franka_controller]: Trajectory stale (98.0s > 2.0s) -- holding at last known position via gravity compensation.
[pinn_controller_node-1] [WARN] [1785227970.443007160] [pinn_franka_controller]: Trajectory stale (99.0s > 2.0s) -- holding at last known position via gravity compensation.
[pinn_controller_node-1] [WARN] [1785227971.443665333] [pinn_franka_controller]: Trajectory stale (100.0s > 2.0s) -- holding at last known position via gravity compensation.
[pinn_controller_node-1] [WARN] [1785227972.443802404] [pinn_franka_controller]: Trajectory stale (101.0s > 2.0s) -- holding at last known position via gravity compensation.
[pinn_controller_node-1] [WARN] [1785227973.444724283] [pinn_franka_controller]: Trajectory stale (102.0s > 2.0s) -- holding at last known position via gravity compensation.
[pinn_controller_node-1] [WARN] [1785227974.444729422] [pinn_franka_controller]: Trajectory stale (103.0s > 2.0s) -- holding at last known position via gravity compensation.
[pinn_controller_node-1] [WARN] [1785227975.444882139] [pinn_franka_controller]: Trajectory stale (104.0s > 2.0s) -- holding at last known position via gravity compensation.
[pinn_controller_node-1] [WARN] [1785227976.445736467] [pinn_franka_controller]: Trajectory stale (105.0s > 2.0s) -- holding at last known position via gravity compensation.
[pinn_controller_node-1] [WARN] [1785227977.445739752] [pinn_franka_controller]: Trajectory stale (106.0s > 2.0s) -- holding at last known position via gravity compensation.
[pinn_controller_node-1] [WARN] [1785227978.445970155] [pinn_franka_controller]: Trajectory stale (107.0s > 2.0s) -- holding at last known position via gravity compensation.
[pinn_controller_node-1] [WARN] [1785227979.446976610] [pinn_franka_controller]: Trajectory stale (108.0s > 2.0s) -- holding at last known position via gravity compensation.
[pinn_controller_node-1] [WARN] [1785227980.447383975] [pinn_franka_controller]: Trajectory stale (109.0s > 2.0s) -- holding at last known position via gravity compensation.
[pinn_controller_node-1] [WARN] [1785227981.447794765] [pinn_franka_controller]: Trajectory stale (110.0s > 2.0s) -- holding at last known position via gravity compensation.
[pinn_controller_node-1] [WARN] [1785227982.448653534] [pinn_franka_controller]: Trajectory stale (111.1s > 2.0s) -- holding at last known position via gravity compensation.
[pinn_controller_node-1] [WARN] [1785227983.448880813] [pinn_franka_controller]: Trajectory stale (112.1s > 2.0s) -- holding at last known position via gravity compensation.
[pinn_controller_node-1] [WARN] [1785227984.449736103] [pinn_franka_controller]: Trajectory stale (113.1s > 2.0s) -- holding at last known position via gravity compensation.
[pinn_controller_node-1] [WARN] [1785227985.450696950] [pinn_franka_controller]: Trajectory stale (114.1s > 2.0s) -- holding at last known position via gravity compensation.
[pinn_controller_node-1] [WARN] [1785227986.450966954] [pinn_franka_controller]: Trajectory stale (115.1s > 2.0s) -- holding at last known position via gravity compensation.
[pinn_controller_node-1] [WARN] [1785227987.451700406] [pinn_franka_controller]: Trajectory stale (116.1s > 2.0s) -- holding at last known position via gravity compensation.
[pinn_controller_node-1] [WARN] [1785227988.452692542] [pinn_franka_controller]: Trajectory stale (117.1s > 2.0s) -- holding at last known position via gravity compensation.
[pinn_controller_node-1] [WARN] [1785227989.452722923] [pinn_franka_controller]: Trajectory stale (118.1s > 2.0s) -- holding at last known position via gravity compensation.
[pinn_controller_node-1] [WARN] [1785227990.453736197] [pinn_franka_controller]: Trajectory stale (119.1s > 2.0s) -- holding at last known position via gravity compensation.
[pinn_controller_node-1] [WARN] [1785227991.453852654] [pinn_franka_controller]: Trajectory stale (120.1s > 2.0s) -- holding at last known position via gravity compensation.
[pinn_controller_node-1] [WARN] [1785227992.454659283] [pinn_franka_controller]: Trajectory stale (121.1s > 2.0s) -- holding at last known position via gravity compensation.
[pinn_controller_node-1] [WARN] [1785227993.454883472] [pinn_franka_controller]: Trajectory stale (122.1s > 2.0s) -- holding at last known position via gravity compensation.
[pinn_controller_node-1] [WARN] [1785227994.455839692] [pinn_franka_controller]: Trajectory stale (123.1s > 2.0s) -- holding at last known position via gravity compensation.
[pinn_controller_node-1] [WARN] [1785227995.456690918] [pinn_franka_controller]: Trajectory stale (124.1s > 2.0s) -- holding at last known position via gravity compensation.
[pinn_controller_node-1] [WARN] [1785227996.456700000] [pinn_franka_controller]: Trajectory stale (125.1s > 2.0s) -- holding at last known position via gravity compensation.
[pinn_controller_node-1] [WARN] [1785227997.456979975] [pinn_franka_controller]: Trajectory stale (126.1s > 2.0s) -- holding at last known position via gravity compensation.
[pinn_controller_node-1] [WARN] [1785227998.457815594] [pinn_franka_controller]: Trajectory stale (127.1s > 2.0s) -- holding at last known position via gravity compensation.
[pinn_controller_node-1] [WARN] [1785227999.458724989] [pinn_franka_controller]: Trajectory stale (128.1s > 2.0s) -- holding at last known position via gravity compensation.
[pinn_controller_node-1] [WARN] [1785228000.458817814] [pinn_franka_controller]: Trajectory stale (129.1s > 2.0s) -- holding at last known position via gravity compensation.
[pinn_controller_node-1] [WARN] [1785228001.459700417] [pinn_franka_controller]: Trajectory stale (130.1s > 2.0s) -- holding at last known position via gravity compensation.
[pinn_controller_node-1] [WARN] [1785228002.459893988] [pinn_franka_controller]: Trajectory stale (131.1s > 2.0s) -- holding at last known position via gravity compensation.
[pinn_controller_node-1] [WARN] [1785228003.460861620] [pinn_franka_controller]: Trajectory stale (132.1s > 2.0s) -- holding at last known position via gravity compensation.
[pinn_controller_node-1] [WARN] [1785228004.461501404] [pinn_franka_controller]: Trajectory stale (133.1s > 2.0s) -- holding at last known position via gravity compensation.
[pinn_controller_node-1] [WARN] [1785228005.461750331] [pinn_franka_controller]: Trajectory stale (134.1s > 2.0s) -- holding at last known position via gravity compensation.
[pinn_controller_node-1] [WARN] [1785228006.461761486] [pinn_franka_controller]: Trajectory stale (135.1s > 2.0s) -- holding at last known position via gravity compensation.
[pinn_controller_node-1] [WARN] [1785228007.462740555] [pinn_franka_controller]: Trajectory stale (136.1s > 2.0s) -- holding at last known position via gravity compensation.
[pinn_controller_node-1] [WARN] [1785228008.463133431] [pinn_franka_controller]: Trajectory stale (137.1s > 2.0s) -- holding at last known position via gravity compensation.
[pinn_controller_node-1] [WARN] [1785228009.463687065] [pinn_franka_controller]: Trajectory stale (138.1s > 2.0s) -- holding at last known position via gravity compensation.
[pinn_controller_node-1] [WARN] [1785228010.463737013] [pinn_franka_controller]: Trajectory stale (139.1s > 2.0s) -- holding at last known position via gravity compensation.
[pinn_controller_node-1] [WARN] [1785228011.464101285] [pinn_franka_controller]: Trajectory stale (140.1s > 2.0s) -- holding at last known position via gravity compensation.
[pinn_controller_node-1] [WARN] [1785228012.464649949] [pinn_franka_controller]: Trajectory stale (141.1s > 2.0s) -- holding at last known position via gravity compensation.
[pinn_controller_node-1] [WARN] [1785228013.464736019] [pinn_franka_controller]: Trajectory stale (142.1s > 2.0s) -- holding at last known position via gravity compensation.
[pinn_controller_node-1] [WARN] [1785228014.464919743] [pinn_franka_controller]: Trajectory stale (143.1s > 2.0s) -- holding at last known position via gravity compensation.
[pinn_controller_node-1] [WARN] [1785228015.464936582] [pinn_franka_controller]: Trajectory stale (144.1s > 2.0s) -- holding at last known position via gravity compensation.
[pinn_controller_node-1] [WARN] [1785228016.466451986] [pinn_franka_controller]: Trajectory stale (145.1s > 2.0s) -- holding at last known position via gravity compensation.
[pinn_controller_node-1] [WARN] [1785228017.466709403] [pinn_franka_controller]: Trajectory stale (146.1s > 2.0s) -- holding at last known position via gravity compensation.
[pinn_controller_node-1] [WARN] [1785228018.466767099] [pinn_franka_controller]: Trajectory stale (147.1s > 2.0s) -- holding at last known position via gravity compensation.
[pinn_controller_node-1] [WARN] [1785228019.466829144] [pinn_franka_controller]: Trajectory stale (148.1s > 2.0s) -- holding at last known position via gravity compensation.
[pinn_controller_node-1] [WARN] [1785228020.467699027] [pinn_franka_controller]: Trajectory stale (149.1s > 2.0s) -- holding at last known position via gravity compensation.
[pinn_controller_node-1] [WARN] [1785228021.467864052] [pinn_franka_controller]: Trajectory stale (150.1s > 2.0s) -- holding at last known position via gravity compensation.
[pinn_controller_node-1] [WARN] [1785228022.467961067] [pinn_franka_controller]: Trajectory stale (151.1s > 2.0s) -- holding at last known position via gravity compensation.
[pinn_controller_node-1] [WARN] [1785228023.468776122] [pinn_franka_controller]: Trajectory stale (152.1s > 2.0s) -- holding at last known position via gravity compensation.
[pinn_controller_node-1] [WARN] [1785228024.469744348] [pinn_franka_controller]: Trajectory stale (153.1s > 2.0s) -- holding at last known position via gravity compensation.
[pinn_controller_node-1] [WARN] [1785228025.470727685] [pinn_franka_controller]: Trajectory stale (154.1s > 2.0s) -- holding at last known position via gravity compensation.
[pinn_controller_node-1] [WARN] [1785228026.471709574] [pinn_franka_controller]: Trajectory stale (155.1s > 2.0s) -- holding at last known position via gravity compensation.
[pinn_controller_node-1] [WARN] [1785228027.472720016] [pinn_franka_controller]: Trajectory stale (156.1s > 2.0s) -- holding at last known position via gravity compensation.
[pinn_controller_node-1] [WARN] [1785228028.472964230] [pinn_franka_controller]: Trajectory stale (157.1s > 2.0s) -- holding at last known position via gravity compensation.
[pinn_controller_node-1] [WARN] [1785228029.473850230] [pinn_franka_controller]: Trajectory stale (158.1s > 2.0s) -- holding at last known position via gravity compensation.
[pinn_controller_node-1] [WARN] [1785228030.474057199] [pinn_franka_controller]: Trajectory stale (159.1s > 2.0s) -- holding at last known position via gravity compensation.
[pinn_controller_node-1] [WARN] [1785228031.474633326] [pinn_franka_controller]: Trajectory stale (160.1s > 2.0s) -- holding at last known position via gravity compensation.
[pinn_controller_node-1] [WARN] [1785228032.475294007] [pinn_franka_controller]: Trajectory stale (161.1s > 2.0s) -- holding at last known position via gravity compensation.
[pinn_controller_node-1] [WARN] [1785228033.475734740] [pinn_franka_controller]: Trajectory stale (162.1s > 2.0s) -- holding at last known position via gravity compensation.
[pinn_controller_node-1] [WARN] [1785228034.476003499] [pinn_franka_controller]: Trajectory stale (163.1s > 2.0s) -- holding at last known position via gravity compensation.
[pinn_controller_node-1] [WARN] [1785228035.476751512] [pinn_franka_controller]: Trajectory stale (164.1s > 2.0s) -- holding at last known position via gravity compensation.
[pinn_controller_node-1] [WARN] [1785228036.477737996] [pinn_franka_controller]: Trajectory stale (165.1s > 2.0s) -- holding at last known position via gravity compensation.
[pinn_controller_node-1] [WARN] [1785228037.478493713] [pinn_franka_controller]: Trajectory stale (166.1s > 2.0s) -- holding at last known position via gravity compensation.
[pinn_controller_node-1] [WARN] [1785228038.478658146] [pinn_franka_controller]: Trajectory stale (167.1s > 2.0s) -- holding at last known position via gravity compensation.
[pinn_controller_node-1] [WARN] [1785228039.479725298] [pinn_franka_controller]: Trajectory stale (168.1s > 2.0s) -- holding at last known position via gravity compensation.
[pinn_controller_node-1] [WARN] [1785228040.479788331] [pinn_franka_controller]: Trajectory stale (169.1s > 2.0s) -- holding at last known position via gravity compensation.
[pinn_controller_node-1] [WARN] [1785228041.480677144] [pinn_franka_controller]: Trajectory stale (170.1s > 2.0s) -- holding at last known position via gravity compensation.
[pinn_controller_node-1] [WARN] [1785228042.482024509] [pinn_franka_controller]: Trajectory stale (171.1s > 2.0s) -- holding at last known position via gravity compensation.
[pinn_controller_node-1] [WARN] [1785228043.482758670] [pinn_franka_controller]: Trajectory stale (172.1s > 2.0s) -- holding at last known position via gravity compensation.
[pinn_controller_node-1] [WARN] [1785228044.483252011] [pinn_franka_controller]: Trajectory stale (173.1s > 2.0s) -- holding at last known position via gravity compensation.
[pinn_controller_node-1] [WARN] [1785228045.483705959] [pinn_franka_controller]: Trajectory stale (174.1s > 2.0s) -- holding at last known position via gravity compensation.
[pinn_controller_node-1] [WARN] [1785228046.483731045] [pinn_franka_controller]: Trajectory stale (175.1s > 2.0s) -- holding at last known position via gravity compensation.
[pinn_controller_node-1] [WARN] [1785228047.484722276] [pinn_franka_controller]: Trajectory stale (176.1s > 2.0s) -- holding at last known position via gravity compensation.
[pinn_controller_node-1] [WARN] [1785228048.484803749] [pinn_franka_controller]: Trajectory stale (177.1s > 2.0s) -- holding at last known position via gravity compensation.
[pinn_controller_node-1] [WARN] [1785228049.485018847] [pinn_franka_controller]: Trajectory stale (178.1s > 2.0s) -- holding at last known position via gravity compensation.
[pinn_controller_node-1] [WARN] [1785228050.485934954] [pinn_franka_controller]: Trajectory stale (179.1s > 2.0s) -- holding at last known position via gravity compensation.
[pinn_controller_node-1] [WARN] [1785228051.486048096] [pinn_franka_controller]: Trajectory stale (180.1s > 2.0s) -- holding at last known position via gravity compensation.
[pinn_controller_node-1] [WARN] [1785228052.486914645] [pinn_franka_controller]: Trajectory stale (181.1s > 2.0s) -- holding at last known position via gravity compensation.
[pinn_controller_node-1] [WARN] [1785228053.486929662] [pinn_franka_controller]: Trajectory stale (182.1s > 2.0s) -- holding at last known position via gravity compensation.
[pinn_controller_node-1] [WARN] [1785228054.487828616] [pinn_franka_controller]: Trajectory stale (183.1s > 2.0s) -- holding at last known position via gravity compensation.
[pinn_controller_node-1] [WARN] [1785228055.488757524] [pinn_franka_controller]: Trajectory stale (184.1s > 2.0s) -- holding at last known position via gravity compensation.
[pinn_controller_node-1] [WARN] [1785228056.488834816] [pinn_franka_controller]: Trajectory stale (185.1s > 2.0s) -- holding at last known position via gravity compensation.
[pinn_controller_node-1] [WARN] [1785228057.489710424] [pinn_franka_controller]: Trajectory stale (186.1s > 2.0s) -- holding at last known position via gravity compensation.
[pinn_controller_node-1] [WARN] [1785228058.490809048] [pinn_franka_controller]: Trajectory stale (187.1s > 2.0s) -- holding at last known position via gravity compensation.
[pinn_controller_node-1] [WARN] [1785228059.491001777] [pinn_franka_controller]: Trajectory stale (188.1s > 2.0s) -- holding at last known position via gravity compensation.
[pinn_controller_node-1] [WARN] [1785228060.491715812] [pinn_franka_controller]: Trajectory stale (189.1s > 2.0s) -- holding at last known position via gravity compensation.
[pinn_controller_node-1] [WARN] [1785228061.491799520] [pinn_franka_controller]: Trajectory stale (190.1s > 2.0s) -- holding at last known position via gravity compensation.
[pinn_controller_node-1] [WARN] [1785228062.492101780] [pinn_franka_controller]: Trajectory stale (191.1s > 2.0s) -- holding at last known position via gravity compensation.
[pinn_controller_node-1] [WARN] [1785228063.492707980] [pinn_franka_controller]: Trajectory stale (192.1s > 2.0s) -- holding at last known position via gravity compensation.
[pinn_controller_node-1] [WARN] [1785228064.493711338] [pinn_franka_controller]: Trajectory stale (193.1s > 2.0s) -- holding at last known position via gravity compensation.
[pinn_controller_node-1] [WARN] [1785228065.494251490] [pinn_franka_controller]: Trajectory stale (194.1s > 2.0s) -- holding at last known position via gravity compensation.
[pinn_controller_node-1] [WARN] [1785228066.494689387] [pinn_franka_controller]: Trajectory stale (195.1s > 2.0s) -- holding at last known position via gravity compensation.
[pinn_controller_node-1] [WARN] [1785228067.494835098] [pinn_franka_controller]: Trajectory stale (196.1s > 2.0s) -- holding at last known position via gravity compensation.
[pinn_controller_node-1] [WARN] [1785228068.495234804] [pinn_franka_controller]: Trajectory stale (197.1s > 2.0s) -- holding at last known position via gravity compensation.
[pinn_controller_node-1] [WARN] [1785228069.495520981] [pinn_franka_controller]: Trajectory stale (198.1s > 2.0s) -- holding at last known position via gravity compensation.
[pinn_controller_node-1] [WARN] [1785228070.496202434] [pinn_franka_controller]: Trajectory stale (199.1s > 2.0s) -- holding at last known position via gravity compensation.
[pinn_controller_node-1] [WARN] [1785228071.496704656] [pinn_franka_controller]: Trajectory stale (200.1s > 2.0s) -- holding at last known position via gravity compensation.
[pinn_controller_node-1] [WARN] [1785228072.496740584] [pinn_franka_controller]: Trajectory stale (201.1s > 2.0s) -- holding at last known position via gravity compensation.
[pinn_controller_node-1] [WARN] [1785228073.496757622] [pinn_franka_controller]: Trajectory stale (202.1s > 2.0s) -- holding at last known position via gravity compensation.
[pinn_controller_node-1] [WARN] [1785228074.496793346] [pinn_franka_controller]: Trajectory stale (203.1s > 2.0s) -- holding at last known position via gravity compensation.
[pinn_controller_node-1] [WARN] [1785228075.497811432] [pinn_franka_controller]: Trajectory stale (204.1s > 2.0s) -- holding at last known position via gravity compensation.
[pinn_controller_node-1] [WARN] [1785228076.497904194] [pinn_franka_controller]: Trajectory stale (205.1s > 2.0s) -- holding at last known position via gravity compensation.
[pinn_controller_node-1] [WARN] [1785228077.498714764] [pinn_franka_controller]: Trajectory stale (206.1s > 2.0s) -- holding at last known position via gravity compensation.
[pinn_controller_node-1] [WARN] [1785228078.499688264] [pinn_franka_controller]: Trajectory stale (207.1s > 2.0s) -- holding at last known position via gravity compensation.
[pinn_controller_node-1] [WARN] [1785228079.499813145] [pinn_franka_controller]: Trajectory stale (208.1s > 2.0s) -- holding at last known position via gravity compensation.
[pinn_controller_node-1] [WARN] [1785228080.500694150] [pinn_franka_controller]: Trajectory stale (209.1s > 2.0s) -- holding at last known position via gravity compensation.
[pinn_controller_node-1] [WARN] [1785228081.500936625] [pinn_franka_controller]: Trajectory stale (210.1s > 2.0s) -- holding at last known position via gravity compensation.
[pinn_controller_node-1] [WARN] [1785228082.501721900] [pinn_franka_controller]: Trajectory stale (211.1s > 2.0s) -- holding at last known position via gravity compensation.
[pinn_controller_node-1] [WARN] [1785228083.502392721] [pinn_franka_controller]: Trajectory stale (212.1s > 2.0s) -- holding at last known position via gravity compensation.
[pinn_controller_node-1] [WARN] [1785228084.502856612] [pinn_franka_controller]: Trajectory stale (213.1s > 2.0s) -- holding at last known position via gravity compensation.
[pinn_controller_node-1] [WARN] [1785228085.502883201] [pinn_franka_controller]: Trajectory stale (214.1s > 2.0s) -- holding at last known position via gravity compensation.
[pinn_controller_node-1] [WARN] [1785228086.502947230] [pinn_franka_controller]: Trajectory stale (215.1s > 2.0s) -- holding at last known position via gravity compensation.
[pinn_controller_node-1] [WARN] [1785228087.503064801] [pinn_franka_controller]: Trajectory stale (216.1s > 2.0s) -- holding at last known position via gravity compensation.
[pinn_controller_node-1] [WARN] [1785228088.503799497] [pinn_franka_controller]: Trajectory stale (217.1s > 2.0s) -- holding at last known position via gravity compensation.
[pinn_controller_node-1] [WARN] [1785228089.504754326] [pinn_franka_controller]: Trajectory stale (218.1s > 2.0s) -- holding at last known position via gravity compensation.
[pinn_controller_node-1] [WARN] [1785228090.504904653] [pinn_franka_controller]: Trajectory stale (219.1s > 2.0s) -- holding at last known position via gravity compensation.
[pinn_controller_node-1] [WARN] [1785228091.505698947] [pinn_franka_controller]: Trajectory stale (220.1s > 2.0s) -- holding at last known position via gravity compensation.
[pinn_controller_node-1] [WARN] [1785228092.505699382] [pinn_franka_controller]: Trajectory stale (221.1s > 2.0s) -- holding at last known position via gravity compensation.
[pinn_controller_node-1] [WARN] [1785228093.505920151] [pinn_franka_controller]: Trajectory stale (222.1s > 2.0s) -- holding at last known position via gravity compensation.
[pinn_controller_node-1] [WARN] [1785228094.506638350] [pinn_franka_controller]: Trajectory stale (223.1s > 2.0s) -- holding at last known position via gravity compensation.
[pinn_controller_node-1] [WARN] [1785228095.506978980] [pinn_franka_controller]: Trajectory stale (224.1s > 2.0s) -- holding at last known position via gravity compensation.
[pinn_controller_node-1] [WARN] [1785228096.507196546] [pinn_franka_controller]: Trajectory stale (225.1s > 2.0s) -- holding at last known position via gravity compensation.
[pinn_controller_node-1] [WARN] [1785228097.507224729] [pinn_franka_controller]: Trajectory stale (226.1s > 2.0s) -- holding at last known position via gravity compensation.
[pinn_controller_node-1] [WARN] [1785228098.507724933] [pinn_franka_controller]: Trajectory stale (227.1s > 2.0s) -- holding at last known position via gravity compensation.
[pinn_controller_node-1] [WARN] [1785228099.507734981] [pinn_franka_controller]: Trajectory stale (228.1s > 2.0s) -- holding at last known position via gravity compensation.
[pinn_controller_node-1] [WARN] [1785228100.508227612] [pinn_franka_controller]: Trajectory stale (229.1s > 2.0s) -- holding at last known position via gravity compensation.
[pinn_controller_node-1] [WARN] [1785228101.509194575] [pinn_franka_controller]: Trajectory stale (230.1s > 2.0s) -- holding at last known position via gravity compensation.
[pinn_controller_node-1] [WARN] [1785228102.509690885] [pinn_franka_controller]: Trajectory stale (231.1s > 2.0s) -- holding at last known position via gravity compensation.
[pinn_controller_node-1] [WARN] [1785228103.509703164] [pinn_franka_controller]: Trajectory stale (232.1s > 2.0s) -- holding at last known position via gravity compensation.
[pinn_controller_node-1] [WARN] [1785228104.509708289] [pinn_franka_controller]: Trajectory stale (233.1s > 2.0s) -- holding at last known position via gravity compensation.
[pinn_controller_node-1] [WARN] [1785228105.509752686] [pinn_franka_controller]: Trajectory stale (234.1s > 2.0s) -- holding at last known position via gravity compensation.
[pinn_controller_node-1] [WARN] [1785228106.509909427] [pinn_franka_controller]: Trajectory stale (235.1s > 2.0s) -- holding at last known position via gravity compensation.
[pinn_controller_node-1] [WARN] [1785228107.511227790] [pinn_franka_controller]: Trajectory stale (236.1s > 2.0s) -- holding at last known position via gravity compensation.
[pinn_controller_node-1] [WARN] [1785228108.511753537] [pinn_franka_controller]: Trajectory stale (237.1s > 2.0s) -- holding at last known position via gravity compensation.
[pinn_controller_node-1] [WARN] [1785228109.511872342] [pinn_franka_controller]: Trajectory stale (238.1s > 2.0s) -- holding at last known position via gravity compensation.
[pinn_controller_node-1] [WARN] [1785228110.512723005] [pinn_franka_controller]: Trajectory stale (239.1s > 2.0s) -- holding at last known position via gravity compensation.
[pinn_controller_node-1] [WARN] [1785228111.513706921] [pinn_franka_controller]: Trajectory stale (240.1s > 2.0s) -- holding at last known position via gravity compensation.
[pinn_controller_node-1] [WARN] [1785228112.513819985] [pinn_franka_controller]: Trajectory stale (241.1s > 2.0s) -- holding at last known position via gravity compensation.
[pinn_controller_node-1] [WARN] [1785228113.513966741] [pinn_franka_controller]: Trajectory stale (242.1s > 2.0s) -- holding at last known position via gravity compensation.
[pinn_controller_node-1] [WARN] [1785228114.514663609] [pinn_franka_controller]: Trajectory stale (243.1s > 2.0s) -- holding at last known position via gravity compensation.
[pinn_controller_node-1] [WARN] [1785228115.515689093] [pinn_franka_controller]: Trajectory stale (244.1s > 2.0s) -- holding at last known position via gravity compensation.
[pinn_controller_node-1] [WARN] [1785228116.515718457] [pinn_franka_controller]: Trajectory stale (245.1s > 2.0s) -- holding at last known position via gravity compensation.
[pinn_controller_node-1] [WARN] [1785228117.515805121] [pinn_franka_controller]: Trajectory stale (246.1s > 2.0s) -- holding at last known position via gravity compensation.
[pinn_controller_node-1] [WARN] [1785228118.516625370] [pinn_franka_controller]: Trajectory stale (247.1s > 2.0s) -- holding at last known position via gravity compensation.
[pinn_controller_node-1] [WARN] [1785228119.516849316] [pinn_franka_controller]: Trajectory stale (248.1s > 2.0s) -- holding at last known position via gravity compensation.
[pinn_controller_node-1] [WARN] [1785228120.517730329] [pinn_franka_controller]: Trajectory stale (249.1s > 2.0s) -- holding at last known position via gravity compensation.
[pinn_controller_node-1] [WARN] [1785228121.518233717] [pinn_franka_controller]: Trajectory stale (250.1s > 2.0s) -- holding at last known position via gravity compensation.
[pinn_controller_node-1] [WARN] [1785228122.519308806] [pinn_franka_controller]: Trajectory stale (251.1s > 2.0s) -- holding at last known position via gravity compensation.
[pinn_controller_node-1] [WARN] [1785228123.519703919] [pinn_franka_controller]: Trajectory stale (252.1s > 2.0s) -- holding at last known position via gravity compensation.
[pinn_controller_node-1] [WARN] [1785228124.520167750] [pinn_franka_controller]: Trajectory stale (253.1s > 2.0s) -- holding at last known position via gravity compensation.
[pinn_controller_node-1] [WARN] [1785228125.520802428] [pinn_franka_controller]: Trajectory stale (254.1s > 2.0s) -- holding at last known position via gravity compensation.
[pinn_controller_node-1] [WARN] [1785228126.521697242] [pinn_franka_controller]: Trajectory stale (255.1s > 2.0s) -- holding at last known position via gravity compensation.
[pinn_controller_node-1] [WARN] [1785228127.522681986] [pinn_franka_controller]: Trajectory stale (256.1s > 2.0s) -- holding at last known position via gravity compensation.
[pinn_controller_node-1] [WARN] [1785228128.522810235] [pinn_franka_controller]: Trajectory stale (257.1s > 2.0s) -- holding at last known position via gravity compensation.
[pinn_controller_node-1] [WARN] [1785228129.523688540] [pinn_franka_controller]: Trajectory stale (258.1s > 2.0s) -- holding at last known position via gravity compensation.
[pinn_controller_node-1] [WARN] [1785228130.523770537] [pinn_franka_controller]: Trajectory stale (259.1s > 2.0s) -- holding at last known position via gravity compensation.
[pinn_controller_node-1] [WARN] [1785228131.523774711] [pinn_franka_controller]: Trajectory stale (260.1s > 2.0s) -- holding at last known position via gravity compensation.
[pinn_controller_node-1] [WARN] [1785228132.523912431] [pinn_franka_controller]: Trajectory stale (261.1s > 2.0s) -- holding at last known position via gravity compensation.
[pinn_controller_node-1] [WARN] [1785228133.524820285] [pinn_franka_controller]: Trajectory stale (262.1s > 2.0s) -- holding at last known position via gravity compensation.
[pinn_controller_node-1] [WARN] [1785228134.525248705] [pinn_franka_controller]: Trajectory stale (263.1s > 2.0s) -- holding at last known position via gravity compensation.
[pinn_controller_node-1] [WARN] [1785228135.525960831] [pinn_franka_controller]: Trajectory stale (264.1s > 2.0s) -- holding at last known position via gravity compensation.
[pinn_controller_node-1] [WARN] [1785228136.526038168] [pinn_franka_controller]: Trajectory stale (265.1s > 2.0s) -- holding at last known position via gravity compensation.
[pinn_controller_node-1] [WARN] [1785228137.526779389] [pinn_franka_controller]: Trajectory stale (266.1s > 2.0s) -- holding at last known position via gravity compensation.
[pinn_controller_node-1] [WARN] [1785228138.526901311] [pinn_franka_controller]: Trajectory stale (267.1s > 2.0s) -- holding at last known position via gravity compensation.
[pinn_controller_node-1] [WARN] [1785228139.527724384] [pinn_franka_controller]: Trajectory stale (268.1s > 2.0s) -- holding at last known position via gravity compensation.
[pinn_controller_node-1] [WARN] [1785228140.527775787] [pinn_franka_controller]: Trajectory stale (269.1s > 2.0s) -- holding at last known position via gravity compensation.
[pinn_controller_node-1] [WARN] [1785228141.527853146] [pinn_franka_controller]: Trajectory stale (270.1s > 2.0s) -- holding at last known position via gravity compensation.
[pinn_controller_node-1] [WARN] [1785228142.527874181] [pinn_franka_controller]: Trajectory stale (271.1s > 2.0s) -- holding at last known position via gravity compensation.
[pinn_controller_node-1] [WARN] [1785228143.528726779] [pinn_franka_controller]: Trajectory stale (272.1s > 2.0s) -- holding at last known position via gravity compensation.
[pinn_controller_node-1] [WARN] [1785228144.528760423] [pinn_franka_controller]: Trajectory stale (273.1s > 2.0s) -- holding at last known position via gravity compensation.
[pinn_controller_node-1] [WARN] [1785228145.529125257] [pinn_franka_controller]: Trajectory stale (274.1s > 2.0s) -- holding at last known position via gravity compensation.
[pinn_controller_node-1] [WARN] [1785228146.529705946] [pinn_franka_controller]: Trajectory stale (275.1s > 2.0s) -- holding at last known position via gravity compensation.
[pinn_controller_node-1] [WARN] [1785228147.529869738] [pinn_franka_controller]: Trajectory stale (276.1s > 2.0s) -- holding at last known position via gravity compensation.
[pinn_controller_node-1] [WARN] [1785228148.530048526] [pinn_franka_controller]: Trajectory stale (277.1s > 2.0s) -- holding at last known position via gravity compensation.
[pinn_controller_node-1] [WARN] [1785228149.530929909] [pinn_franka_controller]: Trajectory stale (278.1s > 2.0s) -- holding at last known position via gravity compensation.
[pinn_controller_node-1] [WARN] [1785228150.531794669] [pinn_franka_controller]: Trajectory stale (279.1s > 2.0s) -- holding at last known position via gravity compensation.
[pinn_controller_node-1] [WARN] [1785228151.532704413] [pinn_franka_controller]: Trajectory stale (280.1s > 2.0s) -- holding at last known position via gravity compensation.
[pinn_controller_node-1] [WARN] [1785228152.532935048] [pinn_franka_controller]: Trajectory stale (281.1s > 2.0s) -- holding at last known position via gravity compensation.
[pinn_controller_node-1] [WARN] [1785228153.533748758] [pinn_franka_controller]: Trajectory stale (282.1s > 2.0s) -- holding at last known position via gravity compensation.
[pinn_controller_node-1] [WARN] [1785228154.534696023] [pinn_franka_controller]: Trajectory stale (283.1s > 2.0s) -- holding at last known position via gravity compensation.
[pinn_controller_node-1] [WARN] [1785228155.535017132] [pinn_franka_controller]: Trajectory stale (284.1s > 2.0s) -- holding at last known position via gravity compensation.
[pinn_controller_node-1] [WARN] [1785228156.535733918] [pinn_franka_controller]: Trajectory stale (285.1s > 2.0s) -- holding at last known position via gravity compensation.
[pinn_controller_node-1] [WARN] [1785228157.535860547] [pinn_franka_controller]: Trajectory stale (286.1s > 2.0s) -- holding at last known position via gravity compensation.
[pinn_controller_node-1] [WARN] [1785228158.536787009] [pinn_franka_controller]: Trajectory stale (287.1s > 2.0s) -- holding at last known position via gravity compensation.
[pinn_controller_node-1] [WARN] [1785228159.537704492] [pinn_franka_controller]: Trajectory stale (288.1s > 2.0s) -- holding at last known position via gravity compensation.
[pinn_controller_node-1] [WARN] [1785228160.538394265] [pinn_franka_controller]: Trajectory stale (289.1s > 2.0s) -- holding at last known position via gravity compensation.
[pinn_controller_node-1] [WARN] [1785228161.538697139] [pinn_franka_controller]: Trajectory stale (290.1s > 2.0s) -- holding at last known position via gravity compensation.
[pinn_controller_node-1] [WARN] [1785228162.539074046] [pinn_franka_controller]: Trajectory stale (291.1s > 2.0s) -- holding at last known position via gravity compensation.
[pinn_controller_node-1] [WARN] [1785228163.539129851] [pinn_franka_controller]: Trajectory stale (292.1s > 2.0s) -- holding at last known position via gravity compensation.
[pinn_controller_node-1] [WARN] [1785228164.539784494] [pinn_franka_controller]: Trajectory stale (293.1s > 2.0s) -- holding at last known position via gravity compensation.
[pinn_controller_node-1] [WARN] [1785228165.540741638] [pinn_franka_controller]: Trajectory stale (294.1s > 2.0s) -- holding at last known position via gravity compensation.
[pinn_controller_node-1] [WARN] [1785228166.541126687] [pinn_franka_controller]: Trajectory stale (295.1s > 2.0s) -- holding at last known position via gravity compensation.
[pinn_controller_node-1] [WARN] [1785228167.541857106] [pinn_franka_controller]: Trajectory stale (296.1s > 2.0s) -- holding at last known position via gravity compensation.
[pinn_controller_node-1] [WARN] [1785228168.542128643] [pinn_franka_controller]: Trajectory stale (297.1s > 2.0s) -- holding at last known position via gravity compensation.
[pinn_controller_node-1] [WARN] [1785228169.542242838] [pinn_franka_controller]: Trajectory stale (298.1s > 2.0s) -- holding at last known position via gravity compensation.
[pinn_controller_node-1] [WARN] [1785228170.542756689] [pinn_franka_controller]: Trajectory stale (299.1s > 2.0s) -- holding at last known position via gravity compensation.
[pinn_controller_node-1] [WARN] [1785228171.542785366] [pinn_franka_controller]: Trajectory stale (300.1s > 2.0s) -- holding at last known position via gravity compensation.
[pinn_controller_node-1] [WARN] [1785228172.543761096] [pinn_franka_controller]: Trajectory stale (301.1s > 2.0s) -- holding at last known position via gravity compensation.
[pinn_controller_node-1] [WARN] [1785228173.543796739] [pinn_franka_controller]: Trajectory stale (302.1s > 2.0s) -- holding at last known position via gravity compensation.
[pinn_controller_node-1] [WARN] [1785228174.544688538] [pinn_franka_controller]: Trajectory stale (303.1s > 2.0s) -- holding at last known position via gravity compensation.
[pinn_controller_node-1] [WARN] [1785228175.544873307] [pinn_franka_controller]: Trajectory stale (304.1s > 2.0s) -- holding at last known position via gravity compensation.
[pinn_controller_node-1] [WARN] [1785228176.545741006] [pinn_franka_controller]: Trajectory stale (305.1s > 2.0s) -- holding at last known position via gravity compensation.
[pinn_controller_node-1] [WARN] [1785228177.545896167] [pinn_franka_controller]: Trajectory stale (306.1s > 2.0s) -- holding at last known position via gravity compensation.
[pinn_controller_node-1] [WARN] [1785228178.546664463] [pinn_franka_controller]: Trajectory stale (307.1s > 2.0s) -- holding at last known position via gravity compensation.
[pinn_controller_node-1] [WARN] [1785228179.546699910] [pinn_franka_controller]: Trajectory stale (308.1s > 2.0s) -- holding at last known position via gravity compensation.
[pinn_controller_node-1] [WARN] [1785228180.546727889] [pinn_franka_controller]: Trajectory stale (309.1s > 2.0s) -- holding at last known position via gravity compensation.
[pinn_controller_node-1] [WARN] [1785228181.546736203] [pinn_franka_controller]: Trajectory stale (310.1s > 2.0s) -- holding at last known position via gravity compensation.
[pinn_controller_node-1] [WARN] [1785228182.546900579] [pinn_franka_controller]: Trajectory stale (311.1s > 2.0s) -- holding at last known position via gravity compensation.
[pinn_controller_node-1] [WARN] [1785228183.547759330] [pinn_franka_controller]: Trajectory stale (312.1s > 2.0s) -- holding at last known position via gravity compensation.
[pinn_controller_node-1] [WARN] [1785228184.548693355] [pinn_franka_controller]: Trajectory stale (313.2s > 2.0s) -- holding at last known position via gravity compensation.
[pinn_controller_node-1] [WARN] [1785228185.548954303] [pinn_franka_controller]: Trajectory stale (314.2s > 2.0s) -- holding at last known position via gravity compensation.
[pinn_controller_node-1] [WARN] [1785228186.549723720] [pinn_franka_controller]: Trajectory stale (315.2s > 2.0s) -- holding at last known position via gravity compensation.
[pinn_controller_node-1] [WARN] [1785228187.550597147] [pinn_franka_controller]: Trajectory stale (316.2s > 2.0s) -- holding at last known position via gravity compensation.
[pinn_controller_node-1] [WARN] [1785228188.550670851] [pinn_franka_controller]: Trajectory stale (317.2s > 2.0s) -- holding at last known position via gravity compensation.
[pinn_controller_node-1] [WARN] [1785228189.550719036] [pinn_franka_controller]: Trajectory stale (318.2s > 2.0s) -- holding at last known position via gravity compensation.
[pinn_controller_node-1] [WARN] [1785228190.551710947] [pinn_franka_controller]: Trajectory stale (319.2s > 2.0s) -- holding at last known position via gravity compensation.
[pinn_controller_node-1] [WARN] [1785228191.552741816] [pinn_franka_controller]: Trajectory stale (320.2s > 2.0s) -- holding at last known position via gravity compensation.
[pinn_controller_node-1] [WARN] [1785228192.553689110] [pinn_franka_controller]: Trajectory stale (321.2s > 2.0s) -- holding at last known position via gravity compensation.
[pinn_controller_node-1] [WARN] [1785228193.553706120] [pinn_franka_controller]: Trajectory stale (322.2s > 2.0s) -- holding at last known position via gravity compensation.
[pinn_controller_node-1] [WARN] [1785228194.553837621] [pinn_franka_controller]: Trajectory stale (323.2s > 2.0s) -- holding at last known position via gravity compensation.
[pinn_controller_node-1] [WARN] [1785228195.554541982] [pinn_franka_controller]: Trajectory stale (324.2s > 2.0s) -- holding at last known position via gravity compensation.
[pinn_controller_node-1] [WARN] [1785228196.554732889] [pinn_franka_controller]: Trajectory stale (325.2s > 2.0s) -- holding at last known position via gravity compensation.
[pinn_controller_node-1] [WARN] [1785228197.555738719] [pinn_franka_controller]: Trajectory stale (326.2s > 2.0s) -- holding at last known position via gravity compensation.
[pinn_controller_node-1] [WARN] [1785228198.556699582] [pinn_franka_controller]: Trajectory stale (327.2s > 2.0s) -- holding at last known position via gravity compensation.
[pinn_controller_node-1] [WARN] [1785228199.556768647] [pinn_franka_controller]: Trajectory stale (328.2s > 2.0s) -- holding at last known position via gravity compensation.
[pinn_controller_node-1] [WARN] [1785228200.557716393] [pinn_franka_controller]: Trajectory stale (329.2s > 2.0s) -- holding at last known position via gravity compensation.
[pinn_controller_node-1] [WARN] [1785228201.558064451] [pinn_franka_controller]: Trajectory stale (330.2s > 2.0s) -- holding at last known position via gravity compensation.
[pinn_controller_node-1] [WARN] [1785228202.559435138] [pinn_franka_controller]: Trajectory stale (331.2s > 2.0s) -- holding at last known position via gravity compensation.
[pinn_controller_node-1] [WARN] [1785228203.559801631] [pinn_franka_controller]: Trajectory stale (332.2s > 2.0s) -- holding at last known position via gravity compensation.
[pinn_controller_node-1] [WARN] [1785228204.560661481] [pinn_franka_controller]: Trajectory stale (333.2s > 2.0s) -- holding at last known position via gravity compensation.
[pinn_controller_node-1] [WARN] [1785228205.560691602] [pinn_franka_controller]: Trajectory stale (334.2s > 2.0s) -- holding at last known position via gravity compensation.
[pinn_controller_node-1] [WARN] [1785228206.560989515] [pinn_franka_controller]: Trajectory stale (335.2s > 2.0s) -- holding at last known position via gravity compensation.
[pinn_controller_node-1] [WARN] [1785228207.561796402] [pinn_franka_controller]: Trajectory stale (336.2s > 2.0s) -- holding at last known position via gravity compensation.
[pinn_controller_node-1] [WARN] [1785228208.561916489] [pinn_franka_controller]: Trajectory stale (337.2s > 2.0s) -- holding at last known position via gravity compensation.
[pinn_controller_node-1] [WARN] [1785228209.562787301] [pinn_franka_controller]: Trajectory stale (338.2s > 2.0s) -- holding at last known position via gravity compensation.
[pinn_controller_node-1] [WARN] [1785228210.563701870] [pinn_franka_controller]: Trajectory stale (339.2s > 2.0s) -- holding at last known position via gravity compensation.
[pinn_controller_node-1] [WARN] [1785228211.563805122] [pinn_franka_controller]: Trajectory stale (340.2s > 2.0s) -- holding at last known position via gravity compensation.
[pinn_controller_node-1] [WARN] [1785228212.563864773] [pinn_franka_controller]: Trajectory stale (341.2s > 2.0s) -- holding at last known position via gravity compensation.
[pinn_controller_node-1] [WARN] [1785228213.564101510] [pinn_franka_controller]: Trajectory stale (342.2s > 2.0s) -- holding at last known position via gravity compensation.
[pinn_controller_node-1] [WARN] [1785228214.564770310] [pinn_franka_controller]: Trajectory stale (343.2s > 2.0s) -- holding at last known position via gravity compensation.
[pinn_controller_node-1] [WARN] [1785228215.565693781] [pinn_franka_controller]: Trajectory stale (344.2s > 2.0s) -- holding at last known position via gravity compensation.
[pinn_controller_node-1] [WARN] [1785228216.565707980] [pinn_franka_controller]: Trajectory stale (345.2s > 2.0s) -- holding at last known position via gravity compensation.
[pinn_controller_node-1] [WARN] [1785228217.566685334] [pinn_franka_controller]: Trajectory stale (346.2s > 2.0s) -- holding at last known position via gravity compensation.
[pinn_controller_node-1] [WARN] [1785228218.567693645] [pinn_franka_controller]: Trajectory stale (347.2s > 2.0s) -- holding at last known position via gravity compensation.
[pinn_controller_node-1] [WARN] [1785228219.568218457] [pinn_franka_controller]: Trajectory stale (348.2s > 2.0s) -- holding at last known position via gravity compensation.
[pinn_controller_node-1] [WARN] [1785228220.568763401] [pinn_franka_controller]: Trajectory stale (349.2s > 2.0s) -- holding at last known position via gravity compensation.
[pinn_controller_node-1] [WARN] [1785228221.569154149] [pinn_franka_controller]: Trajectory stale (350.2s > 2.0s) -- holding at last known position via gravity compensation.
[pinn_controller_node-1] [WARN] [1785228222.569725286] [pinn_franka_controller]: Trajectory stale (351.2s > 2.0s) -- holding at last known position via gravity compensation.
[pinn_controller_node-1] [WARN] [1785228223.570843869] [pinn_franka_controller]: Trajectory stale (352.2s > 2.0s) -- holding at last known position via gravity compensation.
[pinn_controller_node-1] [WARN] [1785228224.571709445] [pinn_franka_controller]: Trajectory stale (353.2s > 2.0s) -- holding at last known position via gravity compensation.
[pinn_controller_node-1] [WARN] [1785228225.571743054] [pinn_franka_controller]: Trajectory stale (354.2s > 2.0s) -- holding at last known position via gravity compensation.
[pinn_controller_node-1] [WARN] [1785228226.572221642] [pinn_franka_controller]: Trajectory stale (355.2s > 2.0s) -- holding at last known position via gravity compensation.
[pinn_controller_node-1] [WARN] [1785228227.572732490] [pinn_franka_controller]: Trajectory stale (356.2s > 2.0s) -- holding at last known position via gravity compensation.
[pinn_controller_node-1] [WARN] [1785228228.573698227] [pinn_franka_controller]: Trajectory stale (357.2s > 2.0s) -- holding at last known position via gravity compensation.
[pinn_controller_node-1] [WARN] [1785228229.573858259] [pinn_franka_controller]: Trajectory stale (358.2s > 2.0s) -- holding at last known position via gravity compensation.
[pinn_controller_node-1] [WARN] [1785228230.574656342] [pinn_franka_controller]: Trajectory stale (359.2s > 2.0s) -- holding at last known position via gravity compensation.
[pinn_controller_node-1] [WARN] [1785228231.575238799] [pinn_franka_controller]: Trajectory stale (360.2s > 2.0s) -- holding at last known position via gravity compensation.
[pinn_controller_node-1] [WARN] [1785228232.575742727] [pinn_franka_controller]: Trajectory stale (361.2s > 2.0s) -- holding at last known position via gravity compensation.
[pinn_controller_node-1] [WARN] [1785228233.576715999] [pinn_franka_controller]: Trajectory stale (362.2s > 2.0s) -- holding at last known position via gravity compensation.
[pinn_controller_node-1] [WARN] [1785228234.577228851] [pinn_franka_controller]: Trajectory stale (363.2s > 2.0s) -- holding at last known position via gravity compensation.
[pinn_controller_node-1] [WARN] [1785228235.577241962] [pinn_franka_controller]: Trajectory stale (364.2s > 2.0s) -- holding at last known position via gravity compensation.
[pinn_controller_node-1] [WARN] [1785228236.577754805] [pinn_franka_controller]: Trajectory stale (365.2s > 2.0s) -- holding at last known position via gravity compensation.
[pinn_controller_node-1] [WARN] [1785228237.577998394] [pinn_franka_controller]: Trajectory stale (366.2s > 2.0s) -- holding at last known position via gravity compensation.
[pinn_controller_node-1] [WARN] [1785228238.578779669] [pinn_franka_controller]: Trajectory stale (367.2s > 2.0s) -- holding at last known position via gravity compensation.
[pinn_controller_node-1] [WARN] [1785228239.579651164] [pinn_franka_controller]: Trajectory stale (368.2s > 2.0s) -- holding at last known position via gravity compensation.
[pinn_controller_node-1] [WARN] [1785228240.579704312] [pinn_franka_controller]: Trajectory stale (369.2s > 2.0s) -- holding at last known position via gravity compensation.
[pinn_controller_node-1] [WARN] [1785228241.579790714] [pinn_franka_controller]: Trajectory stale (370.2s > 2.0s) -- holding at last known position via gravity compensation.
[pinn_controller_node-1] [WARN] [1785228242.581126052] [pinn_franka_controller]: Trajectory stale (371.2s > 2.0s) -- holding at last known position via gravity compensation.
[pinn_controller_node-1] [WARN] [1785228243.581776015] [pinn_franka_controller]: Trajectory stale (372.2s > 2.0s) -- holding at last known position via gravity compensation.
[pinn_controller_node-1] [WARN] [1785228244.581810751] [pinn_franka_controller]: Trajectory stale (373.2s > 2.0s) -- holding at last known position via gravity compensation.
[pinn_controller_node-1] [WARN] [1785228245.582741887] [pinn_franka_controller]: Trajectory stale (374.2s > 2.0s) -- holding at last known position via gravity compensation.
[pinn_controller_node-1] [WARN] [1785228246.583709353] [pinn_franka_controller]: Trajectory stale (375.2s > 2.0s) -- holding at last known position via gravity compensation.
[pinn_controller_node-1] [WARN] [1785228247.583789656] [pinn_franka_controller]: Trajectory stale (376.2s > 2.0s) -- holding at last known position via gravity compensation.
[pinn_controller_node-1] [WARN] [1785228248.583954296] [pinn_franka_controller]: Trajectory stale (377.2s > 2.0s) -- holding at last known position via gravity compensation.
[pinn_controller_node-1] [WARN] [1785228249.584715382] [pinn_franka_controller]: Trajectory stale (378.2s > 2.0s) -- holding at last known position via gravity compensation.
[pinn_controller_node-1] [WARN] [1785228250.585696097] [pinn_franka_controller]: Trajectory stale (379.2s > 2.0s) -- holding at last known position via gravity compensation.
[pinn_controller_node-1] [WARN] [1785228251.586669198] [pinn_franka_controller]: Trajectory stale (380.2s > 2.0s) -- holding at last known position via gravity compensation.
[pinn_controller_node-1] [WARN] [1785228252.586687471] [pinn_franka_controller]: Trajectory stale (381.2s > 2.0s) -- holding at last known position via gravity compensation.
[pinn_controller_node-1] [WARN] [1785228253.586708912] [pinn_franka_controller]: Trajectory stale (382.2s > 2.0s) -- holding at last known position via gravity compensation.
[pinn_controller_node-1] [WARN] [1785228254.587329547] [pinn_franka_controller]: Trajectory stale (383.2s > 2.0s) -- holding at last known position via gravity compensation.
[pinn_controller_node-1] [WARN] [1785228255.587879445] [pinn_franka_controller]: Trajectory stale (384.2s > 2.0s) -- holding at last known position via gravity compensation.
[pinn_controller_node-1] [WARN] [1785228256.588089798] [pinn_franka_controller]: Trajectory stale (385.2s > 2.0s) -- holding at last known position via gravity compensation.
[pinn_controller_node-1] [WARN] [1785228257.588241897] [pinn_franka_controller]: Trajectory stale (386.2s > 2.0s) -- holding at last known position via gravity compensation.
[pinn_controller_node-1] [WARN] [1785228258.588704524] [pinn_franka_controller]: Trajectory stale (387.2s > 2.0s) -- holding at last known position via gravity compensation.
[pinn_controller_node-1] [WARN] [1785228259.589034659] [pinn_franka_controller]: Trajectory stale (388.2s > 2.0s) -- holding at last known position via gravity compensation.
[pinn_controller_node-1] [WARN] [1785228260.590032878] [pinn_franka_controller]: Trajectory stale (389.2s > 2.0s) -- holding at last known position via gravity compensation.
[pinn_controller_node-1] [WARN] [1785228261.590759404] [pinn_franka_controller]: Trajectory stale (390.2s > 2.0s) -- holding at last known position via gravity compensation.
[pinn_controller_node-1] [WARN] [1785228262.591724067] [pinn_franka_controller]: Trajectory stale (391.2s > 2.0s) -- holding at last known position via gravity compensation.
[pinn_controller_node-1] [WARN] [1785228263.592361308] [pinn_franka_controller]: Trajectory stale (392.2s > 2.0s) -- holding at last known position via gravity compensation.
[pinn_controller_node-1] [WARN] [1785228264.592988653] [pinn_franka_controller]: Trajectory stale (393.2s > 2.0s) -- holding at last known position via gravity compensation.
[pinn_controller_node-1] [WARN] [1785228265.593742254] [pinn_franka_controller]: Trajectory stale (394.2s > 2.0s) -- holding at last known position via gravity compensation.
[pinn_controller_node-1] [WARN] [1785228266.593852159] [pinn_franka_controller]: Trajectory stale (395.2s > 2.0s) -- holding at last known position via gravity compensation.
[pinn_controller_node-1] [WARN] [1785228267.594744135] [pinn_franka_controller]: Trajectory stale (396.2s > 2.0s) -- holding at last known position via gravity compensation.
[pinn_controller_node-1] [WARN] [1785228268.595687275] [pinn_franka_controller]: Trajectory stale (397.2s > 2.0s) -- holding at last known position via gravity compensation.
[pinn_controller_node-1] [WARN] [1785228269.596124060] [pinn_franka_controller]: Trajectory stale (398.2s > 2.0s) -- holding at last known position via gravity compensation.
[pinn_controller_node-1] [WARN] [1785228270.597199806] [pinn_franka_controller]: Trajectory stale (399.2s > 2.0s) -- holding at last known position via gravity compensation.
[pinn_controller_node-1] [WARN] [1785228271.597703832] [pinn_franka_controller]: Trajectory stale (400.2s > 2.0s) -- holding at last known position via gravity compensation.
[pinn_controller_node-1] [WARN] [1785228272.597720446] [pinn_franka_controller]: Trajectory stale (401.2s > 2.0s) -- holding at last known position via gravity compensation.
[pinn_controller_node-1] [WARN] [1785228273.598756117] [pinn_franka_controller]: Trajectory stale (402.2s > 2.0s) -- holding at last known position via gravity compensation.
[pinn_controller_node-1] [WARN] [1785228274.599724611] [pinn_franka_controller]: Trajectory stale (403.2s > 2.0s) -- holding at last known position via gravity compensation.
[pinn_controller_node-1] [WARN] [1785228275.599871808] [pinn_franka_controller]: Trajectory stale (404.2s > 2.0s) -- holding at last known position via gravity compensation.
[pinn_controller_node-1] [WARN] [1785228276.600668458] [pinn_franka_controller]: Trajectory stale (405.2s > 2.0s) -- holding at last known position via gravity compensation.
[pinn_controller_node-1] [WARN] [1785228277.600792186] [pinn_franka_controller]: Trajectory stale (406.2s > 2.0s) -- holding at last known position via gravity compensation.
[pinn_controller_node-1] [WARN] [1785228278.601692690] [pinn_franka_controller]: Trajectory stale (407.2s > 2.0s) -- holding at last known position via gravity compensation.
[pinn_controller_node-1] [WARN] [1785228279.601754964] [pinn_franka_controller]: Trajectory stale (408.2s > 2.0s) -- holding at last known position via gravity compensation.
[pinn_controller_node-1] [WARN] [1785228280.602661072] [pinn_franka_controller]: Trajectory stale (409.2s > 2.0s) -- holding at last known position via gravity compensation.
[pinn_controller_node-1] [WARN] [1785228281.603260889] [pinn_franka_controller]: Trajectory stale (410.2s > 2.0s) -- holding at last known position via gravity compensation.
[pinn_controller_node-1] [WARN] [1785228282.603697693] [pinn_franka_controller]: Trajectory stale (411.2s > 2.0s) -- holding at last known position via gravity compensation.
[pinn_controller_node-1] [WARN] [1785228283.603882877] [pinn_franka_controller]: Trajectory stale (412.2s > 2.0s) -- holding at last known position via gravity compensation.
[pinn_controller_node-1] [WARN] [1785228284.604654550] [pinn_franka_controller]: Trajectory stale (413.2s > 2.0s) -- holding at last known position via gravity compensation.
[pinn_controller_node-1] [WARN] [1785228285.604835633] [pinn_franka_controller]: Trajectory stale (414.2s > 2.0s) -- holding at last known position via gravity compensation.
[pinn_controller_node-1] [WARN] [1785228286.605758117] [pinn_franka_controller]: Trajectory stale (415.2s > 2.0s) -- holding at last known position via gravity compensation.
[pinn_controller_node-1] [WARN] [1785228287.606696013] [pinn_franka_controller]: Trajectory stale (416.2s > 2.0s) -- holding at last known position via gravity compensation.
[pinn_controller_node-1] [WARN] [1785228288.606699871] [pinn_franka_controller]: Trajectory stale (417.2s > 2.0s) -- holding at last known position via gravity compensation.
[pinn_controller_node-1] [WARN] [1785228289.607695372] [pinn_franka_controller]: Trajectory stale (418.2s > 2.0s) -- holding at last known position via gravity compensation.
[pinn_controller_node-1] [WARN] [1785228290.607922337] [pinn_franka_controller]: Trajectory stale (419.2s > 2.0s) -- holding at last known position via gravity compensation.
[pinn_controller_node-1] [WARN] [1785228291.608760892] [pinn_franka_controller]: Trajectory stale (420.2s > 2.0s) -- holding at last known position via gravity compensation.
[pinn_controller_node-1] [WARN] [1785228292.609715953] [pinn_franka_controller]: Trajectory stale (421.2s > 2.0s) -- holding at last known position via gravity compensation.
[pinn_controller_node-1] [WARN] [1785228293.610717466] [pinn_franka_controller]: Trajectory stale (422.2s > 2.0s) -- holding at last known position via gravity compensation.
[pinn_controller_node-1] [WARN] [1785228294.610812068] [pinn_franka_controller]: Trajectory stale (423.2s > 2.0s) -- holding at last known position via gravity compensation.
[pinn_controller_node-1] [WARN] [1785228295.611693721] [pinn_franka_controller]: Trajectory stale (424.2s > 2.0s) -- holding at last known position via gravity compensation.
[pinn_controller_node-1] [WARN] [1785228296.611697475] [pinn_franka_controller]: Trajectory stale (425.2s > 2.0s) -- holding at last known position via gravity compensation.
[pinn_controller_node-1] [WARN] [1785228297.611719883] [pinn_franka_controller]: Trajectory stale (426.2s > 2.0s) -- holding at last known position via gravity compensation.
[pinn_controller_node-1] [WARN] [1785228298.611928504] [pinn_franka_controller]: Trajectory stale (427.2s > 2.0s) -- holding at last known position via gravity compensation.
[pinn_controller_node-1] [WARN] [1785228299.612715880] [pinn_franka_controller]: Trajectory stale (428.2s > 2.0s) -- holding at last known position via gravity compensation.
[pinn_controller_node-1] [WARN] [1785228300.613711704] [pinn_franka_controller]: Trajectory stale (429.2s > 2.0s) -- holding at last known position via gravity compensation.
[pinn_controller_node-1] [INFO] [1785228300.880542751] [pinn_franka_controller]: New trajectory received with 14 points.
[pinn_controller_node-1] [INFO] [1785228300.881164435] [pinn_franka_controller]: [DEBUG e] j4: q_des=-1.6637 q_meas=-1.6637 e=+0.0000 qdot=-0.00000 | j6: q_des=+1.5462 q_meas=+1.5462 e=-0.0000 qdot=-0.00000 | j7: q_des=-0.7859 q_meas=-0.7859 e=+0.0000 qdot=-0.00000
[pinn_controller_node-1] [INFO] [1785228300.884196155] [pinn_franka_controller]: [DEBUG tau] j4: rnea=+22.883 res=-0.468 pd=+0.021 unclipped=+22.436 clipped=+22.436 | j6: rnea=+1.889 res=+0.136 pd=-0.011 unclipped=+2.014 clipped=+2.014 | j7: rnea=+0.001 res=-0.110 pd=+0.000 unclipped=-0.108 clipped=-0.108
[pinn_controller_node-1] [INFO] [1785228301.881572712] [pinn_franka_controller]: [DEBUG e] j4: q_des=-1.3339 q_meas=-1.3479 e=+0.0140 qdot=+0.22209 | j6: q_des=+1.2629 q_meas=+1.2889 e=-0.0260 qdot=-0.20174 | j7: q_des=-0.7695 q_meas=-0.7812 e=+0.0117 qdot=-0.00065
[pinn_controller_node-1] [INFO] [1785228301.884185637] [pinn_franka_controller]: [DEBUG tau] j4: rnea=+20.800 res=-0.567 pd=+0.678 unclipped=+20.911 clipped=+20.911 | j6: rnea=+1.768 res=+0.284 pd=-0.413 unclipped=+1.639 clipped=+1.639 | j7: rnea=-0.000 res=-0.191 pd=+0.187 unclipped=-0.005 clipped=-0.005
[pinn_controller_node-1] [INFO] [1785228302.115388044] [pinn_franka_controller]: New trajectory received with 1 points.
[pinn_controller_node-1] [INFO] [1785228302.134026625] [pinn_franka_controller]: New trajectory received with 13 points.
[pinn_controller_node-1] [INFO] [1785228302.881887234] [pinn_franka_controller]: [DEBUG e] j4: q_des=-1.5011 q_meas=-1.5063 e=+0.0052 qdot=-0.30097 | j6: q_des=+1.3635 q_meas=+1.3601 e=+0.0034 qdot=+0.16707 | j7: q_des=-0.5797 q_meas=-0.6211 e=+0.0414 qdot=+0.30605
[pinn_controller_node-1] [INFO] [1785228302.884507748] [pinn_franka_controller]: [DEBUG tau] j4: rnea=+21.545 res=-0.540 pd=+0.384 unclipped=+21.388 clipped=+21.388 | j6: rnea=+1.903 res=+0.067 pd=+0.077 unclipped=+2.046 clipped=+2.046 | j7: rnea=-0.000 res=-0.337 pd=+0.575 unclipped=+0.239 clipped=+0.239
[pinn_controller_node-1] [INFO] [1785228303.295978818] [pinn_franka_controller]: New trajectory received with 1 points.
[pinn_controller_node-1] [INFO] [1785228303.316805672] [pinn_franka_controller]: New trajectory received with 11 points.
[pinn_controller_node-1] [INFO] [1785228303.882670070] [pinn_franka_controller]: [DEBUG e] j4: q_des=-1.6592 q_meas=-1.6646 e=+0.0055 qdot=-0.23328 | j6: q_des=+1.5175 q_meas=+1.5098 e=+0.0077 qdot=+0.28186 | j7: q_des=-0.3261 q_meas=-0.3747 e=+0.0486 qdot=+0.48244
[pinn_controller_node-1] [INFO] [1785228303.885211686] [pinn_franka_controller]: [DEBUG tau] j4: rnea=+21.889 res=-0.528 pd=+0.511 unclipped=+21.872 clipped=+21.872 | j6: rnea=+2.104 res=-0.002 pd=+0.239 unclipped=+2.341 clipped=+2.341 | j7: rnea=-0.003 res=-0.491 pd=+0.856 unclipped=+0.361 clipped=+0.361
[pinn_controller_node-1] [INFO] [1785228304.245507949] [pinn_franka_controller]: New trajectory received with 1 points.
[pinn_controller_node-1] [INFO] [1785228304.262693534] [pinn_franka_controller]: New trajectory received with 11 points.
[pinn_controller_node-1] [INFO] [1785228304.883364588] [pinn_franka_controller]: [DEBUG e] j4: q_des=-1.7757 q_meas=-1.7808 e=+0.0051 qdot=-0.13386 | j6: q_des=+1.5816 q_meas=+1.5813 e=+0.0003 qdot=+0.02379 | j7: q_des=-0.0257 q_meas=-0.0812 e=+0.0555 qdot=+0.41247
[pinn_controller_node-1] [INFO] [1785228304.885975796] [pinn_franka_controller]: [DEBUG tau] j4: rnea=+22.260 res=-0.424 pd=+0.425 unclipped=+22.261 clipped=+22.261 | j6: rnea=+2.220 res=-0.014 pd=+0.041 unclipped=+2.246 clipped=+2.246 | j7: rnea=-0.004 res=-0.504 pd=+0.794 unclipped=+0.286 clipped=+0.286
[pinn_controller_node-1] [INFO] [1785228305.188600844] [pinn_franka_controller]: New trajectory received with 1 points.
[pinn_controller_node-1] [INFO] [1785228305.884687014] [pinn_franka_controller]: [DEBUG e] j4: q_des=-1.7951 q_meas=-1.8028 e=+0.0077 qdot=-0.00042 | j6: q_des=+1.5858 q_meas=+1.5905 e=-0.0047 qdot=+0.00253 | j7: q_des=+0.0442 q_meas=+0.0121 e=+0.0321 qdot=+0.01869
[pinn_controller_node-1] [INFO] [1785228305.887284625] [pinn_franka_controller]: [DEBUG tau] j4: rnea=+22.293 res=-0.450 pd=+0.452 unclipped=+22.296 clipped=+22.296 | j6: rnea=+2.209 res=+0.133 pd=-0.131 unclipped=+2.211 clipped=+2.211 | j7: rnea=+0.001 res=-0.183 pd=+0.199 unclipped=+0.018 clipped=+0.018
[pinn_controller_node-1] [INFO] [1785228306.886289095] [pinn_franka_controller]: [DEBUG e] j4: q_des=-1.7951 q_meas=-1.8028 e=+0.0078 qdot=-0.00003 | j6: q_des=+1.5858 q_meas=+1.5916 e=-0.0058 qdot=+0.00034 | j7: q_des=+0.0442 q_meas=+0.0226 e=+0.0215 qdot=+0.00520
[pinn_controller_node-1] [INFO] [1785228306.888771382] [pinn_franka_controller]: [DEBUG tau] j4: rnea=+22.294 res=-0.449 pd=+0.449 unclipped=+22.294 clipped=+22.294 | j6: rnea=+2.211 res=+0.135 pd=-0.134 unclipped=+2.211 clipped=+2.211 | j7: rnea=+0.001 res=-0.175 pd=+0.180 unclipped=+0.006 clipped=+0.006
[pinn_controller_node-1] [WARN] [1785228307.189485534] [pinn_franka_controller]: Trajectory stale (2.0s > 2.0s) -- holding at last known position via gravity compensation.
[pinn_controller_node-1] [WARN] [1785228308.189709862] [pinn_franka_controller]: Trajectory stale (3.0s > 2.0s) -- holding at last known position via gravity compensation.
[pinn_controller_node-1] [WARN] [1785228309.190697976] [pinn_franka_controller]: Trajectory stale (4.0s > 2.0s) -- holding at last known position via gravity compensation.
[pinn_controller_node-1] [WARN] [1785228310.190974132] [pinn_franka_controller]: Trajectory stale (5.0s > 2.0s) -- holding at last known position via gravity compensation.
[pinn_controller_node-1] [WARN] [1785228311.191762136] [pinn_franka_controller]: Trajectory stale (6.0s > 2.0s) -- holding at last known position via gravity compensation.
[pinn_controller_node-1] [WARN] [1785228312.191906866] [pinn_franka_controller]: Trajectory stale (7.0s > 2.0s) -- holding at last known position via gravity compensation.
[pinn_controller_node-1] [WARN] [1785228313.192686565] [pinn_franka_controller]: Trajectory stale (8.0s > 2.0s) -- holding at last known position via gravity compensation.
[pinn_controller_node-1] [WARN] [1785228314.192900116] [pinn_franka_controller]: Trajectory stale (9.0s > 2.0s) -- holding at last known position via gravity compensation.
[pinn_controller_node-1] [WARN] [1785228315.193699472] [pinn_franka_controller]: Trajectory stale (10.0s > 2.0s) -- holding at last known position via gravity compensation.
[pinn_controller_node-1] [WARN] [1785228316.193715162] [pinn_franka_controller]: Trajectory stale (11.0s > 2.0s) -- holding at last known position via gravity compensation.
[pinn_controller_node-1] [WARN] [1785228317.194665810] [pinn_franka_controller]: Trajectory stale (12.0s > 2.0s) -- holding at last known position via gravity compensation.
[pinn_controller_node-1] [WARN] [1785228318.194741997] [pinn_franka_controller]: Trajectory stale (13.0s > 2.0s) -- holding at last known position via gravity compensation.
[pinn_controller_node-1] [WARN] [1785228319.194866067] [pinn_franka_controller]: Trajectory stale (14.0s > 2.0s) -- holding at last known position via gravity compensation.
[pinn_controller_node-1] [WARN] [1785228320.195685555] [pinn_franka_controller]: Trajectory stale (15.0s > 2.0s) -- holding at last known position via gravity compensation.
[pinn_controller_node-1] [WARN] [1785228321.195936860] [pinn_franka_controller]: Trajectory stale (16.0s > 2.0s) -- holding at last known position via gravity compensation.
[pinn_controller_node-1] [WARN] [1785228322.196568305] [pinn_franka_controller]: Trajectory stale (17.0s > 2.0s) -- holding at last known position via gravity compensation.
[pinn_controller_node-1] [WARN] [1785228323.196710029] [pinn_franka_controller]: Trajectory stale (18.0s > 2.0s) -- holding at last known position via gravity compensation.
[pinn_controller_node-1] [WARN] [1785228324.197698895] [pinn_franka_controller]: Trajectory stale (19.0s > 2.0s) -- holding at last known position via gravity compensation.
[pinn_controller_node-1] [WARN] [1785228325.197813782] [pinn_franka_controller]: Trajectory stale (20.0s > 2.0s) -- holding at last known position via gravity compensation.
[pinn_controller_node-1] [WARN] [1785228326.198704063] [pinn_franka_controller]: Trajectory stale (21.0s > 2.0s) -- holding at last known position via gravity compensation.
[pinn_controller_node-1] [WARN] [1785228327.198837818] [pinn_franka_controller]: Trajectory stale (22.0s > 2.0s) -- holding at last known position via gravity compensation.
[pinn_controller_node-1] [WARN] [1785228328.199743938] [pinn_franka_controller]: Trajectory stale (23.0s > 2.0s) -- holding at last known position via gravity compensation.
[pinn_controller_node-1] [WARN] [1785228329.200041446] [pinn_franka_controller]: Trajectory stale (24.0s > 2.0s) -- holding at last known position via gravity compensation.
[pinn_controller_node-1] [WARN] [1785228330.200723541] [pinn_franka_controller]: Trajectory stale (25.0s > 2.0s) -- holding at last known position via gravity compensation.
[pinn_controller_node-1] [WARN] [1785228331.200908294] [pinn_franka_controller]: Trajectory stale (26.0s > 2.0s) -- holding at last known position via gravity compensation.
[pinn_controller_node-1] [WARN] [1785228332.201721988] [pinn_franka_controller]: Trajectory stale (27.0s > 2.0s) -- holding at last known position via gravity compensation.
[pinn_controller_node-1] [WARN] [1785228333.202020559] [pinn_franka_controller]: Trajectory stale (28.0s > 2.0s) -- holding at last known position via gravity compensation.
[pinn_controller_node-1] [WARN] [1785228334.202878230] [pinn_franka_controller]: Trajectory stale (29.0s > 2.0s) -- holding at last known position via gravity compensation.
[pinn_controller_node-1] [WARN] [1785228335.203788198] [pinn_franka_controller]: Trajectory stale (30.0s > 2.0s) -- holding at last known position via gravity compensation.
[pinn_controller_node-1] [WARN] [1785228336.204158524] [pinn_franka_controller]: Trajectory stale (31.0s > 2.0s) -- holding at last known position via gravity compensation.
[pinn_controller_node-1] [WARN] [1785228337.204996816] [pinn_franka_controller]: Trajectory stale (32.0s > 2.0s) -- holding at last known position via gravity compensation.
[pinn_controller_node-1] [WARN] [1785228338.205831995] [pinn_franka_controller]: Trajectory stale (33.0s > 2.0s) -- holding at last known position via gravity compensation.
[pinn_controller_node-1] [WARN] [1785228339.206898475] [pinn_franka_controller]: Trajectory stale (34.0s > 2.0s) -- holding at last known position via gravity compensation.
[pinn_controller_node-1] [WARN] [1785228340.207122244] [pinn_franka_controller]: Trajectory stale (35.0s > 2.0s) -- holding at last known position via gravity compensation.
[pinn_controller_node-1] [WARN] [1785228341.207764697] [pinn_franka_controller]: Trajectory stale (36.0s > 2.0s) -- holding at last known position via gravity compensation.
[pinn_controller_node-1] [WARN] [1785228342.209112189] [pinn_franka_controller]: Trajectory stale (37.0s > 2.0s) -- holding at last known position via gravity compensation.
[pinn_controller_node-1] [WARN] [1785228343.209707270] [pinn_franka_controller]: Trajectory stale (38.0s > 2.0s) -- holding at last known position via gravity compensation.
[pinn_controller_node-1] [WARN] [1785228344.209791240] [pinn_franka_controller]: Trajectory stale (39.0s > 2.0s) -- holding at last known position via gravity compensation.
[pinn_controller_node-1] [WARN] [1785228345.210516553] [pinn_franka_controller]: Trajectory stale (40.0s > 2.0s) -- holding at last known position via gravity compensation.
[pinn_controller_node-1] [WARN] [1785228346.210953316] [pinn_franka_controller]: Trajectory stale (41.0s > 2.0s) -- holding at last known position via gravity compensation.
[pinn_controller_node-1] [WARN] [1785228347.211775006] [pinn_franka_controller]: Trajectory stale (42.0s > 2.0s) -- holding at last known position via gravity compensation.
[pinn_controller_node-1] [WARN] [1785228348.211854613] [pinn_franka_controller]: Trajectory stale (43.0s > 2.0s) -- holding at last known position via gravity compensation.
[pinn_controller_node-1] [WARN] [1785228349.212742586] [pinn_franka_controller]: Trajectory stale (44.0s > 2.0s) -- holding at last known position via gravity compensation.
[pinn_controller_node-1] [WARN] [1785228350.213692667] [pinn_franka_controller]: Trajectory stale (45.0s > 2.0s) -- holding at last known position via gravity compensation.
[pinn_controller_node-1] [WARN] [1785228351.213916114] [pinn_franka_controller]: Trajectory stale (46.0s > 2.0s) -- holding at last known position via gravity compensation.
[pinn_controller_node-1] [WARN] [1785228352.214703231] [pinn_franka_controller]: Trajectory stale (47.0s > 2.0s) -- holding at last known position via gravity compensation.
[pinn_controller_node-1] [WARN] [1785228353.214758876] [pinn_franka_controller]: Trajectory stale (48.0s > 2.0s) -- holding at last known position via gravity compensation.
[pinn_controller_node-1] [WARN] [1785228354.215702785] [pinn_franka_controller]: Trajectory stale (49.0s > 2.0s) -- holding at last known position via gravity compensation.
[pinn_controller_node-1] [WARN] [1785228355.215710466] [pinn_franka_controller]: Trajectory stale (50.0s > 2.0s) -- holding at last known position via gravity compensation.
[pinn_controller_node-1] [WARN] [1785228356.216692896] [pinn_franka_controller]: Trajectory stale (51.0s > 2.0s) -- holding at last known position via gravity compensation.
[pinn_controller_node-1] [WARN] [1785228357.216731210] [pinn_franka_controller]: Trajectory stale (52.0s > 2.0s) -- holding at last known position via gravity compensation.
[pinn_controller_node-1] [WARN] [1785228358.217748260] [pinn_franka_controller]: Trajectory stale (53.0s > 2.0s) -- holding at last known position via gravity compensation.
[pinn_controller_node-1] [WARN] [1785228359.218774705] [pinn_franka_controller]: Trajectory stale (54.0s > 2.0s) -- holding at last known position via gravity compensation.
[pinn_controller_node-1] [WARN] [1785228360.219779463] [pinn_franka_controller]: Trajectory stale (55.0s > 2.0s) -- holding at last known position via gravity compensation.
[pinn_controller_node-1] [WARN] [1785228361.220700983] [pinn_franka_controller]: Trajectory stale (56.0s > 2.0s) -- holding at last known position via gravity compensation.
[pinn_controller_node-1] [WARN] [1785228362.220726302] [pinn_franka_controller]: Trajectory stale (57.0s > 2.0s) -- holding at last known position via gravity compensation.
[pinn_controller_node-1] [WARN] [1785228363.221811707] [pinn_franka_controller]: Trajectory stale (58.0s > 2.0s) -- holding at last known position via gravity compensation.
[pinn_controller_node-1] [WARN] [1785228364.221990571] [pinn_franka_controller]: Trajectory stale (59.0s > 2.0s) -- holding at last known position via gravity compensation.
[pinn_controller_node-1] [WARN] [1785228365.222703487] [pinn_franka_controller]: Trajectory stale (60.0s > 2.0s) -- holding at last known position via gravity compensation.
[pinn_controller_node-1] [WARN] [1785228366.223706742] [pinn_franka_controller]: Trajectory stale (61.0s > 2.0s) -- holding at last known position via gravity compensation.
[pinn_controller_node-1] [WARN] [1785228367.223782337] [pinn_franka_controller]: Trajectory stale (62.0s > 2.0s) -- holding at last known position via gravity compensation.
[pinn_controller_node-1] [WARN] [1785228368.225094020] [pinn_franka_controller]: Trajectory stale (63.0s > 2.0s) -- holding at last known position via gravity compensation.
[pinn_controller_node-1] [WARN] [1785228369.225448987] [pinn_franka_controller]: Trajectory stale (64.0s > 2.0s) -- holding at last known position via gravity compensation.
[pinn_controller_node-1] [WARN] [1785228370.225768743] [pinn_franka_controller]: Trajectory stale (65.0s > 2.0s) -- holding at last known position via gravity compensation.
[pinn_controller_node-1] [WARN] [1785228371.226712602] [pinn_franka_controller]: Trajectory stale (66.0s > 2.0s) -- holding at last known position via gravity compensation.
[pinn_controller_node-1] [WARN] [1785228372.226953169] [pinn_franka_controller]: Trajectory stale (67.0s > 2.0s) -- holding at last known position via gravity compensation.
[pinn_controller_node-1] [WARN] [1785228373.227750665] [pinn_franka_controller]: Trajectory stale (68.0s > 2.0s) -- holding at last known position via gravity compensation.
[pinn_controller_node-1] [WARN] [1785228374.228697203] [pinn_franka_controller]: Trajectory stale (69.0s > 2.0s) -- holding at last known position via gravity compensation.
[pinn_controller_node-1] [WARN] [1785228375.228726264] [pinn_franka_controller]: Trajectory stale (70.0s > 2.0s) -- holding at last known position via gravity compensation.
[pinn_controller_node-1] [WARN] [1785228376.228964025] [pinn_franka_controller]: Trajectory stale (71.0s > 2.0s) -- holding at last known position via gravity compensation.
[pinn_controller_node-1] [WARN] [1785228377.229082361] [pinn_franka_controller]: Trajectory stale (72.0s > 2.0s) -- holding at last known position via gravity compensation.
[pinn_controller_node-1] [WARN] [1785228378.229755799] [pinn_franka_controller]: Trajectory stale (73.0s > 2.0s) -- holding at last known position via gravity compensation.
[pinn_controller_node-1] [WARN] [1785228379.229808139] [pinn_franka_controller]: Trajectory stale (74.0s > 2.0s) -- holding at last known position via gravity compensation.
[pinn_controller_node-1] [WARN] [1785228380.230705264] [pinn_franka_controller]: Trajectory stale (75.0s > 2.0s) -- holding at last known position via gravity compensation.
[pinn_controller_node-1] [WARN] [1785228381.230709872] [pinn_franka_controller]: Trajectory stale (76.0s > 2.0s) -- holding at last known position via gravity compensation.
[pinn_controller_node-1] [WARN] [1785228382.230731311] [pinn_franka_controller]: Trajectory stale (77.0s > 2.0s) -- holding at last known position via gravity compensation.
[pinn_controller_node-1] [WARN] [1785228383.230961698] [pinn_franka_controller]: Trajectory stale (78.0s > 2.0s) -- holding at last known position via gravity compensation.
[pinn_controller_node-1] [WARN] [1785228384.231710466] [pinn_franka_controller]: Trajectory stale (79.0s > 2.0s) -- holding at last known position via gravity compensation.
[pinn_controller_node-1] [WARN] [1785228385.232637428] [pinn_franka_controller]: Trajectory stale (80.0s > 2.0s) -- holding at last known position via gravity compensation.
[pinn_controller_node-1] [WARN] [1785228386.232740324] [pinn_franka_controller]: Trajectory stale (81.0s > 2.0s) -- holding at last known position via gravity compensation.
[pinn_controller_node-1] [WARN] [1785228387.232765411] [pinn_franka_controller]: Trajectory stale (82.0s > 2.0s) -- holding at last known position via gravity compensation.
[pinn_controller_node-1] [WARN] [1785228388.233697182] [pinn_franka_controller]: Trajectory stale (83.0s > 2.0s) -- holding at last known position via gravity compensation.
[pinn_controller_node-1] [WARN] [1785228389.233719901] [pinn_franka_controller]: Trajectory stale (84.0s > 2.0s) -- holding at last known position via gravity compensation.
[pinn_controller_node-1] [WARN] [1785228390.234053871] [pinn_franka_controller]: Trajectory stale (85.0s > 2.0s) -- holding at last known position via gravity compensation.
[pinn_controller_node-1] [WARN] [1785228391.234744115] [pinn_franka_controller]: Trajectory stale (86.0s > 2.0s) -- holding at last known position via gravity compensation.
[pinn_controller_node-1] [WARN] [1785228392.234757763] [pinn_franka_controller]: Trajectory stale (87.0s > 2.0s) -- holding at last known position via gravity compensation.
[pinn_controller_node-1] [WARN] [1785228393.235810021] [pinn_franka_controller]: Trajectory stale (88.0s > 2.0s) -- holding at last known position via gravity compensation.
[pinn_controller_node-1] [WARN] [1785228394.236659309] [pinn_franka_controller]: Trajectory stale (89.0s > 2.0s) -- holding at last known position via gravity compensation.
[pinn_controller_node-1] [WARN] [1785228395.236743229] [pinn_franka_controller]: Trajectory stale (90.0s > 2.0s) -- holding at last known position via gravity compensation.
[pinn_controller_node-1] [WARN] [1785228396.237694707] [pinn_franka_controller]: Trajectory stale (91.0s > 2.0s) -- holding at last known position via gravity compensation.
[pinn_controller_node-1] [WARN] [1785228397.238734977] [pinn_franka_controller]: Trajectory stale (92.1s > 2.0s) -- holding at last known position via gravity compensation.
[pinn_controller_node-1] [WARN] [1785228398.238742987] [pinn_franka_controller]: Trajectory stale (93.1s > 2.0s) -- holding at last known position via gravity compensation.
[pinn_controller_node-1] [WARN] [1785228399.238789796] [pinn_franka_controller]: Trajectory stale (94.1s > 2.0s) -- holding at last known position via gravity compensation.
[pinn_controller_node-1] [WARN] [1785228400.239822510] [pinn_franka_controller]: Trajectory stale (95.1s > 2.0s) -- holding at last known position via gravity compensation.
[pinn_controller_node-1] [WARN] [1785228401.240153237] [pinn_franka_controller]: Trajectory stale (96.1s > 2.0s) -- holding at last known position via gravity compensation.
[pinn_controller_node-1] [WARN] [1785228402.240195006] [pinn_franka_controller]: Trajectory stale (97.1s > 2.0s) -- holding at last known position via gravity compensation.
[pinn_controller_node-1] [WARN] [1785228403.240699035] [pinn_franka_controller]: Trajectory stale (98.1s > 2.0s) -- holding at last known position via gravity compensation.
[pinn_controller_node-1] [WARN] [1785228404.240699348] [pinn_franka_controller]: Trajectory stale (99.1s > 2.0s) -- holding at last known position via gravity compensation.
[pinn_controller_node-1] [WARN] [1785228405.240823718] [pinn_franka_controller]: Trajectory stale (100.1s > 2.0s) -- holding at last known position via gravity compensation.
[pinn_controller_node-1] [WARN] [1785228406.241728545] [pinn_franka_controller]: Trajectory stale (101.1s > 2.0s) -- holding at last known position via gravity compensation.
[pinn_controller_node-1] [WARN] [1785228407.241739152] [pinn_franka_controller]: Trajectory stale (102.1s > 2.0s) -- holding at last known position via gravity compensation.
[pinn_controller_node-1] [WARN] [1785228408.242663726] [pinn_franka_controller]: Trajectory stale (103.1s > 2.0s) -- holding at last known position via gravity compensation.
[pinn_controller_node-1] [WARN] [1785228409.242884202] [pinn_franka_controller]: Trajectory stale (104.1s > 2.0s) -- holding at last known position via gravity compensation.
[pinn_controller_node-1] [WARN] [1785228410.243758130] [pinn_franka_controller]: Trajectory stale (105.1s > 2.0s) -- holding at last known position via gravity compensation.
[pinn_controller_node-1] [WARN] [1785228411.244759652] [pinn_franka_controller]: Trajectory stale (106.1s > 2.0s) -- holding at last known position via gravity compensation.
[pinn_controller_node-1] [WARN] [1785228412.245693923] [pinn_franka_controller]: Trajectory stale (107.1s > 2.0s) -- holding at last known position via gravity compensation.
[pinn_controller_node-1] [WARN] [1785228413.246771323] [pinn_franka_controller]: Trajectory stale (108.1s > 2.0s) -- holding at last known position via gravity compensation.
[pinn_controller_node-1] [WARN] [1785228414.246834979] [pinn_franka_controller]: Trajectory stale (109.1s > 2.0s) -- holding at last known position via gravity compensation.
[pinn_controller_node-1] [WARN] [1785228415.247784207] [pinn_franka_controller]: Trajectory stale (110.1s > 2.0s) -- holding at last known position via gravity compensation.
[pinn_controller_node-1] [WARN] [1785228416.247792725] [pinn_franka_controller]: Trajectory stale (111.1s > 2.0s) -- holding at last known position via gravity compensation.
[pinn_controller_node-1] [WARN] [1785228417.248725338] [pinn_franka_controller]: Trajectory stale (112.1s > 2.0s) -- holding at last known position via gravity compensation.
[pinn_controller_node-1] [WARN] [1785228418.249704501] [pinn_franka_controller]: Trajectory stale (113.1s > 2.0s) -- holding at last known position via gravity compensation.
[pinn_controller_node-1] [WARN] [1785228419.249893921] [pinn_franka_controller]: Trajectory stale (114.1s > 2.0s) -- holding at last known position via gravity compensation.
[pinn_controller_node-1] [WARN] [1785228420.250672420] [pinn_franka_controller]: Trajectory stale (115.1s > 2.0s) -- holding at last known position via gravity compensation.
[pinn_controller_node-1] [WARN] [1785228421.250807343] [pinn_franka_controller]: Trajectory stale (116.1s > 2.0s) -- holding at last known position via gravity compensation.
[pinn_controller_node-1] [WARN] [1785228422.251699015] [pinn_franka_controller]: Trajectory stale (117.1s > 2.0s) -- holding at last known position via gravity compensation.
[pinn_controller_node-1] [WARN] [1785228423.252070216] [pinn_franka_controller]: Trajectory stale (118.1s > 2.0s) -- holding at last known position via gravity compensation.
[pinn_controller_node-1] [WARN] [1785228424.252775070] [pinn_franka_controller]: Trajectory stale (119.1s > 2.0s) -- holding at last known position via gravity compensation.
[pinn_controller_node-1] [WARN] [1785228425.253718654] [pinn_franka_controller]: Trajectory stale (120.1s > 2.0s) -- holding at last known position via gravity compensation.
[pinn_controller_node-1] [WARN] [1785228426.253841631] [pinn_franka_controller]: Trajectory stale (121.1s > 2.0s) -- holding at last known position via gravity compensation.
[pinn_controller_node-1] [WARN] [1785228427.254770711] [pinn_franka_controller]: Trajectory stale (122.1s > 2.0s) -- holding at last known position via gravity compensation.
[pinn_controller_node-1] [WARN] [1785228428.255748379] [pinn_franka_controller]: Trajectory stale (123.1s > 2.0s) -- holding at last known position via gravity compensation.
[pinn_controller_node-1] [WARN] [1785228429.256050896] [pinn_franka_controller]: Trajectory stale (124.1s > 2.0s) -- holding at last known position via gravity compensation.
[pinn_controller_node-1] [WARN] [1785228430.256650312] [pinn_franka_controller]: Trajectory stale (125.1s > 2.0s) -- holding at last known position via gravity compensation.
[pinn_controller_node-1] [WARN] [1785228431.256679893] [pinn_franka_controller]: Trajectory stale (126.1s > 2.0s) -- holding at last known position via gravity compensation.
[pinn_controller_node-1] [WARN] [1785228432.256697448] [pinn_franka_controller]: Trajectory stale (127.1s > 2.0s) -- holding at last known position via gravity compensation.
[pinn_controller_node-1] [WARN] [1785228433.256944272] [pinn_franka_controller]: Trajectory stale (128.1s > 2.0s) -- holding at last known position via gravity compensation.
[pinn_controller_node-1] [WARN] [1785228434.257695694] [pinn_franka_controller]: Trajectory stale (129.1s > 2.0s) -- holding at last known position via gravity compensation.
[pinn_controller_node-1] [WARN] [1785228435.257818221] [pinn_franka_controller]: Trajectory stale (130.1s > 2.0s) -- holding at last known position via gravity compensation.
[pinn_controller_node-1] [WARN] [1785228436.258656243] [pinn_franka_controller]: Trajectory stale (131.1s > 2.0s) -- holding at last known position via gravity compensation.
[pinn_controller_node-1] [WARN] [1785228437.258680873] [pinn_franka_controller]: Trajectory stale (132.1s > 2.0s) -- holding at last known position via gravity compensation.
[pinn_controller_node-1] [WARN] [1785228438.258787489] [pinn_franka_controller]: Trajectory stale (133.1s > 2.0s) -- holding at last known position via gravity compensation.
[pinn_controller_node-1] [WARN] [1785228439.258824755] [pinn_franka_controller]: Trajectory stale (134.1s > 2.0s) -- holding at last known position via gravity compensation.
[pinn_controller_node-1] [WARN] [1785228440.259707115] [pinn_franka_controller]: Trajectory stale (135.1s > 2.0s) -- holding at last known position via gravity compensation.
[pinn_controller_node-1] [WARN] [1785228441.259933975] [pinn_franka_controller]: Trajectory stale (136.1s > 2.0s) -- holding at last known position via gravity compensation.
[pinn_controller_node-1] [WARN] [1785228442.260695109] [pinn_franka_controller]: Trajectory stale (137.1s > 2.0s) -- holding at last known position via gravity compensation.
[pinn_controller_node-1] [WARN] [1785228443.260769128] [pinn_franka_controller]: Trajectory stale (138.1s > 2.0s) -- holding at last known position via gravity compensation.
[pinn_controller_node-1] [WARN] [1785228444.260900550] [pinn_franka_controller]: Trajectory stale (139.1s > 2.0s) -- holding at last known position via gravity compensation.
[pinn_controller_node-1] [WARN] [1785228445.261778303] [pinn_franka_controller]: Trajectory stale (140.1s > 2.0s) -- holding at last known position via gravity compensation.
[pinn_controller_node-1] [WARN] [1785228446.262184079] [pinn_franka_controller]: Trajectory stale (141.1s > 2.0s) -- holding at last known position via gravity compensation.
[pinn_controller_node-1] [WARN] [1785228447.262308322] [pinn_franka_controller]: Trajectory stale (142.1s > 2.0s) -- holding at last known position via gravity compensation.
[pinn_controller_node-1] [WARN] [1785228448.262777750] [pinn_franka_controller]: Trajectory stale (143.1s > 2.0s) -- holding at last known position via gravity compensation.
[pinn_controller_node-1] [WARN] [1785228449.263287540] [pinn_franka_controller]: Trajectory stale (144.1s > 2.0s) -- holding at last known position via gravity compensation.
[pinn_controller_node-1] [WARN] [1785228450.263704978] [pinn_franka_controller]: Trajectory stale (145.1s > 2.0s) -- holding at last known position via gravity compensation.
[pinn_controller_node-1] [WARN] [1785228451.263708893] [pinn_franka_controller]: Trajectory stale (146.1s > 2.0s) -- holding at last known position via gravity compensation.
[pinn_controller_node-1] [WARN] [1785228452.263771040] [pinn_franka_controller]: Trajectory stale (147.1s > 2.0s) -- holding at last known position via gravity compensation.
[pinn_controller_node-1] [WARN] [1785228453.264729083] [pinn_franka_controller]: Trajectory stale (148.1s > 2.0s) -- holding at last known position via gravity compensation.
[pinn_controller_node-1] [WARN] [1785228454.264749615] [pinn_franka_controller]: Trajectory stale (149.1s > 2.0s) -- holding at last known position via gravity compensation.
[pinn_controller_node-1] [WARN] [1785228455.264867453] [pinn_franka_controller]: Trajectory stale (150.1s > 2.0s) -- holding at last known position via gravity compensation.
[pinn_controller_node-1] [WARN] [1785228456.264914085] [pinn_franka_controller]: Trajectory stale (151.1s > 2.0s) -- holding at last known position via gravity compensation.
[pinn_controller_node-1] [WARN] [1785228457.265701585] [pinn_franka_controller]: Trajectory stale (152.1s > 2.0s) -- holding at last known position via gravity compensation.
[pinn_controller_node-1] [WARN] [1785228458.265972026] [pinn_franka_controller]: Trajectory stale (153.1s > 2.0s) -- holding at last known position via gravity compensation.
[pinn_controller_node-1] [WARN] [1785228459.266509076] [pinn_franka_controller]: Trajectory stale (154.1s > 2.0s) -- holding at last known position via gravity compensation.
[pinn_controller_node-1] [WARN] [1785228460.266709794] [pinn_franka_controller]: Trajectory stale (155.1s > 2.0s) -- holding at last known position via gravity compensation.
[pinn_controller_node-1] [WARN] [1785228461.266883330] [pinn_franka_controller]: Trajectory stale (156.1s > 2.0s) -- holding at last known position via gravity compensation.
[pinn_controller_node-1] [WARN] [1785228462.267777374] [pinn_franka_controller]: Trajectory stale (157.1s > 2.0s) -- holding at last known position via gravity compensation.
[pinn_controller_node-1] [WARN] [1785228463.268706600] [pinn_franka_controller]: Trajectory stale (158.1s > 2.0s) -- holding at last known position via gravity compensation.
[pinn_controller_node-1] [WARN] [1785228464.268765806] [pinn_franka_controller]: Trajectory stale (159.1s > 2.0s) -- holding at last known position via gravity compensation.
[pinn_controller_node-1] [WARN] [1785228465.269706009] [pinn_franka_controller]: Trajectory stale (160.1s > 2.0s) -- holding at last known position via gravity compensation.
[pinn_controller_node-1] [WARN] [1785228466.269870051] [pinn_franka_controller]: Trajectory stale (161.1s > 2.0s) -- holding at last known position via gravity compensation.
[pinn_controller_node-1] [WARN] [1785228467.270789204] [pinn_franka_controller]: Trajectory stale (162.1s > 2.0s) -- holding at last known position via gravity compensation.
[pinn_controller_node-1] [WARN] [1785228468.271704414] [pinn_franka_controller]: Trajectory stale (163.1s > 2.0s) -- holding at last known position via gravity compensation.
[pinn_controller_node-1] [WARN] [1785228469.272699807] [pinn_franka_controller]: Trajectory stale (164.1s > 2.0s) -- holding at last known position via gravity compensation.
[pinn_controller_node-1] [WARN] [1785228470.273637473] [pinn_franka_controller]: Trajectory stale (165.1s > 2.0s) -- holding at last known position via gravity compensation.
[pinn_controller_node-1] [WARN] [1785228471.273849112] [pinn_franka_controller]: Trajectory stale (166.1s > 2.0s) -- holding at last known position via gravity compensation.
[pinn_controller_node-1] [WARN] [1785228472.273966314] [pinn_franka_controller]: Trajectory stale (167.1s > 2.0s) -- holding at last known position via gravity compensation.
[pinn_controller_node-1] [WARN] [1785228473.274975392] [pinn_franka_controller]: Trajectory stale (168.1s > 2.0s) -- holding at last known position via gravity compensation.
[pinn_controller_node-1] [WARN] [1785228474.276019314] [pinn_franka_controller]: Trajectory stale (169.1s > 2.0s) -- holding at last known position via gravity compensation.
[pinn_controller_node-1] [WARN] [1785228475.276950392] [pinn_franka_controller]: Trajectory stale (170.1s > 2.0s) -- holding at last known position via gravity compensation.
[pinn_controller_node-1] [WARN] [1785228476.277694135] [pinn_franka_controller]: Trajectory stale (171.1s > 2.0s) -- holding at last known position via gravity compensation.
[pinn_controller_node-1] [WARN] [1785228477.277709317] [pinn_franka_controller]: Trajectory stale (172.1s > 2.0s) -- holding at last known position via gravity compensation.
[pinn_controller_node-1] [WARN] [1785228478.277752495] [pinn_franka_controller]: Trajectory stale (173.1s > 2.0s) -- holding at last known position via gravity compensation.
[pinn_controller_node-1] [WARN] [1785228479.278696286] [pinn_franka_controller]: Trajectory stale (174.1s > 2.0s) -- holding at last known position via gravity compensation.
[pinn_controller_node-1] [WARN] [1785228480.279504026] [pinn_franka_controller]: Trajectory stale (175.1s > 2.0s) -- holding at last known position via gravity compensation.
[pinn_controller_node-1] [WARN] [1785228481.279766855] [pinn_franka_controller]: Trajectory stale (176.1s > 2.0s) -- holding at last known position via gravity compensation.
[pinn_controller_node-1] [WARN] [1785228482.280698218] [pinn_franka_controller]: Trajectory stale (177.1s > 2.0s) -- holding at last known position via gravity compensation.
[pinn_controller_node-1] [WARN] [1785228483.280822091] [pinn_franka_controller]: Trajectory stale (178.1s > 2.0s) -- holding at last known position via gravity compensation.
[pinn_controller_node-1] [WARN] [1785228484.280971278] [pinn_franka_controller]: Trajectory stale (179.1s > 2.0s) -- holding at last known position via gravity compensation.
[pinn_controller_node-1] [WARN] [1785228485.281741891] [pinn_franka_controller]: Trajectory stale (180.1s > 2.0s) -- holding at last known position via gravity compensation.
[pinn_controller_node-1] [WARN] [1785228486.281764684] [pinn_franka_controller]: Trajectory stale (181.1s > 2.0s) -- holding at last known position via gravity compensation.
[pinn_controller_node-1] [WARN] [1785228487.282702216] [pinn_franka_controller]: Trajectory stale (182.1s > 2.0s) -- holding at last known position via gravity compensation.
[pinn_controller_node-1] [WARN] [1785228488.283695692] [pinn_franka_controller]: Trajectory stale (183.1s > 2.0s) -- holding at last known position via gravity compensation.
[pinn_controller_node-1] [WARN] [1785228489.283808150] [pinn_franka_controller]: Trajectory stale (184.1s > 2.0s) -- holding at last known position via gravity compensation.
[pinn_controller_node-1] [WARN] [1785228490.284708586] [pinn_franka_controller]: Trajectory stale (185.1s > 2.0s) -- holding at last known position via gravity compensation.
[pinn_controller_node-1] [WARN] [1785228491.284757965] [pinn_franka_controller]: Trajectory stale (186.1s > 2.0s) -- holding at last known position via gravity compensation.
[pinn_controller_node-1] [WARN] [1785228492.285007836] [pinn_franka_controller]: Trajectory stale (187.1s > 2.0s) -- holding at last known position via gravity compensation.
[pinn_controller_node-1] [WARN] [1785228493.285813515] [pinn_franka_controller]: Trajectory stale (188.1s > 2.0s) -- holding at last known position via gravity compensation.
[pinn_controller_node-1] [WARN] [1785228494.286705119] [pinn_franka_controller]: Trajectory stale (189.1s > 2.0s) -- holding at last known position via gravity compensation.
[pinn_controller_node-1] [WARN] [1785228495.286783627] [pinn_franka_controller]: Trajectory stale (190.1s > 2.0s) -- holding at last known position via gravity compensation.
[pinn_controller_node-1] [WARN] [1785228496.286846647] [pinn_franka_controller]: Trajectory stale (191.1s > 2.0s) -- holding at last known position via gravity compensation.
[pinn_controller_node-1] [WARN] [1785228497.287790820] [pinn_franka_controller]: Trajectory stale (192.1s > 2.0s) -- holding at last known position via gravity compensation.
[pinn_controller_node-1] [WARN] [1785228498.288712509] [pinn_franka_controller]: Trajectory stale (193.1s > 2.0s) -- holding at last known position via gravity compensation.
[pinn_controller_node-1] [WARN] [1785228499.288731297] [pinn_franka_controller]: Trajectory stale (194.1s > 2.0s) -- holding at last known position via gravity compensation.
[pinn_controller_node-1] [WARN] [1785228500.289698891] [pinn_franka_controller]: Trajectory stale (195.1s > 2.0s) -- holding at last known position via gravity compensation.
[pinn_controller_node-1] [WARN] [1785228501.289744254] [pinn_franka_controller]: Trajectory stale (196.1s > 2.0s) -- holding at last known position via gravity compensation.
[pinn_controller_node-1] [WARN] [1785228502.290882069] [pinn_franka_controller]: Trajectory stale (197.1s > 2.0s) -- holding at last known position via gravity compensation.
[pinn_controller_node-1] [WARN] [1785228503.291475456] [pinn_franka_controller]: Trajectory stale (198.1s > 2.0s) -- holding at last known position via gravity compensation.
[pinn_controller_node-1] [WARN] [1785228504.291722567] [pinn_franka_controller]: Trajectory stale (199.1s > 2.0s) -- holding at last known position via gravity compensation.
[pinn_controller_node-1] [WARN] [1785228505.292021001] [pinn_franka_controller]: Trajectory stale (200.1s > 2.0s) -- holding at last known position via gravity compensation.
[pinn_controller_node-1] [WARN] [1785228506.292758526] [pinn_franka_controller]: Trajectory stale (201.1s > 2.0s) -- holding at last known position via gravity compensation.
[pinn_controller_node-1] [WARN] [1785228507.292981399] [pinn_franka_controller]: Trajectory stale (202.1s > 2.0s) -- holding at last known position via gravity compensation.
[pinn_controller_node-1] [WARN] [1785228508.293867848] [pinn_franka_controller]: Trajectory stale (203.1s > 2.0s) -- holding at last known position via gravity compensation.
[pinn_controller_node-1] [WARN] [1785228509.294701979] [pinn_franka_controller]: Trajectory stale (204.1s > 2.0s) -- holding at last known position via gravity compensation.
[pinn_controller_node-1] [WARN] [1785228510.294743853] [pinn_franka_controller]: Trajectory stale (205.1s > 2.0s) -- holding at last known position via gravity compensation.
[pinn_controller_node-1] [WARN] [1785228511.294752173] [pinn_franka_controller]: Trajectory stale (206.1s > 2.0s) -- holding at last known position via gravity compensation.
[pinn_controller_node-1] [WARN] [1785228512.294766669] [pinn_franka_controller]: Trajectory stale (207.1s > 2.0s) -- holding at last known position via gravity compensation.
[pinn_controller_node-1] [WARN] [1785228513.294802359] [pinn_franka_controller]: Trajectory stale (208.1s > 2.0s) -- holding at last known position via gravity compensation.
[pinn_controller_node-1] [WARN] [1785228514.295044588] [pinn_franka_controller]: Trajectory stale (209.1s > 2.0s) -- holding at last known position via gravity compensation.
[pinn_controller_node-1] [WARN] [1785228515.295096433] [pinn_franka_controller]: Trajectory stale (210.1s > 2.0s) -- holding at last known position via gravity compensation.
[pinn_controller_node-1] [WARN] [1785228516.295711012] [pinn_franka_controller]: Trajectory stale (211.1s > 2.0s) -- holding at last known position via gravity compensation.
[pinn_controller_node-1] [WARN] [1785228517.296679222] [pinn_franka_controller]: Trajectory stale (212.1s > 2.0s) -- holding at last known position via gravity compensation.
[pinn_controller_node-1] [WARN] [1785228518.296738950] [pinn_franka_controller]: Trajectory stale (213.1s > 2.0s) -- holding at last known position via gravity compensation.
[pinn_controller_node-1] [WARN] [1785228519.297723015] [pinn_franka_controller]: Trajectory stale (214.1s > 2.0s) -- holding at last known position via gravity compensation.
[pinn_controller_node-1] [WARN] [1785228520.298391098] [pinn_franka_controller]: Trajectory stale (215.1s > 2.0s) -- holding at last known position via gravity compensation.
[pinn_controller_node-1] [WARN] [1785228521.298774770] [pinn_franka_controller]: Trajectory stale (216.1s > 2.0s) -- holding at last known position via gravity compensation.
[pinn_controller_node-1] [WARN] [1785228522.299700738] [pinn_franka_controller]: Trajectory stale (217.1s > 2.0s) -- holding at last known position via gravity compensation.
[pinn_controller_node-1] [WARN] [1785228523.299732254] [pinn_franka_controller]: Trajectory stale (218.1s > 2.0s) -- holding at last known position via gravity compensation.
[pinn_controller_node-1] [WARN] [1785228524.299822666] [pinn_franka_controller]: Trajectory stale (219.1s > 2.0s) -- holding at last known position via gravity compensation.
[pinn_controller_node-1] [WARN] [1785228525.300146316] [pinn_franka_controller]: Trajectory stale (220.1s > 2.0s) -- holding at last known position via gravity compensation.
[pinn_controller_node-1] [WARN] [1785228526.300889923] [pinn_franka_controller]: Trajectory stale (221.1s > 2.0s) -- holding at last known position via gravity compensation.
[pinn_controller_node-1] [WARN] [1785228527.301482575] [pinn_franka_controller]: Trajectory stale (222.1s > 2.0s) -- holding at last known position via gravity compensation.
[pinn_controller_node-1] [WARN] [1785228528.301713585] [pinn_franka_controller]: Trajectory stale (223.1s > 2.0s) -- holding at last known position via gravity compensation.
[pinn_controller_node-1] [WARN] [1785228529.301727153] [pinn_franka_controller]: Trajectory stale (224.1s > 2.0s) -- holding at last known position via gravity compensation.
[pinn_controller_node-1] [WARN] [1785228530.302702654] [pinn_franka_controller]: Trajectory stale (225.1s > 2.0s) -- holding at last known position via gravity compensation.
[pinn_controller_node-1] [WARN] [1785228531.302765567] [pinn_franka_controller]: Trajectory stale (226.1s > 2.0s) -- holding at last known position via gravity compensation.
[pinn_controller_node-1] [WARN] [1785228532.303762183] [pinn_franka_controller]: Trajectory stale (227.1s > 2.0s) -- holding at last known position via gravity compensation.
[pinn_controller_node-1] [WARN] [1785228533.304697213] [pinn_franka_controller]: Trajectory stale (228.1s > 2.0s) -- holding at last known position via gravity compensation.
[pinn_controller_node-1] [WARN] [1785228534.305111849] [pinn_franka_controller]: Trajectory stale (229.1s > 2.0s) -- holding at last known position via gravity compensation.
[pinn_controller_node-1] [WARN] [1785228535.306227446] [pinn_franka_controller]: Trajectory stale (230.1s > 2.0s) -- holding at last known position via gravity compensation.
[pinn_controller_node-1] [WARN] [1785228536.306702806] [pinn_franka_controller]: Trajectory stale (231.1s > 2.0s) -- holding at last known position via gravity compensation.
[pinn_controller_node-1] [WARN] [1785228537.306875353] [pinn_franka_controller]: Trajectory stale (232.1s > 2.0s) -- holding at last known position via gravity compensation.
[pinn_controller_node-1] [WARN] [1785228538.307734351] [pinn_franka_controller]: Trajectory stale (233.1s > 2.0s) -- holding at last known position via gravity compensation.
[pinn_controller_node-1] [WARN] [1785228539.308664247] [pinn_franka_controller]: Trajectory stale (234.1s > 2.0s) -- holding at last known position via gravity compensation.
[pinn_controller_node-1] [WARN] [1785228540.309174650] [pinn_franka_controller]: Trajectory stale (235.1s > 2.0s) -- holding at last known position via gravity compensation.
[pinn_controller_node-1] [WARN] [1785228541.309810076] [pinn_franka_controller]: Trajectory stale (236.1s > 2.0s) -- holding at last known position via gravity compensation.
[pinn_controller_node-1] [WARN] [1785228542.309830127] [pinn_franka_controller]: Trajectory stale (237.1s > 2.0s) -- holding at last known position via gravity compensation.
[pinn_controller_node-1] [WARN] [1785228543.309940022] [pinn_franka_controller]: Trajectory stale (238.1s > 2.0s) -- holding at last known position via gravity compensation.
[pinn_controller_node-1] [WARN] [1785228544.310685207] [pinn_franka_controller]: Trajectory stale (239.1s > 2.0s) -- holding at last known position via gravity compensation.
[pinn_controller_node-1] [WARN] [1785228545.311557189] [pinn_franka_controller]: Trajectory stale (240.1s > 2.0s) -- holding at last known position via gravity compensation.
[pinn_controller_node-1] [WARN] [1785228546.312175289] [pinn_franka_controller]: Trajectory stale (241.1s > 2.0s) -- holding at last known position via gravity compensation.
[pinn_controller_node-1] [WARN] [1785228547.312829557] [pinn_franka_controller]: Trajectory stale (242.1s > 2.0s) -- holding at last known position via gravity compensation.
[pinn_controller_node-1] [WARN] [1785228548.313871804] [pinn_franka_controller]: Trajectory stale (243.1s > 2.0s) -- holding at last known position via gravity compensation.
[pinn_controller_node-1] [WARN] [1785228549.314789881] [pinn_franka_controller]: Trajectory stale (244.1s > 2.0s) -- holding at last known position via gravity compensation.
[pinn_controller_node-1] [WARN] [1785228550.315852342] [pinn_franka_controller]: Trajectory stale (245.1s > 2.0s) -- holding at last known position via gravity compensation.
[pinn_controller_node-1] [WARN] [1785228551.315907718] [pinn_franka_controller]: Trajectory stale (246.1s > 2.0s) -- holding at last known position via gravity compensation.
[pinn_controller_node-1] [WARN] [1785228552.316656017] [pinn_franka_controller]: Trajectory stale (247.1s > 2.0s) -- holding at last known position via gravity compensation.
[pinn_controller_node-1] [WARN] [1785228553.316966686] [pinn_franka_controller]: Trajectory stale (248.1s > 2.0s) -- holding at last known position via gravity compensation.
[pinn_controller_node-1] [WARN] [1785228554.317783178] [pinn_franka_controller]: Trajectory stale (249.1s > 2.0s) -- holding at last known position via gravity compensation.
[pinn_controller_node-1] [WARN] [1785228555.318183055] [pinn_franka_controller]: Trajectory stale (250.1s > 2.0s) -- holding at last known position via gravity compensation.
[pinn_controller_node-1] [WARN] [1785228556.318677345] [pinn_franka_controller]: Trajectory stale (251.1s > 2.0s) -- holding at last known position via gravity compensation.
[pinn_controller_node-1] [WARN] [1785228557.318825601] [pinn_franka_controller]: Trajectory stale (252.1s > 2.0s) -- holding at last known position via gravity compensation.
[pinn_controller_node-1] [WARN] [1785228558.319737345] [pinn_franka_controller]: Trajectory stale (253.1s > 2.0s) -- holding at last known position via gravity compensation.
[pinn_controller_node-1] [WARN] [1785228559.319820260] [pinn_franka_controller]: Trajectory stale (254.1s > 2.0s) -- holding at last known position via gravity compensation.
[pinn_controller_node-1] [WARN] [1785228560.320659915] [pinn_franka_controller]: Trajectory stale (255.1s > 2.0s) -- holding at last known position via gravity compensation.
[pinn_controller_node-1] [WARN] [1785228561.321063324] [pinn_franka_controller]: Trajectory stale (256.1s > 2.0s) -- holding at last known position via gravity compensation.
[pinn_controller_node-1] [WARN] [1785228562.321697573] [pinn_franka_controller]: Trajectory stale (257.1s > 2.0s) -- holding at last known position via gravity compensation.
[pinn_controller_node-1] [WARN] [1785228563.321893671] [pinn_franka_controller]: Trajectory stale (258.1s > 2.0s) -- holding at last known position via gravity compensation.
[pinn_controller_node-1] [WARN] [1785228564.322776898] [pinn_franka_controller]: Trajectory stale (259.1s > 2.0s) -- holding at last known position via gravity compensation.
[pinn_controller_node-1] [WARN] [1785228565.323051450] [pinn_franka_controller]: Trajectory stale (260.1s > 2.0s) -- holding at last known position via gravity compensation.
[pinn_controller_node-1] [WARN] [1785228566.323747647] [pinn_franka_controller]: Trajectory stale (261.1s > 2.0s) -- holding at last known position via gravity compensation.
[pinn_controller_node-1] [WARN] [1785228567.323744355] [pinn_franka_controller]: Trajectory stale (262.1s > 2.0s) -- holding at last known position via gravity compensation.
[pinn_controller_node-1] [WARN] [1785228568.324056597] [pinn_franka_controller]: Trajectory stale (263.1s > 2.0s) -- holding at last known position via gravity compensation.
[pinn_controller_node-1] [WARN] [1785228569.324931085] [pinn_franka_controller]: Trajectory stale (264.1s > 2.0s) -- holding at last known position via gravity compensation.
[pinn_controller_node-1] [WARN] [1785228570.325024451] [pinn_franka_controller]: Trajectory stale (265.1s > 2.0s) -- holding at last known position via gravity compensation.
[pinn_controller_node-1] [WARN] [1785228571.325728434] [pinn_franka_controller]: Trajectory stale (266.1s > 2.0s) -- holding at last known position via gravity compensation.
[pinn_controller_node-1] [WARN] [1785228572.325751384] [pinn_franka_controller]: Trajectory stale (267.1s > 2.0s) -- holding at last known position via gravity compensation.
[pinn_controller_node-1] [WARN] [1785228573.325762211] [pinn_franka_controller]: Trajectory stale (268.1s > 2.0s) -- holding at last known position via gravity compensation.
[pinn_controller_node-1] [WARN] [1785228574.325830582] [pinn_franka_controller]: Trajectory stale (269.1s > 2.0s) -- holding at last known position via gravity compensation.
[pinn_controller_node-1] [WARN] [1785228575.326728923] [pinn_franka_controller]: Trajectory stale (270.1s > 2.0s) -- holding at last known position via gravity compensation.
[pinn_controller_node-1] [WARN] [1785228576.326917827] [pinn_franka_controller]: Trajectory stale (271.1s > 2.0s) -- holding at last known position via gravity compensation.
[pinn_controller_node-1] [WARN] [1785228577.327699646] [pinn_franka_controller]: Trajectory stale (272.1s > 2.0s) -- holding at last known position via gravity compensation.
[pinn_controller_node-1] [WARN] [1785228578.327795460] [pinn_franka_controller]: Trajectory stale (273.1s > 2.0s) -- holding at last known position via gravity compensation.
[pinn_controller_node-1] [WARN] [1785228579.328712527] [pinn_franka_controller]: Trajectory stale (274.1s > 2.0s) -- holding at last known position via gravity compensation.
[pinn_controller_node-1] [WARN] [1785228580.328884767] [pinn_franka_controller]: Trajectory stale (275.1s > 2.0s) -- holding at last known position via gravity compensation.
[pinn_controller_node-1] [WARN] [1785228581.329697762] [pinn_franka_controller]: Trajectory stale (276.1s > 2.0s) -- holding at last known position via gravity compensation.
[pinn_controller_node-1] [WARN] [1785228582.329786084] [pinn_franka_controller]: Trajectory stale (277.1s > 2.0s) -- holding at last known position via gravity compensation.
[pinn_controller_node-1] [WARN] [1785228583.329834505] [pinn_franka_controller]: Trajectory stale (278.1s > 2.0s) -- holding at last known position via gravity compensation.
[pinn_controller_node-1] [WARN] [1785228584.330568769] [pinn_franka_controller]: Trajectory stale (279.1s > 2.0s) -- holding at last known position via gravity compensation.
[pinn_controller_node-1] [WARN] [1785228585.331097770] [pinn_franka_controller]: Trajectory stale (280.1s > 2.0s) -- holding at last known position via gravity compensation.
[pinn_controller_node-1] [WARN] [1785228586.331716751] [pinn_franka_controller]: Trajectory stale (281.1s > 2.0s) -- holding at last known position via gravity compensation.
[pinn_controller_node-1] [WARN] [1785228587.331751058] [pinn_franka_controller]: Trajectory stale (282.1s > 2.0s) -- holding at last known position via gravity compensation.
[pinn_controller_node-1] [WARN] [1785228588.331762589] [pinn_franka_controller]: Trajectory stale (283.1s > 2.0s) -- holding at last known position via gravity compensation.
[pinn_controller_node-1] [WARN] [1785228589.331791776] [pinn_franka_controller]: Trajectory stale (284.1s > 2.0s) -- holding at last known position via gravity compensation.
[pinn_controller_node-1] [WARN] [1785228590.332186836] [pinn_franka_controller]: Trajectory stale (285.1s > 2.0s) -- holding at last known position via gravity compensation.
[pinn_controller_node-1] [WARN] [1785228591.332869933] [pinn_franka_controller]: Trajectory stale (286.1s > 2.0s) -- holding at last known position via gravity compensation.
[pinn_controller_node-1] [WARN] [1785228592.333761360] [pinn_franka_controller]: Trajectory stale (287.1s > 2.0s) -- holding at last known position via gravity compensation.
[pinn_controller_node-1] [WARN] [1785228593.333874446] [pinn_franka_controller]: Trajectory stale (288.1s > 2.0s) -- holding at last known position via gravity compensation.
[pinn_controller_node-1] [WARN] [1785228594.334150982] [pinn_franka_controller]: Trajectory stale (289.1s > 2.0s) -- holding at last known position via gravity compensation.
[pinn_controller_node-1] [WARN] [1785228595.335179700] [pinn_franka_controller]: Trajectory stale (290.1s > 2.0s) -- holding at last known position via gravity compensation.
[pinn_controller_node-1] [WARN] [1785228596.335601296] [pinn_franka_controller]: Trajectory stale (291.1s > 2.0s) -- holding at last known position via gravity compensation.
[pinn_controller_node-1] [WARN] [1785228597.335727862] [pinn_franka_controller]: Trajectory stale (292.1s > 2.0s) -- holding at last known position via gravity compensation.
[pinn_controller_node-1] [WARN] [1785228598.336757516] [pinn_franka_controller]: Trajectory stale (293.1s > 2.0s) -- holding at last known position via gravity compensation.
[pinn_controller_node-1] [WARN] [1785228599.337712644] [pinn_franka_controller]: Trajectory stale (294.1s > 2.0s) -- holding at last known position via gravity compensation.
[pinn_controller_node-1] [WARN] [1785228600.337737821] [pinn_franka_controller]: Trajectory stale (295.1s > 2.0s) -- holding at last known position via gravity compensation.
[pinn_controller_node-1] [WARN] [1785228601.338183951] [pinn_franka_controller]: Trajectory stale (296.1s > 2.0s) -- holding at last known position via gravity compensation.
[pinn_controller_node-1] [WARN] [1785228602.338895652] [pinn_franka_controller]: Trajectory stale (297.2s > 2.0s) -- holding at last known position via gravity compensation.
[pinn_controller_node-1] [WARN] [1785228603.339750503] [pinn_franka_controller]: Trajectory stale (298.2s > 2.0s) -- holding at last known position via gravity compensation.
[pinn_controller_node-1] [WARN] [1785228604.339754050] [pinn_franka_controller]: Trajectory stale (299.2s > 2.0s) -- holding at last known position via gravity compensation.
[pinn_controller_node-1] [WARN] [1785228605.339763553] [pinn_franka_controller]: Trajectory stale (300.2s > 2.0s) -- holding at last known position via gravity compensation.
[pinn_controller_node-1] [WARN] [1785228606.340445726] [pinn_franka_controller]: Trajectory stale (301.2s > 2.0s) -- holding at last known position via gravity compensation.
[pinn_controller_node-1] [WARN] [1785228607.340755017] [pinn_franka_controller]: Trajectory stale (302.2s > 2.0s) -- holding at last known position via gravity compensation.
[pinn_controller_node-1] [WARN] [1785228608.340799891] [pinn_franka_controller]: Trajectory stale (303.2s > 2.0s) -- holding at last known position via gravity compensation.
[pinn_controller_node-1] [WARN] [1785228609.341733420] [pinn_franka_controller]: Trajectory stale (304.2s > 2.0s) -- holding at last known position via gravity compensation.
[pinn_controller_node-1] [WARN] [1785228610.342717770] [pinn_franka_controller]: Trajectory stale (305.2s > 2.0s) -- holding at last known position via gravity compensation.
[pinn_controller_node-1] [WARN] [1785228611.343619631] [pinn_franka_controller]: Trajectory stale (306.2s > 2.0s) -- holding at last known position via gravity compensation.
[pinn_controller_node-1] [WARN] [1785228612.343911587] [pinn_franka_controller]: Trajectory stale (307.2s > 2.0s) -- holding at last known position via gravity compensation.
[pinn_controller_node-1] [WARN] [1785228613.344381016] [pinn_franka_controller]: Trajectory stale (308.2s > 2.0s) -- holding at last known position via gravity compensation.
[pinn_controller_node-1] [WARN] [1785228614.344922832] [pinn_franka_controller]: Trajectory stale (309.2s > 2.0s) -- holding at last known position via gravity compensation.
[pinn_controller_node-1] [WARN] [1785228615.345692275] [pinn_franka_controller]: Trajectory stale (310.2s > 2.0s) -- holding at last known position via gravity compensation.
[pinn_controller_node-1] [WARN] [1785228616.346239216] [pinn_franka_controller]: Trajectory stale (311.2s > 2.0s) -- holding at last known position via gravity compensation.
[pinn_controller_node-1] [WARN] [1785228617.346704576] [pinn_franka_controller]: Trajectory stale (312.2s > 2.0s) -- holding at last known position via gravity compensation.
[pinn_controller_node-1] [WARN] [1785228618.347146454] [pinn_franka_controller]: Trajectory stale (313.2s > 2.0s) -- holding at last known position via gravity compensation.
[pinn_controller_node-1] [WARN] [1785228619.347527351] [pinn_franka_controller]: Trajectory stale (314.2s > 2.0s) -- holding at last known position via gravity compensation.
[pinn_controller_node-1] [WARN] [1785228620.347764082] [pinn_franka_controller]: Trajectory stale (315.2s > 2.0s) -- holding at last known position via gravity compensation.
[pinn_controller_node-1] [WARN] [1785228621.348000295] [pinn_franka_controller]: Trajectory stale (316.2s > 2.0s) -- holding at last known position via gravity compensation.
[pinn_controller_node-1] [WARN] [1785228622.348729679] [pinn_franka_controller]: Trajectory stale (317.2s > 2.0s) -- holding at last known position via gravity compensation.
[pinn_controller_node-1] [WARN] [1785228623.349350872] [pinn_franka_controller]: Trajectory stale (318.2s > 2.0s) -- holding at last known position via gravity compensation.
[pinn_controller_node-1] [WARN] [1785228624.349732941] [pinn_franka_controller]: Trajectory stale (319.2s > 2.0s) -- holding at last known position via gravity compensation.
[pinn_controller_node-1] [WARN] [1785228625.349752409] [pinn_franka_controller]: Trajectory stale (320.2s > 2.0s) -- holding at last known position via gravity compensation.
[pinn_controller_node-1] [WARN] [1785228626.349815248] [pinn_franka_controller]: Trajectory stale (321.2s > 2.0s) -- holding at last known position via gravity compensation.
[pinn_controller_node-1] [WARN] [1785228627.350030000] [pinn_franka_controller]: Trajectory stale (322.2s > 2.0s) -- holding at last known position via gravity compensation.
[pinn_controller_node-1] [WARN] [1785228628.350766375] [pinn_franka_controller]: Trajectory stale (323.2s > 2.0s) -- holding at last known position via gravity compensation.
[pinn_controller_node-1] [WARN] [1785228629.351013369] [pinn_franka_controller]: Trajectory stale (324.2s > 2.0s) -- holding at last known position via gravity compensation.
[pinn_controller_node-1] [WARN] [1785228630.351759253] [pinn_franka_controller]: Trajectory stale (325.2s > 2.0s) -- holding at last known position via gravity compensation.
[pinn_controller_node-1] [WARN] [1785228631.352421745] [pinn_franka_controller]: Trajectory stale (326.2s > 2.0s) -- holding at last known position via gravity compensation.
[pinn_controller_node-1] [WARN] [1785228632.353053774] [pinn_franka_controller]: Trajectory stale (327.2s > 2.0s) -- holding at last known position via gravity compensation.
[pinn_controller_node-1] [WARN] [1785228633.353824360] [pinn_franka_controller]: Trajectory stale (328.2s > 2.0s) -- holding at last known position via gravity compensation.
[pinn_controller_node-1] [WARN] [1785228634.354675616] [pinn_franka_controller]: Trajectory stale (329.2s > 2.0s) -- holding at last known position via gravity compensation.
[pinn_controller_node-1] [WARN] [1785228635.354978720] [pinn_franka_controller]: Trajectory stale (330.2s > 2.0s) -- holding at last known position via gravity compensation.
[pinn_controller_node-1] [WARN] [1785228636.355771455] [pinn_franka_controller]: Trajectory stale (331.2s > 2.0s) -- holding at last known position via gravity compensation.
[pinn_controller_node-1] [WARN] [1785228637.356525943] [pinn_franka_controller]: Trajectory stale (332.2s > 2.0s) -- holding at last known position via gravity compensation.
[pinn_controller_node-1] [WARN] [1785228638.356665721] [pinn_franka_controller]: Trajectory stale (333.2s > 2.0s) -- holding at last known position via gravity compensation.
[pinn_controller_node-1] [WARN] [1785228639.356788768] [pinn_franka_controller]: Trajectory stale (334.2s > 2.0s) -- holding at last known position via gravity compensation.
[pinn_controller_node-1] [WARN] [1785228640.357731338] [pinn_franka_controller]: Trajectory stale (335.2s > 2.0s) -- holding at last known position via gravity compensation.
[pinn_controller_node-1] [WARN] [1785228641.358677021] [pinn_franka_controller]: Trajectory stale (336.2s > 2.0s) -- holding at last known position via gravity compensation.
[pinn_controller_node-1] [WARN] [1785228642.358756195] [pinn_franka_controller]: Trajectory stale (337.2s > 2.0s) -- holding at last known position via gravity compensation.
[pinn_controller_node-1] [WARN] [1785228643.358792042] [pinn_franka_controller]: Trajectory stale (338.2s > 2.0s) -- holding at last known position via gravity compensation.
[pinn_controller_node-1] [WARN] [1785228644.359192004] [pinn_franka_controller]: Trajectory stale (339.2s > 2.0s) -- holding at last known position via gravity compensation.
[pinn_controller_node-1] [WARN] [1785228645.359724238] [pinn_franka_controller]: Trajectory stale (340.2s > 2.0s) -- holding at last known position via gravity compensation.
[pinn_controller_node-1] [WARN] [1785228646.360723677] [pinn_franka_controller]: Trajectory stale (341.2s > 2.0s) -- holding at last known position via gravity compensation.
[pinn_controller_node-1] [WARN] [1785228647.360778809] [pinn_franka_controller]: Trajectory stale (342.2s > 2.0s) -- holding at last known position via gravity compensation.
[pinn_controller_node-1] [WARN] [1785228648.361734764] [pinn_franka_controller]: Trajectory stale (343.2s > 2.0s) -- holding at last known position via gravity compensation.
[pinn_controller_node-1] [WARN] [1785228649.362669279] [pinn_franka_controller]: Trajectory stale (344.2s > 2.0s) -- holding at last known position via gravity compensation.
[pinn_controller_node-1] [WARN] [1785228650.363042015] [pinn_franka_controller]: Trajectory stale (345.2s > 2.0s) -- holding at last known position via gravity compensation.
[pinn_controller_node-1] [WARN] [1785228651.363692567] [pinn_franka_controller]: Trajectory stale (346.2s > 2.0s) -- holding at last known position via gravity compensation.
[pinn_controller_node-1] [WARN] [1785228652.363709611] [pinn_franka_controller]: Trajectory stale (347.2s > 2.0s) -- holding at last known position via gravity compensation.
[pinn_controller_node-1] [WARN] [1785228653.363720201] [pinn_franka_controller]: Trajectory stale (348.2s > 2.0s) -- holding at last known position via gravity compensation.
[pinn_controller_node-1] [WARN] [1785228654.364075358] [pinn_franka_controller]: Trajectory stale (349.2s > 2.0s) -- holding at last known position via gravity compensation.
[pinn_controller_node-1] [WARN] [1785228655.364894052] [pinn_franka_controller]: Trajectory stale (350.2s > 2.0s) -- holding at last known position via gravity compensation.
[pinn_controller_node-1] [WARN] [1785228656.364977071] [pinn_franka_controller]: Trajectory stale (351.2s > 2.0s) -- holding at last known position via gravity compensation.
[pinn_controller_node-1] [WARN] [1785228657.365787199] [pinn_franka_controller]: Trajectory stale (352.2s > 2.0s) -- holding at last known position via gravity compensation.
[pinn_controller_node-1] [WARN] [1785228658.366490150] [pinn_franka_controller]: Trajectory stale (353.2s > 2.0s) -- holding at last known position via gravity compensation.
[pinn_controller_node-1] [WARN] [1785228659.366663764] [pinn_franka_controller]: Trajectory stale (354.2s > 2.0s) -- holding at last known position via gravity compensation.
[pinn_controller_node-1] [WARN] [1785228660.366707951] [pinn_franka_controller]: Trajectory stale (355.2s > 2.0s) -- holding at last known position via gravity compensation.
[pinn_controller_node-1] [WARN] [1785228661.366738542] [pinn_franka_controller]: Trajectory stale (356.2s > 2.0s) -- holding at last known position via gravity compensation.
[pinn_controller_node-1] [WARN] [1785228662.367698352] [pinn_franka_controller]: Trajectory stale (357.2s > 2.0s) -- holding at last known position via gravity compensation.
[pinn_controller_node-1] [WARN] [1785228663.368732608] [pinn_franka_controller]: Trajectory stale (358.2s > 2.0s) -- holding at last known position via gravity compensation.
[pinn_controller_node-1] [WARN] [1785228664.369818698] [pinn_franka_controller]: Trajectory stale (359.2s > 2.0s) -- holding at last known position via gravity compensation.
[pinn_controller_node-1] [WARN] [1785228665.370697651] [pinn_franka_controller]: Trajectory stale (360.2s > 2.0s) -- holding at last known position via gravity compensation.
[pinn_controller_node-1] [WARN] [1785228666.371753443] [pinn_franka_controller]: Trajectory stale (361.2s > 2.0s) -- holding at last known position via gravity compensation.
[pinn_controller_node-1] [WARN] [1785228667.371859546] [pinn_franka_controller]: Trajectory stale (362.2s > 2.0s) -- holding at last known position via gravity compensation.
[pinn_controller_node-1] [WARN] [1785228668.372801565] [pinn_franka_controller]: Trajectory stale (363.2s > 2.0s) -- holding at last known position via gravity compensation.
[pinn_controller_node-1] [WARN] [1785228669.373727904] [pinn_franka_controller]: Trajectory stale (364.2s > 2.0s) -- holding at last known position via gravity compensation.
[pinn_controller_node-1] [WARN] [1785228670.374711602] [pinn_franka_controller]: Trajectory stale (365.2s > 2.0s) -- holding at last known position via gravity compensation.
[pinn_controller_node-1] [WARN] [1785228671.374796760] [pinn_franka_controller]: Trajectory stale (366.2s > 2.0s) -- holding at last known position via gravity compensation.
[pinn_controller_node-1] [WARN] [1785228672.375720137] [pinn_franka_controller]: Trajectory stale (367.2s > 2.0s) -- holding at last known position via gravity compensation.
[pinn_controller_node-1] [WARN] [1785228673.375984074] [pinn_franka_controller]: Trajectory stale (368.2s > 2.0s) -- holding at last known position via gravity compensation.
[pinn_controller_node-1] [WARN] [1785228674.376713748] [pinn_franka_controller]: Trajectory stale (369.2s > 2.0s) -- holding at last known position via gravity compensation.
[pinn_controller_node-1] [WARN] [1785228675.377075472] [pinn_franka_controller]: Trajectory stale (370.2s > 2.0s) -- holding at last known position via gravity compensation.
[pinn_controller_node-1] [WARN] [1785228676.377759324] [pinn_franka_controller]: Trajectory stale (371.2s > 2.0s) -- holding at last known position via gravity compensation.
[pinn_controller_node-1] [WARN] [1785228677.378652947] [pinn_franka_controller]: Trajectory stale (372.2s > 2.0s) -- holding at last known position via gravity compensation.
[pinn_controller_node-1] [WARN] [1785228678.378713253] [pinn_franka_controller]: Trajectory stale (373.2s > 2.0s) -- holding at last known position via gravity compensation.
[pinn_controller_node-1] [WARN] [1785228679.379715748] [pinn_franka_controller]: Trajectory stale (374.2s > 2.0s) -- holding at last known position via gravity compensation.
[pinn_controller_node-1] [WARN] [1785228680.379716306] [pinn_franka_controller]: Trajectory stale (375.2s > 2.0s) -- holding at last known position via gravity compensation.
[pinn_controller_node-1] [WARN] [1785228681.380729067] [pinn_franka_controller]: Trajectory stale (376.2s > 2.0s) -- holding at last known position via gravity compensation.
[pinn_controller_node-1] [WARN] [1785228682.381701318] [pinn_franka_controller]: Trajectory stale (377.2s > 2.0s) -- holding at last known position via gravity compensation.
[pinn_controller_node-1] [WARN] [1785228683.381960683] [pinn_franka_controller]: Trajectory stale (378.2s > 2.0s) -- holding at last known position via gravity compensation.
[pinn_controller_node-1] [WARN] [1785228684.382718918] [pinn_franka_controller]: Trajectory stale (379.2s > 2.0s) -- holding at last known position via gravity compensation.
[pinn_controller_node-1] [WARN] [1785228685.382775930] [pinn_franka_controller]: Trajectory stale (380.2s > 2.0s) -- holding at last known position via gravity compensation.
[pinn_controller_node-1] [WARN] [1785228686.383130467] [pinn_franka_controller]: Trajectory stale (381.2s > 2.0s) -- holding at last known position via gravity compensation.
[pinn_controller_node-1] [WARN] [1785228687.383729452] [pinn_franka_controller]: Trajectory stale (382.2s > 2.0s) -- holding at last known position via gravity compensation.
[pinn_controller_node-1] [WARN] [1785228688.384711197] [pinn_franka_controller]: Trajectory stale (383.2s > 2.0s) -- holding at last known position via gravity compensation.
[pinn_controller_node-1] [WARN] [1785228689.385700585] [pinn_franka_controller]: Trajectory stale (384.2s > 2.0s) -- holding at last known position via gravity compensation.
[pinn_controller_node-1] [WARN] [1785228690.385758375] [pinn_franka_controller]: Trajectory stale (385.2s > 2.0s) -- holding at last known position via gravity compensation.
[pinn_controller_node-1] [WARN] [1785228691.385910101] [pinn_franka_controller]: Trajectory stale (386.2s > 2.0s) -- holding at last known position via gravity compensation.
[pinn_controller_node-1] [WARN] [1785228692.386674190] [pinn_franka_controller]: Trajectory stale (387.2s > 2.0s) -- holding at last known position via gravity compensation.
[pinn_controller_node-1] [WARN] [1785228693.387230962] [pinn_franka_controller]: Trajectory stale (388.2s > 2.0s) -- holding at last known position via gravity compensation.
[pinn_controller_node-1] [WARN] [1785228694.387777855] [pinn_franka_controller]: Trajectory stale (389.2s > 2.0s) -- holding at last known position via gravity compensation.
[pinn_controller_node-1] [WARN] [1785228695.387927003] [pinn_franka_controller]: Trajectory stale (390.2s > 2.0s) -- holding at last known position via gravity compensation.
[pinn_controller_node-1] [WARN] [1785228696.388293967] [pinn_franka_controller]: Trajectory stale (391.2s > 2.0s) -- holding at last known position via gravity compensation.
[pinn_controller_node-1] [WARN] [1785228697.388693943] [pinn_franka_controller]: Trajectory stale (392.2s > 2.0s) -- holding at last known position via gravity compensation.
[pinn_controller_node-1] [WARN] [1785228698.388973008] [pinn_franka_controller]: Trajectory stale (393.2s > 2.0s) -- holding at last known position via gravity compensation.
[pinn_controller_node-1] [WARN] [1785228699.389742013] [pinn_franka_controller]: Trajectory stale (394.2s > 2.0s) -- holding at last known position via gravity compensation.
[pinn_controller_node-1] [WARN] [1785228700.389990582] [pinn_franka_controller]: Trajectory stale (395.2s > 2.0s) -- holding at last known position via gravity compensation.
[pinn_controller_node-1] [WARN] [1785228701.391014290] [pinn_franka_controller]: Trajectory stale (396.2s > 2.0s) -- holding at last known position via gravity compensation.
[pinn_controller_node-1] [WARN] [1785228702.391525836] [pinn_franka_controller]: Trajectory stale (397.2s > 2.0s) -- holding at last known position via gravity compensation.
[pinn_controller_node-1] [WARN] [1785228703.391931045] [pinn_franka_controller]: Trajectory stale (398.2s > 2.0s) -- holding at last known position via gravity compensation.
[pinn_controller_node-1] [WARN] [1785228704.392655653] [pinn_franka_controller]: Trajectory stale (399.2s > 2.0s) -- holding at last known position via gravity compensation.
[pinn_controller_node-1] [WARN] [1785228705.392741589] [pinn_franka_controller]: Trajectory stale (400.2s > 2.0s) -- holding at last known position via gravity compensation.
[pinn_controller_node-1] [WARN] [1785228706.392862751] [pinn_franka_controller]: Trajectory stale (401.2s > 2.0s) -- holding at last known position via gravity compensation.
[pinn_controller_node-1] [WARN] [1785228707.393357677] [pinn_franka_controller]: Trajectory stale (402.2s > 2.0s) -- holding at last known position via gravity compensation.
[pinn_controller_node-1] [WARN] [1785228708.393742178] [pinn_franka_controller]: Trajectory stale (403.2s > 2.0s) -- holding at last known position via gravity compensation.
[pinn_controller_node-1] [WARN] [1785228709.394059367] [pinn_franka_controller]: Trajectory stale (404.2s > 2.0s) -- holding at last known position via gravity compensation.
[pinn_controller_node-1] [WARN] [1785228710.394742274] [pinn_franka_controller]: Trajectory stale (405.2s > 2.0s) -- holding at last known position via gravity compensation.
[pinn_controller_node-1] [WARN] [1785228711.395792199] [pinn_franka_controller]: Trajectory stale (406.2s > 2.0s) -- holding at last known position via gravity compensation.
[pinn_controller_node-1] [WARN] [1785228712.396920110] [pinn_franka_controller]: Trajectory stale (407.2s > 2.0s) -- holding at last known position via gravity compensation.
[pinn_controller_node-1] [WARN] [1785228713.397189798] [pinn_franka_controller]: Trajectory stale (408.2s > 2.0s) -- holding at last known position via gravity compensation.
[pinn_controller_node-1] [WARN] [1785228714.398172126] [pinn_franka_controller]: Trajectory stale (409.2s > 2.0s) -- holding at last known position via gravity compensation.
[pinn_controller_node-1] [WARN] [1785228715.398980751] [pinn_franka_controller]: Trajectory stale (410.2s > 2.0s) -- holding at last known position via gravity compensation.
[pinn_controller_node-1] [WARN] [1785228716.399791030] [pinn_franka_controller]: Trajectory stale (411.2s > 2.0s) -- holding at last known position via gravity compensation.
[pinn_controller_node-1] [WARN] [1785228717.400749352] [pinn_franka_controller]: Trajectory stale (412.2s > 2.0s) -- holding at last known position via gravity compensation.
[pinn_controller_node-1] [WARN] [1785228718.400766214] [pinn_franka_controller]: Trajectory stale (413.2s > 2.0s) -- holding at last known position via gravity compensation.
[pinn_controller_node-1] [WARN] [1785228719.401079274] [pinn_franka_controller]: Trajectory stale (414.2s > 2.0s) -- holding at last known position via gravity compensation.
[pinn_controller_node-1] [WARN] [1785228720.401804996] [pinn_franka_controller]: Trajectory stale (415.2s > 2.0s) -- holding at last known position via gravity compensation.
[pinn_controller_node-1] [WARN] [1785228721.402661062] [pinn_franka_controller]: Trajectory stale (416.2s > 2.0s) -- holding at last known position via gravity compensation.
[pinn_controller_node-1] [WARN] [1785228722.402966913] [pinn_franka_controller]: Trajectory stale (417.2s > 2.0s) -- holding at last known position via gravity compensation.
[pinn_controller_node-1] [WARN] [1785228723.403105298] [pinn_franka_controller]: Trajectory stale (418.2s > 2.0s) -- holding at last known position via gravity compensation.
[pinn_controller_node-1] [WARN] [1785228724.403899596] [pinn_franka_controller]: Trajectory stale (419.2s > 2.0s) -- holding at last known position via gravity compensation.
[pinn_controller_node-1] [WARN] [1785228725.403914057] [pinn_franka_controller]: Trajectory stale (420.2s > 2.0s) -- holding at last known position via gravity compensation.
[pinn_controller_node-1] [WARN] [1785228726.404785654] [pinn_franka_controller]: Trajectory stale (421.2s > 2.0s) -- holding at last known position via gravity compensation.
[pinn_controller_node-1] [WARN] [1785228727.405776752] [pinn_franka_controller]: Trajectory stale (422.2s > 2.0s) -- holding at last known position via gravity compensation.
[pinn_controller_node-1] [WARN] [1785228728.406692612] [pinn_franka_controller]: Trajectory stale (423.2s > 2.0s) -- holding at last known position via gravity compensation.
[pinn_controller_node-1] [WARN] [1785228729.407162521] [pinn_franka_controller]: Trajectory stale (424.2s > 2.0s) -- holding at last known position via gravity compensation.
[pinn_controller_node-1] [WARN] [1785228730.407763372] [pinn_franka_controller]: Trajectory stale (425.2s > 2.0s) -- holding at last known position via gravity compensation.
[pinn_controller_node-1] [WARN] [1785228731.408670069] [pinn_franka_controller]: Trajectory stale (426.2s > 2.0s) -- holding at last known position via gravity compensation.
[pinn_controller_node-1] [WARN] [1785228732.408837868] [pinn_franka_controller]: Trajectory stale (427.2s > 2.0s) -- holding at last known position via gravity compensation.
[pinn_controller_node-1] [WARN] [1785228733.408886222] [pinn_franka_controller]: Trajectory stale (428.2s > 2.0s) -- holding at last known position via gravity compensation.
[pinn_controller_node-1] [WARN] [1785228734.409769607] [pinn_franka_controller]: Trajectory stale (429.2s > 2.0s) -- holding at last known position via gravity compensation.
[pinn_controller_node-1] [WARN] [1785228735.409814498] [pinn_franka_controller]: Trajectory stale (430.2s > 2.0s) -- holding at last known position via gravity compensation.
[pinn_controller_node-1] [WARN] [1785228736.410119365] [pinn_franka_controller]: Trajectory stale (431.2s > 2.0s) -- holding at last known position via gravity compensation.
[pinn_controller_node-1] [WARN] [1785228737.410724426] [pinn_franka_controller]: Trajectory stale (432.2s > 2.0s) -- holding at last known position via gravity compensation.
[pinn_controller_node-1] [WARN] [1785228738.411013774] [pinn_franka_controller]: Trajectory stale (433.2s > 2.0s) -- holding at last known position via gravity compensation.
[pinn_controller_node-1] [WARN] [1785228739.411128903] [pinn_franka_controller]: Trajectory stale (434.2s > 2.0s) -- holding at last known position via gravity compensation.
[pinn_controller_node-1] [WARN] [1785228740.411741221] [pinn_franka_controller]: Trajectory stale (435.2s > 2.0s) -- holding at last known position via gravity compensation.
[pinn_controller_node-1] [WARN] [1785228741.411754760] [pinn_franka_controller]: Trajectory stale (436.2s > 2.0s) -- holding at last known position via gravity compensation.
[pinn_controller_node-1] [WARN] [1785228742.411757965] [pinn_franka_controller]: Trajectory stale (437.2s > 2.0s) -- holding at last known position via gravity compensation.
[pinn_controller_node-1] [WARN] [1785228743.411868335] [pinn_franka_controller]: Trajectory stale (438.2s > 2.0s) -- holding at last known position via gravity compensation.
[pinn_controller_node-1] [WARN] [1785228744.412708961] [pinn_franka_controller]: Trajectory stale (439.2s > 2.0s) -- holding at last known position via gravity compensation.
[pinn_controller_node-1] [WARN] [1785228745.413741963] [pinn_franka_controller]: Trajectory stale (440.2s > 2.0s) -- holding at last known position via gravity compensation.
[pinn_controller_node-1] [WARN] [1785228746.414966283] [pinn_franka_controller]: Trajectory stale (441.2s > 2.0s) -- holding at last known position via gravity compensation.
[pinn_controller_node-1] [WARN] [1785228747.416305450] [pinn_franka_controller]: Trajectory stale (442.2s > 2.0s) -- holding at last known position via gravity compensation.
[pinn_controller_node-1] [WARN] [1785228748.416965047] [pinn_franka_controller]: Trajectory stale (443.2s > 2.0s) -- holding at last known position via gravity compensation.
[pinn_controller_node-1] [WARN] [1785228749.417798284] [pinn_franka_controller]: Trajectory stale (444.2s > 2.0s) -- holding at last known position via gravity compensation.
[pinn_controller_node-1] [WARN] [1785228750.417938018] [pinn_franka_controller]: Trajectory stale (445.2s > 2.0s) -- holding at last known position via gravity compensation.
[pinn_controller_node-1] [WARN] [1785228751.418665785] [pinn_franka_controller]: Trajectory stale (446.2s > 2.0s) -- holding at last known position via gravity compensation.
[pinn_controller_node-1] [WARN] [1785228752.418870310] [pinn_franka_controller]: Trajectory stale (447.2s > 2.0s) -- holding at last known position via gravity compensation.
[pinn_controller_node-1] [WARN] [1785228753.419727651] [pinn_franka_controller]: Trajectory stale (448.2s > 2.0s) -- holding at last known position via gravity compensation.
[pinn_controller_node-1] [WARN] [1785228754.419966201] [pinn_franka_controller]: Trajectory stale (449.2s > 2.0s) -- holding at last known position via gravity compensation.
[pinn_controller_node-1] [WARN] [1785228755.420610627] [pinn_franka_controller]: Trajectory stale (450.2s > 2.0s) -- holding at last known position via gravity compensation.
[pinn_controller_node-1] [WARN] [1785228756.420724205] [pinn_franka_controller]: Trajectory stale (451.2s > 2.0s) -- holding at last known position via gravity compensation.
[pinn_controller_node-1] [WARN] [1785228757.421733268] [pinn_franka_controller]: Trajectory stale (452.2s > 2.0s) -- holding at last known position via gravity compensation.
[pinn_controller_node-1] [WARN] [1785228758.421735088] [pinn_franka_controller]: Trajectory stale (453.2s > 2.0s) -- holding at last known position via gravity compensation.
[pinn_controller_node-1] [WARN] [1785228759.421991938] [pinn_franka_controller]: Trajectory stale (454.2s > 2.0s) -- holding at last known position via gravity compensation.
[pinn_controller_node-1] [WARN] [1785228760.422352223] [pinn_franka_controller]: Trajectory stale (455.2s > 2.0s) -- holding at last known position via gravity compensation.
[pinn_controller_node-1] [WARN] [1785228761.423051280] [pinn_franka_controller]: Trajectory stale (456.2s > 2.0s) -- holding at last known position via gravity compensation.
[pinn_controller_node-1] [WARN] [1785228762.423823234] [pinn_franka_controller]: Trajectory stale (457.2s > 2.0s) -- holding at last known position via gravity compensation.
[pinn_controller_node-1] [WARN] [1785228763.424771973] [pinn_franka_controller]: Trajectory stale (458.2s > 2.0s) -- holding at last known position via gravity compensation.
[pinn_controller_node-1] [WARN] [1785228764.424837743] [pinn_franka_controller]: Trajectory stale (459.2s > 2.0s) -- holding at last known position via gravity compensation.
[pinn_controller_node-1] [WARN] [1785228765.425709819] [pinn_franka_controller]: Trajectory stale (460.2s > 2.0s) -- holding at last known position via gravity compensation.
[pinn_controller_node-1] [WARN] [1785228766.426666013] [pinn_franka_controller]: Trajectory stale (461.2s > 2.0s) -- holding at last known position via gravity compensation.
[pinn_controller_node-1] [WARN] [1785228767.426739532] [pinn_franka_controller]: Trajectory stale (462.2s > 2.0s) -- holding at last known position via gravity compensation.
[pinn_controller_node-1] [WARN] [1785228768.426817552] [pinn_franka_controller]: Trajectory stale (463.2s > 2.0s) -- holding at last known position via gravity compensation.
[pinn_controller_node-1] [WARN] [1785228769.426931969] [pinn_franka_controller]: Trajectory stale (464.2s > 2.0s) -- holding at last known position via gravity compensation.
[pinn_controller_node-1] [WARN] [1785228770.427694794] [pinn_franka_controller]: Trajectory stale (465.2s > 2.0s) -- holding at last known position via gravity compensation.
[pinn_controller_node-1] [WARN] [1785228771.428310516] [pinn_franka_controller]: Trajectory stale (466.2s > 2.0s) -- holding at last known position via gravity compensation.
[pinn_controller_node-1] [WARN] [1785228772.429537966] [pinn_franka_controller]: Trajectory stale (467.2s > 2.0s) -- holding at last known position via gravity compensation.
[pinn_controller_node-1] [WARN] [1785228773.430117426] [pinn_franka_controller]: Trajectory stale (468.2s > 2.0s) -- holding at last known position via gravity compensation.
[pinn_controller_node-1] [WARN] [1785228774.430706471] [pinn_franka_controller]: Trajectory stale (469.2s > 2.0s) -- holding at last known position via gravity compensation.
[pinn_controller_node-1] [WARN] [1785228775.431698445] [pinn_franka_controller]: Trajectory stale (470.2s > 2.0s) -- holding at last known position via gravity compensation.
[pinn_controller_node-1] [WARN] [1785228776.431836842] [pinn_franka_controller]: Trajectory stale (471.2s > 2.0s) -- holding at last known position via gravity compensation.
[pinn_controller_node-1] [WARN] [1785228777.432691094] [pinn_franka_controller]: Trajectory stale (472.2s > 2.0s) -- holding at last known position via gravity compensation.
[pinn_controller_node-1] [WARN] [1785228778.432859181] [pinn_franka_controller]: Trajectory stale (473.2s > 2.0s) -- holding at last known position via gravity compensation.
[pinn_controller_node-1] [WARN] [1785228779.433392183] [pinn_franka_controller]: Trajectory stale (474.2s > 2.0s) -- holding at last known position via gravity compensation.
[pinn_controller_node-1] [WARN] [1785228780.433701097] [pinn_franka_controller]: Trajectory stale (475.2s > 2.0s) -- holding at last known position via gravity compensation.
[pinn_controller_node-1] [WARN] [1785228781.433806976] [pinn_franka_controller]: Trajectory stale (476.2s > 2.0s) -- holding at last known position via gravity compensation.
[pinn_controller_node-1] [WARN] [1785228782.434713890] [pinn_franka_controller]: Trajectory stale (477.2s > 2.0s) -- holding at last known position via gravity compensation.
[pinn_controller_node-1] [WARN] [1785228783.435739069] [pinn_franka_controller]: Trajectory stale (478.2s > 2.0s) -- holding at last known position via gravity compensation.
[pinn_controller_node-1] [WARN] [1785228784.435806818] [pinn_franka_controller]: Trajectory stale (479.2s > 2.0s) -- holding at last known position via gravity compensation.
[pinn_controller_node-1] [WARN] [1785228785.435976718] [pinn_franka_controller]: Trajectory stale (480.2s > 2.0s) -- holding at last known position via gravity compensation.
[pinn_controller_node-1] [WARN] [1785228786.436694498] [pinn_franka_controller]: Trajectory stale (481.2s > 2.0s) -- holding at last known position via gravity compensation.
[pinn_controller_node-1] [WARN] [1785228787.436704557] [pinn_franka_controller]: Trajectory stale (482.2s > 2.0s) -- holding at last known position via gravity compensation.
[pinn_controller_node-1] [WARN] [1785228788.437719337] [pinn_franka_controller]: Trajectory stale (483.2s > 2.0s) -- holding at last known position via gravity compensation.
[pinn_controller_node-1] [WARN] [1785228789.437774235] [pinn_franka_controller]: Trajectory stale (484.2s > 2.0s) -- holding at last known position via gravity compensation.
[pinn_controller_node-1] [WARN] [1785228790.438668714] [pinn_franka_controller]: Trajectory stale (485.3s > 2.0s) -- holding at last known position via gravity compensation.
[pinn_controller_node-1] [WARN] [1785228791.438714223] [pinn_franka_controller]: Trajectory stale (486.3s > 2.0s) -- holding at last known position via gravity compensation.
[pinn_controller_node-1] [WARN] [1785228792.439023723] [pinn_franka_controller]: Trajectory stale (487.3s > 2.0s) -- holding at last known position via gravity compensation.
[pinn_controller_node-1] [WARN] [1785228793.439278502] [pinn_franka_controller]: Trajectory stale (488.3s > 2.0s) -- holding at last known position via gravity compensation.
[pinn_controller_node-1] [WARN] [1785228794.439933370] [pinn_franka_controller]: Trajectory stale (489.3s > 2.0s) -- holding at last known position via gravity compensation.
[pinn_controller_node-1] [WARN] [1785228795.441007759] [pinn_franka_controller]: Trajectory stale (490.3s > 2.0s) -- holding at last known position via gravity compensation.
[pinn_controller_node-1] [WARN] [1785228796.441939739] [pinn_franka_controller]: Trajectory stale (491.3s > 2.0s) -- holding at last known position via gravity compensation.
[pinn_controller_node-1] [WARN] [1785228797.442696145] [pinn_franka_controller]: Trajectory stale (492.3s > 2.0s) -- holding at last known position via gravity compensation.
[pinn_controller_node-1] [WARN] [1785228798.442810986] [pinn_franka_controller]: Trajectory stale (493.3s > 2.0s) -- holding at last known position via gravity compensation.
[pinn_controller_node-1] [WARN] [1785228799.442963368] [pinn_franka_controller]: Trajectory stale (494.3s > 2.0s) -- holding at last known position via gravity compensation.
[pinn_controller_node-1] [WARN] [1785228800.443144777] [pinn_franka_controller]: Trajectory stale (495.3s > 2.0s) -- holding at last known position via gravity compensation.
[pinn_controller_node-1] [WARN] [1785228801.443724591] [pinn_franka_controller]: Trajectory stale (496.3s > 2.0s) -- holding at last known position via gravity compensation.
[pinn_controller_node-1] [WARN] [1785228802.443902759] [pinn_franka_controller]: Trajectory stale (497.3s > 2.0s) -- holding at last known position via gravity compensation.
[pinn_controller_node-1] [WARN] [1785228803.444349540] [pinn_franka_controller]: Trajectory stale (498.3s > 2.0s) -- holding at last known position via gravity compensation.
[pinn_controller_node-1] [INFO] [1785228804.055104925] [pinn_franka_controller]: New trajectory received with 14 points.
[pinn_controller_node-1] [INFO] [1785228804.055818439] [pinn_franka_controller]: [DEBUG e] j4: q_des=-1.6579 q_meas=-1.6579 e=+0.0000 qdot=-0.00000 | j6: q_des=+1.5440 q_meas=+1.5441 e=-0.0000 qdot=-0.00000 | j7: q_des=-0.7842 q_meas=-0.7842 e=-0.0000 qdot=+0.00000
[pinn_controller_node-1] [INFO] [1785228804.057063251] [pinn_franka_controller]: [DEBUG tau] j4: rnea=+22.928 res=-0.600 pd=+0.023 unclipped=+22.351 clipped=+22.351 | j6: rnea=+1.883 res=+0.215 pd=-0.013 unclipped=+2.086 clipped=+2.086 | j7: rnea=-0.001 res=-0.206 pd=-0.000 unclipped=-0.208 clipped=-0.208
[pinn_controller_node-1] [INFO] [1785228805.056106879] [pinn_franka_controller]: [DEBUG e] j4: q_des=-1.3366 q_meas=-1.3520 e=+0.0155 qdot=+0.19664 | j6: q_des=+1.2555 q_meas=+1.2853 e=-0.0298 qdot=-0.19220 | j7: q_des=-0.8011 q_meas=-0.8145 e=+0.0134 qdot=-0.02905
[pinn_controller_node-1] [INFO] [1785228805.058707811] [pinn_franka_controller]: [DEBUG tau] j4: rnea=+20.757 res=-0.748 pd=+0.820 unclipped=+20.830 clipped=+20.830 | j6: rnea=+1.766 res=+0.367 pd=-0.485 unclipped=+1.647 clipped=+1.647 | j7: rnea=-0.000 res=-0.273 pd=+0.252 unclipped=-0.022 clipped=-0.022
[pinn_controller_node-1] [INFO] [1785228805.265285347] [pinn_franka_controller]: New trajectory received with 1 points.
[pinn_controller_node-1] [INFO] [1785228805.283921610] [pinn_franka_controller]: New trajectory received with 11 points.
[pinn_controller_node-1] [INFO] [1785228806.057237439] [pinn_franka_controller]: [DEBUG e] j4: q_des=-1.5138 q_meas=-1.5224 e=+0.0086 qdot=-0.17087 | j6: q_des=+1.4167 q_meas=+1.4091 e=+0.0076 qdot=+0.15886 | j7: q_des=-0.5512 q_meas=-0.6000 e=+0.0488 qdot=+0.24910
[pinn_controller_node-1] [INFO] [1785228806.059844596] [pinn_franka_controller]: [DEBUG tau] j4: rnea=+21.823 res=-0.570 pd=+0.519 unclipped=+21.773 clipped=+21.773 | j6: rnea=+1.958 res=+0.082 pd=+0.025 unclipped=+2.064 clipped=+2.064 | j7: rnea=-0.009 res=-0.326 pd=+0.474 unclipped=+0.139 clipped=+0.139
[pinn_controller_node-1] [INFO] [1785228806.257995366] [pinn_franka_controller]: New trajectory received with 1 points.
[pinn_controller_node-1] [INFO] [1785228806.274951842] [pinn_franka_controller]: New trajectory received with 11 points.
[pinn_controller_node-1] [INFO] [1785228807.058578716] [pinn_franka_controller]: [DEBUG e] j4: q_des=-1.6904 q_meas=-1.6985 e=+0.0082 qdot=-0.14265 | j6: q_des=+1.5389 q_meas=+1.5363 e=+0.0026 qdot=+0.11383 | j7: q_des=-0.2649 q_meas=-0.3184 e=+0.0534 qdot=+0.29110
[pinn_controller_node-1] [INFO] [1785228807.061196147] [pinn_franka_controller]: [DEBUG tau] j4: rnea=+22.113 res=-0.475 pd=+0.452 unclipped=+22.091 clipped=+22.091 | j6: rnea=+2.119 res=+0.103 pd=-0.020 unclipped=+2.202 clipped=+2.202 | j7: rnea=-0.009 res=-0.342 pd=+0.530 unclipped=+0.179 clipped=+0.179
[pinn_controller_node-1] [INFO] [1785228807.276767026] [pinn_franka_controller]: New trajectory received with 1 points.
[pinn_controller_node-1] [INFO] [1785228807.293771460] [pinn_franka_controller]: New trajectory received with 11 points.
[pinn_controller_node-1] [INFO] [1785228808.059027523] [pinn_franka_controller]: [DEBUG e] j4: q_des=-1.8126 q_meas=-1.8194 e=+0.0068 qdot=-0.07966 | j6: q_des=+1.6707 q_meas=+1.6673 e=+0.0034 qdot=+0.10191 | j7: q_des=-0.0236 q_meas=-0.0694 e=+0.0458 qdot=+0.20709
[pinn_controller_node-1] [INFO] [1785228808.061633576] [pinn_franka_controller]: [DEBUG tau] j4: rnea=+22.221 res=-0.459 pd=+0.453 unclipped=+22.215 clipped=+22.215 | j6: rnea=+2.323 res=+0.078 pd=-0.023 unclipped=+2.379 clipped=+2.379 | j7: rnea=-0.008 res=-0.286 pd=+0.386 unclipped=+0.092 clipped=+0.092
[pinn_controller_node-1] [INFO] [1785228808.211908248] [pinn_franka_controller]: New trajectory received with 1 points.
[pinn_controller_node-1] [INFO] [1785228808.229448298] [pinn_franka_controller]: New trajectory received with 17 points.
[pinn_controller_node-1] [INFO] [1785228809.059410596] [pinn_franka_controller]: [DEBUG e] j4: q_des=-2.1267 q_meas=-2.1221 e=-0.0046 qdot=-0.56567 | j6: q_des=+2.0858 q_meas=+2.0542 e=+0.0316 qdot=+0.74362 | j7: q_des=-0.0502 q_meas=-0.0518 e=+0.0016 qdot=+0.01044
[pinn_controller_node-1] [INFO] [1785228809.062042071] [pinn_franka_controller]: [DEBUG tau] j4: rnea=+22.365 res=-0.095 pd=-0.414 unclipped=+21.856 clipped=+21.856 | j6: rnea=+2.288 res=-0.329 pd=+1.090 unclipped=+3.049 clipped=+3.049 | j7: rnea=+0.001 res=+0.061 pd=-0.050 unclipped=+0.012 clipped=+0.012
[pinn_controller_node-1] [INFO] [1785228809.774796357] [pinn_franka_controller]: New trajectory received with 1 points.
[pinn_controller_node-1] [INFO] [1785228810.060884587] [pinn_franka_controller]: [DEBUG e] j4: q_des=-2.3602 q_meas=-2.3627 e=+0.0025 qdot=-0.01175 | j6: q_des=+2.4032 q_meas=+2.3885 e=+0.0146 qdot=+0.02598 | j7: q_des=-0.0502 q_meas=-0.0559 e=+0.0057 qdot=-0.01107
[pinn_controller_node-1] [INFO] [1785228810.063475663] [pinn_franka_controller]: [DEBUG tau] j4: rnea=+20.227 res=-0.301 pd=+0.324 unclipped=+20.250 clipped=+20.250 | j6: rnea=+2.346 res=-0.060 pd=+0.084 unclipped=+2.370 clipped=+2.370 | j7: rnea=-0.001 res=-0.136 pd=+0.126 unclipped=-0.011 clipped=-0.011
[pinn_controller_node-1] [INFO] [1785228811.061480770] [pinn_franka_controller]: [DEBUG e] j4: q_des=-2.3602 q_meas=-2.3657 e=+0.0055 qdot=-0.00026 | j6: q_des=+2.4032 q_meas=+2.4002 e=+0.0030 qdot=+0.00369 | j7: q_des=-0.0502 q_meas=-0.0622 e=+0.0121 qdot=-0.00321
[pinn_controller_node-1] [INFO] [1785228811.064059748] [pinn_franka_controller]: [DEBUG tau] j4: rnea=+20.196 res=-0.322 pd=+0.321 unclipped=+20.196 clipped=+20.196 | j6: rnea=+2.360 res=-0.031 pd=+0.033 unclipped=+2.363 clipped=+2.363 | j7: rnea=-0.001 res=-0.142 pd=+0.139 unclipped=-0.004 clipped=-0.004
[pinn_controller_node-1] [WARN] [1785228811.775297820] [pinn_franka_controller]: Trajectory stale (2.0s > 2.0s) -- holding at last known position via gravity compensation.
[pinn_controller_node-1] [WARN] [1785228812.775693627] [pinn_franka_controller]: Trajectory stale (3.0s > 2.0s) -- holding at last known position via gravity compensation.
[pinn_controller_node-1] [WARN] [1785228813.776718763] [pinn_franka_controller]: Trajectory stale (4.0s > 2.0s) -- holding at last known position via gravity compensation.
[pinn_controller_node-1] [WARN] [1785228814.776925370] [pinn_franka_controller]: Trajectory stale (5.0s > 2.0s) -- holding at last known position via gravity compensation.
[pinn_controller_node-1] [WARN] [1785228815.777797080] [pinn_franka_controller]: Trajectory stale (6.0s > 2.0s) -- holding at last known position via gravity compensation.
[pinn_controller_node-1] [WARN] [1785228816.778789532] [pinn_franka_controller]: Trajectory stale (7.0s > 2.0s) -- holding at last known position via gravity compensation.
[pinn_controller_node-1] [WARN] [1785228817.779604909] [pinn_franka_controller]: Trajectory stale (8.0s > 2.0s) -- holding at last known position via gravity compensation.
[pinn_controller_node-1] [WARN] [1785228818.779781178] [pinn_franka_controller]: Trajectory stale (9.0s > 2.0s) -- holding at last known position via gravity compensation.
[pinn_controller_node-1] [WARN] [1785228819.780700188] [pinn_franka_controller]: Trajectory stale (10.0s > 2.0s) -- holding at last known position via gravity compensation.
[pinn_controller_node-1] [WARN] [1785228820.780702250] [pinn_franka_controller]: Trajectory stale (11.0s > 2.0s) -- holding at last known position via gravity compensation.
[pinn_controller_node-1] [WARN] [1785228821.780819005] [pinn_franka_controller]: Trajectory stale (12.0s > 2.0s) -- holding at last known position via gravity compensation.
[pinn_controller_node-1] [WARN] [1785228822.780826400] [pinn_franka_controller]: Trajectory stale (13.0s > 2.0s) -- holding at last known position via gravity compensation.
[pinn_controller_node-1] [WARN] [1785228823.781122228] [pinn_franka_controller]: Trajectory stale (14.0s > 2.0s) -- holding at last known position via gravity compensation.
[pinn_controller_node-1] [WARN] [1785228824.781713372] [pinn_franka_controller]: Trajectory stale (15.0s > 2.0s) -- holding at last known position via gravity compensation.
[pinn_controller_node-1] [WARN] [1785228825.781865794] [pinn_franka_controller]: Trajectory stale (16.0s > 2.0s) -- holding at last known position via gravity compensation.
[pinn_controller_node-1] [WARN] [1785228826.782688033] [pinn_franka_controller]: Trajectory stale (17.0s > 2.0s) -- holding at last known position via gravity compensation.
[pinn_controller_node-1] [WARN] [1785228827.782723443] [pinn_franka_controller]: Trajectory stale (18.0s > 2.0s) -- holding at last known position via gravity compensation.
[pinn_controller_node-1] [WARN] [1785228828.782773487] [pinn_franka_controller]: Trajectory stale (19.0s > 2.0s) -- holding at last known position via gravity compensation.
[pinn_controller_node-1] [WARN] [1785228829.783655424] [pinn_franka_controller]: Trajectory stale (20.0s > 2.0s) -- holding at last known position via gravity compensation.
[pinn_controller_node-1] [WARN] [1785228830.783739580] [pinn_franka_controller]: Trajectory stale (21.0s > 2.0s) -- holding at last known position via gravity compensation.
[pinn_controller_node-1] [WARN] [1785228831.783826141] [pinn_franka_controller]: Trajectory stale (22.0s > 2.0s) -- holding at last known position via gravity compensation.
[pinn_controller_node-1] [WARN] [1785228832.784316657] [pinn_franka_controller]: Trajectory stale (23.0s > 2.0s) -- holding at last known position via gravity compensation.
[pinn_controller_node-1] [WARN] [1785228833.784428036] [pinn_franka_controller]: Trajectory stale (24.0s > 2.0s) -- holding at last known position via gravity compensation.
[pinn_controller_node-1] [WARN] [1785228834.785260869] [pinn_franka_controller]: Trajectory stale (25.0s > 2.0s) -- holding at last known position via gravity compensation.
[pinn_controller_node-1] [WARN] [1785228835.785902485] [pinn_franka_controller]: Trajectory stale (26.0s > 2.0s) -- holding at last known position via gravity compensation.
[pinn_controller_node-1] [WARN] [1785228836.786613956] [pinn_franka_controller]: Trajectory stale (27.0s > 2.0s) -- holding at last known position via gravity compensation.
[pinn_controller_node-1] [WARN] [1785228837.786696417] [pinn_franka_controller]: Trajectory stale (28.0s > 2.0s) -- holding at last known position via gravity compensation.
[pinn_controller_node-1] [WARN] [1785228838.787428084] [pinn_franka_controller]: Trajectory stale (29.0s > 2.0s) -- holding at last known position via gravity compensation.
[pinn_controller_node-1] [WARN] [1785228839.787806330] [pinn_franka_controller]: Trajectory stale (30.0s > 2.0s) -- holding at last known position via gravity compensation.
[pinn_controller_node-1] [WARN] [1785228840.788674335] [pinn_franka_controller]: Trajectory stale (31.0s > 2.0s) -- holding at last known position via gravity compensation.
[pinn_controller_node-1] [WARN] [1785228841.788912537] [pinn_franka_controller]: Trajectory stale (32.0s > 2.0s) -- holding at last known position via gravity compensation.
[pinn_controller_node-1] [WARN] [1785228842.789683884] [pinn_franka_controller]: Trajectory stale (33.0s > 2.0s) -- holding at last known position via gravity compensation.
[pinn_controller_node-1] [WARN] [1785228843.789906940] [pinn_franka_controller]: Trajectory stale (34.0s > 2.0s) -- holding at last known position via gravity compensation.
[pinn_controller_node-1] [WARN] [1785228844.790701431] [pinn_franka_controller]: Trajectory stale (35.0s > 2.0s) -- holding at last known position via gravity compensation.
[pinn_controller_node-1] [WARN] [1785228845.790915018] [pinn_franka_controller]: Trajectory stale (36.0s > 2.0s) -- holding at last known position via gravity compensation.
[pinn_controller_node-1] [WARN] [1785228846.791527287] [pinn_franka_controller]: Trajectory stale (37.0s > 2.0s) -- holding at last known position via gravity compensation.
[pinn_controller_node-1] [WARN] [1785228847.792037602] [pinn_franka_controller]: Trajectory stale (38.0s > 2.0s) -- holding at last known position via gravity compensation.
[pinn_controller_node-1] [WARN] [1785228848.792484622] [pinn_franka_controller]: Trajectory stale (39.0s > 2.0s) -- holding at last known position via gravity compensation.
[pinn_controller_node-1] [WARN] [1785228849.792718537] [pinn_franka_controller]: Trajectory stale (40.0s > 2.0s) -- holding at last known position via gravity compensation.
[pinn_controller_node-1] [WARN] [1785228850.792935577] [pinn_franka_controller]: Trajectory stale (41.0s > 2.0s) -- holding at last known position via gravity compensation.
[pinn_controller_node-1] [WARN] [1785228851.793054247] [pinn_franka_controller]: Trajectory stale (42.0s > 2.0s) -- holding at last known position via gravity compensation.
[pinn_controller_node-1] [WARN] [1785228852.793953377] [pinn_franka_controller]: Trajectory stale (43.0s > 2.0s) -- holding at last known position via gravity compensation.
[pinn_controller_node-1] [WARN] [1785228853.794697917] [pinn_franka_controller]: Trajectory stale (44.0s > 2.0s) -- holding at last known position via gravity compensation.
[pinn_controller_node-1] [WARN] [1785228854.795707762] [pinn_franka_controller]: Trajectory stale (45.0s > 2.0s) -- holding at last known position via gravity compensation.
[pinn_controller_node-1] [WARN] [1785228855.795764165] [pinn_franka_controller]: Trajectory stale (46.0s > 2.0s) -- holding at last known position via gravity compensation.
[pinn_controller_node-1] [WARN] [1785228856.795818798] [pinn_franka_controller]: Trajectory stale (47.0s > 2.0s) -- holding at last known position via gravity compensation.
[pinn_controller_node-1] [WARN] [1785228857.796801896] [pinn_franka_controller]: Trajectory stale (48.0s > 2.0s) -- holding at last known position via gravity compensation.
[pinn_controller_node-1] [WARN] [1785228858.796827603] [pinn_franka_controller]: Trajectory stale (49.0s > 2.0s) -- holding at last known position via gravity compensation.
[pinn_controller_node-1] [WARN] [1785228859.796865336] [pinn_franka_controller]: Trajectory stale (50.0s > 2.0s) -- holding at last known position via gravity compensation.
[pinn_controller_node-1] [WARN] [1785228860.797162141] [pinn_franka_controller]: Trajectory stale (51.0s > 2.0s) -- holding at last known position via gravity compensation.
[pinn_controller_node-1] [WARN] [1785228861.797516473] [pinn_franka_controller]: Trajectory stale (52.0s > 2.0s) -- holding at last known position via gravity compensation.
[pinn_controller_node-1] [WARN] [1785228862.798067789] [pinn_franka_controller]: Trajectory stale (53.0s > 2.0s) -- holding at last known position via gravity compensation.
[pinn_controller_node-1] [WARN] [1785228863.798688538] [pinn_franka_controller]: Trajectory stale (54.0s > 2.0s) -- holding at last known position via gravity compensation.
[pinn_controller_node-1] [WARN] [1785228864.799698748] [pinn_franka_controller]: Trajectory stale (55.0s > 2.0s) -- holding at last known position via gravity compensation.
[pinn_controller_node-1] [WARN] [1785228865.799705120] [pinn_franka_controller]: Trajectory stale (56.0s > 2.0s) -- holding at last known position via gravity compensation.
[pinn_controller_node-1] [WARN] [1785228866.800262992] [pinn_franka_controller]: Trajectory stale (57.0s > 2.0s) -- holding at last known position via gravity compensation.
[pinn_controller_node-1] [WARN] [1785228867.800904005] [pinn_franka_controller]: Trajectory stale (58.0s > 2.0s) -- holding at last known position via gravity compensation.
[pinn_controller_node-1] [WARN] [1785228868.801009826] [pinn_franka_controller]: Trajectory stale (59.0s > 2.0s) -- holding at last known position via gravity compensation.
[pinn_controller_node-1] [WARN] [1785228869.801761655] [pinn_franka_controller]: Trajectory stale (60.0s > 2.0s) -- holding at last known position via gravity compensation.
[pinn_controller_node-1] [WARN] [1785228870.801850920] [pinn_franka_controller]: Trajectory stale (61.0s > 2.0s) -- holding at last known position via gravity compensation.
[pinn_controller_node-1] [WARN] [1785228871.802331237] [pinn_franka_controller]: Trajectory stale (62.0s > 2.0s) -- holding at last known position via gravity compensation.
[pinn_controller_node-1] [WARN] [1785228872.802894149] [pinn_franka_controller]: Trajectory stale (63.0s > 2.0s) -- holding at last known position via gravity compensation.
[pinn_controller_node-1] [WARN] [1785228873.802940063] [pinn_franka_controller]: Trajectory stale (64.0s > 2.0s) -- holding at last known position via gravity compensation.
[pinn_controller_node-1] [WARN] [1785228874.803820365] [pinn_franka_controller]: Trajectory stale (65.0s > 2.0s) -- holding at last known position via gravity compensation.
[pinn_controller_node-1] [WARN] [1785228875.803872776] [pinn_franka_controller]: Trajectory stale (66.0s > 2.0s) -- holding at last known position via gravity compensation.
[pinn_controller_node-1] [WARN] [1785228876.804526436] [pinn_franka_controller]: Trajectory stale (67.0s > 2.0s) -- holding at last known position via gravity compensation.
[pinn_controller_node-1] [WARN] [1785228877.804728236] [pinn_franka_controller]: Trajectory stale (68.0s > 2.0s) -- holding at last known position via gravity compensation.
[pinn_controller_node-1] [WARN] [1785228878.805693196] [pinn_franka_controller]: Trajectory stale (69.0s > 2.0s) -- holding at last known position via gravity compensation.
[pinn_controller_node-1] [WARN] [1785228879.805721596] [pinn_franka_controller]: Trajectory stale (70.0s > 2.0s) -- holding at last known position via gravity compensation.
[pinn_controller_node-1] [WARN] [1785228880.806063213] [pinn_franka_controller]: Trajectory stale (71.0s > 2.0s) -- holding at last known position via gravity compensation.
[pinn_controller_node-1] [WARN] [1785228881.806771166] [pinn_franka_controller]: Trajectory stale (72.0s > 2.0s) -- holding at last known position via gravity compensation.
[pinn_controller_node-1] [WARN] [1785228882.806863171] [pinn_franka_controller]: Trajectory stale (73.0s > 2.0s) -- holding at last known position via gravity compensation.
[pinn_controller_node-1] [WARN] [1785228883.807774540] [pinn_franka_controller]: Trajectory stale (74.0s > 2.0s) -- holding at last known position via gravity compensation.
[pinn_controller_node-1] [WARN] [1785228884.807818199] [pinn_franka_controller]: Trajectory stale (75.0s > 2.0s) -- holding at last known position via gravity compensation.
[pinn_controller_node-1] [WARN] [1785228885.808017079] [pinn_franka_controller]: Trajectory stale (76.0s > 2.0s) -- holding at last known position via gravity compensation.
[pinn_controller_node-1] [WARN] [1785228886.808706393] [pinn_franka_controller]: Trajectory stale (77.0s > 2.0s) -- holding at last known position via gravity compensation.
[pinn_controller_node-1] [WARN] [1785228887.808786536] [pinn_franka_controller]: Trajectory stale (78.0s > 2.0s) -- holding at last known position via gravity compensation.
[pinn_controller_node-1] [WARN] [1785228888.809771737] [pinn_franka_controller]: Trajectory stale (79.0s > 2.0s) -- holding at last known position via gravity compensation.
[pinn_controller_node-1] [WARN] [1785228889.810757073] [pinn_franka_controller]: Trajectory stale (80.0s > 2.0s) -- holding at last known position via gravity compensation.
[pinn_controller_node-1] [WARN] [1785228890.811711944] [pinn_franka_controller]: Trajectory stale (81.0s > 2.0s) -- holding at last known position via gravity compensation.
[pinn_controller_node-1] [WARN] [1785228891.811729912] [pinn_franka_controller]: Trajectory stale (82.0s > 2.0s) -- holding at last known position via gravity compensation.
[pinn_controller_node-1] [WARN] [1785228892.811797186] [pinn_franka_controller]: Trajectory stale (83.0s > 2.0s) -- holding at last known position via gravity compensation.
[pinn_controller_node-1] [WARN] [1785228893.812699488] [pinn_franka_controller]: Trajectory stale (84.0s > 2.0s) -- holding at last known position via gravity compensation.
[pinn_controller_node-1] [WARN] [1785228894.812714448] [pinn_franka_controller]: Trajectory stale (85.0s > 2.0s) -- holding at last known position via gravity compensation.
[pinn_controller_node-1] [WARN] [1785228895.814023708] [pinn_franka_controller]: Trajectory stale (86.0s > 2.0s) -- holding at last known position via gravity compensation.
[pinn_controller_node-1] [WARN] [1785228896.814860984] [pinn_franka_controller]: Trajectory stale (87.0s > 2.0s) -- holding at last known position via gravity compensation.
[pinn_controller_node-1] [WARN] [1785228897.814877846] [pinn_franka_controller]: Trajectory stale (88.0s > 2.0s) -- holding at last known position via gravity compensation.
[pinn_controller_node-1] [WARN] [1785228898.815588753] [pinn_franka_controller]: Trajectory stale (89.0s > 2.0s) -- holding at last known position via gravity compensation.
[pinn_controller_node-1] [WARN] [1785228899.815714920] [pinn_franka_controller]: Trajectory stale (90.0s > 2.0s) -- holding at last known position via gravity compensation.
[pinn_controller_node-1] [WARN] [1785228900.816659759] [pinn_franka_controller]: Trajectory stale (91.0s > 2.0s) -- holding at last known position via gravity compensation.
[pinn_controller_node-1] [WARN] [1785228901.816673278] [pinn_franka_controller]: Trajectory stale (92.0s > 2.0s) -- holding at last known position via gravity compensation.
[pinn_controller_node-1] [WARN] [1785228902.816726633] [pinn_franka_controller]: Trajectory stale (93.0s > 2.0s) -- holding at last known position via gravity compensation.
[pinn_controller_node-1] [WARN] [1785228903.817706464] [pinn_franka_controller]: Trajectory stale (94.0s > 2.0s) -- holding at last known position via gravity compensation.
[pinn_controller_node-1] [WARN] [1785228904.817711740] [pinn_franka_controller]: Trajectory stale (95.0s > 2.0s) -- holding at last known position via gravity compensation.
[pinn_controller_node-1] [WARN] [1785228905.817936933] [pinn_franka_controller]: Trajectory stale (96.0s > 2.0s) -- holding at last known position via gravity compensation.
[pinn_controller_node-1] [WARN] [1785228906.818824541] [pinn_franka_controller]: Trajectory stale (97.0s > 2.0s) -- holding at last known position via gravity compensation.
[pinn_controller_node-1] [WARN] [1785228907.819812552] [pinn_franka_controller]: Trajectory stale (98.0s > 2.0s) -- holding at last known position via gravity compensation.
[pinn_controller_node-1] [WARN] [1785228908.820744039] [pinn_franka_controller]: Trajectory stale (99.0s > 2.0s) -- holding at last known position via gravity compensation.
[pinn_controller_node-1] [WARN] [1785228909.821121057] [pinn_franka_controller]: Trajectory stale (100.0s > 2.0s) -- holding at last known position via gravity compensation.
[pinn_controller_node-1] [WARN] [1785228910.821698744] [pinn_franka_controller]: Trajectory stale (101.0s > 2.0s) -- holding at last known position via gravity compensation.
[pinn_controller_node-1] [WARN] [1785228911.822684565] [pinn_franka_controller]: Trajectory stale (102.0s > 2.0s) -- holding at last known position via gravity compensation.
[pinn_controller_node-1] [WARN] [1785228912.822704059] [pinn_franka_controller]: Trajectory stale (103.0s > 2.0s) -- holding at last known position via gravity compensation.
[pinn_controller_node-1] [WARN] [1785228913.822724031] [pinn_franka_controller]: Trajectory stale (104.0s > 2.0s) -- holding at last known position via gravity compensation.
[pinn_controller_node-1] [WARN] [1785228914.823023723] [pinn_franka_controller]: Trajectory stale (105.0s > 2.0s) -- holding at last known position via gravity compensation.
[pinn_controller_node-1] [WARN] [1785228915.823689382] [pinn_franka_controller]: Trajectory stale (106.0s > 2.0s) -- holding at last known position via gravity compensation.
[pinn_controller_node-1] [WARN] [1785228916.823946060] [pinn_franka_controller]: Trajectory stale (107.0s > 2.0s) -- holding at last known position via gravity compensation.
[pinn_controller_node-1] [WARN] [1785228917.825014693] [pinn_franka_controller]: Trajectory stale (108.1s > 2.0s) -- holding at last known position via gravity compensation.
[pinn_controller_node-1] [WARN] [1785228918.825733095] [pinn_franka_controller]: Trajectory stale (109.1s > 2.0s) -- holding at last known position via gravity compensation.
[pinn_controller_node-1] [WARN] [1785228919.825947809] [pinn_franka_controller]: Trajectory stale (110.1s > 2.0s) -- holding at last known position via gravity compensation.
[pinn_controller_node-1] [WARN] [1785228920.826816190] [pinn_franka_controller]: Trajectory stale (111.1s > 2.0s) -- holding at last known position via gravity compensation.
[pinn_controller_node-1] [WARN] [1785228921.827721602] [pinn_franka_controller]: Trajectory stale (112.1s > 2.0s) -- holding at last known position via gravity compensation.
[pinn_controller_node-1] [WARN] [1785228922.827753824] [pinn_franka_controller]: Trajectory stale (113.1s > 2.0s) -- holding at last known position via gravity compensation.
[pinn_controller_node-1] [WARN] [1785228923.828166201] [pinn_franka_controller]: Trajectory stale (114.1s > 2.0s) -- holding at last known position via gravity compensation.
[pinn_controller_node-1] [WARN] [1785228924.828722329] [pinn_franka_controller]: Trajectory stale (115.1s > 2.0s) -- holding at last known position via gravity compensation.
[pinn_controller_node-1] [WARN] [1785228925.828986499] [pinn_franka_controller]: Trajectory stale (116.1s > 2.0s) -- holding at last known position via gravity compensation.
[pinn_controller_node-1] [WARN] [1785228926.828996495] [pinn_franka_controller]: Trajectory stale (117.1s > 2.0s) -- holding at last known position via gravity compensation.
[pinn_controller_node-1] [WARN] [1785228927.829274927] [pinn_franka_controller]: Trajectory stale (118.1s > 2.0s) -- holding at last known position via gravity compensation.
[pinn_controller_node-1] [WARN] [1785228928.829861538] [pinn_franka_controller]: Trajectory stale (119.1s > 2.0s) -- holding at last known position via gravity compensation.
[pinn_controller_node-1] [WARN] [1785228929.830080111] [pinn_franka_controller]: Trajectory stale (120.1s > 2.0s) -- holding at last known position via gravity compensation.
[pinn_controller_node-1] [WARN] [1785228930.830828384] [pinn_franka_controller]: Trajectory stale (121.1s > 2.0s) -- holding at last known position via gravity compensation.
[pinn_controller_node-1] [WARN] [1785228931.831002326] [pinn_franka_controller]: Trajectory stale (122.1s > 2.0s) -- holding at last known position via gravity compensation.
[pinn_controller_node-1] [WARN] [1785228932.831899932] [pinn_franka_controller]: Trajectory stale (123.1s > 2.0s) -- holding at last known position via gravity compensation.
[pinn_controller_node-1] [WARN] [1785228933.832730849] [pinn_franka_controller]: Trajectory stale (124.1s > 2.0s) -- holding at last known position via gravity compensation.
[pinn_controller_node-1] [WARN] [1785228934.833706415] [pinn_franka_controller]: Trajectory stale (125.1s > 2.0s) -- holding at last known position via gravity compensation.
[pinn_controller_node-1] [WARN] [1785228935.833732216] [pinn_franka_controller]: Trajectory stale (126.1s > 2.0s) -- holding at last known position via gravity compensation.
[pinn_controller_node-1] [WARN] [1785228936.834693205] [pinn_franka_controller]: Trajectory stale (127.1s > 2.0s) -- holding at last known position via gravity compensation.
[pinn_controller_node-1] [WARN] [1785228937.835719898] [pinn_franka_controller]: Trajectory stale (128.1s > 2.0s) -- holding at last known position via gravity compensation.
[pinn_controller_node-1] [WARN] [1785228938.836692411] [pinn_franka_controller]: Trajectory stale (129.1s > 2.0s) -- holding at last known position via gravity compensation.
[pinn_controller_node-1] [WARN] [1785228939.837688759] [pinn_franka_controller]: Trajectory stale (130.1s > 2.0s) -- holding at last known position via gravity compensation.
[pinn_controller_node-1] [WARN] [1785228940.837865743] [pinn_franka_controller]: Trajectory stale (131.1s > 2.0s) -- holding at last known position via gravity compensation.
[pinn_controller_node-1] [WARN] [1785228941.838691002] [pinn_franka_controller]: Trajectory stale (132.1s > 2.0s) -- holding at last known position via gravity compensation.
[pinn_controller_node-1] [WARN] [1785228942.838754682] [pinn_franka_controller]: Trajectory stale (133.1s > 2.0s) -- holding at last known position via gravity compensation.
[pinn_controller_node-1] [WARN] [1785228943.839694911] [pinn_franka_controller]: Trajectory stale (134.1s > 2.0s) -- holding at last known position via gravity compensation.
[pinn_controller_node-1] [WARN] [1785228944.839853948] [pinn_franka_controller]: Trajectory stale (135.1s > 2.0s) -- holding at last known position via gravity compensation.
[pinn_controller_node-1] [WARN] [1785228945.840689704] [pinn_franka_controller]: Trajectory stale (136.1s > 2.0s) -- holding at last known position via gravity compensation.
[pinn_controller_node-1] [WARN] [1785228946.840882804] [pinn_franka_controller]: Trajectory stale (137.1s > 2.0s) -- holding at last known position via gravity compensation.
[pinn_controller_node-1] [WARN] [1785228947.841715595] [pinn_franka_controller]: Trajectory stale (138.1s > 2.0s) -- holding at last known position via gravity compensation.
[pinn_controller_node-1] [WARN] [1785228948.842724152] [pinn_franka_controller]: Trajectory stale (139.1s > 2.0s) -- holding at last known position via gravity compensation.
[pinn_controller_node-1] [WARN] [1785228949.843741555] [pinn_franka_controller]: Trajectory stale (140.1s > 2.0s) -- holding at last known position via gravity compensation.
[pinn_controller_node-1] [WARN] [1785228950.844674433] [pinn_franka_controller]: Trajectory stale (141.1s > 2.0s) -- holding at last known position via gravity compensation.
[pinn_controller_node-1] [WARN] [1785228951.846088456] [pinn_franka_controller]: Trajectory stale (142.1s > 2.0s) -- holding at last known position via gravity compensation.
[pinn_controller_node-1] [WARN] [1785228952.846961423] [pinn_franka_controller]: Trajectory stale (143.1s > 2.0s) -- holding at last known position via gravity compensation.
[pinn_controller_node-1] [WARN] [1785228953.847698942] [pinn_franka_controller]: Trajectory stale (144.1s > 2.0s) -- holding at last known position via gravity compensation.
[pinn_controller_node-1] [WARN] [1785228954.847816139] [pinn_franka_controller]: Trajectory stale (145.1s > 2.0s) -- holding at last known position via gravity compensation.
[pinn_controller_node-1] [WARN] [1785228955.848800389] [pinn_franka_controller]: Trajectory stale (146.1s > 2.0s) -- holding at last known position via gravity compensation.
[pinn_controller_node-1] [WARN] [1785228956.849696733] [pinn_franka_controller]: Trajectory stale (147.1s > 2.0s) -- holding at last known position via gravity compensation.
[pinn_controller_node-1] [WARN] [1785228957.849712917] [pinn_franka_controller]: Trajectory stale (148.1s > 2.0s) -- holding at last known position via gravity compensation.
[pinn_controller_node-1] [WARN] [1785228958.850702999] [pinn_franka_controller]: Trajectory stale (149.1s > 2.0s) -- holding at last known position via gravity compensation.
[pinn_controller_node-1] [WARN] [1785228959.850710093] [pinn_franka_controller]: Trajectory stale (150.1s > 2.0s) -- holding at last known position via gravity compensation.
[pinn_controller_node-1] [WARN] [1785228960.850714297] [pinn_franka_controller]: Trajectory stale (151.1s > 2.0s) -- holding at last known position via gravity compensation.
[pinn_controller_node-1] [WARN] [1785228961.850833210] [pinn_franka_controller]: Trajectory stale (152.1s > 2.0s) -- holding at last known position via gravity compensation.
[pinn_controller_node-1] [WARN] [1785228962.851704862] [pinn_franka_controller]: Trajectory stale (153.1s > 2.0s) -- holding at last known position via gravity compensation.
[pinn_controller_node-1] [WARN] [1785228963.851707639] [pinn_franka_controller]: Trajectory stale (154.1s > 2.0s) -- holding at last known position via gravity compensation.
[pinn_controller_node-1] [WARN] [1785228964.852920156] [pinn_franka_controller]: Trajectory stale (155.1s > 2.0s) -- holding at last known position via gravity compensation.
[pinn_controller_node-1] [WARN] [1785228965.853074187] [pinn_franka_controller]: Trajectory stale (156.1s > 2.0s) -- holding at last known position via gravity compensation.
[pinn_controller_node-1] [WARN] [1785228966.853715403] [pinn_franka_controller]: Trajectory stale (157.1s > 2.0s) -- holding at last known position via gravity compensation.
[pinn_controller_node-1] [WARN] [1785228967.854178413] [pinn_franka_controller]: Trajectory stale (158.1s > 2.0s) -- holding at last known position via gravity compensation.
[pinn_controller_node-1] [WARN] [1785228968.854671899] [pinn_franka_controller]: Trajectory stale (159.1s > 2.0s) -- holding at last known position via gravity compensation.
[pinn_controller_node-1] [WARN] [1785228969.854792512] [pinn_franka_controller]: Trajectory stale (160.1s > 2.0s) -- holding at last known position via gravity compensation.
[pinn_controller_node-1] [WARN] [1785228970.854835765] [pinn_franka_controller]: Trajectory stale (161.1s > 2.0s) -- holding at last known position via gravity compensation.
[pinn_controller_node-1] [WARN] [1785228971.855765979] [pinn_franka_controller]: Trajectory stale (162.1s > 2.0s) -- holding at last known position via gravity compensation.
[pinn_controller_node-1] [WARN] [1785228972.856692074] [pinn_franka_controller]: Trajectory stale (163.1s > 2.0s) -- holding at last known position via gravity compensation.
[pinn_controller_node-1] [WARN] [1785228973.857710317] [pinn_franka_controller]: Trajectory stale (164.1s > 2.0s) -- holding at last known position via gravity compensation.
[pinn_controller_node-1] [WARN] [1785228974.858638111] [pinn_franka_controller]: Trajectory stale (165.1s > 2.0s) -- holding at last known position via gravity compensation.
[pinn_controller_node-1] [WARN] [1785228975.858863861] [pinn_franka_controller]: Trajectory stale (166.1s > 2.0s) -- holding at last known position via gravity compensation.
[pinn_controller_node-1] [WARN] [1785228976.859074705] [pinn_franka_controller]: Trajectory stale (167.1s > 2.0s) -- holding at last known position via gravity compensation.
[pinn_controller_node-1] [WARN] [1785228977.859702426] [pinn_franka_controller]: Trajectory stale (168.1s > 2.0s) -- holding at last known position via gravity compensation.
[pinn_controller_node-1] [WARN] [1785228978.860092869] [pinn_franka_controller]: Trajectory stale (169.1s > 2.0s) -- holding at last known position via gravity compensation.
[pinn_controller_node-1] [WARN] [1785228979.860108707] [pinn_franka_controller]: Trajectory stale (170.1s > 2.0s) -- holding at last known position via gravity compensation.
[pinn_controller_node-1] [WARN] [1785228980.861078905] [pinn_franka_controller]: Trajectory stale (171.1s > 2.0s) -- holding at last known position via gravity compensation.
[pinn_controller_node-1] [WARN] [1785228981.861885931] [pinn_franka_controller]: Trajectory stale (172.1s > 2.0s) -- holding at last known position via gravity compensation.
[pinn_controller_node-1] [WARN] [1785228982.862684153] [pinn_franka_controller]: Trajectory stale (173.1s > 2.0s) -- holding at last known position via gravity compensation.
[pinn_controller_node-1] [WARN] [1785228983.862709296] [pinn_franka_controller]: Trajectory stale (174.1s > 2.0s) -- holding at last known position via gravity compensation.
[pinn_controller_node-1] [WARN] [1785228984.862789190] [pinn_franka_controller]: Trajectory stale (175.1s > 2.0s) -- holding at last known position via gravity compensation.
[pinn_controller_node-1] [WARN] [1785228985.863572341] [pinn_franka_controller]: Trajectory stale (176.1s > 2.0s) -- holding at last known position via gravity compensation.
[pinn_controller_node-1] [WARN] [1785228986.863654456] [pinn_franka_controller]: Trajectory stale (177.1s > 2.0s) -- holding at last known position via gravity compensation.
[pinn_controller_node-1] [WARN] [1785228987.864109930] [pinn_franka_controller]: Trajectory stale (178.1s > 2.0s) -- holding at last known position via gravity compensation.
[pinn_controller_node-1] [WARN] [1785228988.864758929] [pinn_franka_controller]: Trajectory stale (179.1s > 2.0s) -- holding at last known position via gravity compensation.
[pinn_controller_node-1] [WARN] [1785228989.864952624] [pinn_franka_controller]: Trajectory stale (180.1s > 2.0s) -- holding at last known position via gravity compensation.
[pinn_controller_node-1] [WARN] [1785228990.865835519] [pinn_franka_controller]: Trajectory stale (181.1s > 2.0s) -- holding at last known position via gravity compensation.
[pinn_controller_node-1] [WARN] [1785228991.866755726] [pinn_franka_controller]: Trajectory stale (182.1s > 2.0s) -- holding at last known position via gravity compensation.
[pinn_controller_node-1] [WARN] [1785228992.867652557] [pinn_franka_controller]: Trajectory stale (183.1s > 2.0s) -- holding at last known position via gravity compensation.
[pinn_controller_node-1] [WARN] [1785228993.868517519] [pinn_franka_controller]: Trajectory stale (184.1s > 2.0s) -- holding at last known position via gravity compensation.
[pinn_controller_node-1] [WARN] [1785228994.868779034] [pinn_franka_controller]: Trajectory stale (185.1s > 2.0s) -- holding at last known position via gravity compensation.
[pinn_controller_node-1] [WARN] [1785228995.869702377] [pinn_franka_controller]: Trajectory stale (186.1s > 2.0s) -- holding at last known position via gravity compensation.
[pinn_controller_node-1] [WARN] [1785228996.869828582] [pinn_franka_controller]: Trajectory stale (187.1s > 2.0s) -- holding at last known position via gravity compensation.
[pinn_controller_node-1] [WARN] [1785228997.870716347] [pinn_franka_controller]: Trajectory stale (188.1s > 2.0s) -- holding at last known position via gravity compensation.
[pinn_controller_node-1] [WARN] [1785228998.870774861] [pinn_franka_controller]: Trajectory stale (189.1s > 2.0s) -- holding at last known position via gravity compensation.
[pinn_controller_node-1] [WARN] [1785228999.871741257] [pinn_franka_controller]: Trajectory stale (190.1s > 2.0s) -- holding at last known position via gravity compensation.
[pinn_controller_node-1] [WARN] [1785229000.872268545] [pinn_franka_controller]: Trajectory stale (191.1s > 2.0s) -- holding at last known position via gravity compensation.
[pinn_controller_node-1] [WARN] [1785229001.873637915] [pinn_franka_controller]: Trajectory stale (192.1s > 2.0s) -- holding at last known position via gravity compensation.
[pinn_controller_node-1] [WARN] [1785229002.873762848] [pinn_franka_controller]: Trajectory stale (193.1s > 2.0s) -- holding at last known position via gravity compensation.
[pinn_controller_node-1] [WARN] [1785229003.873934718] [pinn_franka_controller]: Trajectory stale (194.1s > 2.0s) -- holding at last known position via gravity compensation.
[pinn_controller_node-1] [WARN] [1785229004.874732034] [pinn_franka_controller]: Trajectory stale (195.1s > 2.0s) -- holding at last known position via gravity compensation.
[pinn_controller_node-1] [WARN] [1785229005.875655439] [pinn_franka_controller]: Trajectory stale (196.1s > 2.0s) -- holding at last known position via gravity compensation.
[pinn_controller_node-1] [WARN] [1785229006.875702183] [pinn_franka_controller]: Trajectory stale (197.1s > 2.0s) -- holding at last known position via gravity compensation.
[pinn_controller_node-1] [WARN] [1785229007.876007690] [pinn_franka_controller]: Trajectory stale (198.1s > 2.0s) -- holding at last known position via gravity compensation.
[pinn_controller_node-1] [WARN] [1785229008.876156568] [pinn_franka_controller]: Trajectory stale (199.1s > 2.0s) -- holding at last known position via gravity compensation.
[pinn_controller_node-1] [WARN] [1785229009.876987954] [pinn_franka_controller]: Trajectory stale (200.1s > 2.0s) -- holding at last known position via gravity compensation.
[pinn_controller_node-1] [WARN] [1785229010.877089583] [pinn_franka_controller]: Trajectory stale (201.1s > 2.0s) -- holding at last known position via gravity compensation.
[pinn_controller_node-1] [WARN] [1785229011.877961089] [pinn_franka_controller]: Trajectory stale (202.1s > 2.0s) -- holding at last known position via gravity compensation.
[pinn_controller_node-1] [WARN] [1785229012.878736648] [pinn_franka_controller]: Trajectory stale (203.1s > 2.0s) -- holding at last known position via gravity compensation.
[pinn_controller_node-1] [WARN] [1785229013.879702102] [pinn_franka_controller]: Trajectory stale (204.1s > 2.0s) -- holding at last known position via gravity compensation.
[pinn_controller_node-1] [WARN] [1785229014.879789303] [pinn_franka_controller]: Trajectory stale (205.1s > 2.0s) -- holding at last known position via gravity compensation.
[pinn_controller_node-1] [WARN] [1785229015.880749136] [pinn_franka_controller]: Trajectory stale (206.1s > 2.0s) -- holding at last known position via gravity compensation.
[pinn_controller_node-1] [WARN] [1785229016.880782465] [pinn_franka_controller]: Trajectory stale (207.1s > 2.0s) -- holding at last known position via gravity compensation.
[pinn_controller_node-1] [WARN] [1785229017.880863388] [pinn_franka_controller]: Trajectory stale (208.1s > 2.0s) -- holding at last known position via gravity compensation.
[pinn_controller_node-1] [WARN] [1785229018.881695319] [pinn_franka_controller]: Trajectory stale (209.1s > 2.0s) -- holding at last known position via gravity compensation.
[pinn_controller_node-1] [WARN] [1785229019.881952590] [pinn_franka_controller]: Trajectory stale (210.1s > 2.0s) -- holding at last known position via gravity compensation.
[pinn_controller_node-1] [WARN] [1785229020.882797319] [pinn_franka_controller]: Trajectory stale (211.1s > 2.0s) -- holding at last known position via gravity compensation.
[pinn_controller_node-1] [WARN] [1785229021.883687247] [pinn_franka_controller]: Trajectory stale (212.1s > 2.0s) -- holding at last known position via gravity compensation.
[pinn_controller_node-1] [WARN] [1785229022.883715194] [pinn_franka_controller]: Trajectory stale (213.1s > 2.0s) -- holding at last known position via gravity compensation.
[pinn_controller_node-1] [WARN] [1785229023.883776787] [pinn_franka_controller]: Trajectory stale (214.1s > 2.0s) -- holding at last known position via gravity compensation.
[pinn_controller_node-1] [WARN] [1785229024.884715813] [pinn_franka_controller]: Trajectory stale (215.1s > 2.0s) -- holding at last known position via gravity compensation.
[pinn_controller_node-1] [WARN] [1785229025.884722287] [pinn_franka_controller]: Trajectory stale (216.1s > 2.0s) -- holding at last known position via gravity compensation.
[pinn_controller_node-1] [WARN] [1785229026.884795868] [pinn_franka_controller]: Trajectory stale (217.1s > 2.0s) -- holding at last known position via gravity compensation.
[pinn_controller_node-1] [WARN] [1785229027.885705234] [pinn_franka_controller]: Trajectory stale (218.1s > 2.0s) -- holding at last known position via gravity compensation.
[pinn_controller_node-1] [WARN] [1785229028.885719593] [pinn_franka_controller]: Trajectory stale (219.1s > 2.0s) -- holding at last known position via gravity compensation.
[pinn_controller_node-1] [WARN] [1785229029.886701589] [pinn_franka_controller]: Trajectory stale (220.1s > 2.0s) -- holding at last known position via gravity compensation.
[pinn_controller_node-1] [WARN] [1785229030.887721654] [pinn_franka_controller]: Trajectory stale (221.1s > 2.0s) -- holding at last known position via gravity compensation.
[pinn_controller_node-1] [WARN] [1785229031.887776925] [pinn_franka_controller]: Trajectory stale (222.1s > 2.0s) -- holding at last known position via gravity compensation.
[pinn_controller_node-1] [WARN] [1785229032.888659476] [pinn_franka_controller]: Trajectory stale (223.1s > 2.0s) -- holding at last known position via gravity compensation.
[pinn_controller_node-1] [WARN] [1785229033.889195203] [pinn_franka_controller]: Trajectory stale (224.1s > 2.0s) -- holding at last known position via gravity compensation.
[pinn_controller_node-1] [WARN] [1785229034.889972742] [pinn_franka_controller]: Trajectory stale (225.1s > 2.0s) -- holding at last known position via gravity compensation.
[pinn_controller_node-1] [WARN] [1785229035.890882294] [pinn_franka_controller]: Trajectory stale (226.1s > 2.0s) -- holding at last known position via gravity compensation.
[pinn_controller_node-1] [WARN] [1785229036.891820447] [pinn_franka_controller]: Trajectory stale (227.1s > 2.0s) -- holding at last known position via gravity compensation.
[pinn_controller_node-1] [WARN] [1785229037.892702450] [pinn_franka_controller]: Trajectory stale (228.1s > 2.0s) -- holding at last known position via gravity compensation.
[pinn_controller_node-1] [WARN] [1785229038.893706430] [pinn_franka_controller]: Trajectory stale (229.1s > 2.0s) -- holding at last known position via gravity compensation.
[pinn_controller_node-1] [WARN] [1785229039.893800236] [pinn_franka_controller]: Trajectory stale (230.1s > 2.0s) -- holding at last known position via gravity compensation.
[pinn_controller_node-1] [WARN] [1785229040.893887512] [pinn_franka_controller]: Trajectory stale (231.1s > 2.0s) -- holding at last known position via gravity compensation.
[pinn_controller_node-1] [WARN] [1785229041.894734246] [pinn_franka_controller]: Trajectory stale (232.1s > 2.0s) -- holding at last known position via gravity compensation.
[pinn_controller_node-1] [WARN] [1785229042.894855482] [pinn_franka_controller]: Trajectory stale (233.1s > 2.0s) -- holding at last known position via gravity compensation.
[pinn_controller_node-1] [WARN] [1785229043.895715571] [pinn_franka_controller]: Trajectory stale (234.1s > 2.0s) -- holding at last known position via gravity compensation.
[pinn_controller_node-1] [WARN] [1785229044.895720328] [pinn_franka_controller]: Trajectory stale (235.1s > 2.0s) -- holding at last known position via gravity compensation.
[pinn_controller_node-1] [WARN] [1785229045.895779178] [pinn_franka_controller]: Trajectory stale (236.1s > 2.0s) -- holding at last known position via gravity compensation.
[pinn_controller_node-1] [WARN] [1785229046.896663995] [pinn_franka_controller]: Trajectory stale (237.1s > 2.0s) -- holding at last known position via gravity compensation.
[pinn_controller_node-1] [WARN] [1785229047.896819946] [pinn_franka_controller]: Trajectory stale (238.1s > 2.0s) -- holding at last known position via gravity compensation.
[pinn_controller_node-1] [WARN] [1785229048.897766802] [pinn_franka_controller]: Trajectory stale (239.1s > 2.0s) -- holding at last known position via gravity compensation.
[pinn_controller_node-1] [WARN] [1785229049.897784845] [pinn_franka_controller]: Trajectory stale (240.1s > 2.0s) -- holding at last known position via gravity compensation.
[pinn_controller_node-1] [WARN] [1785229050.898536922] [pinn_franka_controller]: Trajectory stale (241.1s > 2.0s) -- holding at last known position via gravity compensation.
[pinn_controller_node-1] [WARN] [1785229051.898967308] [pinn_franka_controller]: Trajectory stale (242.1s > 2.0s) -- holding at last known position via gravity compensation.
[pinn_controller_node-1] [WARN] [1785229052.899564784] [pinn_franka_controller]: Trajectory stale (243.1s > 2.0s) -- holding at last known position via gravity compensation.
[pinn_controller_node-1] [WARN] [1785229053.899769771] [pinn_franka_controller]: Trajectory stale (244.1s > 2.0s) -- holding at last known position via gravity compensation.
[pinn_controller_node-1] [WARN] [1785229054.900701567] [pinn_franka_controller]: Trajectory stale (245.1s > 2.0s) -- holding at last known position via gravity compensation.
[pinn_controller_node-1] [WARN] [1785229055.901710261] [pinn_franka_controller]: Trajectory stale (246.1s > 2.0s) -- holding at last known position via gravity compensation.
[pinn_controller_node-1] [WARN] [1785229056.901772910] [pinn_franka_controller]: Trajectory stale (247.1s > 2.0s) -- holding at last known position via gravity compensation.
[pinn_controller_node-1] [WARN] [1785229057.902330795] [pinn_franka_controller]: Trajectory stale (248.1s > 2.0s) -- holding at last known position via gravity compensation.
[pinn_controller_node-1] [WARN] [1785229058.902394404] [pinn_franka_controller]: Trajectory stale (249.1s > 2.0s) -- holding at last known position via gravity compensation.
[pinn_controller_node-1] [WARN] [1785229059.902694076] [pinn_franka_controller]: Trajectory stale (250.1s > 2.0s) -- holding at last known position via gravity compensation.
[pinn_controller_node-1] [WARN] [1785229060.902720584] [pinn_franka_controller]: Trajectory stale (251.1s > 2.0s) -- holding at last known position via gravity compensation.
[pinn_controller_node-1] [WARN] [1785229061.903093652] [pinn_franka_controller]: Trajectory stale (252.1s > 2.0s) -- holding at last known position via gravity compensation.
[pinn_controller_node-1] [WARN] [1785229062.903689765] [pinn_franka_controller]: Trajectory stale (253.1s > 2.0s) -- holding at last known position via gravity compensation.
[pinn_controller_node-1] [WARN] [1785229063.903711485] [pinn_franka_controller]: Trajectory stale (254.1s > 2.0s) -- holding at last known position via gravity compensation.
[pinn_controller_node-1] [WARN] [1785229064.904704692] [pinn_franka_controller]: Trajectory stale (255.1s > 2.0s) -- holding at last known position via gravity compensation.
[pinn_controller_node-1] [WARN] [1785229065.905699501] [pinn_franka_controller]: Trajectory stale (256.1s > 2.0s) -- holding at last known position via gravity compensation.
[pinn_controller_node-1] [WARN] [1785229066.906672079] [pinn_franka_controller]: Trajectory stale (257.1s > 2.0s) -- holding at last known position via gravity compensation.
[pinn_controller_node-1] [WARN] [1785229067.906942068] [pinn_franka_controller]: Trajectory stale (258.1s > 2.0s) -- holding at last known position via gravity compensation.
[pinn_controller_node-1] [WARN] [1785229068.907726037] [pinn_franka_controller]: Trajectory stale (259.1s > 2.0s) -- holding at last known position via gravity compensation.
[pinn_controller_node-1] [WARN] [1785229069.908339451] [pinn_franka_controller]: Trajectory stale (260.1s > 2.0s) -- holding at last known position via gravity compensation.
[pinn_controller_node-1] [WARN] [1785229070.908898711] [pinn_franka_controller]: Trajectory stale (261.1s > 2.0s) -- holding at last known position via gravity compensation.
[pinn_controller_node-1] [WARN] [1785229071.909032620] [pinn_franka_controller]: Trajectory stale (262.1s > 2.0s) -- holding at last known position via gravity compensation.
[pinn_controller_node-1] [WARN] [1785229072.909725088] [pinn_franka_controller]: Trajectory stale (263.1s > 2.0s) -- holding at last known position via gravity compensation.
[pinn_controller_node-1] [WARN] [1785229073.909753318] [pinn_franka_controller]: Trajectory stale (264.1s > 2.0s) -- holding at last known position via gravity compensation.
[pinn_controller_node-1] [WARN] [1785229074.910703742] [pinn_franka_controller]: Trajectory stale (265.1s > 2.0s) -- holding at last known position via gravity compensation.
[pinn_controller_node-1] [WARN] [1785229075.910972681] [pinn_franka_controller]: Trajectory stale (266.1s > 2.0s) -- holding at last known position via gravity compensation.
[pinn_controller_node-1] [WARN] [1785229076.911369596] [pinn_franka_controller]: Trajectory stale (267.1s > 2.0s) -- holding at last known position via gravity compensation.
[pinn_controller_node-1] [WARN] [1785229077.911707743] [pinn_franka_controller]: Trajectory stale (268.1s > 2.0s) -- holding at last known position via gravity compensation.
[pinn_controller_node-1] [WARN] [1785229078.911716373] [pinn_franka_controller]: Trajectory stale (269.1s > 2.0s) -- holding at last known position via gravity compensation.
[pinn_controller_node-1] [WARN] [1785229079.912697297] [pinn_franka_controller]: Trajectory stale (270.1s > 2.0s) -- holding at last known position via gravity compensation.
[pinn_controller_node-1] [WARN] [1785229080.913138863] [pinn_franka_controller]: Trajectory stale (271.1s > 2.0s) -- holding at last known position via gravity compensation.
[pinn_controller_node-1] [WARN] [1785229081.913705626] [pinn_franka_controller]: Trajectory stale (272.1s > 2.0s) -- holding at last known position via gravity compensation.
[pinn_controller_node-1] [WARN] [1785229082.914692725] [pinn_franka_controller]: Trajectory stale (273.1s > 2.0s) -- holding at last known position via gravity compensation.
[pinn_controller_node-1] [WARN] [1785229083.914705720] [pinn_franka_controller]: Trajectory stale (274.1s > 2.0s) -- holding at last known position via gravity compensation.
[pinn_controller_node-1] [WARN] [1785229084.914726555] [pinn_franka_controller]: Trajectory stale (275.1s > 2.0s) -- holding at last known position via gravity compensation.
[pinn_controller_node-1] [WARN] [1785229085.915707534] [pinn_franka_controller]: Trajectory stale (276.1s > 2.0s) -- holding at last known position via gravity compensation.
[pinn_controller_node-1] [WARN] [1785229086.916001092] [pinn_franka_controller]: Trajectory stale (277.1s > 2.0s) -- holding at last known position via gravity compensation.
[pinn_controller_node-1] [WARN] [1785229087.916039181] [pinn_franka_controller]: Trajectory stale (278.1s > 2.0s) -- holding at last known position via gravity compensation.
[pinn_controller_node-1] [WARN] [1785229088.916706850] [pinn_franka_controller]: Trajectory stale (279.1s > 2.0s) -- holding at last known position via gravity compensation.
[pinn_controller_node-1] [WARN] [1785229089.917725810] [pinn_franka_controller]: Trajectory stale (280.1s > 2.0s) -- holding at last known position via gravity compensation.
[pinn_controller_node-1] [WARN] [1785229090.917787919] [pinn_franka_controller]: Trajectory stale (281.1s > 2.0s) -- holding at last known position via gravity compensation.
[pinn_controller_node-1] [WARN] [1785229091.918698221] [pinn_franka_controller]: Trajectory stale (282.1s > 2.0s) -- holding at last known position via gravity compensation.
[pinn_controller_node-1] [WARN] [1785229092.918702249] [pinn_franka_controller]: Trajectory stale (283.1s > 2.0s) -- holding at last known position via gravity compensation.
[pinn_controller_node-1] [WARN] [1785229093.918740545] [pinn_franka_controller]: Trajectory stale (284.1s > 2.0s) -- holding at last known position via gravity compensation.
[pinn_controller_node-1] [WARN] [1785229094.919715544] [pinn_franka_controller]: Trajectory stale (285.1s > 2.0s) -- holding at last known position via gravity compensation.
[pinn_controller_node-1] [WARN] [1785229095.919854737] [pinn_franka_controller]: Trajectory stale (286.1s > 2.0s) -- holding at last known position via gravity compensation.
[pinn_controller_node-1] [WARN] [1785229096.920762174] [pinn_franka_controller]: Trajectory stale (287.1s > 2.0s) -- holding at last known position via gravity compensation.
[pinn_controller_node-1] [WARN] [1785229097.920926543] [pinn_franka_controller]: Trajectory stale (288.1s > 2.0s) -- holding at last known position via gravity compensation.
[pinn_controller_node-1] [WARN] [1785229098.921772729] [pinn_franka_controller]: Trajectory stale (289.1s > 2.0s) -- holding at last known position via gravity compensation.
[pinn_controller_node-1] [WARN] [1785229099.922691968] [pinn_franka_controller]: Trajectory stale (290.1s > 2.0s) -- holding at last known position via gravity compensation.
[pinn_controller_node-1] [WARN] [1785229100.922780095] [pinn_franka_controller]: Trajectory stale (291.1s > 2.0s) -- holding at last known position via gravity compensation.
[pinn_controller_node-1] [WARN] [1785229101.923693895] [pinn_franka_controller]: Trajectory stale (292.1s > 2.0s) -- holding at last known position via gravity compensation.
[pinn_controller_node-1] [WARN] [1785229102.923789210] [pinn_franka_controller]: Trajectory stale (293.1s > 2.0s) -- holding at last known position via gravity compensation.
[pinn_controller_node-1] [WARN] [1785229103.924710213] [pinn_franka_controller]: Trajectory stale (294.2s > 2.0s) -- holding at last known position via gravity compensation.
[pinn_controller_node-1] [WARN] [1785229104.925757238] [pinn_franka_controller]: Trajectory stale (295.2s > 2.0s) -- holding at last known position via gravity compensation.
[pinn_controller_node-1] [WARN] [1785229105.926724456] [pinn_franka_controller]: Trajectory stale (296.2s > 2.0s) -- holding at last known position via gravity compensation.
[pinn_controller_node-1] [WARN] [1785229106.927166280] [pinn_franka_controller]: Trajectory stale (297.2s > 2.0s) -- holding at last known position via gravity compensation.
[pinn_controller_node-1] [WARN] [1785229107.927692089] [pinn_franka_controller]: Trajectory stale (298.2s > 2.0s) -- holding at last known position via gravity compensation.
[pinn_controller_node-1] [WARN] [1785229108.927828547] [pinn_franka_controller]: Trajectory stale (299.2s > 2.0s) -- holding at last known position via gravity compensation.
[pinn_controller_node-1] [WARN] [1785229109.928699100] [pinn_franka_controller]: Trajectory stale (300.2s > 2.0s) -- holding at last known position via gravity compensation.
[pinn_controller_node-1] [WARN] [1785229110.928741285] [pinn_franka_controller]: Trajectory stale (301.2s > 2.0s) -- holding at last known position via gravity compensation.
[pinn_controller_node-1] [WARN] [1785229111.929301403] [pinn_franka_controller]: Trajectory stale (302.2s > 2.0s) -- holding at last known position via gravity compensation.
[pinn_controller_node-1] [WARN] [1785229112.929858104] [pinn_franka_controller]: Trajectory stale (303.2s > 2.0s) -- holding at last known position via gravity compensation.
[pinn_controller_node-1] [WARN] [1785229113.930999169] [pinn_franka_controller]: Trajectory stale (304.2s > 2.0s) -- holding at last known position via gravity compensation.
[pinn_controller_node-1] [WARN] [1785229114.931760068] [pinn_franka_controller]: Trajectory stale (305.2s > 2.0s) -- holding at last known position via gravity compensation.
[pinn_controller_node-1] [WARN] [1785229115.931848777] [pinn_franka_controller]: Trajectory stale (306.2s > 2.0s) -- holding at last known position via gravity compensation.
[pinn_controller_node-1] [WARN] [1785229116.932744527] [pinn_franka_controller]: Trajectory stale (307.2s > 2.0s) -- holding at last known position via gravity compensation.
[pinn_controller_node-1] [WARN] [1785229117.933736881] [pinn_franka_controller]: Trajectory stale (308.2s > 2.0s) -- holding at last known position via gravity compensation.
[pinn_controller_node-1] [WARN] [1785229118.934705611] [pinn_franka_controller]: Trajectory stale (309.2s > 2.0s) -- holding at last known position via gravity compensation.
[pinn_controller_node-1] [WARN] [1785229119.935152377] [pinn_franka_controller]: Trajectory stale (310.2s > 2.0s) -- holding at last known position via gravity compensation.
[pinn_controller_node-1] [WARN] [1785229120.935488160] [pinn_franka_controller]: Trajectory stale (311.2s > 2.0s) -- holding at last known position via gravity compensation.
[pinn_controller_node-1] [WARN] [1785229121.935843756] [pinn_franka_controller]: Trajectory stale (312.2s > 2.0s) -- holding at last known position via gravity compensation.
[pinn_controller_node-1] [WARN] [1785229122.936725334] [pinn_franka_controller]: Trajectory stale (313.2s > 2.0s) -- holding at last known position via gravity compensation.
[pinn_controller_node-1] [WARN] [1785229123.936895314] [pinn_franka_controller]: Trajectory stale (314.2s > 2.0s) -- holding at last known position via gravity compensation.
[pinn_controller_node-1] [WARN] [1785229124.936959597] [pinn_franka_controller]: Trajectory stale (315.2s > 2.0s) -- holding at last known position via gravity compensation.
[pinn_controller_node-1] [WARN] [1785229125.937696126] [pinn_franka_controller]: Trajectory stale (316.2s > 2.0s) -- holding at last known position via gravity compensation.
[pinn_controller_node-1] [WARN] [1785229126.937794362] [pinn_franka_controller]: Trajectory stale (317.2s > 2.0s) -- holding at last known position via gravity compensation.
[pinn_controller_node-1] [WARN] [1785229127.938663956] [pinn_franka_controller]: Trajectory stale (318.2s > 2.0s) -- holding at last known position via gravity compensation.
[pinn_controller_node-1] [WARN] [1785229128.939216773] [pinn_franka_controller]: Trajectory stale (319.2s > 2.0s) -- holding at last known position via gravity compensation.
[pinn_controller_node-1] [WARN] [1785229129.939860098] [pinn_franka_controller]: Trajectory stale (320.2s > 2.0s) -- holding at last known position via gravity compensation.
[pinn_controller_node-1] [WARN] [1785229130.940688209] [pinn_franka_controller]: Trajectory stale (321.2s > 2.0s) -- holding at last known position via gravity compensation.
[pinn_controller_node-1] [WARN] [1785229131.518672040] [pinn_franka_controller]: Joint state stale (0.100s > 0.1s) -- holding at last known position via gravity compensation.
[pinn_controller_node-1] [WARN] [1785229132.518779887] [pinn_franka_controller]: Joint state stale (1.100s > 0.1s) -- holding at last known position via gravity compensation.
