Using gain_safety_margin_override=4.0
[INFO] [launch]: All log files can be found below /home/hci-student/.ros/log/2026-07-29-14-58-58-801517-hci-student-14480
[INFO] [launch]: Default logging verbosity is set to INFO
[INFO] [pinn_controller_node-1]: process started with pid [14483]
[pinn_controller_node-1] [WARN] [1785301139.832094594] [pinn_franka_controller]: gain_safety_margin_override=4.00 active -- using recomputed Kp/Kd (diag Kp=[108.16, 128.14, 37.45, 57.76, 17.64, 22.66, 9.86]) instead of the Lyapunov default. TEMPORARY debug override, not the project's validated gains.
[pinn_controller_node-1] [INFO] [1785301139.837454742] [pinn_franka_controller]: Stage 3 controller loaded (urdf=/home/hci-student/projects/pinn_franka/pinocchio_baseline/panda.urdf, checkpoint=/home/hci-student/projects/pinn_franka/models/run_20260716_121302/greybox_best.pt, gains=lyapunov).
[pinn_controller_node-1] [INFO] [1785301139.841415283] [pinn_franka_controller]: PinnControllerNode started (rate=1000 Hz, delta=0.00, lyapunov_gains=True)
[pinn_controller_node-1] [INFO] [1785301140.298909507] [pinn_franka_controller]: Safe fallback engaged -- holding at q=[ 0.2758  1.7633 -0.1398 -0.2267 -0.773   0.1541 -1.1116] with gravity compensation + damped hold.
[pinn_controller_node-1] [INFO] [1785301174.956347186] [pinn_franka_controller]: Safe fallback re-latched after a teleport (world reset?) holding at q=[ 0.      0.      0.     -1.5709 -0.      1.5708 -0.7853] with gravity compensation + damped hold.
[pinn_controller_node-1] [INFO] [1785304269.852746552] [pinn_franka_controller]: New trajectory received with 14 points.
[pinn_controller_node-1] [INFO] [1785304269.854253409] [pinn_franka_controller]: [DEBUG e] j4: q_des=-1.5708 q_meas=-1.5709 e=+0.0001 qdot=-0.00001 | j6: q_des=+1.5708 q_meas=+1.5708 e=-0.0000 qdot=-0.00006 | j7: q_des=-0.7853 q_meas=-0.7853 e=+0.0000 qdot=-0.00000
[pinn_controller_node-1] [INFO] [1785304269.856895414] [pinn_franka_controller]: [DEBUG tau] j4: rnea=+22.549 res=-0.529 pd=+0.034 unclipped=+22.055 clipped=+22.055 | j6: rnea=+2.375 res=+0.181 pd=-0.011 unclipped=+2.545 clipped=+2.545 | j7: rnea=+0.000 res=-0.168 pd=+0.001 unclipped=-0.166 clipped=-0.166
[pinn_controller_node-1] [INFO] [1785304270.854815973] [pinn_franka_controller]: [DEBUG e] j4: q_des=-1.2377 q_meas=-1.2524 e=+0.0147 qdot=+0.22772 | j6: q_des=+1.3847 q_meas=+1.4062 e=-0.0214 qdot=-0.13299 | j7: q_des=-0.7639 q_meas=-0.7795 e=+0.0156 qdot=-0.00128
[pinn_controller_node-1] [INFO] [1785304270.857329169] [pinn_franka_controller]: [DEBUG tau] j4: rnea=+20.001 res=-0.651 pd=+0.739 unclipped=+20.089 clipped=+20.089 | j6: rnea=+2.340 res=+0.304 pd=-0.390 unclipped=+2.254 clipped=+2.254 | j7: rnea=+0.000 res=-0.256 pd=+0.251 unclipped=-0.005 clipped=-0.005
[pinn_controller_node-1] [INFO] [1785304271.094899862] [pinn_franka_controller]: New trajectory received with 1 points.
[pinn_controller_node-1] [INFO] [1785304271.111617721] [pinn_franka_controller]: New trajectory received with 13 points.
[pinn_controller_node-1] [INFO] [1785304271.855524970] [pinn_franka_controller]: [DEBUG e] j4: q_des=-1.0210 q_meas=-1.0363 e=+0.0153 qdot=+0.34414 | j6: q_des=+1.3053 q_meas=+1.3101 e=-0.0049 qdot=-0.12289 | j7: q_des=-0.4166 q_meas=-0.4900 e=+0.0734 qdot=+0.52944
[pinn_controller_node-1] [INFO] [1785304271.858107367] [pinn_franka_controller]: [DEBUG tau] j4: rnea=+19.623 res=-0.805 pd=+0.674 unclipped=+19.492 clipped=+19.492 | j6: rnea=+2.342 res=+0.139 pd=-0.220 unclipped=+2.261 clipped=+2.261 | j7: rnea=-0.008 res=-0.744 pd=+1.115 unclipped=+0.364 clipped=+0.364
[pinn_controller_node-1] [INFO] [1785304272.252181093] [pinn_franka_controller]: New trajectory received with 1 points.
[pinn_controller_node-1] [INFO] [1785304272.856335590] [pinn_franka_controller]: [DEBUG e] j4: q_des=-0.9546 q_meas=-0.9673 e=+0.0126 qdot=+0.00460 | j6: q_des=+1.2784 q_meas=+1.2871 e=-0.0088 qdot=+0.00131 | j7: q_des=-0.2978 q_meas=-0.3489 e=+0.0511 qdot=+0.02657
[pinn_controller_node-1] [INFO] [1785304272.858901240] [pinn_franka_controller]: [DEBUG tau] j4: rnea=+19.366 res=-0.672 pd=+0.660 unclipped=+19.354 clipped=+19.354 | j6: rnea=+2.360 res=+0.212 pd=-0.212 unclipped=+2.361 clipped=+2.361 | j7: rnea=+0.002 res=-0.314 pd=+0.337 unclipped=+0.025 clipped=+0.025
[pinn_controller_node-1] [INFO] [1785304273.856756263] [pinn_franka_controller]: [DEBUG e] j4: q_des=-0.9546 q_meas=-0.9662 e=+0.0116 qdot=-0.00010 | j6: q_des=+1.2784 q_meas=+1.2879 e=-0.0096 qdot=+0.00042 | j7: q_des=-0.2978 q_meas=-0.3339 e=+0.0361 qdot=+0.00734
[pinn_controller_node-1] [INFO] [1785304273.859315894] [pinn_franka_controller]: [DEBUG tau] j4: rnea=+19.352 res=-0.668 pd=+0.670 unclipped=+19.355 clipped=+19.355 | j6: rnea=+2.364 res=+0.221 pd=-0.220 unclipped=+2.364 clipped=+2.364 | j7: rnea=+0.002 res=-0.304 pd=+0.310 unclipped=+0.008 clipped=+0.008
[pinn_controller_node-1] [WARN] [1785304274.253873806] [pinn_franka_controller]: Trajectory stale (2.0s > 2.0s) -- holding at last known position via gravity compensation.
[pinn_controller_node-1] [INFO] [1785304274.254467403] [pinn_franka_controller]: Safe fallback engaged -- holding at q=[ 0.0284  0.2832 -0.0359 -0.9662 -0.0688  1.288  -0.3317] with gravity compensation + damped hold.
[pinn_controller_node-1] [INFO] [1785304274.847180276] [pinn_franka_controller]: New trajectory received with 16 points.
[pinn_controller_node-1] [INFO] [1785304274.857345012] [pinn_franka_controller]: [DEBUG e] j4: q_des=-0.9686 q_meas=-0.9662 e=-0.0024 qdot=-0.00187 | j6: q_des=+1.2864 q_meas=+1.2881 e=-0.0016 qdot=+0.00375 | j7: q_des=-0.3722 q_meas=-0.3316 e=-0.0406 qdot=-0.01281
[pinn_controller_node-1] [INFO] [1785304274.859889421] [pinn_franka_controller]: [DEBUG tau] j4: rnea=+19.353 res=-0.659 pd=+0.078 unclipped=+18.773 clipped=+18.773 | j6: rnea=+2.387 res=+0.234 pd=-0.123 unclipped=+2.498 clipped=+2.498 | j7: rnea=+0.010 res=-0.293 pd=-0.211 unclipped=-0.494 clipped=-0.494
[pinn_controller_node-1] [INFO] [1785304275.858822441] [pinn_franka_controller]: [DEBUG e] j4: q_des=-0.5865 q_meas=-0.6150 e=+0.0285 qdot=+0.40661 | j6: q_des=+1.1231 q_meas=+1.1362 e=-0.0132 qdot=-0.16453 | j7: q_des=+0.1678 q_meas=+0.0776 e=+0.0902 qdot=+0.51012
[pinn_controller_node-1] [INFO] [1785304275.861309316] [pinn_franka_controller]: [DEBUG tau] j4: rnea=+17.733 res=-1.193 pd=+1.455 unclipped=+17.994 clipped=+17.994 | j6: rnea=+2.304 res=+0.227 pd=-0.333 unclipped=+2.199 clipped=+2.199 | j7: rnea=-0.007 res=-0.778 pd=+1.173 unclipped=+0.388 clipped=+0.388
[pinn_controller_node-1] [INFO] [1785304276.284763437] [pinn_franka_controller]: New trajectory received with 1 points.
[pinn_controller_node-1] [INFO] [1785304276.858966724] [pinn_franka_controller]: [DEBUG e] j4: q_des=-0.5032 q_meas=-0.5195 e=+0.0163 qdot=+0.00293 | j6: q_des=+1.0874 q_meas=+1.1022 e=-0.0148 qdot=+0.00136 | j7: q_des=+0.2856 q_meas=+0.2231 e=+0.0625 qdot=+0.02532
[pinn_controller_node-1] [INFO] [1785304276.861694564] [pinn_franka_controller]: [DEBUG tau] j4: rnea=+17.015 res=-0.932 pd=+0.900 unclipped=+16.982 clipped=+16.982 | j6: rnea=+2.342 res=+0.347 pd=-0.349 unclipped=+2.340 clipped=+2.340 | j7: rnea=+0.000 res=-0.436 pd=+0.457 unclipped=+0.022 clipped=+0.022
[pinn_controller_node-1] [INFO] [1785304277.859071524] [pinn_franka_controller]: [DEBUG e] j4: q_des=-0.5032 q_meas=-0.5195 e=+0.0163 qdot=+0.00002 | j6: q_des=+1.0874 q_meas=+1.1032 e=-0.0158 qdot=+0.00072 | j7: q_des=+0.2856 q_meas=+0.2370 e=+0.0486 qdot=+0.00651
[pinn_controller_node-1] [INFO] [1785304277.862658729] [pinn_franka_controller]: [DEBUG tau] j4: rnea=+17.022 res=-0.941 pd=+0.941 unclipped=+17.022 clipped=+17.022 | j6: rnea=+2.342 res=+0.365 pd=-0.364 unclipped=+2.342 clipped=+2.342 | j7: rnea=+0.000 res=-0.433 pd=+0.438 unclipped=+0.006 clipped=+0.006
[pinn_controller_node-1] [WARN] [1785304278.284937396] [pinn_franka_controller]: Trajectory stale (2.0s > 2.0s) -- holding at last known position via gravity compensation.
[pinn_controller_node-1] [INFO] [1785304278.285349014] [pinn_franka_controller]: Safe fallback engaged -- holding at q=[-0.0777  0.5555  0.1154 -0.5195 -0.1412  1.1034  0.2391] with gravity compensation + damped hold.
[pinn_controller_node-1] [WARN] [1785304279.285407216] [pinn_franka_controller]: Trajectory stale (3.0s > 2.0s) -- holding at last known position via gravity compensation.
[pinn_controller_node-1] [WARN] [1785304280.285414565] [pinn_franka_controller]: Trajectory stale (4.0s > 2.0s) -- holding at last known position via gravity compensation.
[pinn_controller_node-1] [WARN] [1785304281.285449298] [pinn_franka_controller]: Trajectory stale (5.0s > 2.0s) -- holding at last known position via gravity compensation.
[pinn_controller_node-1] [WARN] [1785304282.286413681] [pinn_franka_controller]: Trajectory stale (6.0s > 2.0s) -- holding at last known position via gravity compensation.
[pinn_controller_node-1] [WARN] [1785304283.287455740] [pinn_franka_controller]: Trajectory stale (7.0s > 2.0s) -- holding at last known position via gravity compensation.
[pinn_controller_node-1] [WARN] [1785304284.287538757] [pinn_franka_controller]: Trajectory stale (8.0s > 2.0s) -- holding at last known position via gravity compensation.
[pinn_controller_node-1] [WARN] [1785304285.288407604] [pinn_franka_controller]: Trajectory stale (9.0s > 2.0s) -- holding at last known position via gravity compensation.
[pinn_controller_node-1] [WARN] [1785304286.288534300] [pinn_franka_controller]: Trajectory stale (10.0s > 2.0s) -- holding at last known position via gravity compensation.
[pinn_controller_node-1] [WARN] [1785304287.288755643] [pinn_franka_controller]: Trajectory stale (11.0s > 2.0s) -- holding at last known position via gravity compensation.
[pinn_controller_node-1] [WARN] [1785304288.288782236] [pinn_franka_controller]: Trajectory stale (12.0s > 2.0s) -- holding at last known position via gravity compensation.
[pinn_controller_node-1] [WARN] [1785304289.289446036] [pinn_franka_controller]: Trajectory stale (13.0s > 2.0s) -- holding at last known position via gravity compensation.
[pinn_controller_node-1] [WARN] [1785304290.289808451] [pinn_franka_controller]: Trajectory stale (14.0s > 2.0s) -- holding at last known position via gravity compensation.
[pinn_controller_node-1] [WARN] [1785304291.290905236] [pinn_franka_controller]: Trajectory stale (15.0s > 2.0s) -- holding at last known position via gravity compensation.
[pinn_controller_node-1] [WARN] [1785304292.291457876] [pinn_franka_controller]: Trajectory stale (16.0s > 2.0s) -- holding at last known position via gravity compensation.
[pinn_controller_node-1] [WARN] [1785304293.292407338] [pinn_franka_controller]: Trajectory stale (17.0s > 2.0s) -- holding at last known position via gravity compensation.
[pinn_controller_node-1] [WARN] [1785304294.292430202] [pinn_franka_controller]: Trajectory stale (18.0s > 2.0s) -- holding at last known position via gravity compensation.
[pinn_controller_node-1] [WARN] [1785304295.293404122] [pinn_franka_controller]: Trajectory stale (19.0s > 2.0s) -- holding at last known position via gravity compensation.
[pinn_controller_node-1] [WARN] [1785304296.293445450] [pinn_franka_controller]: Trajectory stale (20.0s > 2.0s) -- holding at last known position via gravity compensation.
[pinn_controller_node-1] [WARN] [1785304297.294412825] [pinn_franka_controller]: Trajectory stale (21.0s > 2.0s) -- holding at last known position via gravity compensation.
[pinn_controller_node-1] [WARN] [1785304298.295454585] [pinn_franka_controller]: Trajectory stale (22.0s > 2.0s) -- holding at last known position via gravity compensation.
[pinn_controller_node-1] [WARN] [1785304299.295655174] [pinn_franka_controller]: Trajectory stale (23.0s > 2.0s) -- holding at last known position via gravity compensation.
[pinn_controller_node-1] [WARN] [1785304300.296441023] [pinn_franka_controller]: Trajectory stale (24.0s > 2.0s) -- holding at last known position via gravity compensation.
[pinn_controller_node-1] [WARN] [1785304301.296525149] [pinn_franka_controller]: Trajectory stale (25.0s > 2.0s) -- holding at last known position via gravity compensation.
[pinn_controller_node-1] [WARN] [1785304302.296847040] [pinn_franka_controller]: Trajectory stale (26.0s > 2.0s) -- holding at last known position via gravity compensation.
[pinn_controller_node-1] [WARN] [1785304303.297412244] [pinn_franka_controller]: Trajectory stale (27.0s > 2.0s) -- holding at last known position via gravity compensation.
[pinn_controller_node-1] [WARN] [1785304304.297566410] [pinn_franka_controller]: Trajectory stale (28.0s > 2.0s) -- holding at last known position via gravity compensation.
[pinn_controller_node-1] [WARN] [1785304305.297901472] [pinn_franka_controller]: Trajectory stale (29.0s > 2.0s) -- holding at last known position via gravity compensation.
[pinn_controller_node-1] [WARN] [1785304306.298872352] [pinn_franka_controller]: Trajectory stale (30.0s > 2.0s) -- holding at last known position via gravity compensation.
[pinn_controller_node-1] [WARN] [1785304307.299456698] [pinn_franka_controller]: Trajectory stale (31.0s > 2.0s) -- holding at last known position via gravity compensation.
[pinn_controller_node-1] [WARN] [1785304308.300431280] [pinn_franka_controller]: Trajectory stale (32.0s > 2.0s) -- holding at last known position via gravity compensation.
[pinn_controller_node-1] [WARN] [1785304309.300469336] [pinn_franka_controller]: Trajectory stale (33.0s > 2.0s) -- holding at last known position via gravity compensation.
[pinn_controller_node-1] [WARN] [1785304310.301030156] [pinn_franka_controller]: Trajectory stale (34.0s > 2.0s) -- holding at last known position via gravity compensation.
[pinn_controller_node-1] [WARN] [1785304311.301513988] [pinn_franka_controller]: Trajectory stale (35.0s > 2.0s) -- holding at last known position via gravity compensation.
[pinn_controller_node-1] [WARN] [1785304312.302126126] [pinn_franka_controller]: Trajectory stale (36.0s > 2.0s) -- holding at last known position via gravity compensation.
[pinn_controller_node-1] [WARN] [1785304313.302161661] [pinn_franka_controller]: Trajectory stale (37.0s > 2.0s) -- holding at last known position via gravity compensation.
[pinn_controller_node-1] [WARN] [1785304314.302472378] [pinn_franka_controller]: Trajectory stale (38.0s > 2.0s) -- holding at last known position via gravity compensation.
[pinn_controller_node-1] [WARN] [1785304315.303414522] [pinn_franka_controller]: Trajectory stale (39.0s > 2.0s) -- holding at last known position via gravity compensation.
[pinn_controller_node-1] [WARN] [1785304316.303673489] [pinn_franka_controller]: Trajectory stale (40.0s > 2.0s) -- holding at last known position via gravity compensation.
[pinn_controller_node-1] [WARN] [1785304317.304656042] [pinn_franka_controller]: Trajectory stale (41.0s > 2.0s) -- holding at last known position via gravity compensation.
[pinn_controller_node-1] [WARN] [1785304318.305574656] [pinn_franka_controller]: Trajectory stale (42.0s > 2.0s) -- holding at last known position via gravity compensation.
[pinn_controller_node-1] [WARN] [1785304319.306439184] [pinn_franka_controller]: Trajectory stale (43.0s > 2.0s) -- holding at last known position via gravity compensation.
[pinn_controller_node-1] [WARN] [1785304320.306455825] [pinn_franka_controller]: Trajectory stale (44.0s > 2.0s) -- holding at last known position via gravity compensation.
[pinn_controller_node-1] [WARN] [1785304321.306529353] [pinn_franka_controller]: Trajectory stale (45.0s > 2.0s) -- holding at last known position via gravity compensation.
[pinn_controller_node-1] [WARN] [1785304322.306652228] [pinn_franka_controller]: Trajectory stale (46.0s > 2.0s) -- holding at last known position via gravity compensation.
[pinn_controller_node-1] [WARN] [1785304323.307414284] [pinn_franka_controller]: Trajectory stale (47.0s > 2.0s) -- holding at last known position via gravity compensation.
[pinn_controller_node-1] [WARN] [1785304324.308521097] [pinn_franka_controller]: Trajectory stale (48.0s > 2.0s) -- holding at last known position via gravity compensation.
[pinn_controller_node-1] [WARN] [1785304325.309409111] [pinn_franka_controller]: Trajectory stale (49.0s > 2.0s) -- holding at last known position via gravity compensation.
[pinn_controller_node-1] [WARN] [1785304326.309467135] [pinn_franka_controller]: Trajectory stale (50.0s > 2.0s) -- holding at last known position via gravity compensation.
[pinn_controller_node-1] [WARN] [1785304327.310425798] [pinn_franka_controller]: Trajectory stale (51.0s > 2.0s) -- holding at last known position via gravity compensation.
[pinn_controller_node-1] [WARN] [1785304328.310812811] [pinn_franka_controller]: Trajectory stale (52.0s > 2.0s) -- holding at last known position via gravity compensation.
[pinn_controller_node-1] [WARN] [1785304329.312002037] [pinn_franka_controller]: Trajectory stale (53.0s > 2.0s) -- holding at last known position via gravity compensation.
[pinn_controller_node-1] [WARN] [1785304330.313456013] [pinn_franka_controller]: Trajectory stale (54.0s > 2.0s) -- holding at last known position via gravity compensation.
[pinn_controller_node-1] [WARN] [1785304331.314402911] [pinn_franka_controller]: Trajectory stale (55.0s > 2.0s) -- holding at last known position via gravity compensation.
[pinn_controller_node-1] [WARN] [1785304332.314406014] [pinn_franka_controller]: Trajectory stale (56.0s > 2.0s) -- holding at last known position via gravity compensation.
[pinn_controller_node-1] [WARN] [1785304333.314518755] [pinn_franka_controller]: Trajectory stale (57.0s > 2.0s) -- holding at last known position via gravity compensation.
[pinn_controller_node-1] [WARN] [1785304334.314619573] [pinn_franka_controller]: Trajectory stale (58.0s > 2.0s) -- holding at last known position via gravity compensation.
[pinn_controller_node-1] [WARN] [1785304335.315416698] [pinn_franka_controller]: Trajectory stale (59.0s > 2.0s) -- holding at last known position via gravity compensation.
[pinn_controller_node-1] [WARN] [1785304336.315466133] [pinn_franka_controller]: Trajectory stale (60.0s > 2.0s) -- holding at last known position via gravity compensation.
[pinn_controller_node-1] [WARN] [1785304337.315544377] [pinn_franka_controller]: Trajectory stale (61.0s > 2.0s) -- holding at last known position via gravity compensation.
[pinn_controller_node-1] [WARN] [1785304338.315739363] [pinn_franka_controller]: Trajectory stale (62.0s > 2.0s) -- holding at last known position via gravity compensation.
[pinn_controller_node-1] [WARN] [1785304339.315811073] [pinn_franka_controller]: Trajectory stale (63.0s > 2.0s) -- holding at last known position via gravity compensation.
[pinn_controller_node-1] [WARN] [1785304340.316529717] [pinn_franka_controller]: Trajectory stale (64.0s > 2.0s) -- holding at last known position via gravity compensation.
[pinn_controller_node-1] [WARN] [1785304341.316928278] [pinn_franka_controller]: Trajectory stale (65.0s > 2.0s) -- holding at last known position via gravity compensation.
[pinn_controller_node-1] [WARN] [1785304342.317581280] [pinn_franka_controller]: Trajectory stale (66.0s > 2.0s) -- holding at last known position via gravity compensation.
[pinn_controller_node-1] [WARN] [1785304343.318593535] [pinn_franka_controller]: Trajectory stale (67.0s > 2.0s) -- holding at last known position via gravity compensation.
[pinn_controller_node-1] [WARN] [1785304344.319480094] [pinn_franka_controller]: Trajectory stale (68.0s > 2.0s) -- holding at last known position via gravity compensation.
[pinn_controller_node-1] [WARN] [1785304345.319561991] [pinn_franka_controller]: Trajectory stale (69.0s > 2.0s) -- holding at last known position via gravity compensation.
[pinn_controller_node-1] [WARN] [1785304346.320666248] [pinn_franka_controller]: Trajectory stale (70.0s > 2.0s) -- holding at last known position via gravity compensation.
[pinn_controller_node-1] [WARN] [1785304347.321495079] [pinn_franka_controller]: Trajectory stale (71.0s > 2.0s) -- holding at last known position via gravity compensation.
[pinn_controller_node-1] [WARN] [1785304348.322437032] [pinn_franka_controller]: Trajectory stale (72.0s > 2.0s) -- holding at last known position via gravity compensation.
[pinn_controller_node-1] [WARN] [1785304349.322448171] [pinn_franka_controller]: Trajectory stale (73.0s > 2.0s) -- holding at last known position via gravity compensation.
[pinn_controller_node-1] [WARN] [1785304350.323401536] [pinn_franka_controller]: Trajectory stale (74.0s > 2.0s) -- holding at last known position via gravity compensation.
[pinn_controller_node-1] [WARN] [1785304351.323472635] [pinn_franka_controller]: Trajectory stale (75.0s > 2.0s) -- holding at last known position via gravity compensation.
[pinn_controller_node-1] [WARN] [1785304352.323510334] [pinn_franka_controller]: Trajectory stale (76.0s > 2.0s) -- holding at last known position via gravity compensation.
[pinn_controller_node-1] [WARN] [1785304353.324474693] [pinn_franka_controller]: Trajectory stale (77.0s > 2.0s) -- holding at last known position via gravity compensation.
[pinn_controller_node-1] [WARN] [1785304354.325423422] [pinn_franka_controller]: Trajectory stale (78.0s > 2.0s) -- holding at last known position via gravity compensation.
[pinn_controller_node-1] [WARN] [1785304355.326432015] [pinn_franka_controller]: Trajectory stale (79.0s > 2.0s) -- holding at last known position via gravity compensation.
[pinn_controller_node-1] [WARN] [1785304356.327362410] [pinn_franka_controller]: Trajectory stale (80.0s > 2.0s) -- holding at last known position via gravity compensation.
[pinn_controller_node-1] [WARN] [1785304357.327590342] [pinn_franka_controller]: Trajectory stale (81.0s > 2.0s) -- holding at last known position via gravity compensation.
[pinn_controller_node-1] [WARN] [1785304358.328466829] [pinn_franka_controller]: Trajectory stale (82.0s > 2.0s) -- holding at last known position via gravity compensation.
[pinn_controller_node-1] [WARN] [1785304359.329400221] [pinn_franka_controller]: Trajectory stale (83.0s > 2.0s) -- holding at last known position via gravity compensation.
[pinn_controller_node-1] [WARN] [1785304360.329417727] [pinn_franka_controller]: Trajectory stale (84.0s > 2.0s) -- holding at last known position via gravity compensation.
[pinn_controller_node-1] [WARN] [1785304361.329704009] [pinn_franka_controller]: Trajectory stale (85.0s > 2.0s) -- holding at last known position via gravity compensation.
[pinn_controller_node-1] [WARN] [1785304362.330475442] [pinn_franka_controller]: Trajectory stale (86.0s > 2.0s) -- holding at last known position via gravity compensation.
[pinn_controller_node-1] [WARN] [1785304363.330505291] [pinn_franka_controller]: Trajectory stale (87.0s > 2.0s) -- holding at last known position via gravity compensation.
[pinn_controller_node-1] [WARN] [1785304364.331433437] [pinn_franka_controller]: Trajectory stale (88.0s > 2.0s) -- holding at last known position via gravity compensation.
[pinn_controller_node-1] [WARN] [1785304365.332334236] [pinn_franka_controller]: Trajectory stale (89.0s > 2.0s) -- holding at last known position via gravity compensation.
[pinn_controller_node-1] [WARN] [1785304366.332370445] [pinn_franka_controller]: Trajectory stale (90.0s > 2.0s) -- holding at last known position via gravity compensation.
[pinn_controller_node-1] [WARN] [1785304367.332826084] [pinn_franka_controller]: Trajectory stale (91.0s > 2.0s) -- holding at last known position via gravity compensation.
[pinn_controller_node-1] [WARN] [1785304368.333454675] [pinn_franka_controller]: Trajectory stale (92.0s > 2.0s) -- holding at last known position via gravity compensation.
[pinn_controller_node-1] [WARN] [1785304369.333458165] [pinn_franka_controller]: Trajectory stale (93.0s > 2.0s) -- holding at last known position via gravity compensation.
[pinn_controller_node-1] [WARN] [1785304370.334050812] [pinn_franka_controller]: Trajectory stale (94.0s > 2.0s) -- holding at last known position via gravity compensation.
[pinn_controller_node-1] [WARN] [1785304371.334425180] [pinn_franka_controller]: Trajectory stale (95.0s > 2.0s) -- holding at last known position via gravity compensation.
[pinn_controller_node-1] [WARN] [1785304372.334604741] [pinn_franka_controller]: Trajectory stale (96.0s > 2.0s) -- holding at last known position via gravity compensation.
[pinn_controller_node-1] [WARN] [1785304373.334673187] [pinn_franka_controller]: Trajectory stale (97.0s > 2.0s) -- holding at last known position via gravity compensation.
[pinn_controller_node-1] [WARN] [1785304374.335409070] [pinn_franka_controller]: Trajectory stale (98.1s > 2.0s) -- holding at last known position via gravity compensation.
[pinn_controller_node-1] [WARN] [1785304375.335419674] [pinn_franka_controller]: Trajectory stale (99.1s > 2.0s) -- holding at last known position via gravity compensation.
[pinn_controller_node-1] [WARN] [1785304376.336406672] [pinn_franka_controller]: Trajectory stale (100.1s > 2.0s) -- holding at last known position via gravity compensation.
[pinn_controller_node-1] [WARN] [1785304377.336672206] [pinn_franka_controller]: Trajectory stale (101.1s > 2.0s) -- holding at last known position via gravity compensation.
[pinn_controller_node-1] [WARN] [1785304378.337433122] [pinn_franka_controller]: Trajectory stale (102.1s > 2.0s) -- holding at last known position via gravity compensation.
[pinn_controller_node-1] [WARN] [1785304379.337450055] [pinn_franka_controller]: Trajectory stale (103.1s > 2.0s) -- holding at last known position via gravity compensation.
[pinn_controller_node-1] [WARN] [1785304380.338413482] [pinn_franka_controller]: Trajectory stale (104.1s > 2.0s) -- holding at last known position via gravity compensation.
[pinn_controller_node-1] [WARN] [1785304381.338524737] [pinn_franka_controller]: Trajectory stale (105.1s > 2.0s) -- holding at last known position via gravity compensation.
[pinn_controller_node-1] [WARN] [1785304382.339451978] [pinn_franka_controller]: Trajectory stale (106.1s > 2.0s) -- holding at last known position via gravity compensation.
[pinn_controller_node-1] [WARN] [1785304383.340409536] [pinn_franka_controller]: Trajectory stale (107.1s > 2.0s) -- holding at last known position via gravity compensation.
[pinn_controller_node-1] [WARN] [1785304384.340513468] [pinn_franka_controller]: Trajectory stale (108.1s > 2.0s) -- holding at last known position via gravity compensation.
[pinn_controller_node-1] [WARN] [1785304385.341485466] [pinn_franka_controller]: Trajectory stale (109.1s > 2.0s) -- holding at last known position via gravity compensation.
[pinn_controller_node-1] [WARN] [1785304386.341620064] [pinn_franka_controller]: Trajectory stale (110.1s > 2.0s) -- holding at last known position via gravity compensation.
[pinn_controller_node-1] [WARN] [1785304387.342421156] [pinn_franka_controller]: Trajectory stale (111.1s > 2.0s) -- holding at last known position via gravity compensation.
[pinn_controller_node-1] [WARN] [1785304388.342614555] [pinn_franka_controller]: Trajectory stale (112.1s > 2.0s) -- holding at last known position via gravity compensation.
[pinn_controller_node-1] [WARN] [1785304389.342640779] [pinn_franka_controller]: Trajectory stale (113.1s > 2.0s) -- holding at last known position via gravity compensation.
[pinn_controller_node-1] [WARN] [1785304390.343405731] [pinn_franka_controller]: Trajectory stale (114.1s > 2.0s) -- holding at last known position via gravity compensation.
[pinn_controller_node-1] [WARN] [1785304391.343408308] [pinn_franka_controller]: Trajectory stale (115.1s > 2.0s) -- holding at last known position via gravity compensation.
[pinn_controller_node-1] [WARN] [1785304392.343583710] [pinn_franka_controller]: Trajectory stale (116.1s > 2.0s) -- holding at last known position via gravity compensation.
[pinn_controller_node-1] [WARN] [1785304393.344463118] [pinn_franka_controller]: Trajectory stale (117.1s > 2.0s) -- holding at last known position via gravity compensation.
[pinn_controller_node-1] [WARN] [1785304394.345478017] [pinn_franka_controller]: Trajectory stale (118.1s > 2.0s) -- holding at last known position via gravity compensation.
[pinn_controller_node-1] [WARN] [1785304395.346416506] [pinn_franka_controller]: Trajectory stale (119.1s > 2.0s) -- holding at last known position via gravity compensation.
[pinn_controller_node-1] [WARN] [1785304396.346445132] [pinn_franka_controller]: Trajectory stale (120.1s > 2.0s) -- holding at last known position via gravity compensation.
[pinn_controller_node-1] [WARN] [1785304397.346881534] [pinn_franka_controller]: Trajectory stale (121.1s > 2.0s) -- holding at last known position via gravity compensation.
[pinn_controller_node-1] [WARN] [1785304398.347540888] [pinn_franka_controller]: Trajectory stale (122.1s > 2.0s) -- holding at last known position via gravity compensation.
[pinn_controller_node-1] [WARN] [1785304399.348368849] [pinn_franka_controller]: Trajectory stale (123.1s > 2.0s) -- holding at last known position via gravity compensation.
[pinn_controller_node-1] [WARN] [1785304400.348413695] [pinn_franka_controller]: Trajectory stale (124.1s > 2.0s) -- holding at last known position via gravity compensation.
[pinn_controller_node-1] [WARN] [1785304401.348416267] [pinn_franka_controller]: Trajectory stale (125.1s > 2.0s) -- holding at last known position via gravity compensation.
[pinn_controller_node-1] [WARN] [1785304402.348765337] [pinn_franka_controller]: Trajectory stale (126.1s > 2.0s) -- holding at last known position via gravity compensation.
[pinn_controller_node-1] [WARN] [1785304403.348916278] [pinn_franka_controller]: Trajectory stale (127.1s > 2.0s) -- holding at last known position via gravity compensation.
[pinn_controller_node-1] [WARN] [1785304404.349498720] [pinn_franka_controller]: Trajectory stale (128.1s > 2.0s) -- holding at last known position via gravity compensation.
[pinn_controller_node-1] [WARN] [1785304405.350555490] [pinn_franka_controller]: Trajectory stale (129.1s > 2.0s) -- holding at last known position via gravity compensation.
[pinn_controller_node-1] [WARN] [1785304406.351496206] [pinn_franka_controller]: Trajectory stale (130.1s > 2.0s) -- holding at last known position via gravity compensation.
[pinn_controller_node-1] [WARN] [1785304407.352458178] [pinn_franka_controller]: Trajectory stale (131.1s > 2.0s) -- holding at last known position via gravity compensation.
[pinn_controller_node-1] [WARN] [1785304408.353402869] [pinn_franka_controller]: Trajectory stale (132.1s > 2.0s) -- holding at last known position via gravity compensation.
[pinn_controller_node-1] [WARN] [1785304409.353441606] [pinn_franka_controller]: Trajectory stale (133.1s > 2.0s) -- holding at last known position via gravity compensation.
[pinn_controller_node-1] [WARN] [1785304410.353447467] [pinn_franka_controller]: Trajectory stale (134.1s > 2.0s) -- holding at last known position via gravity compensation.
[pinn_controller_node-1] [WARN] [1785304411.354404009] [pinn_franka_controller]: Trajectory stale (135.1s > 2.0s) -- holding at last known position via gravity compensation.
[pinn_controller_node-1] [WARN] [1785304412.354495163] [pinn_franka_controller]: Trajectory stale (136.1s > 2.0s) -- holding at last known position via gravity compensation.
[pinn_controller_node-1] [WARN] [1785304413.355433485] [pinn_franka_controller]: Trajectory stale (137.1s > 2.0s) -- holding at last known position via gravity compensation.
[pinn_controller_node-1] [WARN] [1785304414.355453646] [pinn_franka_controller]: Trajectory stale (138.1s > 2.0s) -- holding at last known position via gravity compensation.
[pinn_controller_node-1] [WARN] [1785304415.356404616] [pinn_franka_controller]: Trajectory stale (139.1s > 2.0s) -- holding at last known position via gravity compensation.
[pinn_controller_node-1] [WARN] [1785304416.356619206] [pinn_franka_controller]: Trajectory stale (140.1s > 2.0s) -- holding at last known position via gravity compensation.
[pinn_controller_node-1] [WARN] [1785304417.356709416] [pinn_franka_controller]: Trajectory stale (141.1s > 2.0s) -- holding at last known position via gravity compensation.
[pinn_controller_node-1] [WARN] [1785304418.357509153] [pinn_franka_controller]: Trajectory stale (142.1s > 2.0s) -- holding at last known position via gravity compensation.
[pinn_controller_node-1] [WARN] [1785304419.358427563] [pinn_franka_controller]: Trajectory stale (143.1s > 2.0s) -- holding at last known position via gravity compensation.
[pinn_controller_node-1] [WARN] [1785304420.359466047] [pinn_franka_controller]: Trajectory stale (144.1s > 2.0s) -- holding at last known position via gravity compensation.
[pinn_controller_node-1] [WARN] [1785304421.360585277] [pinn_franka_controller]: Trajectory stale (145.1s > 2.0s) -- holding at last known position via gravity compensation.
[pinn_controller_node-1] [WARN] [1785304422.361540735] [pinn_franka_controller]: Trajectory stale (146.1s > 2.0s) -- holding at last known position via gravity compensation.
[pinn_controller_node-1] [WARN] [1785304423.362449821] [pinn_franka_controller]: Trajectory stale (147.1s > 2.0s) -- holding at last known position via gravity compensation.
[pinn_controller_node-1] [WARN] [1785304424.363401615] [pinn_franka_controller]: Trajectory stale (148.1s > 2.0s) -- holding at last known position via gravity compensation.
[pinn_controller_node-1] [WARN] [1785304425.363803249] [pinn_franka_controller]: Trajectory stale (149.1s > 2.0s) -- holding at last known position via gravity compensation.
[pinn_controller_node-1] [WARN] [1785304426.364509256] [pinn_franka_controller]: Trajectory stale (150.1s > 2.0s) -- holding at last known position via gravity compensation.
[pinn_controller_node-1] [WARN] [1785304427.365502372] [pinn_franka_controller]: Trajectory stale (151.1s > 2.0s) -- holding at last known position via gravity compensation.
[pinn_controller_node-1] [WARN] [1785304428.365604357] [pinn_franka_controller]: Trajectory stale (152.1s > 2.0s) -- holding at last known position via gravity compensation.
[pinn_controller_node-1] [WARN] [1785304429.366559230] [pinn_franka_controller]: Trajectory stale (153.1s > 2.0s) -- holding at last known position via gravity compensation.
[pinn_controller_node-1] [WARN] [1785304430.366571727] [pinn_franka_controller]: Trajectory stale (154.1s > 2.0s) -- holding at last known position via gravity compensation.
[pinn_controller_node-1] [WARN] [1785304431.366909965] [pinn_franka_controller]: Trajectory stale (155.1s > 2.0s) -- holding at last known position via gravity compensation.
[pinn_controller_node-1] [WARN] [1785304432.367366425] [pinn_franka_controller]: Trajectory stale (156.1s > 2.0s) -- holding at last known position via gravity compensation.
[pinn_controller_node-1] [WARN] [1785304433.367438083] [pinn_franka_controller]: Trajectory stale (157.1s > 2.0s) -- holding at last known position via gravity compensation.
[pinn_controller_node-1] [WARN] [1785304434.368414446] [pinn_franka_controller]: Trajectory stale (158.1s > 2.0s) -- holding at last known position via gravity compensation.
[pinn_controller_node-1] [WARN] [1785304435.368909101] [pinn_franka_controller]: Trajectory stale (159.1s > 2.0s) -- holding at last known position via gravity compensation.
[pinn_controller_node-1] [WARN] [1785304436.368946352] [pinn_franka_controller]: Trajectory stale (160.1s > 2.0s) -- holding at last known position via gravity compensation.
[pinn_controller_node-1] [WARN] [1785304437.369439356] [pinn_franka_controller]: Trajectory stale (161.1s > 2.0s) -- holding at last known position via gravity compensation.
[pinn_controller_node-1] [WARN] [1785304438.370402226] [pinn_franka_controller]: Trajectory stale (162.1s > 2.0s) -- holding at last known position via gravity compensation.
[pinn_controller_node-1] [WARN] [1785304439.370456858] [pinn_franka_controller]: Trajectory stale (163.1s > 2.0s) -- holding at last known position via gravity compensation.
[pinn_controller_node-1] [WARN] [1785304440.371259993] [pinn_franka_controller]: Trajectory stale (164.1s > 2.0s) -- holding at last known position via gravity compensation.
[pinn_controller_node-1] [WARN] [1785304441.372000191] [pinn_franka_controller]: Trajectory stale (165.1s > 2.0s) -- holding at last known position via gravity compensation.
[pinn_controller_node-1] [WARN] [1785304442.372246525] [pinn_franka_controller]: Trajectory stale (166.1s > 2.0s) -- holding at last known position via gravity compensation.
[pinn_controller_node-1] [WARN] [1785304443.372297757] [pinn_franka_controller]: Trajectory stale (167.1s > 2.0s) -- holding at last known position via gravity compensation.
[pinn_controller_node-1] [WARN] [1785304444.372429042] [pinn_franka_controller]: Trajectory stale (168.1s > 2.0s) -- holding at last known position via gravity compensation.
[pinn_controller_node-1] [WARN] [1785304445.372794979] [pinn_franka_controller]: Trajectory stale (169.1s > 2.0s) -- holding at last known position via gravity compensation.
[pinn_controller_node-1] [WARN] [1785304446.373546727] [pinn_franka_controller]: Trajectory stale (170.1s > 2.0s) -- holding at last known position via gravity compensation.
[pinn_controller_node-1] [WARN] [1785304447.374602359] [pinn_franka_controller]: Trajectory stale (171.1s > 2.0s) -- holding at last known position via gravity compensation.
[pinn_controller_node-1] [WARN] [1785304448.374608383] [pinn_franka_controller]: Trajectory stale (172.1s > 2.0s) -- holding at last known position via gravity compensation.
[pinn_controller_node-1] [WARN] [1785304449.375400767] [pinn_franka_controller]: Trajectory stale (173.1s > 2.0s) -- holding at last known position via gravity compensation.
[pinn_controller_node-1] [WARN] [1785304450.375510223] [pinn_franka_controller]: Trajectory stale (174.1s > 2.0s) -- holding at last known position via gravity compensation.
[pinn_controller_node-1] [WARN] [1785304451.375539309] [pinn_franka_controller]: Trajectory stale (175.1s > 2.0s) -- holding at last known position via gravity compensation.
[pinn_controller_node-1] [WARN] [1785304452.376424873] [pinn_franka_controller]: Trajectory stale (176.1s > 2.0s) -- holding at last known position via gravity compensation.
[pinn_controller_node-1] [WARN] [1785304453.376579001] [pinn_franka_controller]: Trajectory stale (177.1s > 2.0s) -- holding at last known position via gravity compensation.
[pinn_controller_node-1] [WARN] [1785304454.376602838] [pinn_franka_controller]: Trajectory stale (178.1s > 2.0s) -- holding at last known position via gravity compensation.
[pinn_controller_node-1] [WARN] [1785304455.377509722] [pinn_franka_controller]: Trajectory stale (179.1s > 2.0s) -- holding at last known position via gravity compensation.
[pinn_controller_node-1] [WARN] [1785304456.377623384] [pinn_franka_controller]: Trajectory stale (180.1s > 2.0s) -- holding at last known position via gravity compensation.
[pinn_controller_node-1] [WARN] [1785304457.377644954] [pinn_franka_controller]: Trajectory stale (181.1s > 2.0s) -- holding at last known position via gravity compensation.
[pinn_controller_node-1] [WARN] [1785304458.378406054] [pinn_franka_controller]: Trajectory stale (182.1s > 2.0s) -- holding at last known position via gravity compensation.
[pinn_controller_node-1] [WARN] [1785304459.378555673] [pinn_franka_controller]: Trajectory stale (183.1s > 2.0s) -- holding at last known position via gravity compensation.
[pinn_controller_node-1] [WARN] [1785304460.379453465] [pinn_franka_controller]: Trajectory stale (184.1s > 2.0s) -- holding at last known position via gravity compensation.
[pinn_controller_node-1] [WARN] [1785304461.379557290] [pinn_franka_controller]: Trajectory stale (185.1s > 2.0s) -- holding at last known position via gravity compensation.
[pinn_controller_node-1] [WARN] [1785304462.379553162] [pinn_franka_controller]: Trajectory stale (186.1s > 2.0s) -- holding at last known position via gravity compensation.
[pinn_controller_node-1] [WARN] [1785304463.380421396] [pinn_franka_controller]: Trajectory stale (187.1s > 2.0s) -- holding at last known position via gravity compensation.
[pinn_controller_node-1] [WARN] [1785304464.380539353] [pinn_franka_controller]: Trajectory stale (188.1s > 2.0s) -- holding at last known position via gravity compensation.
[pinn_controller_node-1] [WARN] [1785304465.380557918] [pinn_franka_controller]: Trajectory stale (189.1s > 2.0s) -- holding at last known position via gravity compensation.
[pinn_controller_node-1] [WARN] [1785304466.381453700] [pinn_franka_controller]: Trajectory stale (190.1s > 2.0s) -- holding at last known position via gravity compensation.
[pinn_controller_node-1] [WARN] [1785304467.381540062] [pinn_franka_controller]: Trajectory stale (191.1s > 2.0s) -- holding at last known position via gravity compensation.
[pinn_controller_node-1] [WARN] [1785304468.382417018] [pinn_franka_controller]: Trajectory stale (192.1s > 2.0s) -- holding at last known position via gravity compensation.
[pinn_controller_node-1] [WARN] [1785304469.382429957] [pinn_franka_controller]: Trajectory stale (193.1s > 2.0s) -- holding at last known position via gravity compensation.
[pinn_controller_node-1] [WARN] [1785304470.382460367] [pinn_franka_controller]: Trajectory stale (194.1s > 2.0s) -- holding at last known position via gravity compensation.
[pinn_controller_node-1] [WARN] [1785304471.383452190] [pinn_franka_controller]: Trajectory stale (195.1s > 2.0s) -- holding at last known position via gravity compensation.
[pinn_controller_node-1] [WARN] [1785304472.383537369] [pinn_franka_controller]: Trajectory stale (196.1s > 2.0s) -- holding at last known position via gravity compensation.
[pinn_controller_node-1] [WARN] [1785304473.383631084] [pinn_franka_controller]: Trajectory stale (197.1s > 2.0s) -- holding at last known position via gravity compensation.
[pinn_controller_node-1] [WARN] [1785304474.385213039] [pinn_franka_controller]: Trajectory stale (198.1s > 2.0s) -- holding at last known position via gravity compensation.
[pinn_controller_node-1] [WARN] [1785304475.385664666] [pinn_franka_controller]: Trajectory stale (199.1s > 2.0s) -- holding at last known position via gravity compensation.
[pinn_controller_node-1] [WARN] [1785304476.385789449] [pinn_franka_controller]: Trajectory stale (200.1s > 2.0s) -- holding at last known position via gravity compensation.
[pinn_controller_node-1] [WARN] [1785304477.386587018] [pinn_franka_controller]: Trajectory stale (201.1s > 2.0s) -- holding at last known position via gravity compensation.
[pinn_controller_node-1] [WARN] [1785304478.387409919] [pinn_franka_controller]: Trajectory stale (202.1s > 2.0s) -- holding at last known position via gravity compensation.
[pinn_controller_node-1] [WARN] [1785304479.387510223] [pinn_franka_controller]: Trajectory stale (203.1s > 2.0s) -- holding at last known position via gravity compensation.
[pinn_controller_node-1] [WARN] [1785304480.388463902] [pinn_franka_controller]: Trajectory stale (204.1s > 2.0s) -- holding at last known position via gravity compensation.
[pinn_controller_node-1] [WARN] [1785304481.389441151] [pinn_franka_controller]: Trajectory stale (205.1s > 2.0s) -- holding at last known position via gravity compensation.
[pinn_controller_node-1] [WARN] [1785304482.390425810] [pinn_franka_controller]: Trajectory stale (206.1s > 2.0s) -- holding at last known position via gravity compensation.
[pinn_controller_node-1] [WARN] [1785304483.390537967] [pinn_franka_controller]: Trajectory stale (207.1s > 2.0s) -- holding at last known position via gravity compensation.
[pinn_controller_node-1] [WARN] [1785304484.391477131] [pinn_franka_controller]: Trajectory stale (208.1s > 2.0s) -- holding at last known position via gravity compensation.
[pinn_controller_node-1] [WARN] [1785304485.391772904] [pinn_franka_controller]: Trajectory stale (209.1s > 2.0s) -- holding at last known position via gravity compensation.
[pinn_controller_node-1] [WARN] [1785304486.392649614] [pinn_franka_controller]: Trajectory stale (210.1s > 2.0s) -- holding at last known position via gravity compensation.
[pinn_controller_node-1] [WARN] [1785304487.393405452] [pinn_franka_controller]: Trajectory stale (211.1s > 2.0s) -- holding at last known position via gravity compensation.
[pinn_controller_node-1] [WARN] [1785304488.393491982] [pinn_franka_controller]: Trajectory stale (212.1s > 2.0s) -- holding at last known position via gravity compensation.
[pinn_controller_node-1] [WARN] [1785304489.393636505] [pinn_franka_controller]: Trajectory stale (213.1s > 2.0s) -- holding at last known position via gravity compensation.
[pinn_controller_node-1] [WARN] [1785304490.394369992] [pinn_franka_controller]: Trajectory stale (214.1s > 2.0s) -- holding at last known position via gravity compensation.
[pinn_controller_node-1] [WARN] [1785304491.394462431] [pinn_franka_controller]: Trajectory stale (215.1s > 2.0s) -- holding at last known position via gravity compensation.
[pinn_controller_node-1] [WARN] [1785304492.394604420] [pinn_franka_controller]: Trajectory stale (216.1s > 2.0s) -- holding at last known position via gravity compensation.
[pinn_controller_node-1] [WARN] [1785304493.395405875] [pinn_franka_controller]: Trajectory stale (217.1s > 2.0s) -- holding at last known position via gravity compensation.
[pinn_controller_node-1] [WARN] [1785304494.395413113] [pinn_franka_controller]: Trajectory stale (218.1s > 2.0s) -- holding at last known position via gravity compensation.
[pinn_controller_node-1] [WARN] [1785304495.396426108] [pinn_franka_controller]: Trajectory stale (219.1s > 2.0s) -- holding at last known position via gravity compensation.
[pinn_controller_node-1] [WARN] [1785304496.396761576] [pinn_franka_controller]: Trajectory stale (220.1s > 2.0s) -- holding at last known position via gravity compensation.
[pinn_controller_node-1] [WARN] [1785304497.396778301] [pinn_franka_controller]: Trajectory stale (221.1s > 2.0s) -- holding at last known position via gravity compensation.
[pinn_controller_node-1] [WARN] [1785304498.397411832] [pinn_franka_controller]: Trajectory stale (222.1s > 2.0s) -- holding at last known position via gravity compensation.
[pinn_controller_node-1] [WARN] [1785304499.397412789] [pinn_franka_controller]: Trajectory stale (223.1s > 2.0s) -- holding at last known position via gravity compensation.
[pinn_controller_node-1] [WARN] [1785304500.397799383] [pinn_franka_controller]: Trajectory stale (224.1s > 2.0s) -- holding at last known position via gravity compensation.
[pinn_controller_node-1] [WARN] [1785304501.398470900] [pinn_franka_controller]: Trajectory stale (225.1s > 2.0s) -- holding at last known position via gravity compensation.
[pinn_controller_node-1] [WARN] [1785304502.398591510] [pinn_franka_controller]: Trajectory stale (226.1s > 2.0s) -- holding at last known position via gravity compensation.
[pinn_controller_node-1] [WARN] [1785304503.399459974] [pinn_franka_controller]: Trajectory stale (227.1s > 2.0s) -- holding at last known position via gravity compensation.
[pinn_controller_node-1] [WARN] [1785304504.399803549] [pinn_franka_controller]: Trajectory stale (228.1s > 2.0s) -- holding at last known position via gravity compensation.
[pinn_controller_node-1] [WARN] [1785304505.400417675] [pinn_franka_controller]: Trajectory stale (229.1s > 2.0s) -- holding at last known position via gravity compensation.
[pinn_controller_node-1] [WARN] [1785304506.400420411] [pinn_franka_controller]: Trajectory stale (230.1s > 2.0s) -- holding at last known position via gravity compensation.
[pinn_controller_node-1] [WARN] [1785304507.400771326] [pinn_franka_controller]: Trajectory stale (231.1s > 2.0s) -- holding at last known position via gravity compensation.
[pinn_controller_node-1] [WARN] [1785304508.401443173] [pinn_franka_controller]: Trajectory stale (232.1s > 2.0s) -- holding at last known position via gravity compensation.
[pinn_controller_node-1] [WARN] [1785304509.402417813] [pinn_franka_controller]: Trajectory stale (233.1s > 2.0s) -- holding at last known position via gravity compensation.
[pinn_controller_node-1] [WARN] [1785304510.402739826] [pinn_franka_controller]: Trajectory stale (234.1s > 2.0s) -- holding at last known position via gravity compensation.
[pinn_controller_node-1] [WARN] [1785304511.403624662] [pinn_franka_controller]: Trajectory stale (235.1s > 2.0s) -- holding at last known position via gravity compensation.
[pinn_controller_node-1] [WARN] [1785304512.404400772] [pinn_franka_controller]: Trajectory stale (236.1s > 2.0s) -- holding at last known position via gravity compensation.
[pinn_controller_node-1] [WARN] [1785304513.404533884] [pinn_franka_controller]: Trajectory stale (237.1s > 2.0s) -- holding at last known position via gravity compensation.
[pinn_controller_node-1] [WARN] [1785304514.405426141] [pinn_franka_controller]: Trajectory stale (238.1s > 2.0s) -- holding at last known position via gravity compensation.
[pinn_controller_node-1] [WARN] [1785304515.405445231] [pinn_franka_controller]: Trajectory stale (239.1s > 2.0s) -- holding at last known position via gravity compensation.
[pinn_controller_node-1] [WARN] [1785304516.405809638] [pinn_franka_controller]: Trajectory stale (240.1s > 2.0s) -- holding at last known position via gravity compensation.
[pinn_controller_node-1] [WARN] [1785304517.406735988] [pinn_franka_controller]: Trajectory stale (241.1s > 2.0s) -- holding at last known position via gravity compensation.
[pinn_controller_node-1] [WARN] [1785304518.407418785] [pinn_franka_controller]: Trajectory stale (242.1s > 2.0s) -- holding at last known position via gravity compensation.
[pinn_controller_node-1] [WARN] [1785304519.407420431] [pinn_franka_controller]: Trajectory stale (243.1s > 2.0s) -- holding at last known position via gravity compensation.
[pinn_controller_node-1] [WARN] [1785304520.408026256] [pinn_franka_controller]: Trajectory stale (244.1s > 2.0s) -- holding at last known position via gravity compensation.
[pinn_controller_node-1] [WARN] [1785304521.408419312] [pinn_franka_controller]: Trajectory stale (245.1s > 2.0s) -- holding at last known position via gravity compensation.
[pinn_controller_node-1] [WARN] [1785304522.408963807] [pinn_franka_controller]: Trajectory stale (246.1s > 2.0s) -- holding at last known position via gravity compensation.
[pinn_controller_node-1] [WARN] [1785304523.409418829] [pinn_franka_controller]: Trajectory stale (247.1s > 2.0s) -- holding at last known position via gravity compensation.
[pinn_controller_node-1] [WARN] [1785304524.410061052] [pinn_franka_controller]: Trajectory stale (248.1s > 2.0s) -- holding at last known position via gravity compensation.
[pinn_controller_node-1] [WARN] [1785304525.410545742] [pinn_franka_controller]: Trajectory stale (249.1s > 2.0s) -- holding at last known position via gravity compensation.
[pinn_controller_node-1] [WARN] [1785304526.411405109] [pinn_franka_controller]: Trajectory stale (250.1s > 2.0s) -- holding at last known position via gravity compensation.
[pinn_controller_node-1] [WARN] [1785304527.411486118] [pinn_franka_controller]: Trajectory stale (251.1s > 2.0s) -- holding at last known position via gravity compensation.
[pinn_controller_node-1] [WARN] [1785304528.412408648] [pinn_franka_controller]: Trajectory stale (252.1s > 2.0s) -- holding at last known position via gravity compensation.
[pinn_controller_node-1] [WARN] [1785304529.413408683] [pinn_franka_controller]: Trajectory stale (253.1s > 2.0s) -- holding at last known position via gravity compensation.
[pinn_controller_node-1] [WARN] [1785304530.413469803] [pinn_franka_controller]: Trajectory stale (254.1s > 2.0s) -- holding at last known position via gravity compensation.
[pinn_controller_node-1] [WARN] [1785304531.414315680] [pinn_franka_controller]: Trajectory stale (255.1s > 2.0s) -- holding at last known position via gravity compensation.
[pinn_controller_node-1] [WARN] [1785304532.414419888] [pinn_franka_controller]: Trajectory stale (256.1s > 2.0s) -- holding at last known position via gravity compensation.
[pinn_controller_node-1] [WARN] [1785304533.415417163] [pinn_franka_controller]: Trajectory stale (257.1s > 2.0s) -- holding at last known position via gravity compensation.
[pinn_controller_node-1] [WARN] [1785304534.416411540] [pinn_franka_controller]: Trajectory stale (258.1s > 2.0s) -- holding at last known position via gravity compensation.
[pinn_controller_node-1] [WARN] [1785304535.416417745] [pinn_franka_controller]: Trajectory stale (259.1s > 2.0s) -- holding at last known position via gravity compensation.
[pinn_controller_node-1] [WARN] [1785304536.416433636] [pinn_franka_controller]: Trajectory stale (260.1s > 2.0s) -- holding at last known position via gravity compensation.
[pinn_controller_node-1] [WARN] [1785304537.416601073] [pinn_franka_controller]: Trajectory stale (261.1s > 2.0s) -- holding at last known position via gravity compensation.
[pinn_controller_node-1] [WARN] [1785304538.417454669] [pinn_franka_controller]: Trajectory stale (262.1s > 2.0s) -- holding at last known position via gravity compensation.
[pinn_controller_node-1] [WARN] [1785304539.418419183] [pinn_franka_controller]: Trajectory stale (263.1s > 2.0s) -- holding at last known position via gravity compensation.
[pinn_controller_node-1] [WARN] [1785304540.418419546] [pinn_franka_controller]: Trajectory stale (264.1s > 2.0s) -- holding at last known position via gravity compensation.
[pinn_controller_node-1] [WARN] [1785304541.418903885] [pinn_franka_controller]: Trajectory stale (265.1s > 2.0s) -- holding at last known position via gravity compensation.
[pinn_controller_node-1] [WARN] [1785304542.419743739] [pinn_franka_controller]: Trajectory stale (266.1s > 2.0s) -- holding at last known position via gravity compensation.
[pinn_controller_node-1] [WARN] [1785304543.419748585] [pinn_franka_controller]: Trajectory stale (267.1s > 2.0s) -- holding at last known position via gravity compensation.
[pinn_controller_node-1] [WARN] [1785304544.419992938] [pinn_franka_controller]: Trajectory stale (268.1s > 2.0s) -- holding at last known position via gravity compensation.
[pinn_controller_node-1] [WARN] [1785304545.420707827] [pinn_franka_controller]: Trajectory stale (269.1s > 2.0s) -- holding at last known position via gravity compensation.
[pinn_controller_node-1] [WARN] [1785304546.421458936] [pinn_franka_controller]: Trajectory stale (270.1s > 2.0s) -- holding at last known position via gravity compensation.
[pinn_controller_node-1] [WARN] [1785304547.422404487] [pinn_franka_controller]: Trajectory stale (271.1s > 2.0s) -- holding at last known position via gravity compensation.
[pinn_controller_node-1] [WARN] [1785304548.422439197] [pinn_franka_controller]: Trajectory stale (272.1s > 2.0s) -- holding at last known position via gravity compensation.
[pinn_controller_node-1] [WARN] [1785304549.422680070] [pinn_franka_controller]: Trajectory stale (273.1s > 2.0s) -- holding at last known position via gravity compensation.
[pinn_controller_node-1] [WARN] [1785304550.423426931] [pinn_franka_controller]: Trajectory stale (274.1s > 2.0s) -- holding at last known position via gravity compensation.
[pinn_controller_node-1] [WARN] [1785304551.424415696] [pinn_franka_controller]: Trajectory stale (275.1s > 2.0s) -- holding at last known position via gravity compensation.
[pinn_controller_node-1] [WARN] [1785304552.424735363] [pinn_franka_controller]: Trajectory stale (276.1s > 2.0s) -- holding at last known position via gravity compensation.
[pinn_controller_node-1] [WARN] [1785304553.425453472] [pinn_franka_controller]: Trajectory stale (277.1s > 2.0s) -- holding at last known position via gravity compensation.
[pinn_controller_node-1] [WARN] [1785304554.425466722] [pinn_franka_controller]: Trajectory stale (278.1s > 2.0s) -- holding at last known position via gravity compensation.
[pinn_controller_node-1] [WARN] [1785304555.425669285] [pinn_franka_controller]: Trajectory stale (279.1s > 2.0s) -- holding at last known position via gravity compensation.
[pinn_controller_node-1] [WARN] [1785304556.425694239] [pinn_franka_controller]: Trajectory stale (280.1s > 2.0s) -- holding at last known position via gravity compensation.
[pinn_controller_node-1] [WARN] [1785304557.426496500] [pinn_franka_controller]: Trajectory stale (281.1s > 2.0s) -- holding at last known position via gravity compensation.
[pinn_controller_node-1] [WARN] [1785304558.427447194] [pinn_franka_controller]: Trajectory stale (282.1s > 2.0s) -- holding at last known position via gravity compensation.
[pinn_controller_node-1] [WARN] [1785304559.428302625] [pinn_franka_controller]: Trajectory stale (283.1s > 2.0s) -- holding at last known position via gravity compensation.
[pinn_controller_node-1] [WARN] [1785304560.428411907] [pinn_franka_controller]: Trajectory stale (284.1s > 2.0s) -- holding at last known position via gravity compensation.
[pinn_controller_node-1] [WARN] [1785304561.428481465] [pinn_franka_controller]: Trajectory stale (285.1s > 2.0s) -- holding at last known position via gravity compensation.
[pinn_controller_node-1] [WARN] [1785304562.428769074] [pinn_franka_controller]: Trajectory stale (286.1s > 2.0s) -- holding at last known position via gravity compensation.
[pinn_controller_node-1] [WARN] [1785304563.429478547] [pinn_franka_controller]: Trajectory stale (287.1s > 2.0s) -- holding at last known position via gravity compensation.
[pinn_controller_node-1] [WARN] [1785304564.430414361] [pinn_franka_controller]: Trajectory stale (288.1s > 2.0s) -- holding at last known position via gravity compensation.
[pinn_controller_node-1] [WARN] [1785304565.430851781] [pinn_franka_controller]: Trajectory stale (289.1s > 2.0s) -- holding at last known position via gravity compensation.
[pinn_controller_node-1] [WARN] [1785304566.431430833] [pinn_franka_controller]: Trajectory stale (290.1s > 2.0s) -- holding at last known position via gravity compensation.
[pinn_controller_node-1] [WARN] [1785304567.431477105] [pinn_franka_controller]: Trajectory stale (291.1s > 2.0s) -- holding at last known position via gravity compensation.
[pinn_controller_node-1] [WARN] [1785304568.431502056] [pinn_franka_controller]: Trajectory stale (292.1s > 2.0s) -- holding at last known position via gravity compensation.
[pinn_controller_node-1] [WARN] [1785304569.431892904] [pinn_franka_controller]: Trajectory stale (293.1s > 2.0s) -- holding at last known position via gravity compensation.
[pinn_controller_node-1] [WARN] [1785304570.432507177] [pinn_franka_controller]: Trajectory stale (294.1s > 2.0s) -- holding at last known position via gravity compensation.
[pinn_controller_node-1] [WARN] [1785304571.433275186] [pinn_franka_controller]: Trajectory stale (295.1s > 2.0s) -- holding at last known position via gravity compensation.
[pinn_controller_node-1] [WARN] [1785304572.433448529] [pinn_franka_controller]: Trajectory stale (296.1s > 2.0s) -- holding at last known position via gravity compensation.
[pinn_controller_node-1] [WARN] [1785304573.433522097] [pinn_franka_controller]: Trajectory stale (297.1s > 2.0s) -- holding at last known position via gravity compensation.
[pinn_controller_node-1] [WARN] [1785304574.434475492] [pinn_franka_controller]: Trajectory stale (298.1s > 2.0s) -- holding at last known position via gravity compensation.
[pinn_controller_node-1] [WARN] [1785304575.434821117] [pinn_franka_controller]: Trajectory stale (299.1s > 2.0s) -- holding at last known position via gravity compensation.
[pinn_controller_node-1] [WARN] [1785304576.435698979] [pinn_franka_controller]: Trajectory stale (300.2s > 2.0s) -- holding at last known position via gravity compensation.
[pinn_controller_node-1] [WARN] [1785304577.436452756] [pinn_franka_controller]: Trajectory stale (301.2s > 2.0s) -- holding at last known position via gravity compensation.
[pinn_controller_node-1] [WARN] [1785304578.436524805] [pinn_franka_controller]: Trajectory stale (302.2s > 2.0s) -- holding at last known position via gravity compensation.
[pinn_controller_node-1] [WARN] [1785304579.436642813] [pinn_franka_controller]: Trajectory stale (303.2s > 2.0s) -- holding at last known position via gravity compensation.
[pinn_controller_node-1] [WARN] [1785304580.436669604] [pinn_franka_controller]: Trajectory stale (304.2s > 2.0s) -- holding at last known position via gravity compensation.
[pinn_controller_node-1] [WARN] [1785304581.437499280] [pinn_franka_controller]: Trajectory stale (305.2s > 2.0s) -- holding at last known position via gravity compensation.
[pinn_controller_node-1] [WARN] [1785304582.438119051] [pinn_franka_controller]: Trajectory stale (306.2s > 2.0s) -- holding at last known position via gravity compensation.
[pinn_controller_node-1] [WARN] [1785304583.438469834] [pinn_franka_controller]: Trajectory stale (307.2s > 2.0s) -- holding at last known position via gravity compensation.
[pinn_controller_node-1] [WARN] [1785304584.439409414] [pinn_franka_controller]: Trajectory stale (308.2s > 2.0s) -- holding at last known position via gravity compensation.
[pinn_controller_node-1] [WARN] [1785304585.439804923] [pinn_franka_controller]: Trajectory stale (309.2s > 2.0s) -- holding at last known position via gravity compensation.
[pinn_controller_node-1] [WARN] [1785304586.440855619] [pinn_franka_controller]: Trajectory stale (310.2s > 2.0s) -- holding at last known position via gravity compensation.
[pinn_controller_node-1] [WARN] [1785304587.441603748] [pinn_franka_controller]: Trajectory stale (311.2s > 2.0s) -- holding at last known position via gravity compensation.
[pinn_controller_node-1] [WARN] [1785304588.442418479] [pinn_franka_controller]: Trajectory stale (312.2s > 2.0s) -- holding at last known position via gravity compensation.
[pinn_controller_node-1] [WARN] [1785304589.442442075] [pinn_franka_controller]: Trajectory stale (313.2s > 2.0s) -- holding at last known position via gravity compensation.
[pinn_controller_node-1] [WARN] [1785304590.443435410] [pinn_franka_controller]: Trajectory stale (314.2s > 2.0s) -- holding at last known position via gravity compensation.
[pinn_controller_node-1] [WARN] [1785304591.443522127] [pinn_franka_controller]: Trajectory stale (315.2s > 2.0s) -- holding at last known position via gravity compensation.
[pinn_controller_node-1] [WARN] [1785304592.443557122] [pinn_franka_controller]: Trajectory stale (316.2s > 2.0s) -- holding at last known position via gravity compensation.
[pinn_controller_node-1] [WARN] [1785304593.443601017] [pinn_franka_controller]: Trajectory stale (317.2s > 2.0s) -- holding at last known position via gravity compensation.
[pinn_controller_node-1] [WARN] [1785304594.444462389] [pinn_franka_controller]: Trajectory stale (318.2s > 2.0s) -- holding at last known position via gravity compensation.
[pinn_controller_node-1] [WARN] [1785304595.444623824] [pinn_franka_controller]: Trajectory stale (319.2s > 2.0s) -- holding at last known position via gravity compensation.
[pinn_controller_node-1] [WARN] [1785304596.445282092] [pinn_franka_controller]: Trajectory stale (320.2s > 2.0s) -- holding at last known position via gravity compensation.
[pinn_controller_node-1] [WARN] [1785304597.445410341] [pinn_franka_controller]: Trajectory stale (321.2s > 2.0s) -- holding at last known position via gravity compensation.
[pinn_controller_node-1] [WARN] [1785304598.445413339] [pinn_franka_controller]: Trajectory stale (322.2s > 2.0s) -- holding at last known position via gravity compensation.
[pinn_controller_node-1] [WARN] [1785304599.445511987] [pinn_franka_controller]: Trajectory stale (323.2s > 2.0s) -- holding at last known position via gravity compensation.
[pinn_controller_node-1] [WARN] [1785304600.446417852] [pinn_franka_controller]: Trajectory stale (324.2s > 2.0s) -- holding at last known position via gravity compensation.
[pinn_controller_node-1] [WARN] [1785304601.446507831] [pinn_franka_controller]: Trajectory stale (325.2s > 2.0s) -- holding at last known position via gravity compensation.
[pinn_controller_node-1] [WARN] [1785304602.447413523] [pinn_franka_controller]: Trajectory stale (326.2s > 2.0s) -- holding at last known position via gravity compensation.
[pinn_controller_node-1] [WARN] [1785304603.447444615] [pinn_franka_controller]: Trajectory stale (327.2s > 2.0s) -- holding at last known position via gravity compensation.
[pinn_controller_node-1] [WARN] [1785304604.448389370] [pinn_franka_controller]: Trajectory stale (328.2s > 2.0s) -- holding at last known position via gravity compensation.
[pinn_controller_node-1] [WARN] [1785304605.448408746] [pinn_franka_controller]: Trajectory stale (329.2s > 2.0s) -- holding at last known position via gravity compensation.
[pinn_controller_node-1] [WARN] [1785304606.448608983] [pinn_franka_controller]: Trajectory stale (330.2s > 2.0s) -- holding at last known position via gravity compensation.
[pinn_controller_node-1] [WARN] [1785304607.449584594] [pinn_franka_controller]: Trajectory stale (331.2s > 2.0s) -- holding at last known position via gravity compensation.
[pinn_controller_node-1] [WARN] [1785304608.450402159] [pinn_franka_controller]: Trajectory stale (332.2s > 2.0s) -- holding at last known position via gravity compensation.
[pinn_controller_node-1] [WARN] [1785304609.450406559] [pinn_franka_controller]: Trajectory stale (333.2s > 2.0s) -- holding at last known position via gravity compensation.
[pinn_controller_node-1] [WARN] [1785304610.450442628] [pinn_franka_controller]: Trajectory stale (334.2s > 2.0s) -- holding at last known position via gravity compensation.
[pinn_controller_node-1] [WARN] [1785304611.451404395] [pinn_franka_controller]: Trajectory stale (335.2s > 2.0s) -- holding at last known position via gravity compensation.
[pinn_controller_node-1] [WARN] [1785304612.451421365] [pinn_franka_controller]: Trajectory stale (336.2s > 2.0s) -- holding at last known position via gravity compensation.
[pinn_controller_node-1] [WARN] [1785304613.452422907] [pinn_franka_controller]: Trajectory stale (337.2s > 2.0s) -- holding at last known position via gravity compensation.
[pinn_controller_node-1] [WARN] [1785304614.452796629] [pinn_franka_controller]: Trajectory stale (338.2s > 2.0s) -- holding at last known position via gravity compensation.
[pinn_controller_node-1] [WARN] [1785304615.453822808] [pinn_franka_controller]: Trajectory stale (339.2s > 2.0s) -- holding at last known position via gravity compensation.
[pinn_controller_node-1] [WARN] [1785304616.454484180] [pinn_franka_controller]: Trajectory stale (340.2s > 2.0s) -- holding at last known position via gravity compensation.
[pinn_controller_node-1] [WARN] [1785304617.455408338] [pinn_franka_controller]: Trajectory stale (341.2s > 2.0s) -- holding at last known position via gravity compensation.
[pinn_controller_node-1] [WARN] [1785304618.455522489] [pinn_franka_controller]: Trajectory stale (342.2s > 2.0s) -- holding at last known position via gravity compensation.
[pinn_controller_node-1] [WARN] [1785304619.456733111] [pinn_franka_controller]: Trajectory stale (343.2s > 2.0s) -- holding at last known position via gravity compensation.
[pinn_controller_node-1] [WARN] [1785304620.457587362] [pinn_franka_controller]: Trajectory stale (344.2s > 2.0s) -- holding at last known position via gravity compensation.
[pinn_controller_node-1] [WARN] [1785304621.458593911] [pinn_franka_controller]: Trajectory stale (345.2s > 2.0s) -- holding at last known position via gravity compensation.
[pinn_controller_node-1] [WARN] [1785304622.458667852] [pinn_franka_controller]: Trajectory stale (346.2s > 2.0s) -- holding at last known position via gravity compensation.
[pinn_controller_node-1] [WARN] [1785304623.459414647] [pinn_franka_controller]: Trajectory stale (347.2s > 2.0s) -- holding at last known position via gravity compensation.
[pinn_controller_node-1] [WARN] [1785304624.459564768] [pinn_franka_controller]: Trajectory stale (348.2s > 2.0s) -- holding at last known position via gravity compensation.
[pinn_controller_node-1] [WARN] [1785304625.459794708] [pinn_franka_controller]: Trajectory stale (349.2s > 2.0s) -- holding at last known position via gravity compensation.
[pinn_controller_node-1] [WARN] [1785304626.460494585] [pinn_franka_controller]: Trajectory stale (350.2s > 2.0s) -- holding at last known position via gravity compensation.
[pinn_controller_node-1] [WARN] [1785304627.461410668] [pinn_franka_controller]: Trajectory stale (351.2s > 2.0s) -- holding at last known position via gravity compensation.
[pinn_controller_node-1] [WARN] [1785304628.461720146] [pinn_franka_controller]: Trajectory stale (352.2s > 2.0s) -- holding at last known position via gravity compensation.
[pinn_controller_node-1] [WARN] [1785304629.462638752] [pinn_franka_controller]: Trajectory stale (353.2s > 2.0s) -- holding at last known position via gravity compensation.
[pinn_controller_node-1] [WARN] [1785304630.463447606] [pinn_franka_controller]: Trajectory stale (354.2s > 2.0s) -- holding at last known position via gravity compensation.
[pinn_controller_node-1] [WARN] [1785304631.464429784] [pinn_franka_controller]: Trajectory stale (355.2s > 2.0s) -- holding at last known position via gravity compensation.
[pinn_controller_node-1] [WARN] [1785304632.465405738] [pinn_franka_controller]: Trajectory stale (356.2s > 2.0s) -- holding at last known position via gravity compensation.
[pinn_controller_node-1] [WARN] [1785304633.465628506] [pinn_franka_controller]: Trajectory stale (357.2s > 2.0s) -- holding at last known position via gravity compensation.
[pinn_controller_node-1] [WARN] [1785304634.466616655] [pinn_franka_controller]: Trajectory stale (358.2s > 2.0s) -- holding at last known position via gravity compensation.
[pinn_controller_node-1] [WARN] [1785304635.466670903] [pinn_franka_controller]: Trajectory stale (359.2s > 2.0s) -- holding at last known position via gravity compensation.
[pinn_controller_node-1] [WARN] [1785304636.466709890] [pinn_franka_controller]: Trajectory stale (360.2s > 2.0s) -- holding at last known position via gravity compensation.
[pinn_controller_node-1] [WARN] [1785304637.466819044] [pinn_franka_controller]: Trajectory stale (361.2s > 2.0s) -- holding at last known position via gravity compensation.
[pinn_controller_node-1] [WARN] [1785304638.467529345] [pinn_franka_controller]: Trajectory stale (362.2s > 2.0s) -- holding at last known position via gravity compensation.
[pinn_controller_node-1] [WARN] [1785304639.467612271] [pinn_franka_controller]: Trajectory stale (363.2s > 2.0s) -- holding at last known position via gravity compensation.
[pinn_controller_node-1] [WARN] [1785304640.468426089] [pinn_franka_controller]: Trajectory stale (364.2s > 2.0s) -- holding at last known position via gravity compensation.
[pinn_controller_node-1] [WARN] [1785304641.468506405] [pinn_franka_controller]: Trajectory stale (365.2s > 2.0s) -- holding at last known position via gravity compensation.
[pinn_controller_node-1] [WARN] [1785304642.468571216] [pinn_franka_controller]: Trajectory stale (366.2s > 2.0s) -- holding at last known position via gravity compensation.
[pinn_controller_node-1] [WARN] [1785304643.469469234] [pinn_franka_controller]: Trajectory stale (367.2s > 2.0s) -- holding at last known position via gravity compensation.
[pinn_controller_node-1] [WARN] [1785304644.470415053] [pinn_franka_controller]: Trajectory stale (368.2s > 2.0s) -- holding at last known position via gravity compensation.
[pinn_controller_node-1] [WARN] [1785304645.471403238] [pinn_franka_controller]: Trajectory stale (369.2s > 2.0s) -- holding at last known position via gravity compensation.
[pinn_controller_node-1] [WARN] [1785304646.471404296] [pinn_franka_controller]: Trajectory stale (370.2s > 2.0s) -- holding at last known position via gravity compensation.
[pinn_controller_node-1] [WARN] [1785304647.471453233] [pinn_franka_controller]: Trajectory stale (371.2s > 2.0s) -- holding at last known position via gravity compensation.
[pinn_controller_node-1] [WARN] [1785304648.471682314] [pinn_franka_controller]: Trajectory stale (372.2s > 2.0s) -- holding at last known position via gravity compensation.
[pinn_controller_node-1] [WARN] [1785304649.472455938] [pinn_franka_controller]: Trajectory stale (373.2s > 2.0s) -- holding at last known position via gravity compensation.
[pinn_controller_node-1] [WARN] [1785304650.472561749] [pinn_franka_controller]: Trajectory stale (374.2s > 2.0s) -- holding at last known position via gravity compensation.
[pinn_controller_node-1] [WARN] [1785304651.473487050] [pinn_franka_controller]: Trajectory stale (375.2s > 2.0s) -- holding at last known position via gravity compensation.
[pinn_controller_node-1] [WARN] [1785304652.473529588] [pinn_franka_controller]: Trajectory stale (376.2s > 2.0s) -- holding at last known position via gravity compensation.
[pinn_controller_node-1] [WARN] [1785304653.474407751] [pinn_franka_controller]: Trajectory stale (377.2s > 2.0s) -- holding at last known position via gravity compensation.
[pinn_controller_node-1] [WARN] [1785304654.475405012] [pinn_franka_controller]: Trajectory stale (378.2s > 2.0s) -- holding at last known position via gravity compensation.
[pinn_controller_node-1] [WARN] [1785304655.475502296] [pinn_franka_controller]: Trajectory stale (379.2s > 2.0s) -- holding at last known position via gravity compensation.
[pinn_controller_node-1] [WARN] [1785304656.475959785] [pinn_franka_controller]: Trajectory stale (380.2s > 2.0s) -- holding at last known position via gravity compensation.
[pinn_controller_node-1] [WARN] [1785304657.476867612] [pinn_franka_controller]: Trajectory stale (381.2s > 2.0s) -- holding at last known position via gravity compensation.
[pinn_controller_node-1] [WARN] [1785304658.476907657] [pinn_franka_controller]: Trajectory stale (382.2s > 2.0s) -- holding at last known position via gravity compensation.
[pinn_controller_node-1] [WARN] [1785304659.477582240] [pinn_franka_controller]: Trajectory stale (383.2s > 2.0s) -- holding at last known position via gravity compensation.
[pinn_controller_node-1] [WARN] [1785304660.478448629] [pinn_franka_controller]: Trajectory stale (384.2s > 2.0s) -- holding at last known position via gravity compensation.
[pinn_controller_node-1] [WARN] [1785304661.478593706] [pinn_franka_controller]: Trajectory stale (385.2s > 2.0s) -- holding at last known position via gravity compensation.
[pinn_controller_node-1] [WARN] [1785304662.479406755] [pinn_franka_controller]: Trajectory stale (386.2s > 2.0s) -- holding at last known position via gravity compensation.
[pinn_controller_node-1] [WARN] [1785304663.479476258] [pinn_franka_controller]: Trajectory stale (387.2s > 2.0s) -- holding at last known position via gravity compensation.
[pinn_controller_node-1] [WARN] [1785304664.479560533] [pinn_franka_controller]: Trajectory stale (388.2s > 2.0s) -- holding at last known position via gravity compensation.
[pinn_controller_node-1] [WARN] [1785304665.479853198] [pinn_franka_controller]: Trajectory stale (389.2s > 2.0s) -- holding at last known position via gravity compensation.
[pinn_controller_node-1] [WARN] [1785304666.480813482] [pinn_franka_controller]: Trajectory stale (390.2s > 2.0s) -- holding at last known position via gravity compensation.
[pinn_controller_node-1] [WARN] [1785304667.481169891] [pinn_franka_controller]: Trajectory stale (391.2s > 2.0s) -- holding at last known position via gravity compensation.
[pinn_controller_node-1] [WARN] [1785304668.481486785] [pinn_franka_controller]: Trajectory stale (392.2s > 2.0s) -- holding at last known position via gravity compensation.
[pinn_controller_node-1] [WARN] [1785304669.481744063] [pinn_franka_controller]: Trajectory stale (393.2s > 2.0s) -- holding at last known position via gravity compensation.
[pinn_controller_node-1] [WARN] [1785304670.482746303] [pinn_franka_controller]: Trajectory stale (394.2s > 2.0s) -- holding at last known position via gravity compensation.
[pinn_controller_node-1] [WARN] [1785304671.482956580] [pinn_franka_controller]: Trajectory stale (395.2s > 2.0s) -- holding at last known position via gravity compensation.
[pinn_controller_node-1] [WARN] [1785304672.483416871] [pinn_franka_controller]: Trajectory stale (396.2s > 2.0s) -- holding at last known position via gravity compensation.
[pinn_controller_node-1] [WARN] [1785304673.483432924] [pinn_franka_controller]: Trajectory stale (397.2s > 2.0s) -- holding at last known position via gravity compensation.
[pinn_controller_node-1] [WARN] [1785304674.484433122] [pinn_franka_controller]: Trajectory stale (398.2s > 2.0s) -- holding at last known position via gravity compensation.
[pinn_controller_node-1] [WARN] [1785304675.484444562] [pinn_franka_controller]: Trajectory stale (399.2s > 2.0s) -- holding at last known position via gravity compensation.
[pinn_controller_node-1] [WARN] [1785304676.485457861] [pinn_franka_controller]: Trajectory stale (400.2s > 2.0s) -- holding at last known position via gravity compensation.
[pinn_controller_node-1] [WARN] [1785304677.486450735] [pinn_franka_controller]: Trajectory stale (401.2s > 2.0s) -- holding at last known position via gravity compensation.
[pinn_controller_node-1] [WARN] [1785304678.487414695] [pinn_franka_controller]: Trajectory stale (402.2s > 2.0s) -- holding at last known position via gravity compensation.
[pinn_controller_node-1] [WARN] [1785304679.488413968] [pinn_franka_controller]: Trajectory stale (403.2s > 2.0s) -- holding at last known position via gravity compensation.
[pinn_controller_node-1] [WARN] [1785304680.488642116] [pinn_franka_controller]: Trajectory stale (404.2s > 2.0s) -- holding at last known position via gravity compensation.
[pinn_controller_node-1] [WARN] [1785304681.488651101] [pinn_franka_controller]: Trajectory stale (405.2s > 2.0s) -- holding at last known position via gravity compensation.
[pinn_controller_node-1] [WARN] [1785304682.489448429] [pinn_franka_controller]: Trajectory stale (406.2s > 2.0s) -- holding at last known position via gravity compensation.
[pinn_controller_node-1] [WARN] [1785304683.490499533] [pinn_franka_controller]: Trajectory stale (407.2s > 2.0s) -- holding at last known position via gravity compensation.
[pinn_controller_node-1] [WARN] [1785304684.491406564] [pinn_franka_controller]: Trajectory stale (408.2s > 2.0s) -- holding at last known position via gravity compensation.
[pinn_controller_node-1] [WARN] [1785304685.491487618] [pinn_franka_controller]: Trajectory stale (409.2s > 2.0s) -- holding at last known position via gravity compensation.
[pinn_controller_node-1] [WARN] [1785304686.492428682] [pinn_franka_controller]: Trajectory stale (410.2s > 2.0s) -- holding at last known position via gravity compensation.
[pinn_controller_node-1] [WARN] [1785304687.492836848] [pinn_franka_controller]: Trajectory stale (411.2s > 2.0s) -- holding at last known position via gravity compensation.
[pinn_controller_node-1] [WARN] [1785304688.493402457] [pinn_franka_controller]: Trajectory stale (412.2s > 2.0s) -- holding at last known position via gravity compensation.
[pinn_controller_node-1] [WARN] [1785304689.493435939] [pinn_franka_controller]: Trajectory stale (413.2s > 2.0s) -- holding at last known position via gravity compensation.
[pinn_controller_node-1] [WARN] [1785304690.494420714] [pinn_franka_controller]: Trajectory stale (414.2s > 2.0s) -- holding at last known position via gravity compensation.
[pinn_controller_node-1] [WARN] [1785304691.495406270] [pinn_franka_controller]: Trajectory stale (415.2s > 2.0s) -- holding at last known position via gravity compensation.
[pinn_controller_node-1] [WARN] [1785304692.495407709] [pinn_franka_controller]: Trajectory stale (416.2s > 2.0s) -- holding at last known position via gravity compensation.
[pinn_controller_node-1] [WARN] [1785304693.495458140] [pinn_franka_controller]: Trajectory stale (417.2s > 2.0s) -- holding at last known position via gravity compensation.
[pinn_controller_node-1] [WARN] [1785304694.496452008] [pinn_franka_controller]: Trajectory stale (418.2s > 2.0s) -- holding at last known position via gravity compensation.
[pinn_controller_node-1] [WARN] [1785304695.496835645] [pinn_franka_controller]: Trajectory stale (419.2s > 2.0s) -- holding at last known position via gravity compensation.
[pinn_controller_node-1] [WARN] [1785304696.497806848] [pinn_franka_controller]: Trajectory stale (420.2s > 2.0s) -- holding at last known position via gravity compensation.
[pinn_controller_node-1] [WARN] [1785304697.498905665] [pinn_franka_controller]: Trajectory stale (421.2s > 2.0s) -- holding at last known position via gravity compensation.
[pinn_controller_node-1] [WARN] [1785304698.499454717] [pinn_franka_controller]: Trajectory stale (422.2s > 2.0s) -- holding at last known position via gravity compensation.
[pinn_controller_node-1] [WARN] [1785304699.499523930] [pinn_franka_controller]: Trajectory stale (423.2s > 2.0s) -- holding at last known position via gravity compensation.
[pinn_controller_node-1] [WARN] [1785304700.500455096] [pinn_franka_controller]: Trajectory stale (424.2s > 2.0s) -- holding at last known position via gravity compensation.
[pinn_controller_node-1] [WARN] [1785304701.500527240] [pinn_franka_controller]: Trajectory stale (425.2s > 2.0s) -- holding at last known position via gravity compensation.
[pinn_controller_node-1] [WARN] [1785304702.500638280] [pinn_franka_controller]: Trajectory stale (426.2s > 2.0s) -- holding at last known position via gravity compensation.
[pinn_controller_node-1] [WARN] [1785304703.501592061] [pinn_franka_controller]: Trajectory stale (427.2s > 2.0s) -- holding at last known position via gravity compensation.
[pinn_controller_node-1] [WARN] [1785304704.502232032] [pinn_franka_controller]: Trajectory stale (428.2s > 2.0s) -- holding at last known position via gravity compensation.
[pinn_controller_node-1] [WARN] [1785304705.502846497] [pinn_franka_controller]: Trajectory stale (429.2s > 2.0s) -- holding at last known position via gravity compensation.
[pinn_controller_node-1] [WARN] [1785304706.503560134] [pinn_franka_controller]: Trajectory stale (430.2s > 2.0s) -- holding at last known position via gravity compensation.
[pinn_controller_node-1] [WARN] [1785304707.504509984] [pinn_franka_controller]: Trajectory stale (431.2s > 2.0s) -- holding at last known position via gravity compensation.
[pinn_controller_node-1] [WARN] [1785304708.505369757] [pinn_franka_controller]: Trajectory stale (432.2s > 2.0s) -- holding at last known position via gravity compensation.
[pinn_controller_node-1] [WARN] [1785304709.505855439] [pinn_franka_controller]: Trajectory stale (433.2s > 2.0s) -- holding at last known position via gravity compensation.
[pinn_controller_node-1] [WARN] [1785304710.506385008] [pinn_franka_controller]: Trajectory stale (434.2s > 2.0s) -- holding at last known position via gravity compensation.
[pinn_controller_node-1] [WARN] [1785304711.506491442] [pinn_franka_controller]: Trajectory stale (435.2s > 2.0s) -- holding at last known position via gravity compensation.
[pinn_controller_node-1] [WARN] [1785304712.507405168] [pinn_franka_controller]: Trajectory stale (436.2s > 2.0s) -- holding at last known position via gravity compensation.
[pinn_controller_node-1] [WARN] [1785304713.507907127] [pinn_franka_controller]: Trajectory stale (437.2s > 2.0s) -- holding at last known position via gravity compensation.
[pinn_controller_node-1] [WARN] [1785304714.509036601] [pinn_franka_controller]: Trajectory stale (438.2s > 2.0s) -- holding at last known position via gravity compensation.
[pinn_controller_node-1] [WARN] [1785304715.509409718] [pinn_franka_controller]: Trajectory stale (439.2s > 2.0s) -- holding at last known position via gravity compensation.
[pinn_controller_node-1] [WARN] [1785304716.509406472] [pinn_franka_controller]: Trajectory stale (440.2s > 2.0s) -- holding at last known position via gravity compensation.
[pinn_controller_node-1] [WARN] [1785304717.509432182] [pinn_franka_controller]: Trajectory stale (441.2s > 2.0s) -- holding at last known position via gravity compensation.
[pinn_controller_node-1] [WARN] [1785304718.509502563] [pinn_franka_controller]: Trajectory stale (442.2s > 2.0s) -- holding at last known position via gravity compensation.
[pinn_controller_node-1] [WARN] [1785304719.510400783] [pinn_franka_controller]: Trajectory stale (443.2s > 2.0s) -- holding at last known position via gravity compensation.
[pinn_controller_node-1] [WARN] [1785304720.510426745] [pinn_franka_controller]: Trajectory stale (444.2s > 2.0s) -- holding at last known position via gravity compensation.
[pinn_controller_node-1] [WARN] [1785304721.511075963] [pinn_franka_controller]: Trajectory stale (445.2s > 2.0s) -- holding at last known position via gravity compensation.
[pinn_controller_node-1] [WARN] [1785304722.511533918] [pinn_franka_controller]: Trajectory stale (446.2s > 2.0s) -- holding at last known position via gravity compensation.
[pinn_controller_node-1] [WARN] [1785304723.511832037] [pinn_franka_controller]: Trajectory stale (447.2s > 2.0s) -- holding at last known position via gravity compensation.
[pinn_controller_node-1] [WARN] [1785304724.512550114] [pinn_franka_controller]: Trajectory stale (448.2s > 2.0s) -- holding at last known position via gravity compensation.
[pinn_controller_node-1] [WARN] [1785304725.513408546] [pinn_franka_controller]: Trajectory stale (449.2s > 2.0s) -- holding at last known position via gravity compensation.
[pinn_controller_node-1] [WARN] [1785304726.513436031] [pinn_franka_controller]: Trajectory stale (450.2s > 2.0s) -- holding at last known position via gravity compensation.
[pinn_controller_node-1] [WARN] [1785304727.514046556] [pinn_franka_controller]: Trajectory stale (451.2s > 2.0s) -- holding at last known position via gravity compensation.
[pinn_controller_node-1] [WARN] [1785304728.514416881] [pinn_franka_controller]: Trajectory stale (452.2s > 2.0s) -- holding at last known position via gravity compensation.
[pinn_controller_node-1] [WARN] [1785304729.515002061] [pinn_franka_controller]: Trajectory stale (453.2s > 2.0s) -- holding at last known position via gravity compensation.
[pinn_controller_node-1] [WARN] [1785304730.515950901] [pinn_franka_controller]: Trajectory stale (454.2s > 2.0s) -- holding at last known position via gravity compensation.
[pinn_controller_node-1] [WARN] [1785304731.516410068] [pinn_franka_controller]: Trajectory stale (455.2s > 2.0s) -- holding at last known position via gravity compensation.
[pinn_controller_node-1] [WARN] [1785304732.517354596] [pinn_franka_controller]: Trajectory stale (456.2s > 2.0s) -- holding at last known position via gravity compensation.
[pinn_controller_node-1] [WARN] [1785304733.517721438] [pinn_franka_controller]: Trajectory stale (457.2s > 2.0s) -- holding at last known position via gravity compensation.
[pinn_controller_node-1] [WARN] [1785304734.518547496] [pinn_franka_controller]: Trajectory stale (458.2s > 2.0s) -- holding at last known position via gravity compensation.
[pinn_controller_node-1] [WARN] [1785304735.518695641] [pinn_franka_controller]: Trajectory stale (459.2s > 2.0s) -- holding at last known position via gravity compensation.
[pinn_controller_node-1] [WARN] [1785304736.518861607] [pinn_franka_controller]: Trajectory stale (460.2s > 2.0s) -- holding at last known position via gravity compensation.
[pinn_controller_node-1] [WARN] [1785304737.518927111] [pinn_franka_controller]: Trajectory stale (461.2s > 2.0s) -- holding at last known position via gravity compensation.
[pinn_controller_node-1] [WARN] [1785304738.519517072] [pinn_franka_controller]: Trajectory stale (462.2s > 2.0s) -- holding at last known position via gravity compensation.
[pinn_controller_node-1] [WARN] [1785304739.520435696] [pinn_franka_controller]: Trajectory stale (463.2s > 2.0s) -- holding at last known position via gravity compensation.
[pinn_controller_node-1] [WARN] [1785304740.520591747] [pinn_franka_controller]: Trajectory stale (464.2s > 2.0s) -- holding at last known position via gravity compensation.
[pinn_controller_node-1] [WARN] [1785304741.520868557] [pinn_franka_controller]: Trajectory stale (465.2s > 2.0s) -- holding at last known position via gravity compensation.
[pinn_controller_node-1] [WARN] [1785304742.521461160] [pinn_franka_controller]: Trajectory stale (466.2s > 2.0s) -- holding at last known position via gravity compensation.
[pinn_controller_node-1] [WARN] [1785304743.521705131] [pinn_franka_controller]: Trajectory stale (467.2s > 2.0s) -- holding at last known position via gravity compensation.
[pinn_controller_node-1] [WARN] [1785304744.522408460] [pinn_franka_controller]: Trajectory stale (468.2s > 2.0s) -- holding at last known position via gravity compensation.
[pinn_controller_node-1] [WARN] [1785304745.523413967] [pinn_franka_controller]: Trajectory stale (469.2s > 2.0s) -- holding at last known position via gravity compensation.
[pinn_controller_node-1] [WARN] [1785304746.524398714] [pinn_franka_controller]: Trajectory stale (470.2s > 2.0s) -- holding at last known position via gravity compensation.
[pinn_controller_node-1] [WARN] [1785304747.525035746] [pinn_franka_controller]: Trajectory stale (471.2s > 2.0s) -- holding at last known position via gravity compensation.
[pinn_controller_node-1] [WARN] [1785304748.525400826] [pinn_franka_controller]: Trajectory stale (472.2s > 2.0s) -- holding at last known position via gravity compensation.
[pinn_controller_node-1] [WARN] [1785304749.525462234] [pinn_franka_controller]: Trajectory stale (473.2s > 2.0s) -- holding at last known position via gravity compensation.
[pinn_controller_node-1] [WARN] [1785304750.526407609] [pinn_franka_controller]: Trajectory stale (474.2s > 2.0s) -- holding at last known position via gravity compensation.
[pinn_controller_node-1] [WARN] [1785304751.526469618] [pinn_franka_controller]: Trajectory stale (475.2s > 2.0s) -- holding at last known position via gravity compensation.
[pinn_controller_node-1] [WARN] [1785304752.526681623] [pinn_franka_controller]: Trajectory stale (476.2s > 2.0s) -- holding at last known position via gravity compensation.
[pinn_controller_node-1] [WARN] [1785304753.527281820] [pinn_franka_controller]: Trajectory stale (477.2s > 2.0s) -- holding at last known position via gravity compensation.
[pinn_controller_node-1] [WARN] [1785304754.527763801] [pinn_franka_controller]: Trajectory stale (478.2s > 2.0s) -- holding at last known position via gravity compensation.
[pinn_controller_node-1] [WARN] [1785304755.528415776] [pinn_franka_controller]: Trajectory stale (479.2s > 2.0s) -- holding at last known position via gravity compensation.
[pinn_controller_node-1] [WARN] [1785304756.529410145] [pinn_franka_controller]: Trajectory stale (480.2s > 2.0s) -- holding at last known position via gravity compensation.
[pinn_controller_node-1] [WARN] [1785304757.529457256] [pinn_franka_controller]: Trajectory stale (481.2s > 2.0s) -- holding at last known position via gravity compensation.
[pinn_controller_node-1] [WARN] [1785304758.530400837] [pinn_franka_controller]: Trajectory stale (482.2s > 2.0s) -- holding at last known position via gravity compensation.
[pinn_controller_node-1] [WARN] [1785304759.531021332] [pinn_franka_controller]: Trajectory stale (483.2s > 2.0s) -- holding at last known position via gravity compensation.
[pinn_controller_node-1] [WARN] [1785304760.531432952] [pinn_franka_controller]: Trajectory stale (484.2s > 2.0s) -- holding at last known position via gravity compensation.
[pinn_controller_node-1] [WARN] [1785304761.531435856] [pinn_franka_controller]: Trajectory stale (485.2s > 2.0s) -- holding at last known position via gravity compensation.
[pinn_controller_node-1] [WARN] [1785304762.532431290] [pinn_franka_controller]: Trajectory stale (486.2s > 2.0s) -- holding at last known position via gravity compensation.
[pinn_controller_node-1] [WARN] [1785304763.533314736] [pinn_franka_controller]: Trajectory stale (487.2s > 2.0s) -- holding at last known position via gravity compensation.
[pinn_controller_node-1] [WARN] [1785304764.533488634] [pinn_franka_controller]: Trajectory stale (488.2s > 2.0s) -- holding at last known position via gravity compensation.
[pinn_controller_node-1] [WARN] [1785304765.533926919] [pinn_franka_controller]: Trajectory stale (489.2s > 2.0s) -- holding at last known position via gravity compensation.
[pinn_controller_node-1] [WARN] [1785304766.535402601] [pinn_franka_controller]: Trajectory stale (490.3s > 2.0s) -- holding at last known position via gravity compensation.
[pinn_controller_node-1] [WARN] [1785304767.535424465] [pinn_franka_controller]: Trajectory stale (491.3s > 2.0s) -- holding at last known position via gravity compensation.
[pinn_controller_node-1] [WARN] [1785304768.535477814] [pinn_franka_controller]: Trajectory stale (492.3s > 2.0s) -- holding at last known position via gravity compensation.
[pinn_controller_node-1] [WARN] [1785304769.535743833] [pinn_franka_controller]: Trajectory stale (493.3s > 2.0s) -- holding at last known position via gravity compensation.
[pinn_controller_node-1] [WARN] [1785304770.536396024] [pinn_franka_controller]: Trajectory stale (494.3s > 2.0s) -- holding at last known position via gravity compensation.
[pinn_controller_node-1] [WARN] [1785304771.536528830] [pinn_franka_controller]: Trajectory stale (495.3s > 2.0s) -- holding at last known position via gravity compensation.
[pinn_controller_node-1] [WARN] [1785304772.536706961] [pinn_franka_controller]: Trajectory stale (496.3s > 2.0s) -- holding at last known position via gravity compensation.
[pinn_controller_node-1] [WARN] [1785304773.537408237] [pinn_franka_controller]: Trajectory stale (497.3s > 2.0s) -- holding at last known position via gravity compensation.
[pinn_controller_node-1] [WARN] [1785304774.537413032] [pinn_franka_controller]: Trajectory stale (498.3s > 2.0s) -- holding at last known position via gravity compensation.
[pinn_controller_node-1] [WARN] [1785304775.537769548] [pinn_franka_controller]: Trajectory stale (499.3s > 2.0s) -- holding at last known position via gravity compensation.
[pinn_controller_node-1] [WARN] [1785304776.538409295] [pinn_franka_controller]: Trajectory stale (500.3s > 2.0s) -- holding at last known position via gravity compensation.
[pinn_controller_node-1] [WARN] [1785304777.538588116] [pinn_franka_controller]: Trajectory stale (501.3s > 2.0s) -- holding at last known position via gravity compensation.
[pinn_controller_node-1] [WARN] [1785304778.539511008] [pinn_franka_controller]: Trajectory stale (502.3s > 2.0s) -- holding at last known position via gravity compensation.
[pinn_controller_node-1] [WARN] [1785304779.540404638] [pinn_franka_controller]: Trajectory stale (503.3s > 2.0s) -- holding at last known position via gravity compensation.
[pinn_controller_node-1] [WARN] [1785304780.540516260] [pinn_franka_controller]: Trajectory stale (504.3s > 2.0s) -- holding at last known position via gravity compensation.
[pinn_controller_node-1] [WARN] [1785304781.541449097] [pinn_franka_controller]: Trajectory stale (505.3s > 2.0s) -- holding at last known position via gravity compensation.
[pinn_controller_node-1] [WARN] [1785304782.542436234] [pinn_franka_controller]: Trajectory stale (506.3s > 2.0s) -- holding at last known position via gravity compensation.
[pinn_controller_node-1] [WARN] [1785304783.542985333] [pinn_franka_controller]: Trajectory stale (507.3s > 2.0s) -- holding at last known position via gravity compensation.
[pinn_controller_node-1] [WARN] [1785304784.543407753] [pinn_franka_controller]: Trajectory stale (508.3s > 2.0s) -- holding at last known position via gravity compensation.
[pinn_controller_node-1] [WARN] [1785304785.543745384] [pinn_franka_controller]: Trajectory stale (509.3s > 2.0s) -- holding at last known position via gravity compensation.
[pinn_controller_node-1] [WARN] [1785304786.544439592] [pinn_franka_controller]: Trajectory stale (510.3s > 2.0s) -- holding at last known position via gravity compensation.
[pinn_controller_node-1] [WARN] [1785304787.545430345] [pinn_franka_controller]: Trajectory stale (511.3s > 2.0s) -- holding at last known position via gravity compensation.
[pinn_controller_node-1] [WARN] [1785304788.546402573] [pinn_franka_controller]: Trajectory stale (512.3s > 2.0s) -- holding at last known position via gravity compensation.
[pinn_controller_node-1] [WARN] [1785304789.546457726] [pinn_franka_controller]: Trajectory stale (513.3s > 2.0s) -- holding at last known position via gravity compensation.
[pinn_controller_node-1] [WARN] [1785304790.547448168] [pinn_franka_controller]: Trajectory stale (514.3s > 2.0s) -- holding at last known position via gravity compensation.
[pinn_controller_node-1] [WARN] [1785304791.548415089] [pinn_franka_controller]: Trajectory stale (515.3s > 2.0s) -- holding at last known position via gravity compensation.
[pinn_controller_node-1] [WARN] [1785304792.548438510] [pinn_franka_controller]: Trajectory stale (516.3s > 2.0s) -- holding at last known position via gravity compensation.
[pinn_controller_node-1] [WARN] [1785304793.549178956] [pinn_franka_controller]: Trajectory stale (517.3s > 2.0s) -- holding at last known position via gravity compensation.
[pinn_controller_node-1] [WARN] [1785304794.549406892] [pinn_franka_controller]: Trajectory stale (518.3s > 2.0s) -- holding at last known position via gravity compensation.
[pinn_controller_node-1] [WARN] [1785304795.550125549] [pinn_franka_controller]: Trajectory stale (519.3s > 2.0s) -- holding at last known position via gravity compensation.
[pinn_controller_node-1] [WARN] [1785304796.550753915] [pinn_franka_controller]: Trajectory stale (520.3s > 2.0s) -- holding at last known position via gravity compensation.
[pinn_controller_node-1] [WARN] [1785304797.550798153] [pinn_franka_controller]: Trajectory stale (521.3s > 2.0s) -- holding at last known position via gravity compensation.
[pinn_controller_node-1] [WARN] [1785304798.550985917] [pinn_franka_controller]: Trajectory stale (522.3s > 2.0s) -- holding at last known position via gravity compensation.
[pinn_controller_node-1] [WARN] [1785304799.551116800] [pinn_franka_controller]: Trajectory stale (523.3s > 2.0s) -- holding at last known position via gravity compensation.
[pinn_controller_node-1] [WARN] [1785304800.551442825] [pinn_franka_controller]: Trajectory stale (524.3s > 2.0s) -- holding at last known position via gravity compensation.
[pinn_controller_node-1] [WARN] [1785304801.551462194] [pinn_franka_controller]: Trajectory stale (525.3s > 2.0s) -- holding at last known position via gravity compensation.
[pinn_controller_node-1] [WARN] [1785304802.552429588] [pinn_franka_controller]: Trajectory stale (526.3s > 2.0s) -- holding at last known position via gravity compensation.
[pinn_controller_node-1] [WARN] [1785304803.553202747] [pinn_franka_controller]: Trajectory stale (527.3s > 2.0s) -- holding at last known position via gravity compensation.
[pinn_controller_node-1] [WARN] [1785304804.553747812] [pinn_franka_controller]: Trajectory stale (528.3s > 2.0s) -- holding at last known position via gravity compensation.
[pinn_controller_node-1] [WARN] [1785304805.554409210] [pinn_franka_controller]: Trajectory stale (529.3s > 2.0s) -- holding at last known position via gravity compensation.
[pinn_controller_node-1] [WARN] [1785304806.554462966] [pinn_franka_controller]: Trajectory stale (530.3s > 2.0s) -- holding at last known position via gravity compensation.
[pinn_controller_node-1] [WARN] [1785304807.554615795] [pinn_franka_controller]: Trajectory stale (531.3s > 2.0s) -- holding at last known position via gravity compensation.
[pinn_controller_node-1] [WARN] [1785304808.555491372] [pinn_franka_controller]: Trajectory stale (532.3s > 2.0s) -- holding at last known position via gravity compensation.
[pinn_controller_node-1] [WARN] [1785304809.556440077] [pinn_franka_controller]: Trajectory stale (533.3s > 2.0s) -- holding at last known position via gravity compensation.
[pinn_controller_node-1] [WARN] [1785304810.556478939] [pinn_franka_controller]: Trajectory stale (534.3s > 2.0s) -- holding at last known position via gravity compensation.
[pinn_controller_node-1] [WARN] [1785304811.557470761] [pinn_franka_controller]: Trajectory stale (535.3s > 2.0s) -- holding at last known position via gravity compensation.
[pinn_controller_node-1] [WARN] [1785304812.558419377] [pinn_franka_controller]: Trajectory stale (536.3s > 2.0s) -- holding at last known position via gravity compensation.
[pinn_controller_node-1] [WARN] [1785304813.558422293] [pinn_franka_controller]: Trajectory stale (537.3s > 2.0s) -- holding at last known position via gravity compensation.
[pinn_controller_node-1] [WARN] [1785304814.558449870] [pinn_franka_controller]: Trajectory stale (538.3s > 2.0s) -- holding at last known position via gravity compensation.
[pinn_controller_node-1] [WARN] [1785304815.559407070] [pinn_franka_controller]: Trajectory stale (539.3s > 2.0s) -- holding at last known position via gravity compensation.
[pinn_controller_node-1] [WARN] [1785304816.559408127] [pinn_franka_controller]: Trajectory stale (540.3s > 2.0s) -- holding at last known position via gravity compensation.
[pinn_controller_node-1] [WARN] [1785304817.560006921] [pinn_franka_controller]: Trajectory stale (541.3s > 2.0s) -- holding at last known position via gravity compensation.
[pinn_controller_node-1] [WARN] [1785304818.560411960] [pinn_franka_controller]: Trajectory stale (542.3s > 2.0s) -- holding at last known position via gravity compensation.
[pinn_controller_node-1] [WARN] [1785304819.561411848] [pinn_franka_controller]: Trajectory stale (543.3s > 2.0s) -- holding at last known position via gravity compensation.
[pinn_controller_node-1] [WARN] [1785304820.561418560] [pinn_franka_controller]: Trajectory stale (544.3s > 2.0s) -- holding at last known position via gravity compensation.
[pinn_controller_node-1] [WARN] [1785304821.561421696] [pinn_franka_controller]: Trajectory stale (545.3s > 2.0s) -- holding at last known position via gravity compensation.
[pinn_controller_node-1] [WARN] [1785304822.562404220] [pinn_franka_controller]: Trajectory stale (546.3s > 2.0s) -- holding at last known position via gravity compensation.
[pinn_controller_node-1] [WARN] [1785304823.562461903] [pinn_franka_controller]: Trajectory stale (547.3s > 2.0s) -- holding at last known position via gravity compensation.
[pinn_controller_node-1] [WARN] [1785304824.562544950] [pinn_franka_controller]: Trajectory stale (548.3s > 2.0s) -- holding at last known position via gravity compensation.
[pinn_controller_node-1] [WARN] [1785304825.562664962] [pinn_franka_controller]: Trajectory stale (549.3s > 2.0s) -- holding at last known position via gravity compensation.
[pinn_controller_node-1] [WARN] [1785304826.563029863] [pinn_franka_controller]: Trajectory stale (550.3s > 2.0s) -- holding at last known position via gravity compensation.
[pinn_controller_node-1] [WARN] [1785304827.563514291] [pinn_franka_controller]: Trajectory stale (551.3s > 2.0s) -- holding at last known position via gravity compensation.
[pinn_controller_node-1] [WARN] [1785304828.564405680] [pinn_franka_controller]: Trajectory stale (552.3s > 2.0s) -- holding at last known position via gravity compensation.
[pinn_controller_node-1] [WARN] [1785304829.564441838] [pinn_franka_controller]: Trajectory stale (553.3s > 2.0s) -- holding at last known position via gravity compensation.
[pinn_controller_node-1] [WARN] [1785304830.564915485] [pinn_franka_controller]: Trajectory stale (554.3s > 2.0s) -- holding at last known position via gravity compensation.
[pinn_controller_node-1] [WARN] [1785304831.565420656] [pinn_franka_controller]: Trajectory stale (555.3s > 2.0s) -- holding at last known position via gravity compensation.
[pinn_controller_node-1] [WARN] [1785304832.565470911] [pinn_franka_controller]: Trajectory stale (556.3s > 2.0s) -- holding at last known position via gravity compensation.
[pinn_controller_node-1] [WARN] [1785304833.565559517] [pinn_franka_controller]: Trajectory stale (557.3s > 2.0s) -- holding at last known position via gravity compensation.
[pinn_controller_node-1] [WARN] [1785304834.566275116] [pinn_franka_controller]: Trajectory stale (558.3s > 2.0s) -- holding at last known position via gravity compensation.
[pinn_controller_node-1] [WARN] [1785304835.566615438] [pinn_franka_controller]: Trajectory stale (559.3s > 2.0s) -- holding at last known position via gravity compensation.
[pinn_controller_node-1] [WARN] [1785304836.567438614] [pinn_franka_controller]: Trajectory stale (560.3s > 2.0s) -- holding at last known position via gravity compensation.
[pinn_controller_node-1] [WARN] [1785304837.567508240] [pinn_franka_controller]: Trajectory stale (561.3s > 2.0s) -- holding at last known position via gravity compensation.
[pinn_controller_node-1] [WARN] [1785304838.568159591] [pinn_franka_controller]: Trajectory stale (562.3s > 2.0s) -- holding at last known position via gravity compensation.
[pinn_controller_node-1] [WARN] [1785304839.568483823] [pinn_franka_controller]: Trajectory stale (563.3s > 2.0s) -- holding at last known position via gravity compensation.
[pinn_controller_node-1] [WARN] [1785304840.568607706] [pinn_franka_controller]: Trajectory stale (564.3s > 2.0s) -- holding at last known position via gravity compensation.
[pinn_controller_node-1] [WARN] [1785304841.569424429] [pinn_franka_controller]: Trajectory stale (565.3s > 2.0s) -- holding at last known position via gravity compensation.
[pinn_controller_node-1] [WARN] [1785304842.570457683] [pinn_franka_controller]: Trajectory stale (566.3s > 2.0s) -- holding at last known position via gravity compensation.
[pinn_controller_node-1] [WARN] [1785304843.570606836] [pinn_franka_controller]: Trajectory stale (567.3s > 2.0s) -- holding at last known position via gravity compensation.
[pinn_controller_node-1] [WARN] [1785304844.571401586] [pinn_franka_controller]: Trajectory stale (568.3s > 2.0s) -- holding at last known position via gravity compensation.
[pinn_controller_node-1] [WARN] [1785304845.571446725] [pinn_franka_controller]: Trajectory stale (569.3s > 2.0s) -- holding at last known position via gravity compensation.
[pinn_controller_node-1] [WARN] [1785304846.571547935] [pinn_franka_controller]: Trajectory stale (570.3s > 2.0s) -- holding at last known position via gravity compensation.
[pinn_controller_node-1] [WARN] [1785304847.572410198] [pinn_franka_controller]: Trajectory stale (571.3s > 2.0s) -- holding at last known position via gravity compensation.
[pinn_controller_node-1] [WARN] [1785304848.572452099] [pinn_franka_controller]: Trajectory stale (572.3s > 2.0s) -- holding at last known position via gravity compensation.
[pinn_controller_node-1] [WARN] [1785304849.572758799] [pinn_franka_controller]: Trajectory stale (573.3s > 2.0s) -- holding at last known position via gravity compensation.
[pinn_controller_node-1] [WARN] [1785304850.573421657] [pinn_franka_controller]: Trajectory stale (574.3s > 2.0s) -- holding at last known position via gravity compensation.
[pinn_controller_node-1] [WARN] [1785304851.574445007] [pinn_franka_controller]: Trajectory stale (575.3s > 2.0s) -- holding at last known position via gravity compensation.
[pinn_controller_node-1] [WARN] [1785304852.574885241] [pinn_franka_controller]: Trajectory stale (576.3s > 2.0s) -- holding at last known position via gravity compensation.
[pinn_controller_node-1] [WARN] [1785304853.575411272] [pinn_franka_controller]: Trajectory stale (577.3s > 2.0s) -- holding at last known position via gravity compensation.
[pinn_controller_node-1] [WARN] [1785304854.575421937] [pinn_franka_controller]: Trajectory stale (578.3s > 2.0s) -- holding at last known position via gravity compensation.
[pinn_controller_node-1] [WARN] [1785304855.575423983] [pinn_franka_controller]: Trajectory stale (579.3s > 2.0s) -- holding at last known position via gravity compensation.
[pinn_controller_node-1] [WARN] [1785304856.575460078] [pinn_franka_controller]: Trajectory stale (580.3s > 2.0s) -- holding at last known position via gravity compensation.
[pinn_controller_node-1] [WARN] [1785304857.575491923] [pinn_franka_controller]: Trajectory stale (581.3s > 2.0s) -- holding at last known position via gravity compensation.
[pinn_controller_node-1] [WARN] [1785304858.576414423] [pinn_franka_controller]: Trajectory stale (582.3s > 2.0s) -- holding at last known position via gravity compensation.
[pinn_controller_node-1] [WARN] [1785304859.576463633] [pinn_franka_controller]: Trajectory stale (583.3s > 2.0s) -- holding at last known position via gravity compensation.
[pinn_controller_node-1] [WARN] [1785304860.576657730] [pinn_franka_controller]: Trajectory stale (584.3s > 2.0s) -- holding at last known position via gravity compensation.
[pinn_controller_node-1] [WARN] [1785304861.577453398] [pinn_franka_controller]: Trajectory stale (585.3s > 2.0s) -- holding at last known position via gravity compensation.
[pinn_controller_node-1] [WARN] [1785304862.577546613] [pinn_franka_controller]: Trajectory stale (586.3s > 2.0s) -- holding at last known position via gravity compensation.
[pinn_controller_node-1] [WARN] [1785304863.578423182] [pinn_franka_controller]: Trajectory stale (587.3s > 2.0s) -- holding at last known position via gravity compensation.
[pinn_controller_node-1] [WARN] [1785304864.578486656] [pinn_franka_controller]: Trajectory stale (588.3s > 2.0s) -- holding at last known position via gravity compensation.
[pinn_controller_node-1] [WARN] [1785304865.578565857] [pinn_franka_controller]: Trajectory stale (589.3s > 2.0s) -- holding at last known position via gravity compensation.
[pinn_controller_node-1] [WARN] [1785304866.579416454] [pinn_franka_controller]: Trajectory stale (590.3s > 2.0s) -- holding at last known position via gravity compensation.
[pinn_controller_node-1] [WARN] [1785304867.580405322] [pinn_franka_controller]: Trajectory stale (591.3s > 2.0s) -- holding at last known position via gravity compensation.
[pinn_controller_node-1] [WARN] [1785304868.581127033] [pinn_franka_controller]: Trajectory stale (592.3s > 2.0s) -- holding at last known position via gravity compensation.
[pinn_controller_node-1] [WARN] [1785304869.581191732] [pinn_franka_controller]: Trajectory stale (593.3s > 2.0s) -- holding at last known position via gravity compensation.
[pinn_controller_node-1] [WARN] [1785304870.581518427] [pinn_franka_controller]: Trajectory stale (594.3s > 2.0s) -- holding at last known position via gravity compensation.
[pinn_controller_node-1] [WARN] [1785304871.581547692] [pinn_franka_controller]: Trajectory stale (595.3s > 2.0s) -- holding at last known position via gravity compensation.
[pinn_controller_node-1] [WARN] [1785304872.581571180] [pinn_franka_controller]: Trajectory stale (596.3s > 2.0s) -- holding at last known position via gravity compensation.
[pinn_controller_node-1] [WARN] [1785304873.582067351] [pinn_franka_controller]: Trajectory stale (597.3s > 2.0s) -- holding at last known position via gravity compensation.
[pinn_controller_node-1] [WARN] [1785304874.582768972] [pinn_franka_controller]: Trajectory stale (598.3s > 2.0s) -- holding at last known position via gravity compensation.
[pinn_controller_node-1] [WARN] [1785304875.582852460] [pinn_franka_controller]: Trajectory stale (599.3s > 2.0s) -- holding at last known position via gravity compensation.
[pinn_controller_node-1] [WARN] [1785304876.583410261] [pinn_franka_controller]: Trajectory stale (600.3s > 2.0s) -- holding at last known position via gravity compensation.
[pinn_controller_node-1] [WARN] [1785304877.584412377] [pinn_franka_controller]: Trajectory stale (601.3s > 2.0s) -- holding at last known position via gravity compensation.
[pinn_controller_node-1] [WARN] [1785304878.584600583] [pinn_franka_controller]: Trajectory stale (602.3s > 2.0s) -- holding at last known position via gravity compensation.
[pinn_controller_node-1] [WARN] [1785304879.585426186] [pinn_franka_controller]: Trajectory stale (603.3s > 2.0s) -- holding at last known position via gravity compensation.
[pinn_controller_node-1] [WARN] [1785304880.585562754] [pinn_franka_controller]: Trajectory stale (604.3s > 2.0s) -- holding at last known position via gravity compensation.
[pinn_controller_node-1] [WARN] [1785304881.585922802] [pinn_franka_controller]: Trajectory stale (605.3s > 2.0s) -- holding at last known position via gravity compensation.
[pinn_controller_node-1] [WARN] [1785304882.586533515] [pinn_franka_controller]: Trajectory stale (606.3s > 2.0s) -- holding at last known position via gravity compensation.
[pinn_controller_node-1] [WARN] [1785304883.587531403] [pinn_franka_controller]: Trajectory stale (607.3s > 2.0s) -- holding at last known position via gravity compensation.
[pinn_controller_node-1] [WARN] [1785304884.588440770] [pinn_franka_controller]: Trajectory stale (608.3s > 2.0s) -- holding at last known position via gravity compensation.
[pinn_controller_node-1] [WARN] [1785304885.589478222] [pinn_franka_controller]: Trajectory stale (609.3s > 2.0s) -- holding at last known position via gravity compensation.
[pinn_controller_node-1] [WARN] [1785304886.589806521] [pinn_franka_controller]: Trajectory stale (610.3s > 2.0s) -- holding at last known position via gravity compensation.
[pinn_controller_node-1] [WARN] [1785304887.590473000] [pinn_franka_controller]: Trajectory stale (611.3s > 2.0s) -- holding at last known position via gravity compensation.
[pinn_controller_node-1] [WARN] [1785304888.591192115] [pinn_franka_controller]: Trajectory stale (612.3s > 2.0s) -- holding at last known position via gravity compensation.
[pinn_controller_node-1] [WARN] [1785304889.592565707] [pinn_franka_controller]: Trajectory stale (613.3s > 2.0s) -- holding at last known position via gravity compensation.
[pinn_controller_node-1] [WARN] [1785304890.592662504] [pinn_franka_controller]: Trajectory stale (614.3s > 2.0s) -- holding at last known position via gravity compensation.
[pinn_controller_node-1] [WARN] [1785304891.593553903] [pinn_franka_controller]: Trajectory stale (615.3s > 2.0s) -- holding at last known position via gravity compensation.
[pinn_controller_node-1] [WARN] [1785304892.594435341] [pinn_franka_controller]: Trajectory stale (616.3s > 2.0s) -- holding at last known position via gravity compensation.
[pinn_controller_node-1] [WARN] [1785304893.595406587] [pinn_franka_controller]: Trajectory stale (617.3s > 2.0s) -- holding at last known position via gravity compensation.
[pinn_controller_node-1] [WARN] [1785304894.596421095] [pinn_franka_controller]: Trajectory stale (618.3s > 2.0s) -- holding at last known position via gravity compensation.
[pinn_controller_node-1] [WARN] [1785304895.596746308] [pinn_franka_controller]: Trajectory stale (619.3s > 2.0s) -- holding at last known position via gravity compensation.
[pinn_controller_node-1] [WARN] [1785304896.597497893] [pinn_franka_controller]: Trajectory stale (620.3s > 2.0s) -- holding at last known position via gravity compensation.
[pinn_controller_node-1] [WARN] [1785304897.597506966] [pinn_franka_controller]: Trajectory stale (621.3s > 2.0s) -- holding at last known position via gravity compensation.
[pinn_controller_node-1] [WARN] [1785304898.598023906] [pinn_franka_controller]: Trajectory stale (622.3s > 2.0s) -- holding at last known position via gravity compensation.
[pinn_controller_node-1] [WARN] [1785304899.598408702] [pinn_franka_controller]: Trajectory stale (623.3s > 2.0s) -- holding at last known position via gravity compensation.
[pinn_controller_node-1] [WARN] [1785304900.598429372] [pinn_franka_controller]: Trajectory stale (624.3s > 2.0s) -- holding at last known position via gravity compensation.
[pinn_controller_node-1] [WARN] [1785304901.599456274] [pinn_franka_controller]: Trajectory stale (625.3s > 2.0s) -- holding at last known position via gravity compensation.
[pinn_controller_node-1] [WARN] [1785304902.599536259] [pinn_franka_controller]: Trajectory stale (626.3s > 2.0s) -- holding at last known position via gravity compensation.
[pinn_controller_node-1] [WARN] [1785304903.600426376] [pinn_franka_controller]: Trajectory stale (627.3s > 2.0s) -- holding at last known position via gravity compensation.
[pinn_controller_node-1] [WARN] [1785304904.601408049] [pinn_franka_controller]: Trajectory stale (628.3s > 2.0s) -- holding at last known position via gravity compensation.
[pinn_controller_node-1] [WARN] [1785304905.601474033] [pinn_franka_controller]: Trajectory stale (629.3s > 2.0s) -- holding at last known position via gravity compensation.
[pinn_controller_node-1] [WARN] [1785304906.602458202] [pinn_franka_controller]: Trajectory stale (630.3s > 2.0s) -- holding at last known position via gravity compensation.
[pinn_controller_node-1] [WARN] [1785304907.603444425] [pinn_franka_controller]: Trajectory stale (631.3s > 2.0s) -- holding at last known position via gravity compensation.
[pinn_controller_node-1] [WARN] [1785304908.603589735] [pinn_franka_controller]: Trajectory stale (632.3s > 2.0s) -- holding at last known position via gravity compensation.
[pinn_controller_node-1] [WARN] [1785304909.604406897] [pinn_franka_controller]: Trajectory stale (633.3s > 2.0s) -- holding at last known position via gravity compensation.
[pinn_controller_node-1] [WARN] [1785304910.604596039] [pinn_franka_controller]: Trajectory stale (634.3s > 2.0s) -- holding at last known position via gravity compensation.
[pinn_controller_node-1] [WARN] [1785304911.605443925] [pinn_franka_controller]: Trajectory stale (635.3s > 2.0s) -- holding at last known position via gravity compensation.
[pinn_controller_node-1] [WARN] [1785304912.605449762] [pinn_franka_controller]: Trajectory stale (636.3s > 2.0s) -- holding at last known position via gravity compensation.
[pinn_controller_node-1] [WARN] [1785304913.606433501] [pinn_franka_controller]: Trajectory stale (637.3s > 2.0s) -- holding at last known position via gravity compensation.
[pinn_controller_node-1] [WARN] [1785304914.606476234] [pinn_franka_controller]: Trajectory stale (638.3s > 2.0s) -- holding at last known position via gravity compensation.
[pinn_controller_node-1] [WARN] [1785304915.607413978] [pinn_franka_controller]: Trajectory stale (639.3s > 2.0s) -- holding at last known position via gravity compensation.
[pinn_controller_node-1] [WARN] [1785304916.607516140] [pinn_franka_controller]: Trajectory stale (640.3s > 2.0s) -- holding at last known position via gravity compensation.
[pinn_controller_node-1] [WARN] [1785304917.608410937] [pinn_franka_controller]: Trajectory stale (641.3s > 2.0s) -- holding at last known position via gravity compensation.
[pinn_controller_node-1] [WARN] [1785304918.608729073] [pinn_franka_controller]: Trajectory stale (642.3s > 2.0s) -- holding at last known position via gravity compensation.
[pinn_controller_node-1] [WARN] [1785304919.608753360] [pinn_franka_controller]: Trajectory stale (643.3s > 2.0s) -- holding at last known position via gravity compensation.
[pinn_controller_node-1] [WARN] [1785304920.609436728] [pinn_franka_controller]: Trajectory stale (644.3s > 2.0s) -- holding at last known position via gravity compensation.
[pinn_controller_node-1] [WARN] [1785304921.609925291] [pinn_franka_controller]: Trajectory stale (645.3s > 2.0s) -- holding at last known position via gravity compensation.
[pinn_controller_node-1] [WARN] [1785304922.610409846] [pinn_franka_controller]: Trajectory stale (646.3s > 2.0s) -- holding at last known position via gravity compensation.
[pinn_controller_node-1] [WARN] [1785304923.610520238] [pinn_franka_controller]: Trajectory stale (647.3s > 2.0s) -- holding at last known position via gravity compensation.
[pinn_controller_node-1] [WARN] [1785304924.611405756] [pinn_franka_controller]: Trajectory stale (648.3s > 2.0s) -- holding at last known position via gravity compensation.
[pinn_controller_node-1] [WARN] [1785304925.611528840] [pinn_franka_controller]: Trajectory stale (649.3s > 2.0s) -- holding at last known position via gravity compensation.
[pinn_controller_node-1] [WARN] [1785304926.611547927] [pinn_franka_controller]: Trajectory stale (650.3s > 2.0s) -- holding at last known position via gravity compensation.
[pinn_controller_node-1] [WARN] [1785304927.612424134] [pinn_franka_controller]: Trajectory stale (651.3s > 2.0s) -- holding at last known position via gravity compensation.
[pinn_controller_node-1] [WARN] [1785304928.612537042] [pinn_franka_controller]: Trajectory stale (652.3s > 2.0s) -- holding at last known position via gravity compensation.
[pinn_controller_node-1] [WARN] [1785304929.612895546] [pinn_franka_controller]: Trajectory stale (653.3s > 2.0s) -- holding at last known position via gravity compensation.
[pinn_controller_node-1] [WARN] [1785304930.613670744] [pinn_franka_controller]: Trajectory stale (654.3s > 2.0s) -- holding at last known position via gravity compensation.
[pinn_controller_node-1] [WARN] [1785304931.613768725] [pinn_franka_controller]: Trajectory stale (655.3s > 2.0s) -- holding at last known position via gravity compensation.
[pinn_controller_node-1] [WARN] [1785304932.614730551] [pinn_franka_controller]: Trajectory stale (656.3s > 2.0s) -- holding at last known position via gravity compensation.
[pinn_controller_node-1] [WARN] [1785304933.615550954] [pinn_franka_controller]: Trajectory stale (657.3s > 2.0s) -- holding at last known position via gravity compensation.
[pinn_controller_node-1] [WARN] [1785304934.616420570] [pinn_franka_controller]: Trajectory stale (658.3s > 2.0s) -- holding at last known position via gravity compensation.
[pinn_controller_node-1] [WARN] [1785304935.616500456] [pinn_franka_controller]: Trajectory stale (659.3s > 2.0s) -- holding at last known position via gravity compensation.
[pinn_controller_node-1] [WARN] [1785304936.617407494] [pinn_franka_controller]: Trajectory stale (660.3s > 2.0s) -- holding at last known position via gravity compensation.
[pinn_controller_node-1] [WARN] [1785304937.617532846] [pinn_franka_controller]: Trajectory stale (661.3s > 2.0s) -- holding at last known position via gravity compensation.
[pinn_controller_node-1] [WARN] [1785304938.618434491] [pinn_franka_controller]: Trajectory stale (662.3s > 2.0s) -- holding at last known position via gravity compensation.
[pinn_controller_node-1] [WARN] [1785304939.618452608] [pinn_franka_controller]: Trajectory stale (663.3s > 2.0s) -- holding at last known position via gravity compensation.
[pinn_controller_node-1] [WARN] [1785304940.618456124] [pinn_franka_controller]: Trajectory stale (664.3s > 2.0s) -- holding at last known position via gravity compensation.
[pinn_controller_node-1] [WARN] [1785304941.618660436] [pinn_franka_controller]: Trajectory stale (665.3s > 2.0s) -- holding at last known position via gravity compensation.
[pinn_controller_node-1] [WARN] [1785304942.619407226] [pinn_franka_controller]: Trajectory stale (666.3s > 2.0s) -- holding at last known position via gravity compensation.
[pinn_controller_node-1] [WARN] [1785304943.619445257] [pinn_franka_controller]: Trajectory stale (667.3s > 2.0s) -- holding at last known position via gravity compensation.
[pinn_controller_node-1] [WARN] [1785304944.619545356] [pinn_franka_controller]: Trajectory stale (668.3s > 2.0s) -- holding at last known position via gravity compensation.
[pinn_controller_node-1] [WARN] [1785304945.620406010] [pinn_franka_controller]: Trajectory stale (669.3s > 2.0s) -- holding at last known position via gravity compensation.
[pinn_controller_node-1] [WARN] [1785304946.620657936] [pinn_franka_controller]: Trajectory stale (670.3s > 2.0s) -- holding at last known position via gravity compensation.
[pinn_controller_node-1] [WARN] [1785304947.621406912] [pinn_franka_controller]: Trajectory stale (671.3s > 2.0s) -- holding at last known position via gravity compensation.
[pinn_controller_node-1] [WARN] [1785304948.621444059] [pinn_franka_controller]: Trajectory stale (672.3s > 2.0s) -- holding at last known position via gravity compensation.
[pinn_controller_node-1] [WARN] [1785304949.622422237] [pinn_franka_controller]: Trajectory stale (673.3s > 2.0s) -- holding at last known position via gravity compensation.
[pinn_controller_node-1] [WARN] [1785304950.622427513] [pinn_franka_controller]: Trajectory stale (674.3s > 2.0s) -- holding at last known position via gravity compensation.
[pinn_controller_node-1] [WARN] [1785304951.623416478] [pinn_franka_controller]: Trajectory stale (675.3s > 2.0s) -- holding at last known position via gravity compensation.
[pinn_controller_node-1] [WARN] [1785304952.623544504] [pinn_franka_controller]: Trajectory stale (676.3s > 2.0s) -- holding at last known position via gravity compensation.
[pinn_controller_node-1] [WARN] [1785304953.624446806] [pinn_franka_controller]: Trajectory stale (677.3s > 2.0s) -- holding at last known position via gravity compensation.
[pinn_controller_node-1] [WARN] [1785304954.624790682] [pinn_franka_controller]: Trajectory stale (678.3s > 2.0s) -- holding at last known position via gravity compensation.
[pinn_controller_node-1] [WARN] [1785304955.625406127] [pinn_franka_controller]: Trajectory stale (679.3s > 2.0s) -- holding at last known position via gravity compensation.
[pinn_controller_node-1] [WARN] [1785304956.625415965] [pinn_franka_controller]: Trajectory stale (680.3s > 2.0s) -- holding at last known position via gravity compensation.
[pinn_controller_node-1] [WARN] [1785304957.625430421] [pinn_franka_controller]: Trajectory stale (681.3s > 2.0s) -- holding at last known position via gravity compensation.
[pinn_controller_node-1] [WARN] [1785304958.626389854] [pinn_franka_controller]: Trajectory stale (682.3s > 2.0s) -- holding at last known position via gravity compensation.
[pinn_controller_node-1] [WARN] [1785304959.627051482] [pinn_franka_controller]: Trajectory stale (683.3s > 2.0s) -- holding at last known position via gravity compensation.
[pinn_controller_node-1] [WARN] [1785304960.627425989] [pinn_franka_controller]: Trajectory stale (684.3s > 2.0s) -- holding at last known position via gravity compensation.
[pinn_controller_node-1] [WARN] [1785304961.628421571] [pinn_franka_controller]: Trajectory stale (685.3s > 2.0s) -- holding at last known position via gravity compensation.
[pinn_controller_node-1] [WARN] [1785304962.628505258] [pinn_franka_controller]: Trajectory stale (686.3s > 2.0s) -- holding at last known position via gravity compensation.
[pinn_controller_node-1] [WARN] [1785304963.629426222] [pinn_franka_controller]: Trajectory stale (687.3s > 2.0s) -- holding at last known position via gravity compensation.
[pinn_controller_node-1] [WARN] [1785304964.629629804] [pinn_franka_controller]: Trajectory stale (688.3s > 2.0s) -- holding at last known position via gravity compensation.
[pinn_controller_node-1] [WARN] [1785304965.630576541] [pinn_franka_controller]: Trajectory stale (689.3s > 2.0s) -- holding at last known position via gravity compensation.
[pinn_controller_node-1] [WARN] [1785304966.631408197] [pinn_franka_controller]: Trajectory stale (690.3s > 2.0s) -- holding at last known position via gravity compensation.
[pinn_controller_node-1] [WARN] [1785304967.632253627] [pinn_franka_controller]: Trajectory stale (691.3s > 2.0s) -- holding at last known position via gravity compensation.
[pinn_controller_node-1] [WARN] [1785304968.632795186] [pinn_franka_controller]: Trajectory stale (692.3s > 2.0s) -- holding at last known position via gravity compensation.
[pinn_controller_node-1] [WARN] [1785304969.633439051] [pinn_franka_controller]: Trajectory stale (693.3s > 2.0s) -- holding at last known position via gravity compensation.
[pinn_controller_node-1] [WARN] [1785304970.633643649] [pinn_franka_controller]: Trajectory stale (694.3s > 2.0s) -- holding at last known position via gravity compensation.
[pinn_controller_node-1] [WARN] [1785304971.634441656] [pinn_franka_controller]: Trajectory stale (695.3s > 2.0s) -- holding at last known position via gravity compensation.
[pinn_controller_node-1] [WARN] [1785304972.635413018] [pinn_franka_controller]: Trajectory stale (696.4s > 2.0s) -- holding at last known position via gravity compensation.
[pinn_controller_node-1] [WARN] [1785304973.635458910] [pinn_franka_controller]: Trajectory stale (697.4s > 2.0s) -- holding at last known position via gravity compensation.
[pinn_controller_node-1] [WARN] [1785304974.636459608] [pinn_franka_controller]: Trajectory stale (698.4s > 2.0s) -- holding at last known position via gravity compensation.
[pinn_controller_node-1] [WARN] [1785304975.636467665] [pinn_franka_controller]: Trajectory stale (699.4s > 2.0s) -- holding at last known position via gravity compensation.
[pinn_controller_node-1] [WARN] [1785304976.637494705] [pinn_franka_controller]: Trajectory stale (700.4s > 2.0s) -- holding at last known position via gravity compensation.
[pinn_controller_node-1] [WARN] [1785304977.637498398] [pinn_franka_controller]: Trajectory stale (701.4s > 2.0s) -- holding at last known position via gravity compensation.
[pinn_controller_node-1] [WARN] [1785304978.638229561] [pinn_franka_controller]: Trajectory stale (702.4s > 2.0s) -- holding at last known position via gravity compensation.
[pinn_controller_node-1] [WARN] [1785304979.638507524] [pinn_franka_controller]: Trajectory stale (703.4s > 2.0s) -- holding at last known position via gravity compensation.
[pinn_controller_node-1] [WARN] [1785304980.639457307] [pinn_franka_controller]: Trajectory stale (704.4s > 2.0s) -- holding at last known position via gravity compensation.
[pinn_controller_node-1] [WARN] [1785304981.639494859] [pinn_franka_controller]: Trajectory stale (705.4s > 2.0s) -- holding at last known position via gravity compensation.
[pinn_controller_node-1] [WARN] [1785304982.639527152] [pinn_franka_controller]: Trajectory stale (706.4s > 2.0s) -- holding at last known position via gravity compensation.
[pinn_controller_node-1] [WARN] [1785304983.639751938] [pinn_franka_controller]: Trajectory stale (707.4s > 2.0s) -- holding at last known position via gravity compensation.
[pinn_controller_node-1] [WARN] [1785304984.640639128] [pinn_franka_controller]: Trajectory stale (708.4s > 2.0s) -- holding at last known position via gravity compensation.
[pinn_controller_node-1] [WARN] [1785304985.641561246] [pinn_franka_controller]: Trajectory stale (709.4s > 2.0s) -- holding at last known position via gravity compensation.
[pinn_controller_node-1] [WARN] [1785304986.642657763] [pinn_franka_controller]: Trajectory stale (710.4s > 2.0s) -- holding at last known position via gravity compensation.
[pinn_controller_node-1] [WARN] [1785304987.643458880] [pinn_franka_controller]: Trajectory stale (711.4s > 2.0s) -- holding at last known position via gravity compensation.
[pinn_controller_node-1] [WARN] [1785304988.643594126] [pinn_franka_controller]: Trajectory stale (712.4s > 2.0s) -- holding at last known position via gravity compensation.
[pinn_controller_node-1] [WARN] [1785304989.644508729] [pinn_franka_controller]: Trajectory stale (713.4s > 2.0s) -- holding at last known position via gravity compensation.
[pinn_controller_node-1] [WARN] [1785304990.644595675] [pinn_franka_controller]: Trajectory stale (714.4s > 2.0s) -- holding at last known position via gravity compensation.
[pinn_controller_node-1] [WARN] [1785304991.644711134] [pinn_franka_controller]: Trajectory stale (715.4s > 2.0s) -- holding at last known position via gravity compensation.
[pinn_controller_node-1] [WARN] [1785304992.645550037] [pinn_franka_controller]: Trajectory stale (716.4s > 2.0s) -- holding at last known position via gravity compensation.
[pinn_controller_node-1] [WARN] [1785304993.646405972] [pinn_franka_controller]: Trajectory stale (717.4s > 2.0s) -- holding at last known position via gravity compensation.
[pinn_controller_node-1] [WARN] [1785304994.646455603] [pinn_franka_controller]: Trajectory stale (718.4s > 2.0s) -- holding at last known position via gravity compensation.
[pinn_controller_node-1] [WARN] [1785304995.647411452] [pinn_franka_controller]: Trajectory stale (719.4s > 2.0s) -- holding at last known position via gravity compensation.
[pinn_controller_node-1] [WARN] [1785304996.647430165] [pinn_franka_controller]: Trajectory stale (720.4s > 2.0s) -- holding at last known position via gravity compensation.
[pinn_controller_node-1] [WARN] [1785304997.647432563] [pinn_franka_controller]: Trajectory stale (721.4s > 2.0s) -- holding at last known position via gravity compensation.
[pinn_controller_node-1] [WARN] [1785304998.647684846] [pinn_franka_controller]: Trajectory stale (722.4s > 2.0s) -- holding at last known position via gravity compensation.
[pinn_controller_node-1] [WARN] [1785304999.648609113] [pinn_franka_controller]: Trajectory stale (723.4s > 2.0s) -- holding at last known position via gravity compensation.
[pinn_controller_node-1] [WARN] [1785305000.649468454] [pinn_franka_controller]: Trajectory stale (724.4s > 2.0s) -- holding at last known position via gravity compensation.
[pinn_controller_node-1] [WARN] [1785305001.649503457] [pinn_franka_controller]: Trajectory stale (725.4s > 2.0s) -- holding at last known position via gravity compensation.
[pinn_controller_node-1] [WARN] [1785305002.649617406] [pinn_franka_controller]: Trajectory stale (726.4s > 2.0s) -- holding at last known position via gravity compensation.
[pinn_controller_node-1] [WARN] [1785305003.650092928] [pinn_franka_controller]: Trajectory stale (727.4s > 2.0s) -- holding at last known position via gravity compensation.
[pinn_controller_node-1] [WARN] [1785305004.650750309] [pinn_franka_controller]: Trajectory stale (728.4s > 2.0s) -- holding at last known position via gravity compensation.
[pinn_controller_node-1] [WARN] [1785305005.651458337] [pinn_franka_controller]: Trajectory stale (729.4s > 2.0s) -- holding at last known position via gravity compensation.
[pinn_controller_node-1] [WARN] [1785305006.651806236] [pinn_franka_controller]: Trajectory stale (730.4s > 2.0s) -- holding at last known position via gravity compensation.
[pinn_controller_node-1] [WARN] [1785305007.652536494] [pinn_franka_controller]: Trajectory stale (731.4s > 2.0s) -- holding at last known position via gravity compensation.
[pinn_controller_node-1] [WARN] [1785305008.653485789] [pinn_franka_controller]: Trajectory stale (732.4s > 2.0s) -- holding at last known position via gravity compensation.
[pinn_controller_node-1] [WARN] [1785305009.653725609] [pinn_franka_controller]: Trajectory stale (733.4s > 2.0s) -- holding at last known position via gravity compensation.
[pinn_controller_node-1] [WARN] [1785305010.654467824] [pinn_franka_controller]: Trajectory stale (734.4s > 2.0s) -- holding at last known position via gravity compensation.
[pinn_controller_node-1] [WARN] [1785305011.655482626] [pinn_franka_controller]: Trajectory stale (735.4s > 2.0s) -- holding at last known position via gravity compensation.
[pinn_controller_node-1] [WARN] [1785305012.656464062] [pinn_franka_controller]: Trajectory stale (736.4s > 2.0s) -- holding at last known position via gravity compensation.
[pinn_controller_node-1] [WARN] [1785305013.656539212] [pinn_franka_controller]: Trajectory stale (737.4s > 2.0s) -- holding at last known position via gravity compensation.
[pinn_controller_node-1] [WARN] [1785305014.657501290] [pinn_franka_controller]: Trajectory stale (738.4s > 2.0s) -- holding at last known position via gravity compensation.
[pinn_controller_node-1] [WARN] [1785305015.658404839] [pinn_franka_controller]: Trajectory stale (739.4s > 2.0s) -- holding at last known position via gravity compensation.
[pinn_controller_node-1] [WARN] [1785305016.658972199] [pinn_franka_controller]: Trajectory stale (740.4s > 2.0s) -- holding at last known position via gravity compensation.
[pinn_controller_node-1] [WARN] [1785305017.659406658] [pinn_franka_controller]: Trajectory stale (741.4s > 2.0s) -- holding at last known position via gravity compensation.
[pinn_controller_node-1] [WARN] [1785305018.660427462] [pinn_franka_controller]: Trajectory stale (742.4s > 2.0s) -- holding at last known position via gravity compensation.
[pinn_controller_node-1] [WARN] [1785305019.660493750] [pinn_franka_controller]: Trajectory stale (743.4s > 2.0s) -- holding at last known position via gravity compensation.
[pinn_controller_node-1] [WARN] [1785305020.660708028] [pinn_franka_controller]: Trajectory stale (744.4s > 2.0s) -- holding at last known position via gravity compensation.
[pinn_controller_node-1] [WARN] [1785305021.660836576] [pinn_franka_controller]: Trajectory stale (745.4s > 2.0s) -- holding at last known position via gravity compensation.
[pinn_controller_node-1] [WARN] [1785305022.661890667] [pinn_franka_controller]: Trajectory stale (746.4s > 2.0s) -- holding at last known position via gravity compensation.
[pinn_controller_node-1] [WARN] [1785305023.662613518] [pinn_franka_controller]: Trajectory stale (747.4s > 2.0s) -- holding at last known position via gravity compensation.
[pinn_controller_node-1] [WARN] [1785305024.663517079] [pinn_franka_controller]: Trajectory stale (748.4s > 2.0s) -- holding at last known position via gravity compensation.
[pinn_controller_node-1] [WARN] [1785305025.664382168] [pinn_franka_controller]: Trajectory stale (749.4s > 2.0s) -- holding at last known position via gravity compensation.
[pinn_controller_node-1] [WARN] [1785305026.664619923] [pinn_franka_controller]: Trajectory stale (750.4s > 2.0s) -- holding at last known position via gravity compensation.
[pinn_controller_node-1] [WARN] [1785305027.664969599] [pinn_franka_controller]: Trajectory stale (751.4s > 2.0s) -- holding at last known position via gravity compensation.
[pinn_controller_node-1] [WARN] [1785305028.665445956] [pinn_franka_controller]: Trajectory stale (752.4s > 2.0s) -- holding at last known position via gravity compensation.
[pinn_controller_node-1] [WARN] [1785305029.665531768] [pinn_franka_controller]: Trajectory stale (753.4s > 2.0s) -- holding at last known position via gravity compensation.
[pinn_controller_node-1] [WARN] [1785305030.666400262] [pinn_franka_controller]: Trajectory stale (754.4s > 2.0s) -- holding at last known position via gravity compensation.
[pinn_controller_node-1] [WARN] [1785305031.666467891] [pinn_franka_controller]: Trajectory stale (755.4s > 2.0s) -- holding at last known position via gravity compensation.
[pinn_controller_node-1] [WARN] [1785305032.666697454] [pinn_franka_controller]: Trajectory stale (756.4s > 2.0s) -- holding at last known position via gravity compensation.
[pinn_controller_node-1] [WARN] [1785305033.667458748] [pinn_franka_controller]: Trajectory stale (757.4s > 2.0s) -- holding at last known position via gravity compensation.
[pinn_controller_node-1] [WARN] [1785305034.667594797] [pinn_franka_controller]: Trajectory stale (758.4s > 2.0s) -- holding at last known position via gravity compensation.
[pinn_controller_node-1] [WARN] [1785305035.667633162] [pinn_franka_controller]: Trajectory stale (759.4s > 2.0s) -- holding at last known position via gravity compensation.
[pinn_controller_node-1] [WARN] [1785305036.668502471] [pinn_franka_controller]: Trajectory stale (760.4s > 2.0s) -- holding at last known position via gravity compensation.
[pinn_controller_node-1] [WARN] [1785305037.669420328] [pinn_franka_controller]: Trajectory stale (761.4s > 2.0s) -- holding at last known position via gravity compensation.
[pinn_controller_node-1] [WARN] [1785305038.669481984] [pinn_franka_controller]: Trajectory stale (762.4s > 2.0s) -- holding at last known position via gravity compensation.
[pinn_controller_node-1] [WARN] [1785305039.670423366] [pinn_franka_controller]: Trajectory stale (763.4s > 2.0s) -- holding at last known position via gravity compensation.
[pinn_controller_node-1] [WARN] [1785305040.670812823] [pinn_franka_controller]: Trajectory stale (764.4s > 2.0s) -- holding at last known position via gravity compensation.
[pinn_controller_node-1] [WARN] [1785305041.671687193] [pinn_franka_controller]: Trajectory stale (765.4s > 2.0s) -- holding at last known position via gravity compensation.
[pinn_controller_node-1] [WARN] [1785305042.672403304] [pinn_franka_controller]: Trajectory stale (766.4s > 2.0s) -- holding at last known position via gravity compensation.
[pinn_controller_node-1] [WARN] [1785305043.672617753] [pinn_franka_controller]: Trajectory stale (767.4s > 2.0s) -- holding at last known position via gravity compensation.
[pinn_controller_node-1] [WARN] [1785305044.673454264] [pinn_franka_controller]: Trajectory stale (768.4s > 2.0s) -- holding at last known position via gravity compensation.
[pinn_controller_node-1] [WARN] [1785305045.674405961] [pinn_franka_controller]: Trajectory stale (769.4s > 2.0s) -- holding at last known position via gravity compensation.
[pinn_controller_node-1] [WARN] [1785305046.675406389] [pinn_franka_controller]: Trajectory stale (770.4s > 2.0s) -- holding at last known position via gravity compensation.
[pinn_controller_node-1] [WARN] [1785305047.675773999] [pinn_franka_controller]: Trajectory stale (771.4s > 2.0s) -- holding at last known position via gravity compensation.
[pinn_controller_node-1] [WARN] [1785305048.676441655] [pinn_franka_controller]: Trajectory stale (772.4s > 2.0s) -- holding at last known position via gravity compensation.
[pinn_controller_node-1] [WARN] [1785305049.677428904] [pinn_franka_controller]: Trajectory stale (773.4s > 2.0s) -- holding at last known position via gravity compensation.
[pinn_controller_node-1] [WARN] [1785305050.678414173] [pinn_franka_controller]: Trajectory stale (774.4s > 2.0s) -- holding at last known position via gravity compensation.
[pinn_controller_node-1] [WARN] [1785305051.679414835] [pinn_franka_controller]: Trajectory stale (775.4s > 2.0s) -- holding at last known position via gravity compensation.
[pinn_controller_node-1] [WARN] [1785305052.680759976] [pinn_franka_controller]: Trajectory stale (776.4s > 2.0s) -- holding at last known position via gravity compensation.
[pinn_controller_node-1] [WARN] [1785305053.681515284] [pinn_franka_controller]: Trajectory stale (777.4s > 2.0s) -- holding at last known position via gravity compensation.
[pinn_controller_node-1] [WARN] [1785305054.681975540] [pinn_franka_controller]: Trajectory stale (778.4s > 2.0s) -- holding at last known position via gravity compensation.
[pinn_controller_node-1] [WARN] [1785305055.682791880] [pinn_franka_controller]: Trajectory stale (779.4s > 2.0s) -- holding at last known position via gravity compensation.
[pinn_controller_node-1] [WARN] [1785305056.683704862] [pinn_franka_controller]: Trajectory stale (780.4s > 2.0s) -- holding at last known position via gravity compensation.
[pinn_controller_node-1] [WARN] [1785305057.684548522] [pinn_franka_controller]: Trajectory stale (781.4s > 2.0s) -- holding at last known position via gravity compensation.
[pinn_controller_node-1] [WARN] [1785305058.685433905] [pinn_franka_controller]: Trajectory stale (782.4s > 2.0s) -- holding at last known position via gravity compensation.
[pinn_controller_node-1] [WARN] [1785305059.685559692] [pinn_franka_controller]: Trajectory stale (783.4s > 2.0s) -- holding at last known position via gravity compensation.
[pinn_controller_node-1] [WARN] [1785305060.686549984] [pinn_franka_controller]: Trajectory stale (784.4s > 2.0s) -- holding at last known position via gravity compensation.
[pinn_controller_node-1] [WARN] [1785305061.687401615] [pinn_franka_controller]: Trajectory stale (785.4s > 2.0s) -- holding at last known position via gravity compensation.
[pinn_controller_node-1] [WARN] [1785305062.687698933] [pinn_franka_controller]: Trajectory stale (786.4s > 2.0s) -- holding at last known position via gravity compensation.
[pinn_controller_node-1] [WARN] [1785305063.688428035] [pinn_franka_controller]: Trajectory stale (787.4s > 2.0s) -- holding at last known position via gravity compensation.
[pinn_controller_node-1] [WARN] [1785305064.689406110] [pinn_franka_controller]: Trajectory stale (788.4s > 2.0s) -- holding at last known position via gravity compensation.
[pinn_controller_node-1] [WARN] [1785305065.689799773] [pinn_franka_controller]: Trajectory stale (789.4s > 2.0s) -- holding at last known position via gravity compensation.
[pinn_controller_node-1] [WARN] [1785305066.690407534] [pinn_franka_controller]: Trajectory stale (790.4s > 2.0s) -- holding at last known position via gravity compensation.
[pinn_controller_node-1] [WARN] [1785305067.690515596] [pinn_franka_controller]: Trajectory stale (791.4s > 2.0s) -- holding at last known position via gravity compensation.
[pinn_controller_node-1] [WARN] [1785305068.691650641] [pinn_franka_controller]: Trajectory stale (792.4s > 2.0s) -- holding at last known position via gravity compensation.
[pinn_controller_node-1] [WARN] [1785305069.691801981] [pinn_franka_controller]: Trajectory stale (793.4s > 2.0s) -- holding at last known position via gravity compensation.
[pinn_controller_node-1] [WARN] [1785305070.692394195] [pinn_franka_controller]: Trajectory stale (794.4s > 2.0s) -- holding at last known position via gravity compensation.
[pinn_controller_node-1] [WARN] [1785305071.692695171] [pinn_franka_controller]: Trajectory stale (795.4s > 2.0s) -- holding at last known position via gravity compensation.
[pinn_controller_node-1] [WARN] [1785305072.693516874] [pinn_franka_controller]: Trajectory stale (796.4s > 2.0s) -- holding at last known position via gravity compensation.
[pinn_controller_node-1] [WARN] [1785305073.693740972] [pinn_franka_controller]: Trajectory stale (797.4s > 2.0s) -- holding at last known position via gravity compensation.
[pinn_controller_node-1] [WARN] [1785305074.694418172] [pinn_franka_controller]: Trajectory stale (798.4s > 2.0s) -- holding at last known position via gravity compensation.
[pinn_controller_node-1] [WARN] [1785305075.695418142] [pinn_franka_controller]: Trajectory stale (799.4s > 2.0s) -- holding at last known position via gravity compensation.
[pinn_controller_node-1] [WARN] [1785305076.696410613] [pinn_franka_controller]: Trajectory stale (800.4s > 2.0s) -- holding at last known position via gravity compensation.
[pinn_controller_node-1] [WARN] [1785305077.697424239] [pinn_franka_controller]: Trajectory stale (801.4s > 2.0s) -- holding at last known position via gravity compensation.
[pinn_controller_node-1] [WARN] [1785305078.697467205] [pinn_franka_controller]: Trajectory stale (802.4s > 2.0s) -- holding at last known position via gravity compensation.
[pinn_controller_node-1] [WARN] [1785305079.698400412] [pinn_franka_controller]: Trajectory stale (803.4s > 2.0s) -- holding at last known position via gravity compensation.
[pinn_controller_node-1] [WARN] [1785305080.698594934] [pinn_franka_controller]: Trajectory stale (804.4s > 2.0s) -- holding at last known position via gravity compensation.
[pinn_controller_node-1] [WARN] [1785305081.699409825] [pinn_franka_controller]: Trajectory stale (805.4s > 2.0s) -- holding at last known position via gravity compensation.
[pinn_controller_node-1] [WARN] [1785305082.700446874] [pinn_franka_controller]: Trajectory stale (806.4s > 2.0s) -- holding at last known position via gravity compensation.
[pinn_controller_node-1] [WARN] [1785305083.701451063] [pinn_franka_controller]: Trajectory stale (807.4s > 2.0s) -- holding at last known position via gravity compensation.
[pinn_controller_node-1] [WARN] [1785305084.701501692] [pinn_franka_controller]: Trajectory stale (808.4s > 2.0s) -- holding at last known position via gravity compensation.
[pinn_controller_node-1] [WARN] [1785305085.701647736] [pinn_franka_controller]: Trajectory stale (809.4s > 2.0s) -- holding at last known position via gravity compensation.
[pinn_controller_node-1] [WARN] [1785305086.702430654] [pinn_franka_controller]: Trajectory stale (810.4s > 2.0s) -- holding at last known position via gravity compensation.
[pinn_controller_node-1] [WARN] [1785305087.702831653] [pinn_franka_controller]: Trajectory stale (811.4s > 2.0s) -- holding at last known position via gravity compensation.
[pinn_controller_node-1] [WARN] [1785305088.703423774] [pinn_franka_controller]: Trajectory stale (812.4s > 2.0s) -- holding at last known position via gravity compensation.
[pinn_controller_node-1] [WARN] [1785305089.703471988] [pinn_franka_controller]: Trajectory stale (813.4s > 2.0s) -- holding at last known position via gravity compensation.
[pinn_controller_node-1] [WARN] [1785305090.704427721] [pinn_franka_controller]: Trajectory stale (814.4s > 2.0s) -- holding at last known position via gravity compensation.
[pinn_controller_node-1] [WARN] [1785305091.705403860] [pinn_franka_controller]: Trajectory stale (815.4s > 2.0s) -- holding at last known position via gravity compensation.
[pinn_controller_node-1] [WARN] [1785305092.705409947] [pinn_franka_controller]: Trajectory stale (816.4s > 2.0s) -- holding at last known position via gravity compensation.
[pinn_controller_node-1] [WARN] [1785305093.705641620] [pinn_franka_controller]: Trajectory stale (817.4s > 2.0s) -- holding at last known position via gravity compensation.
[pinn_controller_node-1] [WARN] [1785305094.706632359] [pinn_franka_controller]: Trajectory stale (818.4s > 2.0s) -- holding at last known position via gravity compensation.
[pinn_controller_node-1] [WARN] [1785305095.707500979] [pinn_franka_controller]: Trajectory stale (819.4s > 2.0s) -- holding at last known position via gravity compensation.
[pinn_controller_node-1] [WARN] [1785305096.708423064] [pinn_franka_controller]: Trajectory stale (820.4s > 2.0s) -- holding at last known position via gravity compensation.
[pinn_controller_node-1] [WARN] [1785305097.708426318] [pinn_franka_controller]: Trajectory stale (821.4s > 2.0s) -- holding at last known position via gravity compensation.
[pinn_controller_node-1] [WARN] [1785305098.708444472] [pinn_franka_controller]: Trajectory stale (822.4s > 2.0s) -- holding at last known position via gravity compensation.
[pinn_controller_node-1] [WARN] [1785305099.708480855] [pinn_franka_controller]: Trajectory stale (823.4s > 2.0s) -- holding at last known position via gravity compensation.
[pinn_controller_node-1] [WARN] [1785305100.708783132] [pinn_franka_controller]: Trajectory stale (824.4s > 2.0s) -- holding at last known position via gravity compensation.
[pinn_controller_node-1] [WARN] [1785305101.709445663] [pinn_franka_controller]: Trajectory stale (825.4s > 2.0s) -- holding at last known position via gravity compensation.
[pinn_controller_node-1] [WARN] [1785305102.709458975] [pinn_franka_controller]: Trajectory stale (826.4s > 2.0s) -- holding at last known position via gravity compensation.
[pinn_controller_node-1] [WARN] [1785305103.710404201] [pinn_franka_controller]: Trajectory stale (827.4s > 2.0s) -- holding at last known position via gravity compensation.
[pinn_controller_node-1] [WARN] [1785305104.710430102] [pinn_franka_controller]: Trajectory stale (828.4s > 2.0s) -- holding at last known position via gravity compensation.
[pinn_controller_node-1] [WARN] [1785305105.711454551] [pinn_franka_controller]: Trajectory stale (829.4s > 2.0s) -- holding at last known position via gravity compensation.
[pinn_controller_node-1] [WARN] [1785305106.711598986] [pinn_franka_controller]: Trajectory stale (830.4s > 2.0s) -- holding at last known position via gravity compensation.
[pinn_controller_node-1] [WARN] [1785305107.712410305] [pinn_franka_controller]: Trajectory stale (831.4s > 2.0s) -- holding at last known position via gravity compensation.
[pinn_controller_node-1] [WARN] [1785305108.712516871] [pinn_franka_controller]: Trajectory stale (832.4s > 2.0s) -- holding at last known position via gravity compensation.
[pinn_controller_node-1] [WARN] [1785305109.712521856] [pinn_franka_controller]: Trajectory stale (833.4s > 2.0s) -- holding at last known position via gravity compensation.
[pinn_controller_node-1] [WARN] [1785305110.712560781] [pinn_franka_controller]: Trajectory stale (834.4s > 2.0s) -- holding at last known position via gravity compensation.
[pinn_controller_node-1] [WARN] [1785305111.713073374] [pinn_franka_controller]: Trajectory stale (835.4s > 2.0s) -- holding at last known position via gravity compensation.
[pinn_controller_node-1] [WARN] [1785305112.713129261] [pinn_franka_controller]: Trajectory stale (836.4s > 2.0s) -- holding at last known position via gravity compensation.
[pinn_controller_node-1] [WARN] [1785305113.713565466] [pinn_franka_controller]: Trajectory stale (837.4s > 2.0s) -- holding at last known position via gravity compensation.
[pinn_controller_node-1] [WARN] [1785305114.714186331] [pinn_franka_controller]: Trajectory stale (838.4s > 2.0s) -- holding at last known position via gravity compensation.
[pinn_controller_node-1] [WARN] [1785305115.714463591] [pinn_franka_controller]: Trajectory stale (839.4s > 2.0s) -- holding at last known position via gravity compensation.
[pinn_controller_node-1] [WARN] [1785305116.715453708] [pinn_franka_controller]: Trajectory stale (840.4s > 2.0s) -- holding at last known position via gravity compensation.
[pinn_controller_node-1] [WARN] [1785305117.715736487] [pinn_franka_controller]: Trajectory stale (841.4s > 2.0s) -- holding at last known position via gravity compensation.
[pinn_controller_node-1] [WARN] [1785305118.716564710] [pinn_franka_controller]: Trajectory stale (842.4s > 2.0s) -- holding at last known position via gravity compensation.
[pinn_controller_node-1] [WARN] [1785305119.717477574] [pinn_franka_controller]: Trajectory stale (843.4s > 2.0s) -- holding at last known position via gravity compensation.
[pinn_controller_node-1] [WARN] [1785305120.717610466] [pinn_franka_controller]: Trajectory stale (844.4s > 2.0s) -- holding at last known position via gravity compensation.
[pinn_controller_node-1] [WARN] [1785305121.718406151] [pinn_franka_controller]: Trajectory stale (845.4s > 2.0s) -- holding at last known position via gravity compensation.
[pinn_controller_node-1] [WARN] [1785305122.718524709] [pinn_franka_controller]: Trajectory stale (846.4s > 2.0s) -- holding at last known position via gravity compensation.
[pinn_controller_node-1] [WARN] [1785305123.719432279] [pinn_franka_controller]: Trajectory stale (847.4s > 2.0s) -- holding at last known position via gravity compensation.
[pinn_controller_node-1] [WARN] [1785305124.719442329] [pinn_franka_controller]: Trajectory stale (848.4s > 2.0s) -- holding at last known position via gravity compensation.
[pinn_controller_node-1] [WARN] [1785305125.719503183] [pinn_franka_controller]: Trajectory stale (849.4s > 2.0s) -- holding at last known position via gravity compensation.
[pinn_controller_node-1] [WARN] [1785305126.719617528] [pinn_franka_controller]: Trajectory stale (850.4s > 2.0s) -- holding at last known position via gravity compensation.
[pinn_controller_node-1] [WARN] [1785305127.719872218] [pinn_franka_controller]: Trajectory stale (851.4s > 2.0s) -- holding at last known position via gravity compensation.
[pinn_controller_node-1] [WARN] [1785305128.720449262] [pinn_franka_controller]: Trajectory stale (852.4s > 2.0s) -- holding at last known position via gravity compensation.
[pinn_controller_node-1] [WARN] [1785305129.721417904] [pinn_franka_controller]: Trajectory stale (853.4s > 2.0s) -- holding at last known position via gravity compensation.
[pinn_controller_node-1] [WARN] [1785305130.722362829] [pinn_franka_controller]: Trajectory stale (854.4s > 2.0s) -- holding at last known position via gravity compensation.
[pinn_controller_node-1] [WARN] [1785305131.722418080] [pinn_franka_controller]: Trajectory stale (855.4s > 2.0s) -- holding at last known position via gravity compensation.
[pinn_controller_node-1] [WARN] [1785305132.722482534] [pinn_franka_controller]: Trajectory stale (856.4s > 2.0s) -- holding at last known position via gravity compensation.
[pinn_controller_node-1] [WARN] [1785305133.722574757] [pinn_franka_controller]: Trajectory stale (857.4s > 2.0s) -- holding at last known position via gravity compensation.
[pinn_controller_node-1] [WARN] [1785305134.723345069] [pinn_franka_controller]: Trajectory stale (858.4s > 2.0s) -- holding at last known position via gravity compensation.
[pinn_controller_node-1] [WARN] [1785305135.723482952] [pinn_franka_controller]: Trajectory stale (859.4s > 2.0s) -- holding at last known position via gravity compensation.
[pinn_controller_node-1] [WARN] [1785305136.723774438] [pinn_franka_controller]: Trajectory stale (860.4s > 2.0s) -- holding at last known position via gravity compensation.
[pinn_controller_node-1] [WARN] [1785305137.723873131] [pinn_franka_controller]: Trajectory stale (861.4s > 2.0s) -- holding at last known position via gravity compensation.
[pinn_controller_node-1] [WARN] [1785305138.724267370] [pinn_franka_controller]: Trajectory stale (862.4s > 2.0s) -- holding at last known position via gravity compensation.
[pinn_controller_node-1] [WARN] [1785305139.724405581] [pinn_franka_controller]: Trajectory stale (863.4s > 2.0s) -- holding at last known position via gravity compensation.
[pinn_controller_node-1] [WARN] [1785305140.724430170] [pinn_franka_controller]: Trajectory stale (864.4s > 2.0s) -- holding at last known position via gravity compensation.
[pinn_controller_node-1] [WARN] [1785305141.724626749] [pinn_franka_controller]: Trajectory stale (865.4s > 2.0s) -- holding at last known position via gravity compensation.
[pinn_controller_node-1] [WARN] [1785305142.725433178] [pinn_franka_controller]: Trajectory stale (866.4s > 2.0s) -- holding at last known position via gravity compensation.
[pinn_controller_node-1] [WARN] [1785305143.725646334] [pinn_franka_controller]: Trajectory stale (867.4s > 2.0s) -- holding at last known position via gravity compensation.
[pinn_controller_node-1] [WARN] [1785305144.726488195] [pinn_franka_controller]: Trajectory stale (868.4s > 2.0s) -- holding at last known position via gravity compensation.
[pinn_controller_node-1] [WARN] [1785305145.727462328] [pinn_franka_controller]: Trajectory stale (869.4s > 2.0s) -- holding at last known position via gravity compensation.
[pinn_controller_node-1] [WARN] [1785305146.727838956] [pinn_franka_controller]: Trajectory stale (870.4s > 2.0s) -- holding at last known position via gravity compensation.
[pinn_controller_node-1] [WARN] [1785305147.728048053] [pinn_franka_controller]: Trajectory stale (871.4s > 2.0s) -- holding at last known position via gravity compensation.
[pinn_controller_node-1] [WARN] [1785305148.728398345] [pinn_franka_controller]: Trajectory stale (872.4s > 2.0s) -- holding at last known position via gravity compensation.
[pinn_controller_node-1] [WARN] [1785305149.728414043] [pinn_franka_controller]: Trajectory stale (873.4s > 2.0s) -- holding at last known position via gravity compensation.
[pinn_controller_node-1] [WARN] [1785305150.728689300] [pinn_franka_controller]: Trajectory stale (874.4s > 2.0s) -- holding at last known position via gravity compensation.
[pinn_controller_node-1] [WARN] [1785305151.729216389] [pinn_franka_controller]: Trajectory stale (875.4s > 2.0s) -- holding at last known position via gravity compensation.
[pinn_controller_node-1] [WARN] [1785305152.729413723] [pinn_franka_controller]: Trajectory stale (876.4s > 2.0s) -- holding at last known position via gravity compensation.
[pinn_controller_node-1] [WARN] [1785305153.729689567] [pinn_franka_controller]: Trajectory stale (877.4s > 2.0s) -- holding at last known position via gravity compensation.
[pinn_controller_node-1] [WARN] [1785305154.731157102] [pinn_franka_controller]: Trajectory stale (878.4s > 2.0s) -- holding at last known position via gravity compensation.
[pinn_controller_node-1] [WARN] [1785305155.731419671] [pinn_franka_controller]: Trajectory stale (879.4s > 2.0s) -- holding at last known position via gravity compensation.
[pinn_controller_node-1] [WARN] [1785305156.731461486] [pinn_franka_controller]: Trajectory stale (880.4s > 2.0s) -- holding at last known position via gravity compensation.
[pinn_controller_node-1] [WARN] [1785305157.731486872] [pinn_franka_controller]: Trajectory stale (881.4s > 2.0s) -- holding at last known position via gravity compensation.
[pinn_controller_node-1] [WARN] [1785305158.732379161] [pinn_franka_controller]: Trajectory stale (882.4s > 2.0s) -- holding at last known position via gravity compensation.
[pinn_controller_node-1] [WARN] [1785305159.732472055] [pinn_franka_controller]: Trajectory stale (883.4s > 2.0s) -- holding at last known position via gravity compensation.
[pinn_controller_node-1] [WARN] [1785305160.732741344] [pinn_franka_controller]: Trajectory stale (884.4s > 2.0s) -- holding at last known position via gravity compensation.
[pinn_controller_node-1] [WARN] [1785305161.733402782] [pinn_franka_controller]: Trajectory stale (885.4s > 2.0s) -- holding at last known position via gravity compensation.
[pinn_controller_node-1] [WARN] [1785305162.733404243] [pinn_franka_controller]: Trajectory stale (886.4s > 2.0s) -- holding at last known position via gravity compensation.
[pinn_controller_node-1] [WARN] [1785305163.734793532] [pinn_franka_controller]: Trajectory stale (887.4s > 2.0s) -- holding at last known position via gravity compensation.
[pinn_controller_node-1] [WARN] [1785305164.735435286] [pinn_franka_controller]: Trajectory stale (888.5s > 2.0s) -- holding at last known position via gravity compensation.
[pinn_controller_node-1] [WARN] [1785305165.736416785] [pinn_franka_controller]: Trajectory stale (889.5s > 2.0s) -- holding at last known position via gravity compensation.
[pinn_controller_node-1] [WARN] [1785305166.736547170] [pinn_franka_controller]: Trajectory stale (890.5s > 2.0s) -- holding at last known position via gravity compensation.
[pinn_controller_node-1] [WARN] [1785305167.737530642] [pinn_franka_controller]: Trajectory stale (891.5s > 2.0s) -- holding at last known position via gravity compensation.
[pinn_controller_node-1] [WARN] [1785305168.738443076] [pinn_franka_controller]: Trajectory stale (892.5s > 2.0s) -- holding at last known position via gravity compensation.
[pinn_controller_node-1] [WARN] [1785305169.738526312] [pinn_franka_controller]: Trajectory stale (893.5s > 2.0s) -- holding at last known position via gravity compensation.
[pinn_controller_node-1] [WARN] [1785305170.739417692] [pinn_franka_controller]: Trajectory stale (894.5s > 2.0s) -- holding at last known position via gravity compensation.
[pinn_controller_node-1] [WARN] [1785305171.740389628] [pinn_franka_controller]: Trajectory stale (895.5s > 2.0s) -- holding at last known position via gravity compensation.
[pinn_controller_node-1] [WARN] [1785305172.740475731] [pinn_franka_controller]: Trajectory stale (896.5s > 2.0s) -- holding at last known position via gravity compensation.
[pinn_controller_node-1] [WARN] [1785305173.741037515] [pinn_franka_controller]: Trajectory stale (897.5s > 2.0s) -- holding at last known position via gravity compensation.
[pinn_controller_node-1] [WARN] [1785305174.741360306] [pinn_franka_controller]: Trajectory stale (898.5s > 2.0s) -- holding at last known position via gravity compensation.
[pinn_controller_node-1] [WARN] [1785305175.741526380] [pinn_franka_controller]: Trajectory stale (899.5s > 2.0s) -- holding at last known position via gravity compensation.
[pinn_controller_node-1] [WARN] [1785305176.741552376] [pinn_franka_controller]: Trajectory stale (900.5s > 2.0s) -- holding at last known position via gravity compensation.
[pinn_controller_node-1] [WARN] [1785305177.742400937] [pinn_franka_controller]: Trajectory stale (901.5s > 2.0s) -- holding at last known position via gravity compensation.
[pinn_controller_node-1] [WARN] [1785305178.742679865] [pinn_franka_controller]: Trajectory stale (902.5s > 2.0s) -- holding at last known position via gravity compensation.
[pinn_controller_node-1] [WARN] [1785305179.743468938] [pinn_franka_controller]: Trajectory stale (903.5s > 2.0s) -- holding at last known position via gravity compensation.
[pinn_controller_node-1] [WARN] [1785305180.743625926] [pinn_franka_controller]: Trajectory stale (904.5s > 2.0s) -- holding at last known position via gravity compensation.
[pinn_controller_node-1] [WARN] [1785305181.744435784] [pinn_franka_controller]: Trajectory stale (905.5s > 2.0s) -- holding at last known position via gravity compensation.
[pinn_controller_node-1] [WARN] [1785305182.744581809] [pinn_franka_controller]: Trajectory stale (906.5s > 2.0s) -- holding at last known position via gravity compensation.
[pinn_controller_node-1] [WARN] [1785305183.745498855] [pinn_franka_controller]: Trajectory stale (907.5s > 2.0s) -- holding at last known position via gravity compensation.
[pinn_controller_node-1] [WARN] [1785305184.745561194] [pinn_franka_controller]: Trajectory stale (908.5s > 2.0s) -- holding at last known position via gravity compensation.
[pinn_controller_node-1] [WARN] [1785305185.745845661] [pinn_franka_controller]: Trajectory stale (909.5s > 2.0s) -- holding at last known position via gravity compensation.
[pinn_controller_node-1] [WARN] [1785305186.746547792] [pinn_franka_controller]: Trajectory stale (910.5s > 2.0s) -- holding at last known position via gravity compensation.
[pinn_controller_node-1] [WARN] [1785305187.747409816] [pinn_franka_controller]: Trajectory stale (911.5s > 2.0s) -- holding at last known position via gravity compensation.
[pinn_controller_node-1] [WARN] [1785305188.748437499] [pinn_franka_controller]: Trajectory stale (912.5s > 2.0s) -- holding at last known position via gravity compensation.
[pinn_controller_node-1] [WARN] [1785305189.749415121] [pinn_franka_controller]: Trajectory stale (913.5s > 2.0s) -- holding at last known position via gravity compensation.
[pinn_controller_node-1] [WARN] [1785305190.749499488] [pinn_franka_controller]: Trajectory stale (914.5s > 2.0s) -- holding at last known position via gravity compensation.
[pinn_controller_node-1] [WARN] [1785305191.750433586] [pinn_franka_controller]: Trajectory stale (915.5s > 2.0s) -- holding at last known position via gravity compensation.
[pinn_controller_node-1] [WARN] [1785305192.751409826] [pinn_franka_controller]: Trajectory stale (916.5s > 2.0s) -- holding at last known position via gravity compensation.
[pinn_controller_node-1] [WARN] [1785305193.751455166] [pinn_franka_controller]: Trajectory stale (917.5s > 2.0s) -- holding at last known position via gravity compensation.
[pinn_controller_node-1] [WARN] [1785305194.752408172] [pinn_franka_controller]: Trajectory stale (918.5s > 2.0s) -- holding at last known position via gravity compensation.
[pinn_controller_node-1] [WARN] [1785305195.752613068] [pinn_franka_controller]: Trajectory stale (919.5s > 2.0s) -- holding at last known position via gravity compensation.
[pinn_controller_node-1] [WARN] [1785305196.753410599] [pinn_franka_controller]: Trajectory stale (920.5s > 2.0s) -- holding at last known position via gravity compensation.
[pinn_controller_node-1] [WARN] [1785305197.753424383] [pinn_franka_controller]: Trajectory stale (921.5s > 2.0s) -- holding at last known position via gravity compensation.
[pinn_controller_node-1] [WARN] [1785305198.753862530] [pinn_franka_controller]: Trajectory stale (922.5s > 2.0s) -- holding at last known position via gravity compensation.
[pinn_controller_node-1] [WARN] [1785305199.754452099] [pinn_franka_controller]: Trajectory stale (923.5s > 2.0s) -- holding at last known position via gravity compensation.
[pinn_controller_node-1] [WARN] [1785305200.755414623] [pinn_franka_controller]: Trajectory stale (924.5s > 2.0s) -- holding at last known position via gravity compensation.
[pinn_controller_node-1] [WARN] [1785305201.755691665] [pinn_franka_controller]: Trajectory stale (925.5s > 2.0s) -- holding at last known position via gravity compensation.
[pinn_controller_node-1] [WARN] [1785305202.756560777] [pinn_franka_controller]: Trajectory stale (926.5s > 2.0s) -- holding at last known position via gravity compensation.
[pinn_controller_node-1] [WARN] [1785305203.756578685] [pinn_franka_controller]: Trajectory stale (927.5s > 2.0s) -- holding at last known position via gravity compensation.
[pinn_controller_node-1] [WARN] [1785305204.757602592] [pinn_franka_controller]: Trajectory stale (928.5s > 2.0s) -- holding at last known position via gravity compensation.
[pinn_controller_node-1] [WARN] [1785305205.758149548] [pinn_franka_controller]: Trajectory stale (929.5s > 2.0s) -- holding at last known position via gravity compensation.
[pinn_controller_node-1] [WARN] [1785305206.758394663] [pinn_franka_controller]: Trajectory stale (930.5s > 2.0s) -- holding at last known position via gravity compensation.
[pinn_controller_node-1] [WARN] [1785305207.758436644] [pinn_franka_controller]: Trajectory stale (931.5s > 2.0s) -- holding at last known position via gravity compensation.
[pinn_controller_node-1] [WARN] [1785305208.759435253] [pinn_franka_controller]: Trajectory stale (932.5s > 2.0s) -- holding at last known position via gravity compensation.
[pinn_controller_node-1] [WARN] [1785305209.760481807] [pinn_franka_controller]: Trajectory stale (933.5s > 2.0s) -- holding at last known position via gravity compensation.
[pinn_controller_node-1] [WARN] [1785305210.760695834] [pinn_franka_controller]: Trajectory stale (934.5s > 2.0s) -- holding at last known position via gravity compensation.
[pinn_controller_node-1] [WARN] [1785305211.761139296] [pinn_franka_controller]: Trajectory stale (935.5s > 2.0s) -- holding at last known position via gravity compensation.
[pinn_controller_node-1] [WARN] [1785305212.761428178] [pinn_franka_controller]: Trajectory stale (936.5s > 2.0s) -- holding at last known position via gravity compensation.
[pinn_controller_node-1] [WARN] [1785305213.762450542] [pinn_franka_controller]: Trajectory stale (937.5s > 2.0s) -- holding at last known position via gravity compensation.
[pinn_controller_node-1] [WARN] [1785305214.762919890] [pinn_franka_controller]: Trajectory stale (938.5s > 2.0s) -- holding at last known position via gravity compensation.
[pinn_controller_node-1] [WARN] [1785305215.764041561] [pinn_franka_controller]: Trajectory stale (939.5s > 2.0s) -- holding at last known position via gravity compensation.
[pinn_controller_node-1] [WARN] [1785305216.764419423] [pinn_franka_controller]: Trajectory stale (940.5s > 2.0s) -- holding at last known position via gravity compensation.
[pinn_controller_node-1] [WARN] [1785305217.765408461] [pinn_franka_controller]: Trajectory stale (941.5s > 2.0s) -- holding at last known position via gravity compensation.
[pinn_controller_node-1] [WARN] [1785305218.766056233] [pinn_franka_controller]: Trajectory stale (942.5s > 2.0s) -- holding at last known position via gravity compensation.
[pinn_controller_node-1] [WARN] [1785305219.766408644] [pinn_franka_controller]: Trajectory stale (943.5s > 2.0s) -- holding at last known position via gravity compensation.
[pinn_controller_node-1] [WARN] [1785305220.766689922] [pinn_franka_controller]: Trajectory stale (944.5s > 2.0s) -- holding at last known position via gravity compensation.
[pinn_controller_node-1] [WARN] [1785305221.767052779] [pinn_franka_controller]: Trajectory stale (945.5s > 2.0s) -- holding at last known position via gravity compensation.
[pinn_controller_node-1] [WARN] [1785305222.767481522] [pinn_franka_controller]: Trajectory stale (946.5s > 2.0s) -- holding at last known position via gravity compensation.
[pinn_controller_node-1] [WARN] [1785305223.768404064] [pinn_franka_controller]: Trajectory stale (947.5s > 2.0s) -- holding at last known position via gravity compensation.
[pinn_controller_node-1] [WARN] [1785305224.769411430] [pinn_franka_controller]: Trajectory stale (948.5s > 2.0s) -- holding at last known position via gravity compensation.
[pinn_controller_node-1] [WARN] [1785305225.769451556] [pinn_franka_controller]: Trajectory stale (949.5s > 2.0s) -- holding at last known position via gravity compensation.
[pinn_controller_node-1] [WARN] [1785305226.770452270] [pinn_franka_controller]: Trajectory stale (950.5s > 2.0s) -- holding at last known position via gravity compensation.
[pinn_controller_node-1] [WARN] [1785305227.770461068] [pinn_franka_controller]: Trajectory stale (951.5s > 2.0s) -- holding at last known position via gravity compensation.
[pinn_controller_node-1] [WARN] [1785305228.770631142] [pinn_franka_controller]: Trajectory stale (952.5s > 2.0s) -- holding at last known position via gravity compensation.
[pinn_controller_node-1] [WARN] [1785305229.771415142] [pinn_franka_controller]: Trajectory stale (953.5s > 2.0s) -- holding at last known position via gravity compensation.
[pinn_controller_node-1] [WARN] [1785305230.772426415] [pinn_franka_controller]: Trajectory stale (954.5s > 2.0s) -- holding at last known position via gravity compensation.
[pinn_controller_node-1] [WARN] [1785305231.773377786] [pinn_franka_controller]: Trajectory stale (955.5s > 2.0s) -- holding at last known position via gravity compensation.
[pinn_controller_node-1] [WARN] [1785305232.773530067] [pinn_franka_controller]: Trajectory stale (956.5s > 2.0s) -- holding at last known position via gravity compensation.
[pinn_controller_node-1] [WARN] [1785305233.773772405] [pinn_franka_controller]: Trajectory stale (957.5s > 2.0s) -- holding at last known position via gravity compensation.
[pinn_controller_node-1] [WARN] [1785305234.774188375] [pinn_franka_controller]: Trajectory stale (958.5s > 2.0s) -- holding at last known position via gravity compensation.
[pinn_controller_node-1] [WARN] [1785305235.774596659] [pinn_franka_controller]: Trajectory stale (959.5s > 2.0s) -- holding at last known position via gravity compensation.
[pinn_controller_node-1] [WARN] [1785305236.775918795] [pinn_franka_controller]: Trajectory stale (960.5s > 2.0s) -- holding at last known position via gravity compensation.
[pinn_controller_node-1] [WARN] [1785305237.776401058] [pinn_franka_controller]: Trajectory stale (961.5s > 2.0s) -- holding at last known position via gravity compensation.
[pinn_controller_node-1] [WARN] [1785305238.776508502] [pinn_franka_controller]: Trajectory stale (962.5s > 2.0s) -- holding at last known position via gravity compensation.
[pinn_controller_node-1] [WARN] [1785305239.776963862] [pinn_franka_controller]: Trajectory stale (963.5s > 2.0s) -- holding at last known position via gravity compensation.
[pinn_controller_node-1] [WARN] [1785305240.777438297] [pinn_franka_controller]: Trajectory stale (964.5s > 2.0s) -- holding at last known position via gravity compensation.
[pinn_controller_node-1] [WARN] [1785305241.778435951] [pinn_franka_controller]: Trajectory stale (965.5s > 2.0s) -- holding at last known position via gravity compensation.
[pinn_controller_node-1] [WARN] [1785305242.778755210] [pinn_franka_controller]: Trajectory stale (966.5s > 2.0s) -- holding at last known position via gravity compensation.
[pinn_controller_node-1] [WARN] [1785305243.779487497] [pinn_franka_controller]: Trajectory stale (967.5s > 2.0s) -- holding at last known position via gravity compensation.
[pinn_controller_node-1] [WARN] [1785305244.780404749] [pinn_franka_controller]: Trajectory stale (968.5s > 2.0s) -- holding at last known position via gravity compensation.
[pinn_controller_node-1] [WARN] [1785305245.780775288] [pinn_franka_controller]: Trajectory stale (969.5s > 2.0s) -- holding at last known position via gravity compensation.
[pinn_controller_node-1] [WARN] [1785305246.781509760] [pinn_franka_controller]: Trajectory stale (970.5s > 2.0s) -- holding at last known position via gravity compensation.
[pinn_controller_node-1] [WARN] [1785305247.781694775] [pinn_franka_controller]: Trajectory stale (971.5s > 2.0s) -- holding at last known position via gravity compensation.
[pinn_controller_node-1] [WARN] [1785305248.782578051] [pinn_franka_controller]: Trajectory stale (972.5s > 2.0s) -- holding at last known position via gravity compensation.
[pinn_controller_node-1] [WARN] [1785305249.783399168] [pinn_franka_controller]: Trajectory stale (973.5s > 2.0s) -- holding at last known position via gravity compensation.
[pinn_controller_node-1] [WARN] [1785305250.783748368] [pinn_franka_controller]: Trajectory stale (974.5s > 2.0s) -- holding at last known position via gravity compensation.
[pinn_controller_node-1] [WARN] [1785305251.784403819] [pinn_franka_controller]: Trajectory stale (975.5s > 2.0s) -- holding at last known position via gravity compensation.
[pinn_controller_node-1] [WARN] [1785305252.785451528] [pinn_franka_controller]: Trajectory stale (976.5s > 2.0s) -- holding at last known position via gravity compensation.
[pinn_controller_node-1] [WARN] [1785305253.785547164] [pinn_franka_controller]: Trajectory stale (977.5s > 2.0s) -- holding at last known position via gravity compensation.
[pinn_controller_node-1] [WARN] [1785305254.786724005] [pinn_franka_controller]: Trajectory stale (978.5s > 2.0s) -- holding at last known position via gravity compensation.
[pinn_controller_node-1] [WARN] [1785305255.786986398] [pinn_franka_controller]: Trajectory stale (979.5s > 2.0s) -- holding at last known position via gravity compensation.
[pinn_controller_node-1] [WARN] [1785305256.787601139] [pinn_franka_controller]: Trajectory stale (980.5s > 2.0s) -- holding at last known position via gravity compensation.
[pinn_controller_node-1] [WARN] [1785305257.788608816] [pinn_franka_controller]: Trajectory stale (981.5s > 2.0s) -- holding at last known position via gravity compensation.
[pinn_controller_node-1] [WARN] [1785305258.788798771] [pinn_franka_controller]: Trajectory stale (982.5s > 2.0s) -- holding at last known position via gravity compensation.
[pinn_controller_node-1] [WARN] [1785305259.789401020] [pinn_franka_controller]: Trajectory stale (983.5s > 2.0s) -- holding at last known position via gravity compensation.
[pinn_controller_node-1] [WARN] [1785305260.789415935] [pinn_franka_controller]: Trajectory stale (984.5s > 2.0s) -- holding at last known position via gravity compensation.
[pinn_controller_node-1] [WARN] [1785305261.789456916] [pinn_franka_controller]: Trajectory stale (985.5s > 2.0s) -- holding at last known position via gravity compensation.
[pinn_controller_node-1] [WARN] [1785305262.789519308] [pinn_franka_controller]: Trajectory stale (986.5s > 2.0s) -- holding at last known position via gravity compensation.
[pinn_controller_node-1] [WARN] [1785305263.789799166] [pinn_franka_controller]: Trajectory stale (987.5s > 2.0s) -- holding at last known position via gravity compensation.
[pinn_controller_node-1] [WARN] [1785305264.790412642] [pinn_franka_controller]: Trajectory stale (988.5s > 2.0s) -- holding at last known position via gravity compensation.
[pinn_controller_node-1] [WARN] [1785305265.791380813] [pinn_franka_controller]: Trajectory stale (989.5s > 2.0s) -- holding at last known position via gravity compensation.
[pinn_controller_node-1] [WARN] [1785305266.791649185] [pinn_franka_controller]: Trajectory stale (990.5s > 2.0s) -- holding at last known position via gravity compensation.
[pinn_controller_node-1] [WARN] [1785305267.792456643] [pinn_franka_controller]: Trajectory stale (991.5s > 2.0s) -- holding at last known position via gravity compensation.
[pinn_controller_node-1] [WARN] [1785305268.792673011] [pinn_franka_controller]: Trajectory stale (992.5s > 2.0s) -- holding at last known position via gravity compensation.
[pinn_controller_node-1] [WARN] [1785305269.793418883] [pinn_franka_controller]: Trajectory stale (993.5s > 2.0s) -- holding at last known position via gravity compensation.
[pinn_controller_node-1] [WARN] [1785305270.793956987] [pinn_franka_controller]: Trajectory stale (994.5s > 2.0s) -- holding at last known position via gravity compensation.
[pinn_controller_node-1] [WARN] [1785305271.794418615] [pinn_franka_controller]: Trajectory stale (995.5s > 2.0s) -- holding at last known position via gravity compensation.
[pinn_controller_node-1] [WARN] [1785305272.794472768] [pinn_franka_controller]: Trajectory stale (996.5s > 2.0s) -- holding at last known position via gravity compensation.
[pinn_controller_node-1] [WARN] [1785305273.795410866] [pinn_franka_controller]: Trajectory stale (997.5s > 2.0s) -- holding at last known position via gravity compensation.
[pinn_controller_node-1] [WARN] [1785305274.795411618] [pinn_franka_controller]: Trajectory stale (998.5s > 2.0s) -- holding at last known position via gravity compensation.
[pinn_controller_node-1] [WARN] [1785305275.795426067] [pinn_franka_controller]: Trajectory stale (999.5s > 2.0s) -- holding at last known position via gravity compensation.
[pinn_controller_node-1] [WARN] [1785305276.796406935] [pinn_franka_controller]: Trajectory stale (1000.5s > 2.0s) -- holding at last known position via gravity compensation.
[pinn_controller_node-1] [WARN] [1785305277.796410904] [pinn_franka_controller]: Trajectory stale (1001.5s > 2.0s) -- holding at last known position via gravity compensation.
[pinn_controller_node-1] [WARN] [1785305278.796419679] [pinn_franka_controller]: Trajectory stale (1002.5s > 2.0s) -- holding at last known position via gravity compensation.
[pinn_controller_node-1] [WARN] [1785305279.796493636] [pinn_franka_controller]: Trajectory stale (1003.5s > 2.0s) -- holding at last known position via gravity compensation.
[pinn_controller_node-1] [WARN] [1785305280.797621950] [pinn_franka_controller]: Trajectory stale (1004.5s > 2.0s) -- holding at last known position via gravity compensation.
[pinn_controller_node-1] [WARN] [1785305281.798603690] [pinn_franka_controller]: Trajectory stale (1005.5s > 2.0s) -- holding at last known position via gravity compensation.
[pinn_controller_node-1] [WARN] [1785305282.798665892] [pinn_franka_controller]: Trajectory stale (1006.5s > 2.0s) -- holding at last known position via gravity compensation.
[pinn_controller_node-1] [WARN] [1785305283.799548592] [pinn_franka_controller]: Trajectory stale (1007.5s > 2.0s) -- holding at last known position via gravity compensation.
[pinn_controller_node-1] [WARN] [1785305284.800421847] [pinn_franka_controller]: Trajectory stale (1008.5s > 2.0s) -- holding at last known position via gravity compensation.
[pinn_controller_node-1] [WARN] [1785305285.800767915] [pinn_franka_controller]: Trajectory stale (1009.5s > 2.0s) -- holding at last known position via gravity compensation.
[pinn_controller_node-1] [WARN] [1785305286.801415377] [pinn_franka_controller]: Trajectory stale (1010.5s > 2.0s) -- holding at last known position via gravity compensation.
[pinn_controller_node-1] [WARN] [1785305287.801539065] [pinn_franka_controller]: Trajectory stale (1011.5s > 2.0s) -- holding at last known position via gravity compensation.
[pinn_controller_node-1] [WARN] [1785305288.801606063] [pinn_franka_controller]: Trajectory stale (1012.5s > 2.0s) -- holding at last known position via gravity compensation.
[pinn_controller_node-1] [WARN] [1785305289.802434388] [pinn_franka_controller]: Trajectory stale (1013.5s > 2.0s) -- holding at last known position via gravity compensation.
[pinn_controller_node-1] [WARN] [1785305290.803287269] [pinn_franka_controller]: Trajectory stale (1014.5s > 2.0s) -- holding at last known position via gravity compensation.
[pinn_controller_node-1] [WARN] [1785305291.803420730] [pinn_franka_controller]: Trajectory stale (1015.5s > 2.0s) -- holding at last known position via gravity compensation.
[pinn_controller_node-1] [WARN] [1785305292.804409555] [pinn_franka_controller]: Trajectory stale (1016.5s > 2.0s) -- holding at last known position via gravity compensation.
[pinn_controller_node-1] [WARN] [1785305293.805451569] [pinn_franka_controller]: Trajectory stale (1017.5s > 2.0s) -- holding at last known position via gravity compensation.
[pinn_controller_node-1] [WARN] [1785305294.806408834] [pinn_franka_controller]: Trajectory stale (1018.5s > 2.0s) -- holding at last known position via gravity compensation.
[pinn_controller_node-1] [WARN] [1785305295.806750445] [pinn_franka_controller]: Trajectory stale (1019.5s > 2.0s) -- holding at last known position via gravity compensation.
[pinn_controller_node-1] [WARN] [1785305296.807483100] [pinn_franka_controller]: Trajectory stale (1020.5s > 2.0s) -- holding at last known position via gravity compensation.
[pinn_controller_node-1] [WARN] [1785305297.808403629] [pinn_franka_controller]: Trajectory stale (1021.5s > 2.0s) -- holding at last known position via gravity compensation.
[pinn_controller_node-1] [WARN] [1785305298.809308662] [pinn_franka_controller]: Trajectory stale (1022.5s > 2.0s) -- holding at last known position via gravity compensation.
[pinn_controller_node-1] [WARN] [1785305299.809321662] [pinn_franka_controller]: Trajectory stale (1023.5s > 2.0s) -- holding at last known position via gravity compensation.
[pinn_controller_node-1] [WARN] [1785305300.809512982] [pinn_franka_controller]: Trajectory stale (1024.5s > 2.0s) -- holding at last known position via gravity compensation.
[pinn_controller_node-1] [WARN] [1785305301.810563646] [pinn_franka_controller]: Trajectory stale (1025.5s > 2.0s) -- holding at last known position via gravity compensation.
[pinn_controller_node-1] [WARN] [1785305302.811648965] [pinn_franka_controller]: Trajectory stale (1026.5s > 2.0s) -- holding at last known position via gravity compensation.
[pinn_controller_node-1] [WARN] [1785305303.812600567] [pinn_franka_controller]: Trajectory stale (1027.5s > 2.0s) -- holding at last known position via gravity compensation.
[pinn_controller_node-1] [WARN] [1785305304.813448789] [pinn_franka_controller]: Trajectory stale (1028.5s > 2.0s) -- holding at last known position via gravity compensation.
[pinn_controller_node-1] [WARN] [1785305305.813449138] [pinn_franka_controller]: Trajectory stale (1029.5s > 2.0s) -- holding at last known position via gravity compensation.
[pinn_controller_node-1] [WARN] [1785305306.814453377] [pinn_franka_controller]: Trajectory stale (1030.5s > 2.0s) -- holding at last known position via gravity compensation.
[pinn_controller_node-1] [WARN] [1785305307.814522624] [pinn_franka_controller]: Trajectory stale (1031.5s > 2.0s) -- holding at last known position via gravity compensation.
[pinn_controller_node-1] [WARN] [1785305308.815464187] [pinn_franka_controller]: Trajectory stale (1032.5s > 2.0s) -- holding at last known position via gravity compensation.
[pinn_controller_node-1] [WARN] [1785305309.816426058] [pinn_franka_controller]: Trajectory stale (1033.5s > 2.0s) -- holding at last known position via gravity compensation.
[pinn_controller_node-1] [WARN] [1785305310.816683789] [pinn_franka_controller]: Trajectory stale (1034.5s > 2.0s) -- holding at last known position via gravity compensation.
[pinn_controller_node-1] [WARN] [1785305311.817461701] [pinn_franka_controller]: Trajectory stale (1035.5s > 2.0s) -- holding at last known position via gravity compensation.
[pinn_controller_node-1] [WARN] [1785305312.818416605] [pinn_franka_controller]: Trajectory stale (1036.5s > 2.0s) -- holding at last known position via gravity compensation.
[pinn_controller_node-1] [WARN] [1785305313.818454393] [pinn_franka_controller]: Trajectory stale (1037.5s > 2.0s) -- holding at last known position via gravity compensation.
[pinn_controller_node-1] [WARN] [1785305314.818484000] [pinn_franka_controller]: Trajectory stale (1038.5s > 2.0s) -- holding at last known position via gravity compensation.
[pinn_controller_node-1] [WARN] [1785305315.819410950] [pinn_franka_controller]: Trajectory stale (1039.5s > 2.0s) -- holding at last known position via gravity compensation.
[pinn_controller_node-1] [WARN] [1785305316.819495757] [pinn_franka_controller]: Trajectory stale (1040.5s > 2.0s) -- holding at last known position via gravity compensation.
[pinn_controller_node-1] [WARN] [1785305317.820253351] [pinn_franka_controller]: Trajectory stale (1041.5s > 2.0s) -- holding at last known position via gravity compensation.
[pinn_controller_node-1] [WARN] [1785305318.820419962] [pinn_franka_controller]: Trajectory stale (1042.5s > 2.0s) -- holding at last known position via gravity compensation.
[pinn_controller_node-1] [WARN] [1785305319.821006260] [pinn_franka_controller]: Trajectory stale (1043.5s > 2.0s) -- holding at last known position via gravity compensation.
[pinn_controller_node-1] [WARN] [1785305320.821410341] [pinn_franka_controller]: Trajectory stale (1044.5s > 2.0s) -- holding at last known position via gravity compensation.
[pinn_controller_node-1] [WARN] [1785305321.822237328] [pinn_franka_controller]: Trajectory stale (1045.5s > 2.0s) -- holding at last known position via gravity compensation.
[pinn_controller_node-1] [WARN] [1785305322.822806840] [pinn_franka_controller]: Trajectory stale (1046.5s > 2.0s) -- holding at last known position via gravity compensation.
[pinn_controller_node-1] [WARN] [1785305323.823505458] [pinn_franka_controller]: Trajectory stale (1047.5s > 2.0s) -- holding at last known position via gravity compensation.
[pinn_controller_node-1] [WARN] [1785305324.824620275] [pinn_franka_controller]: Trajectory stale (1048.5s > 2.0s) -- holding at last known position via gravity compensation.
[pinn_controller_node-1] [WARN] [1785305325.824702638] [pinn_franka_controller]: Trajectory stale (1049.5s > 2.0s) -- holding at last known position via gravity compensation.
[pinn_controller_node-1] [WARN] [1785305326.825408297] [pinn_franka_controller]: Trajectory stale (1050.5s > 2.0s) -- holding at last known position via gravity compensation.
[pinn_controller_node-1] [WARN] [1785305327.826402050] [pinn_franka_controller]: Trajectory stale (1051.5s > 2.0s) -- holding at last known position via gravity compensation.
[pinn_controller_node-1] [WARN] [1785305328.826465945] [pinn_franka_controller]: Trajectory stale (1052.5s > 2.0s) -- holding at last known position via gravity compensation.
[pinn_controller_node-1] [WARN] [1785305329.827417262] [pinn_franka_controller]: Trajectory stale (1053.5s > 2.0s) -- holding at last known position via gravity compensation.
[pinn_controller_node-1] [WARN] [1785305330.827525586] [pinn_franka_controller]: Trajectory stale (1054.5s > 2.0s) -- holding at last known position via gravity compensation.
[pinn_controller_node-1] [WARN] [1785305331.828427625] [pinn_franka_controller]: Trajectory stale (1055.5s > 2.0s) -- holding at last known position via gravity compensation.
[pinn_controller_node-1] [WARN] [1785305332.828434585] [pinn_franka_controller]: Trajectory stale (1056.5s > 2.0s) -- holding at last known position via gravity compensation.
[pinn_controller_node-1] [WARN] [1785305333.829505169] [pinn_franka_controller]: Trajectory stale (1057.5s > 2.0s) -- holding at last known position via gravity compensation.
[pinn_controller_node-1] [WARN] [1785305334.830301653] [pinn_franka_controller]: Trajectory stale (1058.5s > 2.0s) -- holding at last known position via gravity compensation.
[pinn_controller_node-1] [WARN] [1785305335.830516455] [pinn_franka_controller]: Trajectory stale (1059.5s > 2.0s) -- holding at last known position via gravity compensation.
[pinn_controller_node-1] [WARN] [1785305336.831453687] [pinn_franka_controller]: Trajectory stale (1060.5s > 2.0s) -- holding at last known position via gravity compensation.
[pinn_controller_node-1] [WARN] [1785305337.832402655] [pinn_franka_controller]: Trajectory stale (1061.5s > 2.0s) -- holding at last known position via gravity compensation.
[pinn_controller_node-1] [WARN] [1785305338.833412832] [pinn_franka_controller]: Trajectory stale (1062.5s > 2.0s) -- holding at last known position via gravity compensation.
[pinn_controller_node-1] [WARN] [1785305339.833636926] [pinn_franka_controller]: Trajectory stale (1063.5s > 2.0s) -- holding at last known position via gravity compensation.
[pinn_controller_node-1] [WARN] [1785305340.834500631] [pinn_franka_controller]: Trajectory stale (1064.5s > 2.0s) -- holding at last known position via gravity compensation.
[pinn_controller_node-1] [WARN] [1785305341.834500849] [pinn_franka_controller]: Trajectory stale (1065.5s > 2.0s) -- holding at last known position via gravity compensation.
[pinn_controller_node-1] [WARN] [1785305342.835737636] [pinn_franka_controller]: Trajectory stale (1066.6s > 2.0s) -- holding at last known position via gravity compensation.
[pinn_controller_node-1] [WARN] [1785305343.836428969] [pinn_franka_controller]: Trajectory stale (1067.6s > 2.0s) -- holding at last known position via gravity compensation.
[pinn_controller_node-1] [WARN] [1785305344.836490171] [pinn_franka_controller]: Trajectory stale (1068.6s > 2.0s) -- holding at last known position via gravity compensation.
[pinn_controller_node-1] [WARN] [1785305345.836773389] [pinn_franka_controller]: Trajectory stale (1069.6s > 2.0s) -- holding at last known position via gravity compensation.
[pinn_controller_node-1] [WARN] [1785305346.837412221] [pinn_franka_controller]: Trajectory stale (1070.6s > 2.0s) -- holding at last known position via gravity compensation.
[pinn_controller_node-1] [WARN] [1785305347.837519666] [pinn_franka_controller]: Trajectory stale (1071.6s > 2.0s) -- holding at last known position via gravity compensation.
[pinn_controller_node-1] [WARN] [1785305348.838419559] [pinn_franka_controller]: Trajectory stale (1072.6s > 2.0s) -- holding at last known position via gravity compensation.
[pinn_controller_node-1] [WARN] [1785305349.838988785] [pinn_franka_controller]: Trajectory stale (1073.6s > 2.0s) -- holding at last known position via gravity compensation.
[pinn_controller_node-1] [WARN] [1785305350.839938579] [pinn_franka_controller]: Trajectory stale (1074.6s > 2.0s) -- holding at last known position via gravity compensation.
[pinn_controller_node-1] [WARN] [1785305351.840448737] [pinn_franka_controller]: Trajectory stale (1075.6s > 2.0s) -- holding at last known position via gravity compensation.
[pinn_controller_node-1] [WARN] [1785305352.840572909] [pinn_franka_controller]: Trajectory stale (1076.6s > 2.0s) -- holding at last known position via gravity compensation.
[pinn_controller_node-1] [WARN] [1785305353.841418872] [pinn_franka_controller]: Trajectory stale (1077.6s > 2.0s) -- holding at last known position via gravity compensation.
[pinn_controller_node-1] [WARN] [1785305354.841680238] [pinn_franka_controller]: Trajectory stale (1078.6s > 2.0s) -- holding at last known position via gravity compensation.
[pinn_controller_node-1] [WARN] [1785305355.841722635] [pinn_franka_controller]: Trajectory stale (1079.6s > 2.0s) -- holding at last known position via gravity compensation.
[pinn_controller_node-1] [WARN] [1785305356.842570126] [pinn_franka_controller]: Trajectory stale (1080.6s > 2.0s) -- holding at last known position via gravity compensation.
[pinn_controller_node-1] [WARN] [1785305357.842750656] [pinn_franka_controller]: Trajectory stale (1081.6s > 2.0s) -- holding at last known position via gravity compensation.
[pinn_controller_node-1] [WARN] [1785305358.843409009] [pinn_franka_controller]: Trajectory stale (1082.6s > 2.0s) -- holding at last known position via gravity compensation.
[pinn_controller_node-1] [WARN] [1785305359.843435905] [pinn_franka_controller]: Trajectory stale (1083.6s > 2.0s) -- holding at last known position via gravity compensation.
[pinn_controller_node-1] [WARN] [1785305360.843446568] [pinn_franka_controller]: Trajectory stale (1084.6s > 2.0s) -- holding at last known position via gravity compensation.
[pinn_controller_node-1] [WARN] [1785305361.843516974] [pinn_franka_controller]: Trajectory stale (1085.6s > 2.0s) -- holding at last known position via gravity compensation.
[pinn_controller_node-1] [WARN] [1785305362.844409246] [pinn_franka_controller]: Trajectory stale (1086.6s > 2.0s) -- holding at last known position via gravity compensation.
[pinn_controller_node-1] [WARN] [1785305363.844443010] [pinn_franka_controller]: Trajectory stale (1087.6s > 2.0s) -- holding at last known position via gravity compensation.
[pinn_controller_node-1] [WARN] [1785305364.845446341] [pinn_franka_controller]: Trajectory stale (1088.6s > 2.0s) -- holding at last known position via gravity compensation.
[pinn_controller_node-1] [WARN] [1785305365.845469192] [pinn_franka_controller]: Trajectory stale (1089.6s > 2.0s) -- holding at last known position via gravity compensation.
[pinn_controller_node-1] [WARN] [1785305366.845841449] [pinn_franka_controller]: Trajectory stale (1090.6s > 2.0s) -- holding at last known position via gravity compensation.
[pinn_controller_node-1] [WARN] [1785305367.846409448] [pinn_franka_controller]: Trajectory stale (1091.6s > 2.0s) -- holding at last known position via gravity compensation.
[pinn_controller_node-1] [WARN] [1785305368.846417644] [pinn_franka_controller]: Trajectory stale (1092.6s > 2.0s) -- holding at last known position via gravity compensation.
[pinn_controller_node-1] [WARN] [1785305369.847460142] [pinn_franka_controller]: Trajectory stale (1093.6s > 2.0s) -- holding at last known position via gravity compensation.
[pinn_controller_node-1] [WARN] [1785305370.847634308] [pinn_franka_controller]: Trajectory stale (1094.6s > 2.0s) -- holding at last known position via gravity compensation.
[pinn_controller_node-1] [WARN] [1785305371.848473822] [pinn_franka_controller]: Trajectory stale (1095.6s > 2.0s) -- holding at last known position via gravity compensation.
[pinn_controller_node-1] [WARN] [1785305372.849406430] [pinn_franka_controller]: Trajectory stale (1096.6s > 2.0s) -- holding at last known position via gravity compensation.
[pinn_controller_node-1] [WARN] [1785305373.849522685] [pinn_franka_controller]: Trajectory stale (1097.6s > 2.0s) -- holding at last known position via gravity compensation.
[pinn_controller_node-1] [WARN] [1785305374.850151816] [pinn_franka_controller]: Trajectory stale (1098.6s > 2.0s) -- holding at last known position via gravity compensation.
[pinn_controller_node-1] [WARN] [1785305375.850405376] [pinn_franka_controller]: Trajectory stale (1099.6s > 2.0s) -- holding at last known position via gravity compensation.
[pinn_controller_node-1] [WARN] [1785305376.850445247] [pinn_franka_controller]: Trajectory stale (1100.6s > 2.0s) -- holding at last known position via gravity compensation.
[pinn_controller_node-1] [WARN] [1785305377.850628276] [pinn_franka_controller]: Trajectory stale (1101.6s > 2.0s) -- holding at last known position via gravity compensation.
[pinn_controller_node-1] [WARN] [1785305378.851609029] [pinn_franka_controller]: Trajectory stale (1102.6s > 2.0s) -- holding at last known position via gravity compensation.
[pinn_controller_node-1] [WARN] [1785305379.851634673] [pinn_franka_controller]: Trajectory stale (1103.6s > 2.0s) -- holding at last known position via gravity compensation.
[pinn_controller_node-1] [WARN] [1785305380.852417021] [pinn_franka_controller]: Trajectory stale (1104.6s > 2.0s) -- holding at last known position via gravity compensation.
[pinn_controller_node-1] [WARN] [1785305381.852788913] [pinn_franka_controller]: Trajectory stale (1105.6s > 2.0s) -- holding at last known position via gravity compensation.
[pinn_controller_node-1] [WARN] [1785305382.853406623] [pinn_franka_controller]: Trajectory stale (1106.6s > 2.0s) -- holding at last known position via gravity compensation.
[pinn_controller_node-1] [WARN] [1785305383.853409499] [pinn_franka_controller]: Trajectory stale (1107.6s > 2.0s) -- holding at last known position via gravity compensation.
[pinn_controller_node-1] [WARN] [1785305384.853576805] [pinn_franka_controller]: Trajectory stale (1108.6s > 2.0s) -- holding at last known position via gravity compensation.
[pinn_controller_node-1] [WARN] [1785305385.854413433] [pinn_franka_controller]: Trajectory stale (1109.6s > 2.0s) -- holding at last known position via gravity compensation.
[pinn_controller_node-1] [WARN] [1785305386.855069286] [pinn_franka_controller]: Trajectory stale (1110.6s > 2.0s) -- holding at last known position via gravity compensation.
[pinn_controller_node-1] [WARN] [1785305387.855407889] [pinn_franka_controller]: Trajectory stale (1111.6s > 2.0s) -- holding at last known position via gravity compensation.
[pinn_controller_node-1] [WARN] [1785305388.855800312] [pinn_franka_controller]: Trajectory stale (1112.6s > 2.0s) -- holding at last known position via gravity compensation.
[pinn_controller_node-1] [WARN] [1785305389.856416751] [pinn_franka_controller]: Trajectory stale (1113.6s > 2.0s) -- holding at last known position via gravity compensation.
[pinn_controller_node-1] [WARN] [1785305390.856564766] [pinn_franka_controller]: Trajectory stale (1114.6s > 2.0s) -- holding at last known position via gravity compensation.
[pinn_controller_node-1] [WARN] [1785305391.856785758] [pinn_franka_controller]: Trajectory stale (1115.6s > 2.0s) -- holding at last known position via gravity compensation.
[pinn_controller_node-1] [WARN] [1785305392.857455477] [pinn_franka_controller]: Trajectory stale (1116.6s > 2.0s) -- holding at last known position via gravity compensation.
[pinn_controller_node-1] [WARN] [1785305393.858396525] [pinn_franka_controller]: Trajectory stale (1117.6s > 2.0s) -- holding at last known position via gravity compensation.
[pinn_controller_node-1] [WARN] [1785305394.858553810] [pinn_franka_controller]: Trajectory stale (1118.6s > 2.0s) -- holding at last known position via gravity compensation.
[pinn_controller_node-1] [WARN] [1785305395.858628720] [pinn_franka_controller]: Trajectory stale (1119.6s > 2.0s) -- holding at last known position via gravity compensation.
[pinn_controller_node-1] [WARN] [1785305396.859560557] [pinn_franka_controller]: Trajectory stale (1120.6s > 2.0s) -- holding at last known position via gravity compensation.
[pinn_controller_node-1] [WARN] [1785305397.860555353] [pinn_franka_controller]: Trajectory stale (1121.6s > 2.0s) -- holding at last known position via gravity compensation.
[pinn_controller_node-1] [WARN] [1785305398.861412508] [pinn_franka_controller]: Trajectory stale (1122.6s > 2.0s) -- holding at last known position via gravity compensation.
[pinn_controller_node-1] [WARN] [1785305399.862146498] [pinn_franka_controller]: Trajectory stale (1123.6s > 2.0s) -- holding at last known position via gravity compensation.
[pinn_controller_node-1] [WARN] [1785305400.862719298] [pinn_franka_controller]: Trajectory stale (1124.6s > 2.0s) -- holding at last known position via gravity compensation.
[pinn_controller_node-1] [WARN] [1785305401.863418473] [pinn_franka_controller]: Trajectory stale (1125.6s > 2.0s) -- holding at last known position via gravity compensation.
[pinn_controller_node-1] [WARN] [1785305402.863447324] [pinn_franka_controller]: Trajectory stale (1126.6s > 2.0s) -- holding at last known position via gravity compensation.
[pinn_controller_node-1] [WARN] [1785305403.864408473] [pinn_franka_controller]: Trajectory stale (1127.6s > 2.0s) -- holding at last known position via gravity compensation.
[pinn_controller_node-1] [WARN] [1785305404.864454050] [pinn_franka_controller]: Trajectory stale (1128.6s > 2.0s) -- holding at last known position via gravity compensation.
[pinn_controller_node-1] [WARN] [1785305405.864733991] [pinn_franka_controller]: Trajectory stale (1129.6s > 2.0s) -- holding at last known position via gravity compensation.
[pinn_controller_node-1] [WARN] [1785305406.865438980] [pinn_franka_controller]: Trajectory stale (1130.6s > 2.0s) -- holding at last known position via gravity compensation.
[pinn_controller_node-1] [WARN] [1785305407.865790206] [pinn_franka_controller]: Trajectory stale (1131.6s > 2.0s) -- holding at last known position via gravity compensation.
[pinn_controller_node-1] [WARN] [1785305408.866597607] [pinn_franka_controller]: Trajectory stale (1132.6s > 2.0s) -- holding at last known position via gravity compensation.
[pinn_controller_node-1] [WARN] [1785305409.867406288] [pinn_franka_controller]: Trajectory stale (1133.6s > 2.0s) -- holding at last known position via gravity compensation.
[pinn_controller_node-1] [WARN] [1785305410.868029871] [pinn_franka_controller]: Trajectory stale (1134.6s > 2.0s) -- holding at last known position via gravity compensation.
[pinn_controller_node-1] [WARN] [1785305411.868579740] [pinn_franka_controller]: Trajectory stale (1135.6s > 2.0s) -- holding at last known position via gravity compensation.
[pinn_controller_node-1] [WARN] [1785305412.868791269] [pinn_franka_controller]: Trajectory stale (1136.6s > 2.0s) -- holding at last known position via gravity compensation.
[pinn_controller_node-1] [WARN] [1785305413.869485387] [pinn_franka_controller]: Trajectory stale (1137.6s > 2.0s) -- holding at last known position via gravity compensation.
[pinn_controller_node-1] [WARN] [1785305414.869806662] [pinn_franka_controller]: Trajectory stale (1138.6s > 2.0s) -- holding at last known position via gravity compensation.
[pinn_controller_node-1] [WARN] [1785305415.870416482] [pinn_franka_controller]: Trajectory stale (1139.6s > 2.0s) -- holding at last known position via gravity compensation.
[pinn_controller_node-1] [WARN] [1785305416.870429583] [pinn_franka_controller]: Trajectory stale (1140.6s > 2.0s) -- holding at last known position via gravity compensation.
[pinn_controller_node-1] [WARN] [1785305417.870834124] [pinn_franka_controller]: Trajectory stale (1141.6s > 2.0s) -- holding at last known position via gravity compensation.
[pinn_controller_node-1] [WARN] [1785305418.871220576] [pinn_franka_controller]: Trajectory stale (1142.6s > 2.0s) -- holding at last known position via gravity compensation.
[pinn_controller_node-1] [WARN] [1785305419.872163564] [pinn_franka_controller]: Trajectory stale (1143.6s > 2.0s) -- holding at last known position via gravity compensation.
[pinn_controller_node-1] [WARN] [1785305420.872569904] [pinn_franka_controller]: Trajectory stale (1144.6s > 2.0s) -- holding at last known position via gravity compensation.
[pinn_controller_node-1] [WARN] [1785305421.873432520] [pinn_franka_controller]: Trajectory stale (1145.6s > 2.0s) -- holding at last known position via gravity compensation.
[pinn_controller_node-1] [WARN] [1785305422.874445622] [pinn_franka_controller]: Trajectory stale (1146.6s > 2.0s) -- holding at last known position via gravity compensation.
[pinn_controller_node-1] [WARN] [1785305423.875453793] [pinn_franka_controller]: Trajectory stale (1147.6s > 2.0s) -- holding at last known position via gravity compensation.
[pinn_controller_node-1] [WARN] [1785305424.876457174] [pinn_franka_controller]: Trajectory stale (1148.6s > 2.0s) -- holding at last known position via gravity compensation.
[pinn_controller_node-1] [WARN] [1785305425.876560115] [pinn_franka_controller]: Trajectory stale (1149.6s > 2.0s) -- holding at last known position via gravity compensation.
[pinn_controller_node-1] [WARN] [1785305426.876931601] [pinn_franka_controller]: Trajectory stale (1150.6s > 2.0s) -- holding at last known position via gravity compensation.
[pinn_controller_node-1] [WARN] [1785305427.877411780] [pinn_franka_controller]: Trajectory stale (1151.6s > 2.0s) -- holding at last known position via gravity compensation.
[pinn_controller_node-1] [WARN] [1785305428.878456641] [pinn_franka_controller]: Trajectory stale (1152.6s > 2.0s) -- holding at last known position via gravity compensation.
[pinn_controller_node-1] [WARN] [1785305429.878658051] [pinn_franka_controller]: Trajectory stale (1153.6s > 2.0s) -- holding at last known position via gravity compensation.
[pinn_controller_node-1] [WARN] [1785305430.879529485] [pinn_franka_controller]: Trajectory stale (1154.6s > 2.0s) -- holding at last known position via gravity compensation.
[pinn_controller_node-1] [WARN] [1785305431.880420513] [pinn_franka_controller]: Trajectory stale (1155.6s > 2.0s) -- holding at last known position via gravity compensation.
[pinn_controller_node-1] [WARN] [1785305432.880449428] [pinn_franka_controller]: Trajectory stale (1156.6s > 2.0s) -- holding at last known position via gravity compensation.
[pinn_controller_node-1] [WARN] [1785305433.881442023] [pinn_franka_controller]: Trajectory stale (1157.6s > 2.0s) -- holding at last known position via gravity compensation.
[pinn_controller_node-1] [WARN] [1785305434.881545946] [pinn_franka_controller]: Trajectory stale (1158.6s > 2.0s) -- holding at last known position via gravity compensation.
[pinn_controller_node-1] [WARN] [1785305435.881698994] [pinn_franka_controller]: Trajectory stale (1159.6s > 2.0s) -- holding at last known position via gravity compensation.
[pinn_controller_node-1] [WARN] [1785305436.882352521] [pinn_franka_controller]: Trajectory stale (1160.6s > 2.0s) -- holding at last known position via gravity compensation.
[pinn_controller_node-1] [WARN] [1785305437.882416835] [pinn_franka_controller]: Trajectory stale (1161.6s > 2.0s) -- holding at last known position via gravity compensation.
[pinn_controller_node-1] [WARN] [1785305438.883456839] [pinn_franka_controller]: Trajectory stale (1162.6s > 2.0s) -- holding at last known position via gravity compensation.
[pinn_controller_node-1] [WARN] [1785305439.884425752] [pinn_franka_controller]: Trajectory stale (1163.6s > 2.0s) -- holding at last known position via gravity compensation.
[pinn_controller_node-1] [WARN] [1785305440.884524984] [pinn_franka_controller]: Trajectory stale (1164.6s > 2.0s) -- holding at last known position via gravity compensation.
[pinn_controller_node-1] [WARN] [1785305441.884909285] [pinn_franka_controller]: Trajectory stale (1165.6s > 2.0s) -- holding at last known position via gravity compensation.
[pinn_controller_node-1] [WARN] [1785305442.885409429] [pinn_franka_controller]: Trajectory stale (1166.6s > 2.0s) -- holding at last known position via gravity compensation.
[pinn_controller_node-1] [WARN] [1785305443.886483397] [pinn_franka_controller]: Trajectory stale (1167.6s > 2.0s) -- holding at last known position via gravity compensation.
[pinn_controller_node-1] [WARN] [1785305444.887268495] [pinn_franka_controller]: Trajectory stale (1168.6s > 2.0s) -- holding at last known position via gravity compensation.
[pinn_controller_node-1] [WARN] [1785305445.887408798] [pinn_franka_controller]: Trajectory stale (1169.6s > 2.0s) -- holding at last known position via gravity compensation.
[pinn_controller_node-1] [WARN] [1785305446.887512764] [pinn_franka_controller]: Trajectory stale (1170.6s > 2.0s) -- holding at last known position via gravity compensation.
[pinn_controller_node-1] [WARN] [1785305447.888424737] [pinn_franka_controller]: Trajectory stale (1171.6s > 2.0s) -- holding at last known position via gravity compensation.
[pinn_controller_node-1] [WARN] [1785305448.889133637] [pinn_franka_controller]: Trajectory stale (1172.6s > 2.0s) -- holding at last known position via gravity compensation.
[pinn_controller_node-1] [WARN] [1785305449.889453240] [pinn_franka_controller]: Trajectory stale (1173.6s > 2.0s) -- holding at last known position via gravity compensation.
[pinn_controller_node-1] [WARN] [1785305450.889501903] [pinn_franka_controller]: Trajectory stale (1174.6s > 2.0s) -- holding at last known position via gravity compensation.
[pinn_controller_node-1] [WARN] [1785305451.890429631] [pinn_franka_controller]: Trajectory stale (1175.6s > 2.0s) -- holding at last known position via gravity compensation.
[pinn_controller_node-1] [WARN] [1785305452.890765526] [pinn_franka_controller]: Trajectory stale (1176.6s > 2.0s) -- holding at last known position via gravity compensation.
[pinn_controller_node-1] [WARN] [1785305453.891419695] [pinn_franka_controller]: Trajectory stale (1177.6s > 2.0s) -- holding at last known position via gravity compensation.
[pinn_controller_node-1] [WARN] [1785305454.892405940] [pinn_franka_controller]: Trajectory stale (1178.6s > 2.0s) -- holding at last known position via gravity compensation.
[pinn_controller_node-1] [WARN] [1785305455.892421338] [pinn_franka_controller]: Trajectory stale (1179.6s > 2.0s) -- holding at last known position via gravity compensation.
[pinn_controller_node-1] [WARN] [1785305456.892609546] [pinn_franka_controller]: Trajectory stale (1180.6s > 2.0s) -- holding at last known position via gravity compensation.
[pinn_controller_node-1] [WARN] [1785305457.893072707] [pinn_franka_controller]: Trajectory stale (1181.6s > 2.0s) -- holding at last known position via gravity compensation.
[pinn_controller_node-1] [WARN] [1785305458.893448268] [pinn_franka_controller]: Trajectory stale (1182.6s > 2.0s) -- holding at last known position via gravity compensation.
[pinn_controller_node-1] [WARN] [1785305459.894457539] [pinn_franka_controller]: Trajectory stale (1183.6s > 2.0s) -- holding at last known position via gravity compensation.
[pinn_controller_node-1] [WARN] [1785305460.894531845] [pinn_franka_controller]: Trajectory stale (1184.6s > 2.0s) -- holding at last known position via gravity compensation.
[pinn_controller_node-1] [WARN] [1785305461.895401685] [pinn_franka_controller]: Trajectory stale (1185.6s > 2.0s) -- holding at last known position via gravity compensation.
[pinn_controller_node-1] [WARN] [1785305462.895786373] [pinn_franka_controller]: Trajectory stale (1186.6s > 2.0s) -- holding at last known position via gravity compensation.
[pinn_controller_node-1] [WARN] [1785305463.895920316] [pinn_franka_controller]: Trajectory stale (1187.6s > 2.0s) -- holding at last known position via gravity compensation.
[pinn_controller_node-1] [WARN] [1785305464.896446710] [pinn_franka_controller]: Trajectory stale (1188.6s > 2.0s) -- holding at last known position via gravity compensation.
[pinn_controller_node-1] [WARN] [1785305465.897461275] [pinn_franka_controller]: Trajectory stale (1189.6s > 2.0s) -- holding at last known position via gravity compensation.
[pinn_controller_node-1] [WARN] [1785305466.898398348] [pinn_franka_controller]: Trajectory stale (1190.6s > 2.0s) -- holding at last known position via gravity compensation.
[pinn_controller_node-1] [WARN] [1785305467.898471691] [pinn_franka_controller]: Trajectory stale (1191.6s > 2.0s) -- holding at last known position via gravity compensation.
[pinn_controller_node-1] [WARN] [1785305468.899410887] [pinn_franka_controller]: Trajectory stale (1192.6s > 2.0s) -- holding at last known position via gravity compensation.
[pinn_controller_node-1] [WARN] [1785305469.900426449] [pinn_franka_controller]: Trajectory stale (1193.6s > 2.0s) -- holding at last known position via gravity compensation.
[pinn_controller_node-1] [WARN] [1785305470.901290395] [pinn_franka_controller]: Trajectory stale (1194.6s > 2.0s) -- holding at last known position via gravity compensation.
[pinn_controller_node-1] [WARN] [1785305471.901582442] [pinn_franka_controller]: Trajectory stale (1195.6s > 2.0s) -- holding at last known position via gravity compensation.
[pinn_controller_node-1] [WARN] [1785305472.902405630] [pinn_franka_controller]: Trajectory stale (1196.6s > 2.0s) -- holding at last known position via gravity compensation.
[pinn_controller_node-1] [WARN] [1785305473.903123752] [pinn_franka_controller]: Trajectory stale (1197.6s > 2.0s) -- holding at last known position via gravity compensation.
[pinn_controller_node-1] [WARN] [1785305474.903475758] [pinn_franka_controller]: Trajectory stale (1198.6s > 2.0s) -- holding at last known position via gravity compensation.
[pinn_controller_node-1] [WARN] [1785305475.904420240] [pinn_franka_controller]: Trajectory stale (1199.6s > 2.0s) -- holding at last known position via gravity compensation.
[pinn_controller_node-1] [WARN] [1785305476.904428547] [pinn_franka_controller]: Trajectory stale (1200.6s > 2.0s) -- holding at last known position via gravity compensation.
[pinn_controller_node-1] [WARN] [1785305477.905411969] [pinn_franka_controller]: Trajectory stale (1201.6s > 2.0s) -- holding at last known position via gravity compensation.
[pinn_controller_node-1] [WARN] [1785305478.905472737] [pinn_franka_controller]: Trajectory stale (1202.6s > 2.0s) -- holding at last known position via gravity compensation.
[pinn_controller_node-1] [WARN] [1785305479.905473612] [pinn_franka_controller]: Trajectory stale (1203.6s > 2.0s) -- holding at last known position via gravity compensation.
[pinn_controller_node-1] [WARN] [1785305480.905597114] [pinn_franka_controller]: Trajectory stale (1204.6s > 2.0s) -- holding at last known position via gravity compensation.
[pinn_controller_node-1] [WARN] [1785305481.906406400] [pinn_franka_controller]: Trajectory stale (1205.6s > 2.0s) -- holding at last known position via gravity compensation.
[pinn_controller_node-1] [WARN] [1785305482.908125065] [pinn_franka_controller]: Trajectory stale (1206.6s > 2.0s) -- holding at last known position via gravity compensation.
[pinn_controller_node-1] [WARN] [1785305483.908407087] [pinn_franka_controller]: Trajectory stale (1207.6s > 2.0s) -- holding at last known position via gravity compensation.
[pinn_controller_node-1] [WARN] [1785305484.909405126] [pinn_franka_controller]: Trajectory stale (1208.6s > 2.0s) -- holding at last known position via gravity compensation.
[pinn_controller_node-1] [WARN] [1785305485.909421885] [pinn_franka_controller]: Trajectory stale (1209.6s > 2.0s) -- holding at last known position via gravity compensation.
[pinn_controller_node-1] [WARN] [1785305486.909537060] [pinn_franka_controller]: Trajectory stale (1210.6s > 2.0s) -- holding at last known position via gravity compensation.
[pinn_controller_node-1] [WARN] [1785305487.909573087] [pinn_franka_controller]: Trajectory stale (1211.6s > 2.0s) -- holding at last known position via gravity compensation.
[pinn_controller_node-1] [WARN] [1785305488.910404192] [pinn_franka_controller]: Trajectory stale (1212.6s > 2.0s) -- holding at last known position via gravity compensation.
[pinn_controller_node-1] [WARN] [1785305489.910447358] [pinn_franka_controller]: Trajectory stale (1213.6s > 2.0s) -- holding at last known position via gravity compensation.
[pinn_controller_node-1] [WARN] [1785305490.911407216] [pinn_franka_controller]: Trajectory stale (1214.6s > 2.0s) -- holding at last known position via gravity compensation.
[pinn_controller_node-1] [WARN] [1785305491.911440809] [pinn_franka_controller]: Trajectory stale (1215.6s > 2.0s) -- holding at last known position via gravity compensation.
[pinn_controller_node-1] [WARN] [1785305492.912431773] [pinn_franka_controller]: Trajectory stale (1216.6s > 2.0s) -- holding at last known position via gravity compensation.
[pinn_controller_node-1] [WARN] [1785305493.912472822] [pinn_franka_controller]: Trajectory stale (1217.6s > 2.0s) -- holding at last known position via gravity compensation.
[pinn_controller_node-1] [WARN] [1785305494.912562994] [pinn_franka_controller]: Trajectory stale (1218.6s > 2.0s) -- holding at last known position via gravity compensation.
[pinn_controller_node-1] [WARN] [1785305495.913137411] [pinn_franka_controller]: Trajectory stale (1219.6s > 2.0s) -- holding at last known position via gravity compensation.
[pinn_controller_node-1] [WARN] [1785305496.913490924] [pinn_franka_controller]: Trajectory stale (1220.6s > 2.0s) -- holding at last known position via gravity compensation.
[pinn_controller_node-1] [WARN] [1785305497.913726725] [pinn_franka_controller]: Trajectory stale (1221.6s > 2.0s) -- holding at last known position via gravity compensation.
[pinn_controller_node-1] [WARN] [1785305498.913797401] [pinn_franka_controller]: Trajectory stale (1222.6s > 2.0s) -- holding at last known position via gravity compensation.
[pinn_controller_node-1] [WARN] [1785305499.914083880] [pinn_franka_controller]: Trajectory stale (1223.6s > 2.0s) -- holding at last known position via gravity compensation.
[pinn_controller_node-1] [WARN] [1785305500.914420114] [pinn_franka_controller]: Trajectory stale (1224.6s > 2.0s) -- holding at last known position via gravity compensation.
[pinn_controller_node-1] [WARN] [1785305501.915415743] [pinn_franka_controller]: Trajectory stale (1225.6s > 2.0s) -- holding at last known position via gravity compensation.
[pinn_controller_node-1] [WARN] [1785305502.915431367] [pinn_franka_controller]: Trajectory stale (1226.6s > 2.0s) -- holding at last known position via gravity compensation.
[pinn_controller_node-1] [WARN] [1785305503.915526067] [pinn_franka_controller]: Trajectory stale (1227.6s > 2.0s) -- holding at last known position via gravity compensation.
[pinn_controller_node-1] [WARN] [1785305504.915611319] [pinn_franka_controller]: Trajectory stale (1228.6s > 2.0s) -- holding at last known position via gravity compensation.
[pinn_controller_node-1] [WARN] [1785305505.916405703] [pinn_franka_controller]: Trajectory stale (1229.6s > 2.0s) -- holding at last known position via gravity compensation.
[pinn_controller_node-1] [WARN] [1785305506.916435374] [pinn_franka_controller]: Trajectory stale (1230.6s > 2.0s) -- holding at last known position via gravity compensation.
[pinn_controller_node-1] [WARN] [1785305507.916449551] [pinn_franka_controller]: Trajectory stale (1231.6s > 2.0s) -- holding at last known position via gravity compensation.
[pinn_controller_node-1] [WARN] [1785305508.916616912] [pinn_franka_controller]: Trajectory stale (1232.6s > 2.0s) -- holding at last known position via gravity compensation.
[pinn_controller_node-1] [WARN] [1785305509.917510032] [pinn_franka_controller]: Trajectory stale (1233.6s > 2.0s) -- holding at last known position via gravity compensation.
[pinn_controller_node-1] [WARN] [1785305510.917560272] [pinn_franka_controller]: Trajectory stale (1234.6s > 2.0s) -- holding at last known position via gravity compensation.
[pinn_controller_node-1] [WARN] [1785305511.918400646] [pinn_franka_controller]: Trajectory stale (1235.6s > 2.0s) -- holding at last known position via gravity compensation.
[pinn_controller_node-1] [WARN] [1785305512.919377900] [pinn_franka_controller]: Trajectory stale (1236.6s > 2.0s) -- holding at last known position via gravity compensation.
[pinn_controller_node-1] [WARN] [1785305513.919580521] [pinn_franka_controller]: Trajectory stale (1237.6s > 2.0s) -- holding at last known position via gravity compensation.
[pinn_controller_node-1] [WARN] [1785305514.920415812] [pinn_franka_controller]: Trajectory stale (1238.6s > 2.0s) -- holding at last known position via gravity compensation.
[pinn_controller_node-1] [WARN] [1785305515.921407635] [pinn_franka_controller]: Trajectory stale (1239.6s > 2.0s) -- holding at last known position via gravity compensation.
[pinn_controller_node-1] [WARN] [1785305516.922431627] [pinn_franka_controller]: Trajectory stale (1240.6s > 2.0s) -- holding at last known position via gravity compensation.
[pinn_controller_node-1] [WARN] [1785305517.922599411] [pinn_franka_controller]: Trajectory stale (1241.6s > 2.0s) -- holding at last known position via gravity compensation.
[pinn_controller_node-1] [WARN] [1785305518.923344771] [pinn_franka_controller]: Trajectory stale (1242.6s > 2.0s) -- holding at last known position via gravity compensation.
[pinn_controller_node-1] [WARN] [1785305519.923621192] [pinn_franka_controller]: Trajectory stale (1243.6s > 2.0s) -- holding at last known position via gravity compensation.
[pinn_controller_node-1] [WARN] [1785305520.923865835] [pinn_franka_controller]: Trajectory stale (1244.6s > 2.0s) -- holding at last known position via gravity compensation.
[pinn_controller_node-1] [WARN] [1785305521.924427943] [pinn_franka_controller]: Trajectory stale (1245.6s > 2.0s) -- holding at last known position via gravity compensation.
[pinn_controller_node-1] [WARN] [1785305522.925457536] [pinn_franka_controller]: Trajectory stale (1246.6s > 2.0s) -- holding at last known position via gravity compensation.
[pinn_controller_node-1] [WARN] [1785305523.925561994] [pinn_franka_controller]: Trajectory stale (1247.6s > 2.0s) -- holding at last known position via gravity compensation.
[pinn_controller_node-1] [WARN] [1785305524.926500714] [pinn_franka_controller]: Trajectory stale (1248.6s > 2.0s) -- holding at last known position via gravity compensation.
[pinn_controller_node-1] [WARN] [1785305525.927462598] [pinn_franka_controller]: Trajectory stale (1249.6s > 2.0s) -- holding at last known position via gravity compensation.
[pinn_controller_node-1] [WARN] [1785305526.928489289] [pinn_franka_controller]: Trajectory stale (1250.6s > 2.0s) -- holding at last known position via gravity compensation.
[pinn_controller_node-1] [WARN] [1785305527.929434986] [pinn_franka_controller]: Trajectory stale (1251.6s > 2.0s) -- holding at last known position via gravity compensation.
[pinn_controller_node-1] [WARN] [1785305528.929760919] [pinn_franka_controller]: Trajectory stale (1252.6s > 2.0s) -- holding at last known position via gravity compensation.
[pinn_controller_node-1] [WARN] [1785305529.930549604] [pinn_franka_controller]: Trajectory stale (1253.6s > 2.0s) -- holding at last known position via gravity compensation.
[pinn_controller_node-1] [WARN] [1785305530.931408126] [pinn_franka_controller]: Trajectory stale (1254.6s > 2.0s) -- holding at last known position via gravity compensation.
[pinn_controller_node-1] [WARN] [1785305531.931416054] [pinn_franka_controller]: Trajectory stale (1255.6s > 2.0s) -- holding at last known position via gravity compensation.
[pinn_controller_node-1] [WARN] [1785305532.931889355] [pinn_franka_controller]: Trajectory stale (1256.6s > 2.0s) -- holding at last known position via gravity compensation.
[pinn_controller_node-1] [WARN] [1785305533.932552872] [pinn_franka_controller]: Trajectory stale (1257.6s > 2.0s) -- holding at last known position via gravity compensation.
[pinn_controller_node-1] [WARN] [1785305534.933413494] [pinn_franka_controller]: Trajectory stale (1258.6s > 2.0s) -- holding at last known position via gravity compensation.
[pinn_controller_node-1] [WARN] [1785305535.933419205] [pinn_franka_controller]: Trajectory stale (1259.6s > 2.0s) -- holding at last known position via gravity compensation.
[pinn_controller_node-1] [WARN] [1785305536.934449378] [pinn_franka_controller]: Trajectory stale (1260.6s > 2.0s) -- holding at last known position via gravity compensation.
[pinn_controller_node-1] [WARN] [1785305537.934546082] [pinn_franka_controller]: Trajectory stale (1261.6s > 2.0s) -- holding at last known position via gravity compensation.
[pinn_controller_node-1] [WARN] [1785305538.935365140] [pinn_franka_controller]: Trajectory stale (1262.7s > 2.0s) -- holding at last known position via gravity compensation.
[pinn_controller_node-1] [WARN] [1785305539.935859020] [pinn_franka_controller]: Trajectory stale (1263.7s > 2.0s) -- holding at last known position via gravity compensation.
[pinn_controller_node-1] [WARN] [1785305540.936444896] [pinn_franka_controller]: Trajectory stale (1264.7s > 2.0s) -- holding at last known position via gravity compensation.
[pinn_controller_node-1] [WARN] [1785305541.936600058] [pinn_franka_controller]: Trajectory stale (1265.7s > 2.0s) -- holding at last known position via gravity compensation.
[pinn_controller_node-1] [WARN] [1785305542.937400721] [pinn_franka_controller]: Trajectory stale (1266.7s > 2.0s) -- holding at last known position via gravity compensation.
[pinn_controller_node-1] [WARN] [1785305543.937434712] [pinn_franka_controller]: Trajectory stale (1267.7s > 2.0s) -- holding at last known position via gravity compensation.
[pinn_controller_node-1] [WARN] [1785305544.938405696] [pinn_franka_controller]: Trajectory stale (1268.7s > 2.0s) -- holding at last known position via gravity compensation.
[pinn_controller_node-1] [WARN] [1785305545.938412609] [pinn_franka_controller]: Trajectory stale (1269.7s > 2.0s) -- holding at last known position via gravity compensation.
[pinn_controller_node-1] [WARN] [1785305546.938461458] [pinn_franka_controller]: Trajectory stale (1270.7s > 2.0s) -- holding at last known position via gravity compensation.
[pinn_controller_node-1] [WARN] [1785305547.939407152] [pinn_franka_controller]: Trajectory stale (1271.7s > 2.0s) -- holding at last known position via gravity compensation.
[pinn_controller_node-1] [WARN] [1785305548.939778030] [pinn_franka_controller]: Trajectory stale (1272.7s > 2.0s) -- holding at last known position via gravity compensation.
[pinn_controller_node-1] [WARN] [1785305549.940497425] [pinn_franka_controller]: Trajectory stale (1273.7s > 2.0s) -- holding at last known position via gravity compensation.
[pinn_controller_node-1] [WARN] [1785305550.940600784] [pinn_franka_controller]: Trajectory stale (1274.7s > 2.0s) -- holding at last known position via gravity compensation.
[pinn_controller_node-1] [WARN] [1785305551.941416153] [pinn_franka_controller]: Trajectory stale (1275.7s > 2.0s) -- holding at last known position via gravity compensation.
[pinn_controller_node-1] [WARN] [1785305552.941923048] [pinn_franka_controller]: Trajectory stale (1276.7s > 2.0s) -- holding at last known position via gravity compensation.
[pinn_controller_node-1] [WARN] [1785305553.942720640] [pinn_franka_controller]: Trajectory stale (1277.7s > 2.0s) -- holding at last known position via gravity compensation.
[pinn_controller_node-1] [WARN] [1785305554.943500408] [pinn_franka_controller]: Trajectory stale (1278.7s > 2.0s) -- holding at last known position via gravity compensation.
[pinn_controller_node-1] [WARN] [1785305555.944409178] [pinn_franka_controller]: Trajectory stale (1279.7s > 2.0s) -- holding at last known position via gravity compensation.
[pinn_controller_node-1] [WARN] [1785305556.945411933] [pinn_franka_controller]: Trajectory stale (1280.7s > 2.0s) -- holding at last known position via gravity compensation.
[pinn_controller_node-1] [WARN] [1785305557.945458497] [pinn_franka_controller]: Trajectory stale (1281.7s > 2.0s) -- holding at last known position via gravity compensation.
[pinn_controller_node-1] [WARN] [1785305558.945669661] [pinn_franka_controller]: Trajectory stale (1282.7s > 2.0s) -- holding at last known position via gravity compensation.
[pinn_controller_node-1] [WARN] [1785305559.946437373] [pinn_franka_controller]: Trajectory stale (1283.7s > 2.0s) -- holding at last known position via gravity compensation.
[pinn_controller_node-1] [WARN] [1785305560.947136280] [pinn_franka_controller]: Trajectory stale (1284.7s > 2.0s) -- holding at last known position via gravity compensation.
[pinn_controller_node-1] [WARN] [1785305561.947454503] [pinn_franka_controller]: Trajectory stale (1285.7s > 2.0s) -- holding at last known position via gravity compensation.
[pinn_controller_node-1] [WARN] [1785305562.948425588] [pinn_franka_controller]: Trajectory stale (1286.7s > 2.0s) -- holding at last known position via gravity compensation.
[pinn_controller_node-1] [WARN] [1785305563.948698264] [pinn_franka_controller]: Trajectory stale (1287.7s > 2.0s) -- holding at last known position via gravity compensation.
[pinn_controller_node-1] [WARN] [1785305564.949422583] [pinn_franka_controller]: Trajectory stale (1288.7s > 2.0s) -- holding at last known position via gravity compensation.
[pinn_controller_node-1] [WARN] [1785305565.949425096] [pinn_franka_controller]: Trajectory stale (1289.7s > 2.0s) -- holding at last known position via gravity compensation.
[pinn_controller_node-1] [WARN] [1785305566.949557044] [pinn_franka_controller]: Trajectory stale (1290.7s > 2.0s) -- holding at last known position via gravity compensation.
[pinn_controller_node-1] [WARN] [1785305567.949797892] [pinn_franka_controller]: Trajectory stale (1291.7s > 2.0s) -- holding at last known position via gravity compensation.
[pinn_controller_node-1] [WARN] [1785305568.950544031] [pinn_franka_controller]: Trajectory stale (1292.7s > 2.0s) -- holding at last known position via gravity compensation.
[pinn_controller_node-1] [WARN] [1785305569.951574584] [pinn_franka_controller]: Trajectory stale (1293.7s > 2.0s) -- holding at last known position via gravity compensation.
[pinn_controller_node-1] [WARN] [1785305570.952439004] [pinn_franka_controller]: Trajectory stale (1294.7s > 2.0s) -- holding at last known position via gravity compensation.
[pinn_controller_node-1] [WARN] [1785305571.953557551] [pinn_franka_controller]: Trajectory stale (1295.7s > 2.0s) -- holding at last known position via gravity compensation.
[pinn_controller_node-1] [WARN] [1785305572.954376882] [pinn_franka_controller]: Trajectory stale (1296.7s > 2.0s) -- holding at last known position via gravity compensation.
[pinn_controller_node-1] [WARN] [1785305573.954721546] [pinn_franka_controller]: Trajectory stale (1297.7s > 2.0s) -- holding at last known position via gravity compensation.
[pinn_controller_node-1] [WARN] [1785305574.955483434] [pinn_franka_controller]: Trajectory stale (1298.7s > 2.0s) -- holding at last known position via gravity compensation.
[pinn_controller_node-1] [WARN] [1785305575.955514120] [pinn_franka_controller]: Trajectory stale (1299.7s > 2.0s) -- holding at last known position via gravity compensation.
[pinn_controller_node-1] [WARN] [1785305576.956414594] [pinn_franka_controller]: Trajectory stale (1300.7s > 2.0s) -- holding at last known position via gravity compensation.
[pinn_controller_node-1] [WARN] [1785305577.956428550] [pinn_franka_controller]: Trajectory stale (1301.7s > 2.0s) -- holding at last known position via gravity compensation.
[pinn_controller_node-1] [WARN] [1785305578.957406871] [pinn_franka_controller]: Trajectory stale (1302.7s > 2.0s) -- holding at last known position via gravity compensation.
[pinn_controller_node-1] [WARN] [1785305579.957493919] [pinn_franka_controller]: Trajectory stale (1303.7s > 2.0s) -- holding at last known position via gravity compensation.
[pinn_controller_node-1] [WARN] [1785305580.957606869] [pinn_franka_controller]: Trajectory stale (1304.7s > 2.0s) -- holding at last known position via gravity compensation.
[pinn_controller_node-1] [WARN] [1785305581.958423493] [pinn_franka_controller]: Trajectory stale (1305.7s > 2.0s) -- holding at last known position via gravity compensation.
[pinn_controller_node-1] [WARN] [1785305582.959200582] [pinn_franka_controller]: Trajectory stale (1306.7s > 2.0s) -- holding at last known position via gravity compensation.
[pinn_controller_node-1] [WARN] [1785305583.959601652] [pinn_franka_controller]: Trajectory stale (1307.7s > 2.0s) -- holding at last known position via gravity compensation.
[pinn_controller_node-1] [WARN] [1785305584.960401451] [pinn_franka_controller]: Trajectory stale (1308.7s > 2.0s) -- holding at last known position via gravity compensation.
[pinn_controller_node-1] [WARN] [1785305585.960426408] [pinn_franka_controller]: Trajectory stale (1309.7s > 2.0s) -- holding at last known position via gravity compensation.
[pinn_controller_node-1] [WARN] [1785305586.960444300] [pinn_franka_controller]: Trajectory stale (1310.7s > 2.0s) -- holding at last known position via gravity compensation.
[pinn_controller_node-1] [WARN] [1785305587.960915654] [pinn_franka_controller]: Trajectory stale (1311.7s > 2.0s) -- holding at last known position via gravity compensation.
[pinn_controller_node-1] [WARN] [1785305588.961609341] [pinn_franka_controller]: Trajectory stale (1312.7s > 2.0s) -- holding at last known position via gravity compensation.
[pinn_controller_node-1] [WARN] [1785305589.962447642] [pinn_franka_controller]: Trajectory stale (1313.7s > 2.0s) -- holding at last known position via gravity compensation.
[pinn_controller_node-1] [WARN] [1785305590.963438174] [pinn_franka_controller]: Trajectory stale (1314.7s > 2.0s) -- holding at last known position via gravity compensation.
[pinn_controller_node-1] [WARN] [1785305591.963501580] [pinn_franka_controller]: Trajectory stale (1315.7s > 2.0s) -- holding at last known position via gravity compensation.
[pinn_controller_node-1] [WARN] [1785305592.964419829] [pinn_franka_controller]: Trajectory stale (1316.7s > 2.0s) -- holding at last known position via gravity compensation.
[pinn_controller_node-1] [WARN] [1785305593.964651769] [pinn_franka_controller]: Trajectory stale (1317.7s > 2.0s) -- holding at last known position via gravity compensation.
[pinn_controller_node-1] [WARN] [1785305594.965418309] [pinn_franka_controller]: Trajectory stale (1318.7s > 2.0s) -- holding at last known position via gravity compensation.
[pinn_controller_node-1] [WARN] [1785305595.965428179] [pinn_franka_controller]: Trajectory stale (1319.7s > 2.0s) -- holding at last known position via gravity compensation.
[pinn_controller_node-1] [WARN] [1785305596.966504345] [pinn_franka_controller]: Trajectory stale (1320.7s > 2.0s) -- holding at last known position via gravity compensation.
[pinn_controller_node-1] [WARN] [1785305597.966686432] [pinn_franka_controller]: Trajectory stale (1321.7s > 2.0s) -- holding at last known position via gravity compensation.
[pinn_controller_node-1] [WARN] [1785305598.967474483] [pinn_franka_controller]: Trajectory stale (1322.7s > 2.0s) -- holding at last known position via gravity compensation.
[pinn_controller_node-1] [WARN] [1785305599.968379568] [pinn_franka_controller]: Trajectory stale (1323.7s > 2.0s) -- holding at last known position via gravity compensation.
[pinn_controller_node-1] [WARN] [1785305600.968526527] [pinn_franka_controller]: Trajectory stale (1324.7s > 2.0s) -- holding at last known position via gravity compensation.
[pinn_controller_node-1] [WARN] [1785305601.969435592] [pinn_franka_controller]: Trajectory stale (1325.7s > 2.0s) -- holding at last known position via gravity compensation.
[pinn_controller_node-1] [WARN] [1785305602.970408623] [pinn_franka_controller]: Trajectory stale (1326.7s > 2.0s) -- holding at last known position via gravity compensation.
[pinn_controller_node-1] [WARN] [1785305603.970678580] [pinn_franka_controller]: Trajectory stale (1327.7s > 2.0s) -- holding at last known position via gravity compensation.
[pinn_controller_node-1] [WARN] [1785305604.971425484] [pinn_franka_controller]: Trajectory stale (1328.7s > 2.0s) -- holding at last known position via gravity compensation.
[pinn_controller_node-1] [WARN] [1785305605.972419794] [pinn_franka_controller]: Trajectory stale (1329.7s > 2.0s) -- holding at last known position via gravity compensation.
[pinn_controller_node-1] [WARN] [1785305606.972433652] [pinn_franka_controller]: Trajectory stale (1330.7s > 2.0s) -- holding at last known position via gravity compensation.
[pinn_controller_node-1] [WARN] [1785305607.973409143] [pinn_franka_controller]: Trajectory stale (1331.7s > 2.0s) -- holding at last known position via gravity compensation.
[pinn_controller_node-1] [WARN] [1785305608.974422812] [pinn_franka_controller]: Trajectory stale (1332.7s > 2.0s) -- holding at last known position via gravity compensation.
[pinn_controller_node-1] [WARN] [1785305609.974444680] [pinn_franka_controller]: Trajectory stale (1333.7s > 2.0s) -- holding at last known position via gravity compensation.
[pinn_controller_node-1] [WARN] [1785305610.975437728] [pinn_franka_controller]: Trajectory stale (1334.7s > 2.0s) -- holding at last known position via gravity compensation.
[pinn_controller_node-1] [WARN] [1785305611.976379337] [pinn_franka_controller]: Trajectory stale (1335.7s > 2.0s) -- holding at last known position via gravity compensation.
[pinn_controller_node-1] [WARN] [1785305612.977413384] [pinn_franka_controller]: Trajectory stale (1336.7s > 2.0s) -- holding at last known position via gravity compensation.
[pinn_controller_node-1] [WARN] [1785305613.977457035] [pinn_franka_controller]: Trajectory stale (1337.7s > 2.0s) -- holding at last known position via gravity compensation.
[pinn_controller_node-1] [WARN] [1785305614.978403598] [pinn_franka_controller]: Trajectory stale (1338.7s > 2.0s) -- holding at last known position via gravity compensation.
[pinn_controller_node-1] [WARN] [1785305615.978804589] [pinn_franka_controller]: Trajectory stale (1339.7s > 2.0s) -- holding at last known position via gravity compensation.
[pinn_controller_node-1] [WARN] [1785305616.979760094] [pinn_franka_controller]: Trajectory stale (1340.7s > 2.0s) -- holding at last known position via gravity compensation.
[pinn_controller_node-1] [WARN] [1785305617.980399458] [pinn_franka_controller]: Trajectory stale (1341.7s > 2.0s) -- holding at last known position via gravity compensation.
[pinn_controller_node-1] [WARN] [1785305618.980452175] [pinn_franka_controller]: Trajectory stale (1342.7s > 2.0s) -- holding at last known position via gravity compensation.
[pinn_controller_node-1] [WARN] [1785305619.980601540] [pinn_franka_controller]: Trajectory stale (1343.7s > 2.0s) -- holding at last known position via gravity compensation.
[pinn_controller_node-1] [WARN] [1785305620.981546464] [pinn_franka_controller]: Trajectory stale (1344.7s > 2.0s) -- holding at last known position via gravity compensation.
[pinn_controller_node-1] [WARN] [1785305621.981652348] [pinn_franka_controller]: Trajectory stale (1345.7s > 2.0s) -- holding at last known position via gravity compensation.
[pinn_controller_node-1] [WARN] [1785305622.982428646] [pinn_franka_controller]: Trajectory stale (1346.7s > 2.0s) -- holding at last known position via gravity compensation.
[pinn_controller_node-1] [WARN] [1785305623.982499208] [pinn_franka_controller]: Trajectory stale (1347.7s > 2.0s) -- holding at last known position via gravity compensation.
[pinn_controller_node-1] [WARN] [1785305624.982879636] [pinn_franka_controller]: Trajectory stale (1348.7s > 2.0s) -- holding at last known position via gravity compensation.
[pinn_controller_node-1] [WARN] [1785305625.983413355] [pinn_franka_controller]: Trajectory stale (1349.7s > 2.0s) -- holding at last known position via gravity compensation.
[pinn_controller_node-1] [WARN] [1785305626.983786845] [pinn_franka_controller]: Trajectory stale (1350.7s > 2.0s) -- holding at last known position via gravity compensation.
[pinn_controller_node-1] [WARN] [1785305627.984587380] [pinn_franka_controller]: Trajectory stale (1351.7s > 2.0s) -- holding at last known position via gravity compensation.
[pinn_controller_node-1] [WARN] [1785305628.985449091] [pinn_franka_controller]: Trajectory stale (1352.7s > 2.0s) -- holding at last known position via gravity compensation.
[pinn_controller_node-1] [WARN] [1785305629.986116331] [pinn_franka_controller]: Trajectory stale (1353.7s > 2.0s) -- holding at last known position via gravity compensation.
[pinn_controller_node-1] [WARN] [1785305630.986463120] [pinn_franka_controller]: Trajectory stale (1354.7s > 2.0s) -- holding at last known position via gravity compensation.
[pinn_controller_node-1] [WARN] [1785305631.986493423] [pinn_franka_controller]: Trajectory stale (1355.7s > 2.0s) -- holding at last known position via gravity compensation.
[pinn_controller_node-1] [WARN] [1785305632.987409710] [pinn_franka_controller]: Trajectory stale (1356.7s > 2.0s) -- holding at last known position via gravity compensation.
[pinn_controller_node-1] [WARN] [1785305633.987671302] [pinn_franka_controller]: Trajectory stale (1357.7s > 2.0s) -- holding at last known position via gravity compensation.
[pinn_controller_node-1] [WARN] [1785305634.988674714] [pinn_franka_controller]: Trajectory stale (1358.7s > 2.0s) -- holding at last known position via gravity compensation.
[pinn_controller_node-1] [WARN] [1785305635.989516879] [pinn_franka_controller]: Trajectory stale (1359.7s > 2.0s) -- holding at last known position via gravity compensation.
[pinn_controller_node-1] [WARN] [1785305636.989576855] [pinn_franka_controller]: Trajectory stale (1360.7s > 2.0s) -- holding at last known position via gravity compensation.
[pinn_controller_node-1] [WARN] [1785305637.990436731] [pinn_franka_controller]: Trajectory stale (1361.7s > 2.0s) -- holding at last known position via gravity compensation.
[pinn_controller_node-1] [WARN] [1785305638.990545784] [pinn_franka_controller]: Trajectory stale (1362.7s > 2.0s) -- holding at last known position via gravity compensation.
[pinn_controller_node-1] [WARN] [1785305639.991418141] [pinn_franka_controller]: Trajectory stale (1363.7s > 2.0s) -- holding at last known position via gravity compensation.
[pinn_controller_node-1] [WARN] [1785305640.991893754] [pinn_franka_controller]: Trajectory stale (1364.7s > 2.0s) -- holding at last known position via gravity compensation.
[pinn_controller_node-1] [WARN] [1785305641.992413129] [pinn_franka_controller]: Trajectory stale (1365.7s > 2.0s) -- holding at last known position via gravity compensation.
[pinn_controller_node-1] [WARN] [1785305642.993142414] [pinn_franka_controller]: Trajectory stale (1366.7s > 2.0s) -- holding at last known position via gravity compensation.
[pinn_controller_node-1] [WARN] [1785305643.993407368] [pinn_franka_controller]: Trajectory stale (1367.7s > 2.0s) -- holding at last known position via gravity compensation.
[pinn_controller_node-1] [WARN] [1785305644.993572593] [pinn_franka_controller]: Trajectory stale (1368.7s > 2.0s) -- holding at last known position via gravity compensation.
[pinn_controller_node-1] [WARN] [1785305645.993629080] [pinn_franka_controller]: Trajectory stale (1369.7s > 2.0s) -- holding at last known position via gravity compensation.
[pinn_controller_node-1] [WARN] [1785305646.994414816] [pinn_franka_controller]: Trajectory stale (1370.7s > 2.0s) -- holding at last known position via gravity compensation.
[pinn_controller_node-1] [WARN] [1785305647.995457816] [pinn_franka_controller]: Trajectory stale (1371.7s > 2.0s) -- holding at last known position via gravity compensation.
[pinn_controller_node-1] [WARN] [1785305648.996404945] [pinn_franka_controller]: Trajectory stale (1372.7s > 2.0s) -- holding at last known position via gravity compensation.
[pinn_controller_node-1] [WARN] [1785305649.996418414] [pinn_franka_controller]: Trajectory stale (1373.7s > 2.0s) -- holding at last known position via gravity compensation.
[pinn_controller_node-1] [WARN] [1785305650.996434396] [pinn_franka_controller]: Trajectory stale (1374.7s > 2.0s) -- holding at last known position via gravity compensation.
[pinn_controller_node-1] [WARN] [1785305651.996535673] [pinn_franka_controller]: Trajectory stale (1375.7s > 2.0s) -- holding at last known position via gravity compensation.
[pinn_controller_node-1] [WARN] [1785305652.996965523] [pinn_franka_controller]: Trajectory stale (1376.7s > 2.0s) -- holding at last known position via gravity compensation.
[pinn_controller_node-1] [WARN] [1785305653.997421570] [pinn_franka_controller]: Trajectory stale (1377.7s > 2.0s) -- holding at last known position via gravity compensation.
[pinn_controller_node-1] [WARN] [1785305654.997469503] [pinn_franka_controller]: Trajectory stale (1378.7s > 2.0s) -- holding at last known position via gravity compensation.
[pinn_controller_node-1] [WARN] [1785305655.998458607] [pinn_franka_controller]: Trajectory stale (1379.7s > 2.0s) -- holding at last known position via gravity compensation.
[pinn_controller_node-1] [WARN] [1785305656.998835281] [pinn_franka_controller]: Trajectory stale (1380.7s > 2.0s) -- holding at last known position via gravity compensation.
[pinn_controller_node-1] [WARN] [1785305657.999522589] [pinn_franka_controller]: Trajectory stale (1381.7s > 2.0s) -- holding at last known position via gravity compensation.
[pinn_controller_node-1] [WARN] [1785305659.000525168] [pinn_franka_controller]: Trajectory stale (1382.7s > 2.0s) -- holding at last known position via gravity compensation.
[pinn_controller_node-1] [WARN] [1785305660.000591533] [pinn_franka_controller]: Trajectory stale (1383.7s > 2.0s) -- holding at last known position via gravity compensation.
[pinn_controller_node-1] [WARN] [1785305661.001539283] [pinn_franka_controller]: Trajectory stale (1384.7s > 2.0s) -- holding at last known position via gravity compensation.
[pinn_controller_node-1] [WARN] [1785305662.001560006] [pinn_franka_controller]: Trajectory stale (1385.7s > 2.0s) -- holding at last known position via gravity compensation.
[pinn_controller_node-1] [WARN] [1785305663.001932380] [pinn_franka_controller]: Trajectory stale (1386.7s > 2.0s) -- holding at last known position via gravity compensation.
[pinn_controller_node-1] [WARN] [1785305664.002654486] [pinn_franka_controller]: Trajectory stale (1387.7s > 2.0s) -- holding at last known position via gravity compensation.
[pinn_controller_node-1] [WARN] [1785305665.002988839] [pinn_franka_controller]: Trajectory stale (1388.7s > 2.0s) -- holding at last known position via gravity compensation.
[pinn_controller_node-1] [WARN] [1785305666.003470783] [pinn_franka_controller]: Trajectory stale (1389.7s > 2.0s) -- holding at last known position via gravity compensation.
[pinn_controller_node-1] [WARN] [1785305667.004459458] [pinn_franka_controller]: Trajectory stale (1390.7s > 2.0s) -- holding at last known position via gravity compensation.
[pinn_controller_node-1] [WARN] [1785305668.004660693] [pinn_franka_controller]: Trajectory stale (1391.7s > 2.0s) -- holding at last known position via gravity compensation.
[pinn_controller_node-1] [WARN] [1785305669.005444576] [pinn_franka_controller]: Trajectory stale (1392.7s > 2.0s) -- holding at last known position via gravity compensation.
[pinn_controller_node-1] [WARN] [1785305670.005501012] [pinn_franka_controller]: Trajectory stale (1393.7s > 2.0s) -- holding at last known position via gravity compensation.
[pinn_controller_node-1] [WARN] [1785305671.006407759] [pinn_franka_controller]: Trajectory stale (1394.7s > 2.0s) -- holding at last known position via gravity compensation.
[pinn_controller_node-1] [WARN] [1785305672.006735864] [pinn_franka_controller]: Trajectory stale (1395.7s > 2.0s) -- holding at last known position via gravity compensation.
[pinn_controller_node-1] [WARN] [1785305673.007406236] [pinn_franka_controller]: Trajectory stale (1396.7s > 2.0s) -- holding at last known position via gravity compensation.
[pinn_controller_node-1] [WARN] [1785305674.008435023] [pinn_franka_controller]: Trajectory stale (1397.7s > 2.0s) -- holding at last known position via gravity compensation.
[pinn_controller_node-1] [WARN] [1785305675.008507681] [pinn_franka_controller]: Trajectory stale (1398.7s > 2.0s) -- holding at last known position via gravity compensation.
[pinn_controller_node-1] [WARN] [1785305676.009442044] [pinn_franka_controller]: Trajectory stale (1399.7s > 2.0s) -- holding at last known position via gravity compensation.
[pinn_controller_node-1] [WARN] [1785305677.009556266] [pinn_franka_controller]: Trajectory stale (1400.7s > 2.0s) -- holding at last known position via gravity compensation.
[pinn_controller_node-1] [WARN] [1785305678.010427826] [pinn_franka_controller]: Trajectory stale (1401.7s > 2.0s) -- holding at last known position via gravity compensation.
[pinn_controller_node-1] [WARN] [1785305679.010615519] [pinn_franka_controller]: Trajectory stale (1402.7s > 2.0s) -- holding at last known position via gravity compensation.
[pinn_controller_node-1] [WARN] [1785305680.011438074] [pinn_franka_controller]: Trajectory stale (1403.7s > 2.0s) -- holding at last known position via gravity compensation.
[pinn_controller_node-1] [WARN] [1785305681.011523159] [pinn_franka_controller]: Trajectory stale (1404.7s > 2.0s) -- holding at last known position via gravity compensation.
[pinn_controller_node-1] [WARN] [1785305682.011834722] [pinn_franka_controller]: Trajectory stale (1405.7s > 2.0s) -- holding at last known position via gravity compensation.
[pinn_controller_node-1] [WARN] [1785305683.012463013] [pinn_franka_controller]: Trajectory stale (1406.7s > 2.0s) -- holding at last known position via gravity compensation.
[pinn_controller_node-1] [WARN] [1785305684.012805992] [pinn_franka_controller]: Trajectory stale (1407.7s > 2.0s) -- holding at last known position via gravity compensation.
[pinn_controller_node-1] [WARN] [1785305685.013404775] [pinn_franka_controller]: Trajectory stale (1408.7s > 2.0s) -- holding at last known position via gravity compensation.
[pinn_controller_node-1] [WARN] [1785305686.013418831] [pinn_franka_controller]: Trajectory stale (1409.7s > 2.0s) -- holding at last known position via gravity compensation.
[pinn_controller_node-1] [WARN] [1785305687.013777020] [pinn_franka_controller]: Trajectory stale (1410.7s > 2.0s) -- holding at last known position via gravity compensation.
[pinn_controller_node-1] [WARN] [1785305688.014815393] [pinn_franka_controller]: Trajectory stale (1411.7s > 2.0s) -- holding at last known position via gravity compensation.
[pinn_controller_node-1] [WARN] [1785305689.015403989] [pinn_franka_controller]: Trajectory stale (1412.7s > 2.0s) -- holding at last known position via gravity compensation.
[pinn_controller_node-1] [WARN] [1785305690.015419044] [pinn_franka_controller]: Trajectory stale (1413.7s > 2.0s) -- holding at last known position via gravity compensation.
[pinn_controller_node-1] [WARN] [1785305691.015533647] [pinn_franka_controller]: Trajectory stale (1414.7s > 2.0s) -- holding at last known position via gravity compensation.
[pinn_controller_node-1] [WARN] [1785305692.016439030] [pinn_franka_controller]: Trajectory stale (1415.7s > 2.0s) -- holding at last known position via gravity compensation.
[pinn_controller_node-1] [WARN] [1785305693.017104660] [pinn_franka_controller]: Trajectory stale (1416.7s > 2.0s) -- holding at last known position via gravity compensation.
[pinn_controller_node-1] [WARN] [1785305694.017467530] [pinn_franka_controller]: Trajectory stale (1417.7s > 2.0s) -- holding at last known position via gravity compensation.
[pinn_controller_node-1] [WARN] [1785305695.017523784] [pinn_franka_controller]: Trajectory stale (1418.7s > 2.0s) -- holding at last known position via gravity compensation.
[pinn_controller_node-1] [WARN] [1785305696.017684086] [pinn_franka_controller]: Trajectory stale (1419.7s > 2.0s) -- holding at last known position via gravity compensation.
[pinn_controller_node-1] [WARN] [1785305697.018234719] [pinn_franka_controller]: Trajectory stale (1420.7s > 2.0s) -- holding at last known position via gravity compensation.
[pinn_controller_node-1] [WARN] [1785305698.018370932] [pinn_franka_controller]: Trajectory stale (1421.7s > 2.0s) -- holding at last known position via gravity compensation.
[pinn_controller_node-1] [WARN] [1785305699.018431930] [pinn_franka_controller]: Trajectory stale (1422.7s > 2.0s) -- holding at last known position via gravity compensation.
[pinn_controller_node-1] [WARN] [1785305700.018736761] [pinn_franka_controller]: Trajectory stale (1423.7s > 2.0s) -- holding at last known position via gravity compensation.
[pinn_controller_node-1] [WARN] [1785305701.019423179] [pinn_franka_controller]: Trajectory stale (1424.7s > 2.0s) -- holding at last known position via gravity compensation.
[pinn_controller_node-1] [WARN] [1785305702.020406973] [pinn_franka_controller]: Trajectory stale (1425.7s > 2.0s) -- holding at last known position via gravity compensation.
[pinn_controller_node-1] [WARN] [1785305703.020414917] [pinn_franka_controller]: Trajectory stale (1426.7s > 2.0s) -- holding at last known position via gravity compensation.
[pinn_controller_node-1] [WARN] [1785305704.020426863] [pinn_franka_controller]: Trajectory stale (1427.7s > 2.0s) -- holding at last known position via gravity compensation.
[pinn_controller_node-1] [WARN] [1785305705.021439310] [pinn_franka_controller]: Trajectory stale (1428.7s > 2.0s) -- holding at last known position via gravity compensation.
[pinn_controller_node-1] [WARN] [1785305706.022408372] [pinn_franka_controller]: Trajectory stale (1429.7s > 2.0s) -- holding at last known position via gravity compensation.
[pinn_controller_node-1] [WARN] [1785305707.022429174] [pinn_franka_controller]: Trajectory stale (1430.7s > 2.0s) -- holding at last known position via gravity compensation.
[pinn_controller_node-1] [WARN] [1785305708.023408893] [pinn_franka_controller]: Trajectory stale (1431.7s > 2.0s) -- holding at last known position via gravity compensation.
[pinn_controller_node-1] [WARN] [1785305709.023412912] [pinn_franka_controller]: Trajectory stale (1432.7s > 2.0s) -- holding at last known position via gravity compensation.
[pinn_controller_node-1] [WARN] [1785305710.023470390] [pinn_franka_controller]: Trajectory stale (1433.7s > 2.0s) -- holding at last known position via gravity compensation.
[pinn_controller_node-1] [WARN] [1785305711.024418180] [pinn_franka_controller]: Trajectory stale (1434.7s > 2.0s) -- holding at last known position via gravity compensation.
[pinn_controller_node-1] [WARN] [1785305712.024420804] [pinn_franka_controller]: Trajectory stale (1435.7s > 2.0s) -- holding at last known position via gravity compensation.
[pinn_controller_node-1] [WARN] [1785305713.024508289] [pinn_franka_controller]: Trajectory stale (1436.7s > 2.0s) -- holding at last known position via gravity compensation.
[pinn_controller_node-1] [WARN] [1785305714.024516458] [pinn_franka_controller]: Trajectory stale (1437.7s > 2.0s) -- holding at last known position via gravity compensation.
[pinn_controller_node-1] [WARN] [1785305715.024733970] [pinn_franka_controller]: Trajectory stale (1438.7s > 2.0s) -- holding at last known position via gravity compensation.
[pinn_controller_node-1] [WARN] [1785305716.025410225] [pinn_franka_controller]: Trajectory stale (1439.7s > 2.0s) -- holding at last known position via gravity compensation.
[pinn_controller_node-1] [WARN] [1785305717.025675356] [pinn_franka_controller]: Trajectory stale (1440.7s > 2.0s) -- holding at last known position via gravity compensation.
[pinn_controller_node-1] [WARN] [1785305718.026398473] [pinn_franka_controller]: Trajectory stale (1441.7s > 2.0s) -- holding at last known position via gravity compensation.
[pinn_controller_node-1] [WARN] [1785305719.026418586] [pinn_franka_controller]: Trajectory stale (1442.7s > 2.0s) -- holding at last known position via gravity compensation.
[pinn_controller_node-1] [WARN] [1785305720.027165821] [pinn_franka_controller]: Trajectory stale (1443.7s > 2.0s) -- holding at last known position via gravity compensation.
[pinn_controller_node-1] [WARN] [1785305721.027410142] [pinn_franka_controller]: Trajectory stale (1444.7s > 2.0s) -- holding at last known position via gravity compensation.
[pinn_controller_node-1] [WARN] [1785305722.027532223] [pinn_franka_controller]: Trajectory stale (1445.7s > 2.0s) -- holding at last known position via gravity compensation.
[pinn_controller_node-1] [WARN] [1785305723.028464960] [pinn_franka_controller]: Trajectory stale (1446.7s > 2.0s) -- holding at last known position via gravity compensation.
[pinn_controller_node-1] [WARN] [1785305724.029176815] [pinn_franka_controller]: Trajectory stale (1447.7s > 2.0s) -- holding at last known position via gravity compensation.
[pinn_controller_node-1] [WARN] [1785305725.029574242] [pinn_franka_controller]: Trajectory stale (1448.7s > 2.0s) -- holding at last known position via gravity compensation.
[pinn_controller_node-1] [WARN] [1785305726.030467666] [pinn_franka_controller]: Trajectory stale (1449.7s > 2.0s) -- holding at last known position via gravity compensation.
[pinn_controller_node-1] [WARN] [1785305727.031416418] [pinn_franka_controller]: Trajectory stale (1450.7s > 2.0s) -- holding at last known position via gravity compensation.
[pinn_controller_node-1] [WARN] [1785305728.031517774] [pinn_franka_controller]: Trajectory stale (1451.7s > 2.0s) -- holding at last known position via gravity compensation.
[pinn_controller_node-1] [WARN] [1785305729.032436964] [pinn_franka_controller]: Trajectory stale (1452.7s > 2.0s) -- holding at last known position via gravity compensation.
[pinn_controller_node-1] [WARN] [1785305730.033358662] [pinn_franka_controller]: Trajectory stale (1453.7s > 2.0s) -- holding at last known position via gravity compensation.
[pinn_controller_node-1] [WARN] [1785305731.033560219] [pinn_franka_controller]: Trajectory stale (1454.7s > 2.0s) -- holding at last known position via gravity compensation.
[pinn_controller_node-1] [WARN] [1785305732.034513045] [pinn_franka_controller]: Trajectory stale (1455.7s > 2.0s) -- holding at last known position via gravity compensation.
[pinn_controller_node-1] [WARN] [1785305733.035469892] [pinn_franka_controller]: Trajectory stale (1456.8s > 2.0s) -- holding at last known position via gravity compensation.
[pinn_controller_node-1] [WARN] [1785305734.036454985] [pinn_franka_controller]: Trajectory stale (1457.8s > 2.0s) -- holding at last known position via gravity compensation.
[pinn_controller_node-1] [WARN] [1785305735.036456211] [pinn_franka_controller]: Trajectory stale (1458.8s > 2.0s) -- holding at last known position via gravity compensation.
[pinn_controller_node-1] [WARN] [1785305736.036558827] [pinn_franka_controller]: Trajectory stale (1459.8s > 2.0s) -- holding at last known position via gravity compensation.
[pinn_controller_node-1] [WARN] [1785305737.037408144] [pinn_franka_controller]: Trajectory stale (1460.8s > 2.0s) -- holding at last known position via gravity compensation.
[pinn_controller_node-1] [WARN] [1785305738.037691457] [pinn_franka_controller]: Trajectory stale (1461.8s > 2.0s) -- holding at last known position via gravity compensation.
[pinn_controller_node-1] [WARN] [1785305739.038417745] [pinn_franka_controller]: Trajectory stale (1462.8s > 2.0s) -- holding at last known position via gravity compensation.
[pinn_controller_node-1] [WARN] [1785305740.039276763] [pinn_franka_controller]: Trajectory stale (1463.8s > 2.0s) -- holding at last known position via gravity compensation.
[pinn_controller_node-1] [WARN] [1785305741.039405552] [pinn_franka_controller]: Trajectory stale (1464.8s > 2.0s) -- holding at last known position via gravity compensation.
[pinn_controller_node-1] [WARN] [1785305742.039510968] [pinn_franka_controller]: Trajectory stale (1465.8s > 2.0s) -- holding at last known position via gravity compensation.
[pinn_controller_node-1] [WARN] [1785305743.039793651] [pinn_franka_controller]: Trajectory stale (1466.8s > 2.0s) -- holding at last known position via gravity compensation.
[pinn_controller_node-1] [WARN] [1785305744.040414105] [pinn_franka_controller]: Trajectory stale (1467.8s > 2.0s) -- holding at last known position via gravity compensation.
[pinn_controller_node-1] [WARN] [1785305745.041403884] [pinn_franka_controller]: Trajectory stale (1468.8s > 2.0s) -- holding at last known position via gravity compensation.
[pinn_controller_node-1] [WARN] [1785305746.042179271] [pinn_franka_controller]: Trajectory stale (1469.8s > 2.0s) -- holding at last known position via gravity compensation.
[pinn_controller_node-1] [WARN] [1785305747.042418065] [pinn_franka_controller]: Trajectory stale (1470.8s > 2.0s) -- holding at last known position via gravity compensation.
[pinn_controller_node-1] [WARN] [1785305748.043546960] [pinn_franka_controller]: Trajectory stale (1471.8s > 2.0s) -- holding at last known position via gravity compensation.
[pinn_controller_node-1] [WARN] [1785305749.044446084] [pinn_franka_controller]: Trajectory stale (1472.8s > 2.0s) -- holding at last known position via gravity compensation.
[pinn_controller_node-1] [WARN] [1785305750.044509329] [pinn_franka_controller]: Trajectory stale (1473.8s > 2.0s) -- holding at last known position via gravity compensation.
[pinn_controller_node-1] [WARN] [1785305751.044531157] [pinn_franka_controller]: Trajectory stale (1474.8s > 2.0s) -- holding at last known position via gravity compensation.
[pinn_controller_node-1] [WARN] [1785305752.045459983] [pinn_franka_controller]: Trajectory stale (1475.8s > 2.0s) -- holding at last known position via gravity compensation.
[pinn_controller_node-1] [WARN] [1785305753.045482179] [pinn_franka_controller]: Trajectory stale (1476.8s > 2.0s) -- holding at last known position via gravity compensation.
[pinn_controller_node-1] [WARN] [1785305754.045670097] [pinn_franka_controller]: Trajectory stale (1477.8s > 2.0s) -- holding at last known position via gravity compensation.
[pinn_controller_node-1] [WARN] [1785305755.046420889] [pinn_franka_controller]: Trajectory stale (1478.8s > 2.0s) -- holding at last known position via gravity compensation.
[pinn_controller_node-1] [WARN] [1785305756.047420193] [pinn_franka_controller]: Trajectory stale (1479.8s > 2.0s) -- holding at last known position via gravity compensation.
[pinn_controller_node-1] [WARN] [1785305757.047552745] [pinn_franka_controller]: Trajectory stale (1480.8s > 2.0s) -- holding at last known position via gravity compensation.
[pinn_controller_node-1] [WARN] [1785305758.048409683] [pinn_franka_controller]: Trajectory stale (1481.8s > 2.0s) -- holding at last known position via gravity compensation.
[pinn_controller_node-1] [WARN] [1785305759.048472797] [pinn_franka_controller]: Trajectory stale (1482.8s > 2.0s) -- holding at last known position via gravity compensation.
[pinn_controller_node-1] [WARN] [1785305760.048870640] [pinn_franka_controller]: Trajectory stale (1483.8s > 2.0s) -- holding at last known position via gravity compensation.
[pinn_controller_node-1] [WARN] [1785305761.049408315] [pinn_franka_controller]: Trajectory stale (1484.8s > 2.0s) -- holding at last known position via gravity compensation.
[pinn_controller_node-1] [WARN] [1785305762.049792677] [pinn_franka_controller]: Trajectory stale (1485.8s > 2.0s) -- holding at last known position via gravity compensation.
[pinn_controller_node-1] [WARN] [1785305763.050603224] [pinn_franka_controller]: Trajectory stale (1486.8s > 2.0s) -- holding at last known position via gravity compensation.
[pinn_controller_node-1] [WARN] [1785305764.051407611] [pinn_franka_controller]: Trajectory stale (1487.8s > 2.0s) -- holding at last known position via gravity compensation.
[pinn_controller_node-1] [WARN] [1785305765.051500520] [pinn_franka_controller]: Trajectory stale (1488.8s > 2.0s) -- holding at last known position via gravity compensation.
[pinn_controller_node-1] [WARN] [1785305766.052175093] [pinn_franka_controller]: Trajectory stale (1489.8s > 2.0s) -- holding at last known position via gravity compensation.
[pinn_controller_node-1] [WARN] [1785305767.052429217] [pinn_franka_controller]: Trajectory stale (1490.8s > 2.0s) -- holding at last known position via gravity compensation.
[pinn_controller_node-1] [WARN] [1785305768.052611745] [pinn_franka_controller]: Trajectory stale (1491.8s > 2.0s) -- holding at last known position via gravity compensation.
[pinn_controller_node-1] [WARN] [1785305769.052633291] [pinn_franka_controller]: Trajectory stale (1492.8s > 2.0s) -- holding at last known position via gravity compensation.
[pinn_controller_node-1] [WARN] [1785305770.052693764] [pinn_franka_controller]: Trajectory stale (1493.8s > 2.0s) -- holding at last known position via gravity compensation.
[pinn_controller_node-1] [WARN] [1785305771.053412065] [pinn_franka_controller]: Trajectory stale (1494.8s > 2.0s) -- holding at last known position via gravity compensation.
[pinn_controller_node-1] [WARN] [1785305772.053717631] [pinn_franka_controller]: Trajectory stale (1495.8s > 2.0s) -- holding at last known position via gravity compensation.
[pinn_controller_node-1] [WARN] [1785305773.054439448] [pinn_franka_controller]: Trajectory stale (1496.8s > 2.0s) -- holding at last known position via gravity compensation.
[pinn_controller_node-1] [WARN] [1785305774.055419268] [pinn_franka_controller]: Trajectory stale (1497.8s > 2.0s) -- holding at last known position via gravity compensation.
[pinn_controller_node-1] [WARN] [1785305775.055449106] [pinn_franka_controller]: Trajectory stale (1498.8s > 2.0s) -- holding at last known position via gravity compensation.
[pinn_controller_node-1] [WARN] [1785305776.056422771] [pinn_franka_controller]: Trajectory stale (1499.8s > 2.0s) -- holding at last known position via gravity compensation.
[pinn_controller_node-1] [WARN] [1785305777.056507527] [pinn_franka_controller]: Trajectory stale (1500.8s > 2.0s) -- holding at last known position via gravity compensation.
[pinn_controller_node-1] [WARN] [1785305778.056550627] [pinn_franka_controller]: Trajectory stale (1501.8s > 2.0s) -- holding at last known position via gravity compensation.
[pinn_controller_node-1] [WARN] [1785305779.057438317] [pinn_franka_controller]: Trajectory stale (1502.8s > 2.0s) -- holding at last known position via gravity compensation.
[pinn_controller_node-1] [WARN] [1785305780.057459383] [pinn_franka_controller]: Trajectory stale (1503.8s > 2.0s) -- holding at last known position via gravity compensation.
[pinn_controller_node-1] [WARN] [1785305781.058038000] [pinn_franka_controller]: Trajectory stale (1504.8s > 2.0s) -- holding at last known position via gravity compensation.
[pinn_controller_node-1] [WARN] [1785305782.058405995] [pinn_franka_controller]: Trajectory stale (1505.8s > 2.0s) -- holding at last known position via gravity compensation.
[pinn_controller_node-1] [WARN] [1785305783.058406425] [pinn_franka_controller]: Trajectory stale (1506.8s > 2.0s) -- holding at last known position via gravity compensation.
[pinn_controller_node-1] [WARN] [1785305784.058594227] [pinn_franka_controller]: Trajectory stale (1507.8s > 2.0s) -- holding at last known position via gravity compensation.
[pinn_controller_node-1] [WARN] [1785305785.058851577] [pinn_franka_controller]: Trajectory stale (1508.8s > 2.0s) -- holding at last known position via gravity compensation.
[pinn_controller_node-1] [WARN] [1785305786.059448235] [pinn_franka_controller]: Trajectory stale (1509.8s > 2.0s) -- holding at last known position via gravity compensation.
[pinn_controller_node-1] [WARN] [1785305787.059688213] [pinn_franka_controller]: Trajectory stale (1510.8s > 2.0s) -- holding at last known position via gravity compensation.
[pinn_controller_node-1] [WARN] [1785305788.060443761] [pinn_franka_controller]: Trajectory stale (1511.8s > 2.0s) -- holding at last known position via gravity compensation.
[pinn_controller_node-1] [WARN] [1785305789.060527453] [pinn_franka_controller]: Trajectory stale (1512.8s > 2.0s) -- holding at last known position via gravity compensation.
[pinn_controller_node-1] [WARN] [1785305790.060697674] [pinn_franka_controller]: Trajectory stale (1513.8s > 2.0s) -- holding at last known position via gravity compensation.
[pinn_controller_node-1] [WARN] [1785305791.061472122] [pinn_franka_controller]: Trajectory stale (1514.8s > 2.0s) -- holding at last known position via gravity compensation.
[pinn_controller_node-1] [WARN] [1785305792.062421667] [pinn_franka_controller]: Trajectory stale (1515.8s > 2.0s) -- holding at last known position via gravity compensation.
[pinn_controller_node-1] [WARN] [1785305793.062608000] [pinn_franka_controller]: Trajectory stale (1516.8s > 2.0s) -- holding at last known position via gravity compensation.
[pinn_controller_node-1] [WARN] [1785305794.063445747] [pinn_franka_controller]: Trajectory stale (1517.8s > 2.0s) -- holding at last known position via gravity compensation.
[pinn_controller_node-1] [WARN] [1785305795.064450236] [pinn_franka_controller]: Trajectory stale (1518.8s > 2.0s) -- holding at last known position via gravity compensation.
[pinn_controller_node-1] [WARN] [1785305796.065416025] [pinn_franka_controller]: Trajectory stale (1519.8s > 2.0s) -- holding at last known position via gravity compensation.
[pinn_controller_node-1] [WARN] [1785305797.065455780] [pinn_franka_controller]: Trajectory stale (1520.8s > 2.0s) -- holding at last known position via gravity compensation.
[pinn_controller_node-1] [WARN] [1785305798.065472132] [pinn_franka_controller]: Trajectory stale (1521.8s > 2.0s) -- holding at last known position via gravity compensation.
[pinn_controller_node-1] [WARN] [1785305799.065552928] [pinn_franka_controller]: Trajectory stale (1522.8s > 2.0s) -- holding at last known position via gravity compensation.
[pinn_controller_node-1] [WARN] [1785305800.066487532] [pinn_franka_controller]: Trajectory stale (1523.8s > 2.0s) -- holding at last known position via gravity compensation.
[pinn_controller_node-1] [WARN] [1785305801.067404938] [pinn_franka_controller]: Trajectory stale (1524.8s > 2.0s) -- holding at last known position via gravity compensation.
[pinn_controller_node-1] [WARN] [1785305802.067444055] [pinn_franka_controller]: Trajectory stale (1525.8s > 2.0s) -- holding at last known position via gravity compensation.
[pinn_controller_node-1] [WARN] [1785305803.068416759] [pinn_franka_controller]: Trajectory stale (1526.8s > 2.0s) -- holding at last known position via gravity compensation.
[pinn_controller_node-1] [WARN] [1785305804.069054916] [pinn_franka_controller]: Trajectory stale (1527.8s > 2.0s) -- holding at last known position via gravity compensation.
[pinn_controller_node-1] [WARN] [1785305805.069401303] [pinn_franka_controller]: Trajectory stale (1528.8s > 2.0s) -- holding at last known position via gravity compensation.
[pinn_controller_node-1] [WARN] [1785305806.069905469] [pinn_franka_controller]: Trajectory stale (1529.8s > 2.0s) -- holding at last known position via gravity compensation.
[pinn_controller_node-1] [WARN] [1785305807.070663815] [pinn_franka_controller]: Trajectory stale (1530.8s > 2.0s) -- holding at last known position via gravity compensation.
[pinn_controller_node-1] [WARN] [1785305808.070712262] [pinn_franka_controller]: Trajectory stale (1531.8s > 2.0s) -- holding at last known position via gravity compensation.
[pinn_controller_node-1] [WARN] [1785305809.071852927] [pinn_franka_controller]: Trajectory stale (1532.8s > 2.0s) -- holding at last known position via gravity compensation.
[pinn_controller_node-1] [WARN] [1785305810.072420741] [pinn_franka_controller]: Trajectory stale (1533.8s > 2.0s) -- holding at last known position via gravity compensation.
[pinn_controller_node-1] [WARN] [1785305811.072734571] [pinn_franka_controller]: Trajectory stale (1534.8s > 2.0s) -- holding at last known position via gravity compensation.
[pinn_controller_node-1] [WARN] [1785305812.073557604] [pinn_franka_controller]: Trajectory stale (1535.8s > 2.0s) -- holding at last known position via gravity compensation.
[pinn_controller_node-1] [WARN] [1785305813.073734360] [pinn_franka_controller]: Trajectory stale (1536.8s > 2.0s) -- holding at last known position via gravity compensation.
[pinn_controller_node-1] [WARN] [1785305814.074471124] [pinn_franka_controller]: Trajectory stale (1537.8s > 2.0s) -- holding at last known position via gravity compensation.
[pinn_controller_node-1] [WARN] [1785305815.074519266] [pinn_franka_controller]: Trajectory stale (1538.8s > 2.0s) -- holding at last known position via gravity compensation.
[pinn_controller_node-1] [WARN] [1785305816.075408686] [pinn_franka_controller]: Trajectory stale (1539.8s > 2.0s) -- holding at last known position via gravity compensation.
[pinn_controller_node-1] [WARN] [1785305817.075609379] [pinn_franka_controller]: Trajectory stale (1540.8s > 2.0s) -- holding at last known position via gravity compensation.
[pinn_controller_node-1] [WARN] [1785305818.076407615] [pinn_franka_controller]: Trajectory stale (1541.8s > 2.0s) -- holding at last known position via gravity compensation.
[pinn_controller_node-1] [WARN] [1785305819.076852580] [pinn_franka_controller]: Trajectory stale (1542.8s > 2.0s) -- holding at last known position via gravity compensation.
[pinn_controller_node-1] [WARN] [1785305820.077415080] [pinn_franka_controller]: Trajectory stale (1543.8s > 2.0s) -- holding at last known position via gravity compensation.
[pinn_controller_node-1] [WARN] [1785305821.077572141] [pinn_franka_controller]: Trajectory stale (1544.8s > 2.0s) -- holding at last known position via gravity compensation.
[pinn_controller_node-1] [WARN] [1785305822.078405561] [pinn_franka_controller]: Trajectory stale (1545.8s > 2.0s) -- holding at last known position via gravity compensation.
[pinn_controller_node-1] [WARN] [1785305823.079406415] [pinn_franka_controller]: Trajectory stale (1546.8s > 2.0s) -- holding at last known position via gravity compensation.
[pinn_controller_node-1] [WARN] [1785305824.080330687] [pinn_franka_controller]: Trajectory stale (1547.8s > 2.0s) -- holding at last known position via gravity compensation.
[pinn_controller_node-1] [WARN] [1785305825.080413029] [pinn_franka_controller]: Trajectory stale (1548.8s > 2.0s) -- holding at last known position via gravity compensation.
[pinn_controller_node-1] [WARN] [1785305826.081405609] [pinn_franka_controller]: Trajectory stale (1549.8s > 2.0s) -- holding at last known position via gravity compensation.
[pinn_controller_node-1] [WARN] [1785305827.081538364] [pinn_franka_controller]: Trajectory stale (1550.8s > 2.0s) -- holding at last known position via gravity compensation.
[pinn_controller_node-1] [WARN] [1785305828.082417893] [pinn_franka_controller]: Trajectory stale (1551.8s > 2.0s) -- holding at last known position via gravity compensation.
[pinn_controller_node-1] [WARN] [1785305829.083194150] [pinn_franka_controller]: Trajectory stale (1552.8s > 2.0s) -- holding at last known position via gravity compensation.
[pinn_controller_node-1] [WARN] [1785305830.083506937] [pinn_franka_controller]: Trajectory stale (1553.8s > 2.0s) -- holding at last known position via gravity compensation.
[pinn_controller_node-1] [WARN] [1785305831.083602809] [pinn_franka_controller]: Trajectory stale (1554.8s > 2.0s) -- holding at last known position via gravity compensation.
[pinn_controller_node-1] [WARN] [1785305832.083684718] [pinn_franka_controller]: Trajectory stale (1555.8s > 2.0s) -- holding at last known position via gravity compensation.
[pinn_controller_node-1] [WARN] [1785305833.083915001] [pinn_franka_controller]: Trajectory stale (1556.8s > 2.0s) -- holding at last known position via gravity compensation.
[pinn_controller_node-1] [WARN] [1785305834.084091155] [pinn_franka_controller]: Trajectory stale (1557.8s > 2.0s) -- holding at last known position via gravity compensation.
[pinn_controller_node-1] [WARN] [1785305835.084633848] [pinn_franka_controller]: Trajectory stale (1558.8s > 2.0s) -- holding at last known position via gravity compensation.
[pinn_controller_node-1] [WARN] [1785305836.084699950] [pinn_franka_controller]: Trajectory stale (1559.8s > 2.0s) -- holding at last known position via gravity compensation.
[pinn_controller_node-1] [WARN] [1785305837.085450850] [pinn_franka_controller]: Trajectory stale (1560.8s > 2.0s) -- holding at last known position via gravity compensation.
[pinn_controller_node-1] [WARN] [1785305838.086070132] [pinn_franka_controller]: Trajectory stale (1561.8s > 2.0s) -- holding at last known position via gravity compensation.
[pinn_controller_node-1] [WARN] [1785305839.086410858] [pinn_franka_controller]: Trajectory stale (1562.8s > 2.0s) -- holding at last known position via gravity compensation.
[pinn_controller_node-1] [WARN] [1785305840.086782678] [pinn_franka_controller]: Trajectory stale (1563.8s > 2.0s) -- holding at last known position via gravity compensation.
[pinn_controller_node-1] [WARN] [1785305841.087763806] [pinn_franka_controller]: Trajectory stale (1564.8s > 2.0s) -- holding at last known position via gravity compensation.
[pinn_controller_node-1] [WARN] [1785305842.088452338] [pinn_franka_controller]: Trajectory stale (1565.8s > 2.0s) -- holding at last known position via gravity compensation.
[pinn_controller_node-1] [WARN] [1785305843.088597205] [pinn_franka_controller]: Trajectory stale (1566.8s > 2.0s) -- holding at last known position via gravity compensation.
[pinn_controller_node-1] [WARN] [1785305844.089186920] [pinn_franka_controller]: Trajectory stale (1567.8s > 2.0s) -- holding at last known position via gravity compensation.
[pinn_controller_node-1] [WARN] [1785305845.089477792] [pinn_franka_controller]: Trajectory stale (1568.8s > 2.0s) -- holding at last known position via gravity compensation.
[pinn_controller_node-1] [WARN] [1785305846.089485575] [pinn_franka_controller]: Trajectory stale (1569.8s > 2.0s) -- holding at last known position via gravity compensation.
[pinn_controller_node-1] [WARN] [1785305847.090427880] [pinn_franka_controller]: Trajectory stale (1570.8s > 2.0s) -- holding at last known position via gravity compensation.
[pinn_controller_node-1] [WARN] [1785305848.090477196] [pinn_franka_controller]: Trajectory stale (1571.8s > 2.0s) -- holding at last known position via gravity compensation.
[pinn_controller_node-1] [WARN] [1785305849.090862036] [pinn_franka_controller]: Trajectory stale (1572.8s > 2.0s) -- holding at last known position via gravity compensation.
[pinn_controller_node-1] [WARN] [1785305850.091530206] [pinn_franka_controller]: Trajectory stale (1573.8s > 2.0s) -- holding at last known position via gravity compensation.
[pinn_controller_node-1] [WARN] [1785305851.092474943] [pinn_franka_controller]: Trajectory stale (1574.8s > 2.0s) -- holding at last known position via gravity compensation.
[pinn_controller_node-1] [WARN] [1785305852.092746136] [pinn_franka_controller]: Trajectory stale (1575.8s > 2.0s) -- holding at last known position via gravity compensation.
[pinn_controller_node-1] [WARN] [1785305853.093437998] [pinn_franka_controller]: Trajectory stale (1576.8s > 2.0s) -- holding at last known position via gravity compensation.
[pinn_controller_node-1] [WARN] [1785305854.093445801] [pinn_franka_controller]: Trajectory stale (1577.8s > 2.0s) -- holding at last known position via gravity compensation.
[pinn_controller_node-1] [WARN] [1785305855.093668429] [pinn_franka_controller]: Trajectory stale (1578.8s > 2.0s) -- holding at last known position via gravity compensation.
[pinn_controller_node-1] [WARN] [1785305856.094433206] [pinn_franka_controller]: Trajectory stale (1579.8s > 2.0s) -- holding at last known position via gravity compensation.
[pinn_controller_node-1] [WARN] [1785305857.094446635] [pinn_franka_controller]: Trajectory stale (1580.8s > 2.0s) -- holding at last known position via gravity compensation.
[pinn_controller_node-1] [WARN] [1785305858.095076074] [pinn_franka_controller]: Trajectory stale (1581.8s > 2.0s) -- holding at last known position via gravity compensation.
[pinn_controller_node-1] [WARN] [1785305859.096643184] [pinn_franka_controller]: Trajectory stale (1582.8s > 2.0s) -- holding at last known position via gravity compensation.
[pinn_controller_node-1] [WARN] [1785305860.097488960] [pinn_franka_controller]: Trajectory stale (1583.8s > 2.0s) -- holding at last known position via gravity compensation.
[pinn_controller_node-1] [WARN] [1785305861.097581485] [pinn_franka_controller]: Trajectory stale (1584.8s > 2.0s) -- holding at last known position via gravity compensation.
[pinn_controller_node-1] [WARN] [1785305862.098422359] [pinn_franka_controller]: Trajectory stale (1585.8s > 2.0s) -- holding at last known position via gravity compensation.
[pinn_controller_node-1] [WARN] [1785305863.098447880] [pinn_franka_controller]: Trajectory stale (1586.8s > 2.0s) -- holding at last known position via gravity compensation.
[pinn_controller_node-1] [WARN] [1785305864.098536466] [pinn_franka_controller]: Trajectory stale (1587.8s > 2.0s) -- holding at last known position via gravity compensation.
[pinn_controller_node-1] [WARN] [1785305865.098601392] [pinn_franka_controller]: Trajectory stale (1588.8s > 2.0s) -- holding at last known position via gravity compensation.
[pinn_controller_node-1] [WARN] [1785305866.099220870] [pinn_franka_controller]: Trajectory stale (1589.8s > 2.0s) -- holding at last known position via gravity compensation.
[pinn_controller_node-1] [WARN] [1785305867.099875841] [pinn_franka_controller]: Trajectory stale (1590.8s > 2.0s) -- holding at last known position via gravity compensation.
[pinn_controller_node-1] [WARN] [1785305868.100407084] [pinn_franka_controller]: Trajectory stale (1591.8s > 2.0s) -- holding at last known position via gravity compensation.
[pinn_controller_node-1] [WARN] [1785305869.100447494] [pinn_franka_controller]: Trajectory stale (1592.8s > 2.0s) -- holding at last known position via gravity compensation.
[pinn_controller_node-1] [WARN] [1785305870.100497627] [pinn_franka_controller]: Trajectory stale (1593.8s > 2.0s) -- holding at last known position via gravity compensation.
[pinn_controller_node-1] [WARN] [1785305871.100660151] [pinn_franka_controller]: Trajectory stale (1594.8s > 2.0s) -- holding at last known position via gravity compensation.
[pinn_controller_node-1] [WARN] [1785305872.100689287] [pinn_franka_controller]: Trajectory stale (1595.8s > 2.0s) -- holding at last known position via gravity compensation.
[pinn_controller_node-1] [WARN] [1785305873.100806646] [pinn_franka_controller]: Trajectory stale (1596.8s > 2.0s) -- holding at last known position via gravity compensation.
[pinn_controller_node-1] [WARN] [1785305874.101405178] [pinn_franka_controller]: Trajectory stale (1597.8s > 2.0s) -- holding at last known position via gravity compensation.
[pinn_controller_node-1] [WARN] [1785305875.101443800] [pinn_franka_controller]: Trajectory stale (1598.8s > 2.0s) -- holding at last known position via gravity compensation.
[pinn_controller_node-1] [WARN] [1785305876.101491260] [pinn_franka_controller]: Trajectory stale (1599.8s > 2.0s) -- holding at last known position via gravity compensation.
[pinn_controller_node-1] [WARN] [1785305877.102311226] [pinn_franka_controller]: Trajectory stale (1600.8s > 2.0s) -- holding at last known position via gravity compensation.
[pinn_controller_node-1] [WARN] [1785305878.102420284] [pinn_franka_controller]: Trajectory stale (1601.8s > 2.0s) -- holding at last known position via gravity compensation.
[pinn_controller_node-1] [WARN] [1785305879.103408452] [pinn_franka_controller]: Trajectory stale (1602.8s > 2.0s) -- holding at last known position via gravity compensation.
[pinn_controller_node-1] [WARN] [1785305880.103680435] [pinn_franka_controller]: Trajectory stale (1603.8s > 2.0s) -- holding at last known position via gravity compensation.
[pinn_controller_node-1] [WARN] [1785305881.104285165] [pinn_franka_controller]: Trajectory stale (1604.8s > 2.0s) -- holding at last known position via gravity compensation.
[pinn_controller_node-1] [WARN] [1785305882.104422225] [pinn_franka_controller]: Trajectory stale (1605.8s > 2.0s) -- holding at last known position via gravity compensation.
[pinn_controller_node-1] [WARN] [1785305883.105496698] [pinn_franka_controller]: Trajectory stale (1606.8s > 2.0s) -- holding at last known position via gravity compensation.
[pinn_controller_node-1] [WARN] [1785305884.106514206] [pinn_franka_controller]: Trajectory stale (1607.8s > 2.0s) -- holding at last known position via gravity compensation.
[pinn_controller_node-1] [WARN] [1785305885.107411882] [pinn_franka_controller]: Trajectory stale (1608.8s > 2.0s) -- holding at last known position via gravity compensation.
[pinn_controller_node-1] [WARN] [1785305886.107616783] [pinn_franka_controller]: Trajectory stale (1609.8s > 2.0s) -- holding at last known position via gravity compensation.
[pinn_controller_node-1] [WARN] [1785305887.107783183] [pinn_franka_controller]: Trajectory stale (1610.8s > 2.0s) -- holding at last known position via gravity compensation.
[pinn_controller_node-1] [WARN] [1785305888.108429552] [pinn_franka_controller]: Trajectory stale (1611.8s > 2.0s) -- holding at last known position via gravity compensation.
[pinn_controller_node-1] [WARN] [1785305889.108532200] [pinn_franka_controller]: Trajectory stale (1612.8s > 2.0s) -- holding at last known position via gravity compensation.
[pinn_controller_node-1] [WARN] [1785305890.109416017] [pinn_franka_controller]: Trajectory stale (1613.8s > 2.0s) -- holding at last known position via gravity compensation.
[pinn_controller_node-1] [WARN] [1785305891.109453765] [pinn_franka_controller]: Trajectory stale (1614.8s > 2.0s) -- holding at last known position via gravity compensation.
[pinn_controller_node-1] [WARN] [1785305892.110463752] [pinn_franka_controller]: Trajectory stale (1615.8s > 2.0s) -- holding at last known position via gravity compensation.
[pinn_controller_node-1] [WARN] [1785305893.110517622] [pinn_franka_controller]: Trajectory stale (1616.8s > 2.0s) -- holding at last known position via gravity compensation.
[pinn_controller_node-1] [WARN] [1785305894.111433775] [pinn_franka_controller]: Trajectory stale (1617.8s > 2.0s) -- holding at last known position via gravity compensation.
[pinn_controller_node-1] [WARN] [1785305895.112396377] [pinn_franka_controller]: Trajectory stale (1618.8s > 2.0s) -- holding at last known position via gravity compensation.
[pinn_controller_node-1] [WARN] [1785305896.112921181] [pinn_franka_controller]: Trajectory stale (1619.8s > 2.0s) -- holding at last known position via gravity compensation.
[pinn_controller_node-1] [WARN] [1785305897.113213822] [pinn_franka_controller]: Trajectory stale (1620.8s > 2.0s) -- holding at last known position via gravity compensation.
[pinn_controller_node-1] [WARN] [1785305898.113406011] [pinn_franka_controller]: Trajectory stale (1621.8s > 2.0s) -- holding at last known position via gravity compensation.
[pinn_controller_node-1] [WARN] [1785305899.113424724] [pinn_franka_controller]: Trajectory stale (1622.8s > 2.0s) -- holding at last known position via gravity compensation.
[pinn_controller_node-1] [WARN] [1785305900.113769461] [pinn_franka_controller]: Trajectory stale (1623.8s > 2.0s) -- holding at last known position via gravity compensation.
[pinn_controller_node-1] [WARN] [1785305901.114401356] [pinn_franka_controller]: Trajectory stale (1624.8s > 2.0s) -- holding at last known position via gravity compensation.
[pinn_controller_node-1] [WARN] [1785305902.115515608] [pinn_franka_controller]: Trajectory stale (1625.8s > 2.0s) -- holding at last known position via gravity compensation.
[pinn_controller_node-1] [WARN] [1785305903.116407308] [pinn_franka_controller]: Trajectory stale (1626.8s > 2.0s) -- holding at last known position via gravity compensation.
[pinn_controller_node-1] [WARN] [1785305904.117042303] [pinn_franka_controller]: Trajectory stale (1627.8s > 2.0s) -- holding at last known position via gravity compensation.
[pinn_controller_node-1] [WARN] [1785305905.117417746] [pinn_franka_controller]: Trajectory stale (1628.8s > 2.0s) -- holding at last known position via gravity compensation.
[pinn_controller_node-1] [WARN] [1785305906.117438638] [pinn_franka_controller]: Trajectory stale (1629.8s > 2.0s) -- holding at last known position via gravity compensation.
[pinn_controller_node-1] [WARN] [1785305907.117628031] [pinn_franka_controller]: Trajectory stale (1630.8s > 2.0s) -- holding at last known position via gravity compensation.
[pinn_controller_node-1] [WARN] [1785305908.118431663] [pinn_franka_controller]: Trajectory stale (1631.8s > 2.0s) -- holding at last known position via gravity compensation.
[pinn_controller_node-1] [WARN] [1785305909.119414914] [pinn_franka_controller]: Trajectory stale (1632.8s > 2.0s) -- holding at last known position via gravity compensation.
[pinn_controller_node-1] [WARN] [1785305910.119431608] [pinn_franka_controller]: Trajectory stale (1633.8s > 2.0s) -- holding at last known position via gravity compensation.
[pinn_controller_node-1] [WARN] [1785305911.120407720] [pinn_franka_controller]: Trajectory stale (1634.8s > 2.0s) -- holding at last known position via gravity compensation.
[pinn_controller_node-1] [WARN] [1785305912.120412201] [pinn_franka_controller]: Trajectory stale (1635.8s > 2.0s) -- holding at last known position via gravity compensation.
[pinn_controller_node-1] [WARN] [1785305913.120419499] [pinn_franka_controller]: Trajectory stale (1636.8s > 2.0s) -- holding at last known position via gravity compensation.
[pinn_controller_node-1] [WARN] [1785305914.120577046] [pinn_franka_controller]: Trajectory stale (1637.8s > 2.0s) -- holding at last known position via gravity compensation.
[pinn_controller_node-1] [WARN] [1785305915.120586628] [pinn_franka_controller]: Trajectory stale (1638.8s > 2.0s) -- holding at last known position via gravity compensation.
[pinn_controller_node-1] [WARN] [1785305916.121403481] [pinn_franka_controller]: Trajectory stale (1639.8s > 2.0s) -- holding at last known position via gravity compensation.
[pinn_controller_node-1] [WARN] [1785305917.121628348] [pinn_franka_controller]: Trajectory stale (1640.8s > 2.0s) -- holding at last known position via gravity compensation.
[pinn_controller_node-1] [WARN] [1785305918.121653489] [pinn_franka_controller]: Trajectory stale (1641.8s > 2.0s) -- holding at last known position via gravity compensation.
[pinn_controller_node-1] [WARN] [1785305919.123005525] [pinn_franka_controller]: Trajectory stale (1642.8s > 2.0s) -- holding at last known position via gravity compensation.
[pinn_controller_node-1] [WARN] [1785305920.123526978] [pinn_franka_controller]: Trajectory stale (1643.8s > 2.0s) -- holding at last known position via gravity compensation.
[pinn_controller_node-1] [WARN] [1785305921.124481044] [pinn_franka_controller]: Trajectory stale (1644.8s > 2.0s) -- holding at last known position via gravity compensation.
[pinn_controller_node-1] [WARN] [1785305922.125457737] [pinn_franka_controller]: Trajectory stale (1645.8s > 2.0s) -- holding at last known position via gravity compensation.
[pinn_controller_node-1] [WARN] [1785305923.126135289] [pinn_franka_controller]: Trajectory stale (1646.8s > 2.0s) -- holding at last known position via gravity compensation.
[pinn_controller_node-1] [WARN] [1785305924.126430862] [pinn_franka_controller]: Trajectory stale (1647.8s > 2.0s) -- holding at last known position via gravity compensation.
[pinn_controller_node-1] [WARN] [1785305925.127692461] [pinn_franka_controller]: Trajectory stale (1648.8s > 2.0s) -- holding at last known position via gravity compensation.
[pinn_controller_node-1] [WARN] [1785305926.128422915] [pinn_franka_controller]: Trajectory stale (1649.8s > 2.0s) -- holding at last known position via gravity compensation.
[pinn_controller_node-1] [WARN] [1785305927.128532745] [pinn_franka_controller]: Trajectory stale (1650.8s > 2.0s) -- holding at last known position via gravity compensation.
[pinn_controller_node-1] [WARN] [1785305928.129614702] [pinn_franka_controller]: Trajectory stale (1651.8s > 2.0s) -- holding at last known position via gravity compensation.
[pinn_controller_node-1] [WARN] [1785305929.130405779] [pinn_franka_controller]: Trajectory stale (1652.8s > 2.0s) -- holding at last known position via gravity compensation.
[pinn_controller_node-1] [WARN] [1785305930.130425251] [pinn_franka_controller]: Trajectory stale (1653.8s > 2.0s) -- holding at last known position via gravity compensation.
[pinn_controller_node-1] [WARN] [1785305931.130471095] [pinn_franka_controller]: Trajectory stale (1654.8s > 2.0s) -- holding at last known position via gravity compensation.
[pinn_controller_node-1] [WARN] [1785305932.131248588] [pinn_franka_controller]: Trajectory stale (1655.8s > 2.0s) -- holding at last known position via gravity compensation.
[pinn_controller_node-1] [WARN] [1785305933.131540350] [pinn_franka_controller]: Trajectory stale (1656.8s > 2.0s) -- holding at last known position via gravity compensation.
[pinn_controller_node-1] [WARN] [1785305934.132423372] [pinn_franka_controller]: Trajectory stale (1657.8s > 2.0s) -- holding at last known position via gravity compensation.
[pinn_controller_node-1] [WARN] [1785305935.132470810] [pinn_franka_controller]: Trajectory stale (1658.8s > 2.0s) -- holding at last known position via gravity compensation.
[pinn_controller_node-1] [WARN] [1785305936.133406426] [pinn_franka_controller]: Trajectory stale (1659.8s > 2.0s) -- holding at last known position via gravity compensation.
[pinn_controller_node-1] [WARN] [1785305937.133417097] [pinn_franka_controller]: Trajectory stale (1660.8s > 2.0s) -- holding at last known position via gravity compensation.
[pinn_controller_node-1] [WARN] [1785305938.134403271] [pinn_franka_controller]: Trajectory stale (1661.8s > 2.0s) -- holding at last known position via gravity compensation.
[pinn_controller_node-1] [WARN] [1785305939.135402018] [pinn_franka_controller]: Trajectory stale (1662.9s > 2.0s) -- holding at last known position via gravity compensation.
[pinn_controller_node-1] [WARN] [1785305940.135437393] [pinn_franka_controller]: Trajectory stale (1663.9s > 2.0s) -- holding at last known position via gravity compensation.
[pinn_controller_node-1] [WARN] [1785305941.136416820] [pinn_franka_controller]: Trajectory stale (1664.9s > 2.0s) -- holding at last known position via gravity compensation.
[pinn_controller_node-1] [WARN] [1785305942.137420615] [pinn_franka_controller]: Trajectory stale (1665.9s > 2.0s) -- holding at last known position via gravity compensation.
[pinn_controller_node-1] [WARN] [1785305943.137451073] [pinn_franka_controller]: Trajectory stale (1666.9s > 2.0s) -- holding at last known position via gravity compensation.
[pinn_controller_node-1] [WARN] [1785305944.138808007] [pinn_franka_controller]: Trajectory stale (1667.9s > 2.0s) -- holding at last known position via gravity compensation.
[pinn_controller_node-1] [WARN] [1785305945.139514388] [pinn_franka_controller]: Trajectory stale (1668.9s > 2.0s) -- holding at last known position via gravity compensation.
[pinn_controller_node-1] [WARN] [1785305946.140406334] [pinn_franka_controller]: Trajectory stale (1669.9s > 2.0s) -- holding at last known position via gravity compensation.
[pinn_controller_node-1] [WARN] [1785305947.141422447] [pinn_franka_controller]: Trajectory stale (1670.9s > 2.0s) -- holding at last known position via gravity compensation.
[pinn_controller_node-1] [WARN] [1785305948.141805766] [pinn_franka_controller]: Trajectory stale (1671.9s > 2.0s) -- holding at last known position via gravity compensation.
[pinn_controller_node-1] [WARN] [1785305949.142461159] [pinn_franka_controller]: Trajectory stale (1672.9s > 2.0s) -- holding at last known position via gravity compensation.
[pinn_controller_node-1] [WARN] [1785305950.143406710] [pinn_franka_controller]: Trajectory stale (1673.9s > 2.0s) -- holding at last known position via gravity compensation.
[pinn_controller_node-1] [WARN] [1785305951.143588150] [pinn_franka_controller]: Trajectory stale (1674.9s > 2.0s) -- holding at last known position via gravity compensation.
[pinn_controller_node-1] [WARN] [1785305952.143838143] [pinn_franka_controller]: Trajectory stale (1675.9s > 2.0s) -- holding at last known position via gravity compensation.
[pinn_controller_node-1] [WARN] [1785305953.144425251] [pinn_franka_controller]: Trajectory stale (1676.9s > 2.0s) -- holding at last known position via gravity compensation.
[pinn_controller_node-1] [WARN] [1785305954.144456973] [pinn_franka_controller]: Trajectory stale (1677.9s > 2.0s) -- holding at last known position via gravity compensation.
[pinn_controller_node-1] [WARN] [1785305955.144504569] [pinn_franka_controller]: Trajectory stale (1678.9s > 2.0s) -- holding at last known position via gravity compensation.
[pinn_controller_node-1] [WARN] [1785305956.144544935] [pinn_franka_controller]: Trajectory stale (1679.9s > 2.0s) -- holding at last known position via gravity compensation.
[pinn_controller_node-1] [WARN] [1785305957.144670271] [pinn_franka_controller]: Trajectory stale (1680.9s > 2.0s) -- holding at last known position via gravity compensation.
[pinn_controller_node-1] [WARN] [1785305958.144678127] [pinn_franka_controller]: Trajectory stale (1681.9s > 2.0s) -- holding at last known position via gravity compensation.
[pinn_controller_node-1] [WARN] [1785305959.144832593] [pinn_franka_controller]: Trajectory stale (1682.9s > 2.0s) -- holding at last known position via gravity compensation.
[pinn_controller_node-1] [WARN] [1785305960.145717117] [pinn_franka_controller]: Trajectory stale (1683.9s > 2.0s) -- holding at last known position via gravity compensation.
[pinn_controller_node-1] [WARN] [1785305961.146534369] [pinn_franka_controller]: Trajectory stale (1684.9s > 2.0s) -- holding at last known position via gravity compensation.
[pinn_controller_node-1] [WARN] [1785305962.147402320] [pinn_franka_controller]: Trajectory stale (1685.9s > 2.0s) -- holding at last known position via gravity compensation.
[pinn_controller_node-1] [WARN] [1785305963.147418192] [pinn_franka_controller]: Trajectory stale (1686.9s > 2.0s) -- holding at last known position via gravity compensation.
[pinn_controller_node-1] [WARN] [1785305964.148399188] [pinn_franka_controller]: Trajectory stale (1687.9s > 2.0s) -- holding at last known position via gravity compensation.
[pinn_controller_node-1] [WARN] [1785305965.148419332] [pinn_franka_controller]: Trajectory stale (1688.9s > 2.0s) -- holding at last known position via gravity compensation.
[pinn_controller_node-1] [WARN] [1785305966.148432521] [pinn_franka_controller]: Trajectory stale (1689.9s > 2.0s) -- holding at last known position via gravity compensation.
[pinn_controller_node-1] [WARN] [1785305967.148777878] [pinn_franka_controller]: Trajectory stale (1690.9s > 2.0s) -- holding at last known position via gravity compensation.
[pinn_controller_node-1] [WARN] [1785305968.149562495] [pinn_franka_controller]: Trajectory stale (1691.9s > 2.0s) -- holding at last known position via gravity compensation.
[pinn_controller_node-1] [WARN] [1785305969.150121101] [pinn_franka_controller]: Trajectory stale (1692.9s > 2.0s) -- holding at last known position via gravity compensation.
[pinn_controller_node-1] [WARN] [1785305970.150834592] [pinn_franka_controller]: Trajectory stale (1693.9s > 2.0s) -- holding at last known position via gravity compensation.
[pinn_controller_node-1] [WARN] [1785305971.151709026] [pinn_franka_controller]: Trajectory stale (1694.9s > 2.0s) -- holding at last known position via gravity compensation.
[pinn_controller_node-1] [WARN] [1785305972.152782074] [pinn_franka_controller]: Trajectory stale (1695.9s > 2.0s) -- holding at last known position via gravity compensation.
[pinn_controller_node-1] [WARN] [1785305973.153413865] [pinn_franka_controller]: Trajectory stale (1696.9s > 2.0s) -- holding at last known position via gravity compensation.
[pinn_controller_node-1] [WARN] [1785305974.153522447] [pinn_franka_controller]: Trajectory stale (1697.9s > 2.0s) -- holding at last known position via gravity compensation.
[pinn_controller_node-1] [WARN] [1785305975.154417939] [pinn_franka_controller]: Trajectory stale (1698.9s > 2.0s) -- holding at last known position via gravity compensation.
[pinn_controller_node-1] [WARN] [1785305976.154420258] [pinn_franka_controller]: Trajectory stale (1699.9s > 2.0s) -- holding at last known position via gravity compensation.
[pinn_controller_node-1] [WARN] [1785305977.154471794] [pinn_franka_controller]: Trajectory stale (1700.9s > 2.0s) -- holding at last known position via gravity compensation.
[pinn_controller_node-1] [WARN] [1785305978.155462599] [pinn_franka_controller]: Trajectory stale (1701.9s > 2.0s) -- holding at last known position via gravity compensation.
[pinn_controller_node-1] [WARN] [1785305979.156449005] [pinn_franka_controller]: Trajectory stale (1702.9s > 2.0s) -- holding at last known position via gravity compensation.
[pinn_controller_node-1] [WARN] [1785305980.156536626] [pinn_franka_controller]: Trajectory stale (1703.9s > 2.0s) -- holding at last known position via gravity compensation.
[pinn_controller_node-1] [WARN] [1785305981.157401752] [pinn_franka_controller]: Trajectory stale (1704.9s > 2.0s) -- holding at last known position via gravity compensation.
[pinn_controller_node-1] [WARN] [1785305982.157463190] [pinn_franka_controller]: Trajectory stale (1705.9s > 2.0s) -- holding at last known position via gravity compensation.
[pinn_controller_node-1] [WARN] [1785305983.157896600] [pinn_franka_controller]: Trajectory stale (1706.9s > 2.0s) -- holding at last known position via gravity compensation.
[pinn_controller_node-1] [WARN] [1785305984.158372052] [pinn_franka_controller]: Trajectory stale (1707.9s > 2.0s) -- holding at last known position via gravity compensation.
[pinn_controller_node-1] [WARN] [1785305985.159064218] [pinn_franka_controller]: Trajectory stale (1708.9s > 2.0s) -- holding at last known position via gravity compensation.
[pinn_controller_node-1] [WARN] [1785305986.159578595] [pinn_franka_controller]: Trajectory stale (1709.9s > 2.0s) -- holding at last known position via gravity compensation.
[pinn_controller_node-1] [WARN] [1785305987.159676460] [pinn_franka_controller]: Trajectory stale (1710.9s > 2.0s) -- holding at last known position via gravity compensation.
[pinn_controller_node-1] [WARN] [1785305988.160607972] [pinn_franka_controller]: Trajectory stale (1711.9s > 2.0s) -- holding at last known position via gravity compensation.
[pinn_controller_node-1] [WARN] [1785305989.161429908] [pinn_franka_controller]: Trajectory stale (1712.9s > 2.0s) -- holding at last known position via gravity compensation.
[pinn_controller_node-1] [WARN] [1785305990.162428540] [pinn_franka_controller]: Trajectory stale (1713.9s > 2.0s) -- holding at last known position via gravity compensation.
[pinn_controller_node-1] [WARN] [1785305991.162429153] [pinn_franka_controller]: Trajectory stale (1714.9s > 2.0s) -- holding at last known position via gravity compensation.
[pinn_controller_node-1] [WARN] [1785305992.162438185] [pinn_franka_controller]: Trajectory stale (1715.9s > 2.0s) -- holding at last known position via gravity compensation.
[pinn_controller_node-1] [WARN] [1785305993.162446394] [pinn_franka_controller]: Trajectory stale (1716.9s > 2.0s) -- holding at last known position via gravity compensation.
[pinn_controller_node-1] [WARN] [1785305994.162547200] [pinn_franka_controller]: Trajectory stale (1717.9s > 2.0s) -- holding at last known position via gravity compensation.
[pinn_controller_node-1] [WARN] [1785305995.163436505] [pinn_franka_controller]: Trajectory stale (1718.9s > 2.0s) -- holding at last known position via gravity compensation.
[pinn_controller_node-1] [WARN] [1785305996.163454259] [pinn_franka_controller]: Trajectory stale (1719.9s > 2.0s) -- holding at last known position via gravity compensation.
[pinn_controller_node-1] [WARN] [1785305997.163576775] [pinn_franka_controller]: Trajectory stale (1720.9s > 2.0s) -- holding at last known position via gravity compensation.
[pinn_controller_node-1] [WARN] [1785305998.163796848] [pinn_franka_controller]: Trajectory stale (1721.9s > 2.0s) -- holding at last known position via gravity compensation.
[pinn_controller_node-1] [WARN] [1785305999.164496135] [pinn_franka_controller]: Trajectory stale (1722.9s > 2.0s) -- holding at last known position via gravity compensation.
[pinn_controller_node-1] [WARN] [1785306000.165420550] [pinn_franka_controller]: Trajectory stale (1723.9s > 2.0s) -- holding at last known position via gravity compensation.
[pinn_controller_node-1] [WARN] [1785306001.165521109] [pinn_franka_controller]: Trajectory stale (1724.9s > 2.0s) -- holding at last known position via gravity compensation.
[pinn_controller_node-1] [WARN] [1785306002.165538839] [pinn_franka_controller]: Trajectory stale (1725.9s > 2.0s) -- holding at last known position via gravity compensation.
[pinn_controller_node-1] [WARN] [1785306003.166407453] [pinn_franka_controller]: Trajectory stale (1726.9s > 2.0s) -- holding at last known position via gravity compensation.
[pinn_controller_node-1] [WARN] [1785306004.166491320] [pinn_franka_controller]: Trajectory stale (1727.9s > 2.0s) -- holding at last known position via gravity compensation.
[pinn_controller_node-1] [WARN] [1785306005.167458115] [pinn_franka_controller]: Trajectory stale (1728.9s > 2.0s) -- holding at last known position via gravity compensation.
[pinn_controller_node-1] [WARN] [1785306006.167573328] [pinn_franka_controller]: Trajectory stale (1729.9s > 2.0s) -- holding at last known position via gravity compensation.
[pinn_controller_node-1] [WARN] [1785306007.168422257] [pinn_franka_controller]: Trajectory stale (1730.9s > 2.0s) -- holding at last known position via gravity compensation.
[pinn_controller_node-1] [WARN] [1785306008.169409673] [pinn_franka_controller]: Trajectory stale (1731.9s > 2.0s) -- holding at last known position via gravity compensation.
[pinn_controller_node-1] [WARN] [1785306009.169713828] [pinn_franka_controller]: Trajectory stale (1732.9s > 2.0s) -- holding at last known position via gravity compensation.
[pinn_controller_node-1] [WARN] [1785306010.170413485] [pinn_franka_controller]: Trajectory stale (1733.9s > 2.0s) -- holding at last known position via gravity compensation.
[pinn_controller_node-1] [WARN] [1785306011.170662350] [pinn_franka_controller]: Trajectory stale (1734.9s > 2.0s) -- holding at last known position via gravity compensation.
[pinn_controller_node-1] [WARN] [1785306012.170944983] [pinn_franka_controller]: Trajectory stale (1735.9s > 2.0s) -- holding at last known position via gravity compensation.
[pinn_controller_node-1] [WARN] [1785306013.171411762] [pinn_franka_controller]: Trajectory stale (1736.9s > 2.0s) -- holding at last known position via gravity compensation.
[pinn_controller_node-1] [WARN] [1785306014.171832698] [pinn_franka_controller]: Trajectory stale (1737.9s > 2.0s) -- holding at last known position via gravity compensation.
[pinn_controller_node-1] [WARN] [1785306015.172459846] [pinn_franka_controller]: Trajectory stale (1738.9s > 2.0s) -- holding at last known position via gravity compensation.
[pinn_controller_node-1] [WARN] [1785306016.173125600] [pinn_franka_controller]: Trajectory stale (1739.9s > 2.0s) -- holding at last known position via gravity compensation.
[pinn_controller_node-1] [WARN] [1785306017.173540391] [pinn_franka_controller]: Trajectory stale (1740.9s > 2.0s) -- holding at last known position via gravity compensation.
[pinn_controller_node-1] [WARN] [1785306018.174426801] [pinn_franka_controller]: Trajectory stale (1741.9s > 2.0s) -- holding at last known position via gravity compensation.
[pinn_controller_node-1] [WARN] [1785306019.175446864] [pinn_franka_controller]: Trajectory stale (1742.9s > 2.0s) -- holding at last known position via gravity compensation.
[pinn_controller_node-1] [WARN] [1785306020.176418274] [pinn_franka_controller]: Trajectory stale (1743.9s > 2.0s) -- holding at last known position via gravity compensation.
[pinn_controller_node-1] [WARN] [1785306021.176418175] [pinn_franka_controller]: Trajectory stale (1744.9s > 2.0s) -- holding at last known position via gravity compensation.
[pinn_controller_node-1] [WARN] [1785306022.176586625] [pinn_franka_controller]: Trajectory stale (1745.9s > 2.0s) -- holding at last known position via gravity compensation.
[pinn_controller_node-1] [WARN] [1785306023.177402485] [pinn_franka_controller]: Trajectory stale (1746.9s > 2.0s) -- holding at last known position via gravity compensation.
[pinn_controller_node-1] [WARN] [1785306024.177614033] [pinn_franka_controller]: Trajectory stale (1747.9s > 2.0s) -- holding at last known position via gravity compensation.
[pinn_controller_node-1] [WARN] [1785306025.178497340] [pinn_franka_controller]: Trajectory stale (1748.9s > 2.0s) -- holding at last known position via gravity compensation.
[pinn_controller_node-1] [WARN] [1785306026.178669011] [pinn_franka_controller]: Trajectory stale (1749.9s > 2.0s) -- holding at last known position via gravity compensation.
[pinn_controller_node-1] [WARN] [1785306027.179682567] [pinn_franka_controller]: Trajectory stale (1750.9s > 2.0s) -- holding at last known position via gravity compensation.
[pinn_controller_node-1] [WARN] [1785306028.179744964] [pinn_franka_controller]: Trajectory stale (1751.9s > 2.0s) -- holding at last known position via gravity compensation.
[pinn_controller_node-1] [WARN] [1785306029.180490983] [pinn_franka_controller]: Trajectory stale (1752.9s > 2.0s) -- holding at last known position via gravity compensation.
[pinn_controller_node-1] [WARN] [1785306030.181528780] [pinn_franka_controller]: Trajectory stale (1753.9s > 2.0s) -- holding at last known position via gravity compensation.
[pinn_controller_node-1] [WARN] [1785306031.182400751] [pinn_franka_controller]: Trajectory stale (1754.9s > 2.0s) -- holding at last known position via gravity compensation.
[pinn_controller_node-1] [WARN] [1785306032.182499979] [pinn_franka_controller]: Trajectory stale (1755.9s > 2.0s) -- holding at last known position via gravity compensation.
[pinn_controller_node-1] [WARN] [1785306033.182634041] [pinn_franka_controller]: Trajectory stale (1756.9s > 2.0s) -- holding at last known position via gravity compensation.
[pinn_controller_node-1] [WARN] [1785306034.183424506] [pinn_franka_controller]: Trajectory stale (1757.9s > 2.0s) -- holding at last known position via gravity compensation.
[pinn_controller_node-1] [WARN] [1785306035.184374936] [pinn_franka_controller]: Trajectory stale (1758.9s > 2.0s) -- holding at last known position via gravity compensation.
[pinn_controller_node-1] [WARN] [1785306036.184676489] [pinn_franka_controller]: Trajectory stale (1759.9s > 2.0s) -- holding at last known position via gravity compensation.
[pinn_controller_node-1] [WARN] [1785306037.185416080] [pinn_franka_controller]: Trajectory stale (1760.9s > 2.0s) -- holding at last known position via gravity compensation.
[pinn_controller_node-1] [WARN] [1785306038.185677143] [pinn_franka_controller]: Trajectory stale (1761.9s > 2.0s) -- holding at last known position via gravity compensation.
[pinn_controller_node-1] [WARN] [1785306039.186393744] [pinn_franka_controller]: Trajectory stale (1762.9s > 2.0s) -- holding at last known position via gravity compensation.
[pinn_controller_node-1] [WARN] [1785306040.186421138] [pinn_franka_controller]: Trajectory stale (1763.9s > 2.0s) -- holding at last known position via gravity compensation.
[pinn_controller_node-1] [WARN] [1785306041.186473629] [pinn_franka_controller]: Trajectory stale (1764.9s > 2.0s) -- holding at last known position via gravity compensation.
[pinn_controller_node-1] [WARN] [1785306042.187463333] [pinn_franka_controller]: Trajectory stale (1765.9s > 2.0s) -- holding at last known position via gravity compensation.
[pinn_controller_node-1] [WARN] [1785306043.187605940] [pinn_franka_controller]: Trajectory stale (1766.9s > 2.0s) -- holding at last known position via gravity compensation.
[pinn_controller_node-1] [WARN] [1785306044.188071237] [pinn_franka_controller]: Trajectory stale (1767.9s > 2.0s) -- holding at last known position via gravity compensation.
[pinn_controller_node-1] [WARN] [1785306045.188458602] [pinn_franka_controller]: Trajectory stale (1768.9s > 2.0s) -- holding at last known position via gravity compensation.
[pinn_controller_node-1] [WARN] [1785306046.188461853] [pinn_franka_controller]: Trajectory stale (1769.9s > 2.0s) -- holding at last known position via gravity compensation.
[pinn_controller_node-1] [WARN] [1785306047.189419779] [pinn_franka_controller]: Trajectory stale (1770.9s > 2.0s) -- holding at last known position via gravity compensation.
[pinn_controller_node-1] [WARN] [1785306048.189494201] [pinn_franka_controller]: Trajectory stale (1771.9s > 2.0s) -- holding at last known position via gravity compensation.
[pinn_controller_node-1] [WARN] [1785306049.189945138] [pinn_franka_controller]: Trajectory stale (1772.9s > 2.0s) -- holding at last known position via gravity compensation.
[pinn_controller_node-1] [WARN] [1785306050.190864719] [pinn_franka_controller]: Trajectory stale (1773.9s > 2.0s) -- holding at last known position via gravity compensation.
[pinn_controller_node-1] [WARN] [1785306051.191416384] [pinn_franka_controller]: Trajectory stale (1774.9s > 2.0s) -- holding at last known position via gravity compensation.
[pinn_controller_node-1] [WARN] [1785306052.191680854] [pinn_franka_controller]: Trajectory stale (1775.9s > 2.0s) -- holding at last known position via gravity compensation.
[pinn_controller_node-1] [WARN] [1785306053.192405170] [pinn_franka_controller]: Trajectory stale (1776.9s > 2.0s) -- holding at last known position via gravity compensation.
[pinn_controller_node-1] [WARN] [1785306054.193405620] [pinn_franka_controller]: Trajectory stale (1777.9s > 2.0s) -- holding at last known position via gravity compensation.
[pinn_controller_node-1] [WARN] [1785306055.193406163] [pinn_franka_controller]: Trajectory stale (1778.9s > 2.0s) -- holding at last known position via gravity compensation.
[pinn_controller_node-1] [WARN] [1785306056.193718668] [pinn_franka_controller]: Trajectory stale (1779.9s > 2.0s) -- holding at last known position via gravity compensation.
[pinn_controller_node-1] [WARN] [1785306057.194434858] [pinn_franka_controller]: Trajectory stale (1780.9s > 2.0s) -- holding at last known position via gravity compensation.
[pinn_controller_node-1] [WARN] [1785306058.194677171] [pinn_franka_controller]: Trajectory stale (1781.9s > 2.0s) -- holding at last known position via gravity compensation.
[pinn_controller_node-1] [WARN] [1785306059.195184373] [pinn_franka_controller]: Trajectory stale (1782.9s > 2.0s) -- holding at last known position via gravity compensation.
[pinn_controller_node-1] [WARN] [1785306060.195577846] [pinn_franka_controller]: Trajectory stale (1783.9s > 2.0s) -- holding at last known position via gravity compensation.
[pinn_controller_node-1] [WARN] [1785306061.196497537] [pinn_franka_controller]: Trajectory stale (1784.9s > 2.0s) -- holding at last known position via gravity compensation.
[pinn_controller_node-1] [WARN] [1785306062.196788238] [pinn_franka_controller]: Trajectory stale (1785.9s > 2.0s) -- holding at last known position via gravity compensation.
[pinn_controller_node-1] [WARN] [1785306063.197486202] [pinn_franka_controller]: Trajectory stale (1786.9s > 2.0s) -- holding at last known position via gravity compensation.
[pinn_controller_node-1] [WARN] [1785306064.197530351] [pinn_franka_controller]: Trajectory stale (1787.9s > 2.0s) -- holding at last known position via gravity compensation.
[pinn_controller_node-1] [WARN] [1785306065.197698719] [pinn_franka_controller]: Trajectory stale (1788.9s > 2.0s) -- holding at last known position via gravity compensation.
[pinn_controller_node-1] [WARN] [1785306066.198408548] [pinn_franka_controller]: Trajectory stale (1789.9s > 2.0s) -- holding at last known position via gravity compensation.
[pinn_controller_node-1] [WARN] [1785306067.198440938] [pinn_franka_controller]: Trajectory stale (1790.9s > 2.0s) -- holding at last known position via gravity compensation.
[pinn_controller_node-1] [WARN] [1785306068.198463507] [pinn_franka_controller]: Trajectory stale (1791.9s > 2.0s) -- holding at last known position via gravity compensation.
[pinn_controller_node-1] [WARN] [1785306069.198571768] [pinn_franka_controller]: Trajectory stale (1792.9s > 2.0s) -- holding at last known position via gravity compensation.
[pinn_controller_node-1] [WARN] [1785306070.199413356] [pinn_franka_controller]: Trajectory stale (1793.9s > 2.0s) -- holding at last known position via gravity compensation.
[pinn_controller_node-1] [WARN] [1785306071.199541210] [pinn_franka_controller]: Trajectory stale (1794.9s > 2.0s) -- holding at last known position via gravity compensation.
[pinn_controller_node-1] [WARN] [1785306072.199888652] [pinn_franka_controller]: Trajectory stale (1795.9s > 2.0s) -- holding at last known position via gravity compensation.
[pinn_controller_node-1] [WARN] [1785306073.200168219] [pinn_franka_controller]: Trajectory stale (1796.9s > 2.0s) -- holding at last known position via gravity compensation.
[pinn_controller_node-1] [WARN] [1785306074.200625498] [pinn_franka_controller]: Trajectory stale (1797.9s > 2.0s) -- holding at last known position via gravity compensation.
[pinn_controller_node-1] [WARN] [1785306075.201446529] [pinn_franka_controller]: Trajectory stale (1798.9s > 2.0s) -- holding at last known position via gravity compensation.
[pinn_controller_node-1] [WARN] [1785306076.201461199] [pinn_franka_controller]: Trajectory stale (1799.9s > 2.0s) -- holding at last known position via gravity compensation.
[pinn_controller_node-1] [WARN] [1785306077.202414669] [pinn_franka_controller]: Trajectory stale (1800.9s > 2.0s) -- holding at last known position via gravity compensation.
[pinn_controller_node-1] [WARN] [1785306078.203410418] [pinn_franka_controller]: Trajectory stale (1801.9s > 2.0s) -- holding at last known position via gravity compensation.
[pinn_controller_node-1] [WARN] [1785306079.203461770] [pinn_franka_controller]: Trajectory stale (1802.9s > 2.0s) -- holding at last known position via gravity compensation.
[pinn_controller_node-1] [WARN] [1785306080.204167285] [pinn_franka_controller]: Trajectory stale (1803.9s > 2.0s) -- holding at last known position via gravity compensation.
[pinn_controller_node-1] [WARN] [1785306081.204412907] [pinn_franka_controller]: Trajectory stale (1804.9s > 2.0s) -- holding at last known position via gravity compensation.
[pinn_controller_node-1] [WARN] [1785306082.204533792] [pinn_franka_controller]: Trajectory stale (1805.9s > 2.0s) -- holding at last known position via gravity compensation.
[pinn_controller_node-1] [WARN] [1785306083.205413689] [pinn_franka_controller]: Trajectory stale (1806.9s > 2.0s) -- holding at last known position via gravity compensation.
[pinn_controller_node-1] [WARN] [1785306084.206436063] [pinn_franka_controller]: Trajectory stale (1807.9s > 2.0s) -- holding at last known position via gravity compensation.
[pinn_controller_node-1] [WARN] [1785306085.206443769] [pinn_franka_controller]: Trajectory stale (1808.9s > 2.0s) -- holding at last known position via gravity compensation.
[pinn_controller_node-1] [WARN] [1785306086.207315363] [pinn_franka_controller]: Trajectory stale (1809.9s > 2.0s) -- holding at last known position via gravity compensation.
[pinn_controller_node-1] [WARN] [1785306087.207406759] [pinn_franka_controller]: Trajectory stale (1810.9s > 2.0s) -- holding at last known position via gravity compensation.
[pinn_controller_node-1] [WARN] [1785306088.207870900] [pinn_franka_controller]: Trajectory stale (1811.9s > 2.0s) -- holding at last known position via gravity compensation.
[pinn_controller_node-1] [WARN] [1785306089.208864039] [pinn_franka_controller]: Trajectory stale (1812.9s > 2.0s) -- holding at last known position via gravity compensation.
[pinn_controller_node-1] [WARN] [1785306090.209408831] [pinn_franka_controller]: Trajectory stale (1813.9s > 2.0s) -- holding at last known position via gravity compensation.
[pinn_controller_node-1] [WARN] [1785306091.209537326] [pinn_franka_controller]: Trajectory stale (1814.9s > 2.0s) -- holding at last known position via gravity compensation.
[pinn_controller_node-1] [WARN] [1785306092.210118332] [pinn_franka_controller]: Trajectory stale (1815.9s > 2.0s) -- holding at last known position via gravity compensation.
[pinn_controller_node-1] [WARN] [1785306093.210404972] [pinn_franka_controller]: Trajectory stale (1816.9s > 2.0s) -- holding at last known position via gravity compensation.
[pinn_controller_node-1] [WARN] [1785306094.210478634] [pinn_franka_controller]: Trajectory stale (1817.9s > 2.0s) -- holding at last known position via gravity compensation.
[pinn_controller_node-1] [WARN] [1785306095.211426109] [pinn_franka_controller]: Trajectory stale (1818.9s > 2.0s) -- holding at last known position via gravity compensation.
[pinn_controller_node-1] [WARN] [1785306096.212428214] [pinn_franka_controller]: Trajectory stale (1819.9s > 2.0s) -- holding at last known position via gravity compensation.
[pinn_controller_node-1] [WARN] [1785306097.212495451] [pinn_franka_controller]: Trajectory stale (1820.9s > 2.0s) -- holding at last known position via gravity compensation.
[pinn_controller_node-1] [WARN] [1785306098.212510169] [pinn_franka_controller]: Trajectory stale (1821.9s > 2.0s) -- holding at last known position via gravity compensation.
[pinn_controller_node-1] [WARN] [1785306099.213462264] [pinn_franka_controller]: Trajectory stale (1822.9s > 2.0s) -- holding at last known position via gravity compensation.
[pinn_controller_node-1] [WARN] [1785306100.213894237] [pinn_franka_controller]: Trajectory stale (1823.9s > 2.0s) -- holding at last known position via gravity compensation.
[pinn_controller_node-1] [WARN] [1785306101.214466163] [pinn_franka_controller]: Trajectory stale (1824.9s > 2.0s) -- holding at last known position via gravity compensation.
[pinn_controller_node-1] [WARN] [1785306102.215454337] [pinn_franka_controller]: Trajectory stale (1825.9s > 2.0s) -- holding at last known position via gravity compensation.
[pinn_controller_node-1] [WARN] [1785306103.216422590] [pinn_franka_controller]: Trajectory stale (1826.9s > 2.0s) -- holding at last known position via gravity compensation.
[pinn_controller_node-1] [WARN] [1785306104.217427532] [pinn_franka_controller]: Trajectory stale (1827.9s > 2.0s) -- holding at last known position via gravity compensation.
[pinn_controller_node-1] [WARN] [1785306105.217444975] [pinn_franka_controller]: Trajectory stale (1828.9s > 2.0s) -- holding at last known position via gravity compensation.
[pinn_controller_node-1] [WARN] [1785306106.217678870] [pinn_franka_controller]: Trajectory stale (1829.9s > 2.0s) -- holding at last known position via gravity compensation.
[pinn_controller_node-1] [WARN] [1785306107.218404835] [pinn_franka_controller]: Trajectory stale (1830.9s > 2.0s) -- holding at last known position via gravity compensation.
[pinn_controller_node-1] [WARN] [1785306108.218576119] [pinn_franka_controller]: Trajectory stale (1831.9s > 2.0s) -- holding at last known position via gravity compensation.
[pinn_controller_node-1] [WARN] [1785306109.219417142] [pinn_franka_controller]: Trajectory stale (1832.9s > 2.0s) -- holding at last known position via gravity compensation.
[pinn_controller_node-1] [WARN] [1785306110.219524510] [pinn_franka_controller]: Trajectory stale (1833.9s > 2.0s) -- holding at last known position via gravity compensation.
[pinn_controller_node-1] [WARN] [1785306111.219999022] [pinn_franka_controller]: Trajectory stale (1834.9s > 2.0s) -- holding at last known position via gravity compensation.
[pinn_controller_node-1] [WARN] [1785306112.220431085] [pinn_franka_controller]: Trajectory stale (1835.9s > 2.0s) -- holding at last known position via gravity compensation.
[pinn_controller_node-1] [WARN] [1785306113.220451218] [pinn_franka_controller]: Trajectory stale (1836.9s > 2.0s) -- holding at last known position via gravity compensation.
[pinn_controller_node-1] [WARN] [1785306114.221466828] [pinn_franka_controller]: Trajectory stale (1837.9s > 2.0s) -- holding at last known position via gravity compensation.
[pinn_controller_node-1] [WARN] [1785306115.222514504] [pinn_franka_controller]: Trajectory stale (1838.9s > 2.0s) -- holding at last known position via gravity compensation.
[pinn_controller_node-1] [WARN] [1785306116.223406827] [pinn_franka_controller]: Trajectory stale (1839.9s > 2.0s) -- holding at last known position via gravity compensation.
[pinn_controller_node-1] [WARN] [1785306117.224002654] [pinn_franka_controller]: Trajectory stale (1840.9s > 2.0s) -- holding at last known position via gravity compensation.
[pinn_controller_node-1] [WARN] [1785306118.224424102] [pinn_franka_controller]: Trajectory stale (1841.9s > 2.0s) -- holding at last known position via gravity compensation.
[pinn_controller_node-1] [WARN] [1785306119.225401155] [pinn_franka_controller]: Trajectory stale (1842.9s > 2.0s) -- holding at last known position via gravity compensation.
[pinn_controller_node-1] [WARN] [1785306120.225421890] [pinn_franka_controller]: Trajectory stale (1843.9s > 2.0s) -- holding at last known position via gravity compensation.
[pinn_controller_node-1] [WARN] [1785306121.225448750] [pinn_franka_controller]: Trajectory stale (1844.9s > 2.0s) -- holding at last known position via gravity compensation.
[pinn_controller_node-1] [WARN] [1785306122.225453356] [pinn_franka_controller]: Trajectory stale (1845.9s > 2.0s) -- holding at last known position via gravity compensation.
[pinn_controller_node-1] [WARN] [1785306123.225829237] [pinn_franka_controller]: Trajectory stale (1846.9s > 2.0s) -- holding at last known position via gravity compensation.
[pinn_controller_node-1] [WARN] [1785306124.226711375] [pinn_franka_controller]: Trajectory stale (1847.9s > 2.0s) -- holding at last known position via gravity compensation.
[pinn_controller_node-1] [WARN] [1785306125.227459744] [pinn_franka_controller]: Trajectory stale (1848.9s > 2.0s) -- holding at last known position via gravity compensation.
[pinn_controller_node-1] [WARN] [1785306126.228448785] [pinn_franka_controller]: Trajectory stale (1849.9s > 2.0s) -- holding at last known position via gravity compensation.
[pinn_controller_node-1] [WARN] [1785306127.229411737] [pinn_franka_controller]: Trajectory stale (1850.9s > 2.0s) -- holding at last known position via gravity compensation.
[pinn_controller_node-1] [WARN] [1785306128.229663216] [pinn_franka_controller]: Trajectory stale (1851.9s > 2.0s) -- holding at last known position via gravity compensation.
[pinn_controller_node-1] [WARN] [1785306129.230430007] [pinn_franka_controller]: Trajectory stale (1852.9s > 2.0s) -- holding at last known position via gravity compensation.
[pinn_controller_node-1] [WARN] [1785306130.230769413] [pinn_franka_controller]: Trajectory stale (1853.9s > 2.0s) -- holding at last known position via gravity compensation.
[pinn_controller_node-1] [WARN] [1785306131.230845672] [pinn_franka_controller]: Trajectory stale (1854.9s > 2.0s) -- holding at last known position via gravity compensation.
[pinn_controller_node-1] [WARN] [1785306132.231441851] [pinn_franka_controller]: Trajectory stale (1855.9s > 2.0s) -- holding at last known position via gravity compensation.
[pinn_controller_node-1] [WARN] [1785306133.231668850] [pinn_franka_controller]: Trajectory stale (1856.9s > 2.0s) -- holding at last known position via gravity compensation.
[pinn_controller_node-1] [WARN] [1785306134.232591041] [pinn_franka_controller]: Trajectory stale (1857.9s > 2.0s) -- holding at last known position via gravity compensation.
[pinn_controller_node-1] [WARN] [1785306135.233411263] [pinn_franka_controller]: Trajectory stale (1858.9s > 2.0s) -- holding at last known position via gravity compensation.
[pinn_controller_node-1] [WARN] [1785306136.233477939] [pinn_franka_controller]: Trajectory stale (1859.9s > 2.0s) -- holding at last known position via gravity compensation.
[pinn_controller_node-1] [WARN] [1785306137.233515287] [pinn_franka_controller]: Trajectory stale (1860.9s > 2.0s) -- holding at last known position via gravity compensation.
[pinn_controller_node-1] [WARN] [1785306138.234448004] [pinn_franka_controller]: Trajectory stale (1861.9s > 2.0s) -- holding at last known position via gravity compensation.
[pinn_controller_node-1] [WARN] [1785306139.234565588] [pinn_franka_controller]: Trajectory stale (1862.9s > 2.0s) -- holding at last known position via gravity compensation.
[pinn_controller_node-1] [WARN] [1785306140.235032697] [pinn_franka_controller]: Trajectory stale (1864.0s > 2.0s) -- holding at last known position via gravity compensation.
[pinn_controller_node-1] [WARN] [1785306141.235424298] [pinn_franka_controller]: Trajectory stale (1865.0s > 2.0s) -- holding at last known position via gravity compensation.
[pinn_controller_node-1] [WARN] [1785306142.235910830] [pinn_franka_controller]: Trajectory stale (1866.0s > 2.0s) -- holding at last known position via gravity compensation.
[pinn_controller_node-1] [WARN] [1785306143.235916386] [pinn_franka_controller]: Trajectory stale (1867.0s > 2.0s) -- holding at last known position via gravity compensation.
[pinn_controller_node-1] [WARN] [1785306144.236800265] [pinn_franka_controller]: Trajectory stale (1868.0s > 2.0s) -- holding at last known position via gravity compensation.
[pinn_controller_node-1] [WARN] [1785306145.237503943] [pinn_franka_controller]: Trajectory stale (1869.0s > 2.0s) -- holding at last known position via gravity compensation.
[pinn_controller_node-1] [WARN] [1785306146.238413270] [pinn_franka_controller]: Trajectory stale (1870.0s > 2.0s) -- holding at last known position via gravity compensation.
[pinn_controller_node-1] [WARN] [1785306147.238534151] [pinn_franka_controller]: Trajectory stale (1871.0s > 2.0s) -- holding at last known position via gravity compensation.
[pinn_controller_node-1] [WARN] [1785306148.239003548] [pinn_franka_controller]: Trajectory stale (1872.0s > 2.0s) -- holding at last known position via gravity compensation.
[pinn_controller_node-1] [WARN] [1785306149.239412027] [pinn_franka_controller]: Trajectory stale (1873.0s > 2.0s) -- holding at last known position via gravity compensation.
[pinn_controller_node-1] [WARN] [1785306150.239567566] [pinn_franka_controller]: Trajectory stale (1874.0s > 2.0s) -- holding at last known position via gravity compensation.
[pinn_controller_node-1] [WARN] [1785306151.240424476] [pinn_franka_controller]: Trajectory stale (1875.0s > 2.0s) -- holding at last known position via gravity compensation.
[pinn_controller_node-1] [WARN] [1785306152.240763438] [pinn_franka_controller]: Trajectory stale (1876.0s > 2.0s) -- holding at last known position via gravity compensation.
[pinn_controller_node-1] [WARN] [1785306153.241412369] [pinn_franka_controller]: Trajectory stale (1877.0s > 2.0s) -- holding at last known position via gravity compensation.
[pinn_controller_node-1] [WARN] [1785306154.241460840] [pinn_franka_controller]: Trajectory stale (1878.0s > 2.0s) -- holding at last known position via gravity compensation.
[pinn_controller_node-1] [WARN] [1785306155.242454928] [pinn_franka_controller]: Trajectory stale (1879.0s > 2.0s) -- holding at last known position via gravity compensation.
[pinn_controller_node-1] [WARN] [1785306156.243435409] [pinn_franka_controller]: Trajectory stale (1880.0s > 2.0s) -- holding at last known position via gravity compensation.
[pinn_controller_node-1] [WARN] [1785306157.244423412] [pinn_franka_controller]: Trajectory stale (1881.0s > 2.0s) -- holding at last known position via gravity compensation.
[pinn_controller_node-1] [WARN] [1785306158.244437298] [pinn_franka_controller]: Trajectory stale (1882.0s > 2.0s) -- holding at last known position via gravity compensation.
[pinn_controller_node-1] [WARN] [1785306159.244467226] [pinn_franka_controller]: Trajectory stale (1883.0s > 2.0s) -- holding at last known position via gravity compensation.
[pinn_controller_node-1] [WARN] [1785306160.244630357] [pinn_franka_controller]: Trajectory stale (1884.0s > 2.0s) -- holding at last known position via gravity compensation.
[pinn_controller_node-1] [WARN] [1785306161.244819987] [pinn_franka_controller]: Trajectory stale (1885.0s > 2.0s) -- holding at last known position via gravity compensation.
[pinn_controller_node-1] [WARN] [1785306162.245408192] [pinn_franka_controller]: Trajectory stale (1886.0s > 2.0s) -- holding at last known position via gravity compensation.
[pinn_controller_node-1] [WARN] [1785306163.245408066] [pinn_franka_controller]: Trajectory stale (1887.0s > 2.0s) -- holding at last known position via gravity compensation.
[pinn_controller_node-1] [WARN] [1785306164.245646084] [pinn_franka_controller]: Trajectory stale (1888.0s > 2.0s) -- holding at last known position via gravity compensation.
[pinn_controller_node-1] [WARN] [1785306165.246264818] [pinn_franka_controller]: Trajectory stale (1889.0s > 2.0s) -- holding at last known position via gravity compensation.
[pinn_controller_node-1] [WARN] [1785306166.247629784] [pinn_franka_controller]: Trajectory stale (1890.0s > 2.0s) -- holding at last known position via gravity compensation.
[pinn_controller_node-1] [WARN] [1785306167.248484977] [pinn_franka_controller]: Trajectory stale (1891.0s > 2.0s) -- holding at last known position via gravity compensation.
[pinn_controller_node-1] [WARN] [1785306168.248770036] [pinn_franka_controller]: Trajectory stale (1892.0s > 2.0s) -- holding at last known position via gravity compensation.
[pinn_controller_node-1] [WARN] [1785306169.249404950] [pinn_franka_controller]: Trajectory stale (1893.0s > 2.0s) -- holding at last known position via gravity compensation.
[pinn_controller_node-1] [WARN] [1785306170.249438110] [pinn_franka_controller]: Trajectory stale (1894.0s > 2.0s) -- holding at last known position via gravity compensation.
[pinn_controller_node-1] [WARN] [1785306171.250413530] [pinn_franka_controller]: Trajectory stale (1895.0s > 2.0s) -- holding at last known position via gravity compensation.
[pinn_controller_node-1] [WARN] [1785306172.250436317] [pinn_franka_controller]: Trajectory stale (1896.0s > 2.0s) -- holding at last known position via gravity compensation.
[pinn_controller_node-1] [WARN] [1785306173.251411416] [pinn_franka_controller]: Trajectory stale (1897.0s > 2.0s) -- holding at last known position via gravity compensation.
[pinn_controller_node-1] [WARN] [1785306174.251430552] [pinn_franka_controller]: Trajectory stale (1898.0s > 2.0s) -- holding at last known position via gravity compensation.
[pinn_controller_node-1] [WARN] [1785306175.252446948] [pinn_franka_controller]: Trajectory stale (1899.0s > 2.0s) -- holding at last known position via gravity compensation.
[pinn_controller_node-1] [WARN] [1785306176.252465602] [pinn_franka_controller]: Trajectory stale (1900.0s > 2.0s) -- holding at last known position via gravity compensation.
[pinn_controller_node-1] [WARN] [1785306177.252791436] [pinn_franka_controller]: Trajectory stale (1901.0s > 2.0s) -- holding at last known position via gravity compensation.
[pinn_controller_node-1] [WARN] [1785306178.253530297] [pinn_franka_controller]: Trajectory stale (1902.0s > 2.0s) -- holding at last known position via gravity compensation.
[pinn_controller_node-1] [WARN] [1785306179.254554020] [pinn_franka_controller]: Trajectory stale (1903.0s > 2.0s) -- holding at last known position via gravity compensation.
[pinn_controller_node-1] [WARN] [1785306180.255465201] [pinn_franka_controller]: Trajectory stale (1904.0s > 2.0s) -- holding at last known position via gravity compensation.
[pinn_controller_node-1] [WARN] [1785306181.255615520] [pinn_franka_controller]: Trajectory stale (1905.0s > 2.0s) -- holding at last known position via gravity compensation.
[pinn_controller_node-1] [WARN] [1785306182.255698565] [pinn_franka_controller]: Trajectory stale (1906.0s > 2.0s) -- holding at last known position via gravity compensation.
[pinn_controller_node-1] [WARN] [1785306183.256417872] [pinn_franka_controller]: Trajectory stale (1907.0s > 2.0s) -- holding at last known position via gravity compensation.
[pinn_controller_node-1] [WARN] [1785306184.256438083] [pinn_franka_controller]: Trajectory stale (1908.0s > 2.0s) -- holding at last known position via gravity compensation.
[pinn_controller_node-1] [WARN] [1785306185.256792134] [pinn_franka_controller]: Trajectory stale (1909.0s > 2.0s) -- holding at last known position via gravity compensation.
[pinn_controller_node-1] [WARN] [1785306186.257482664] [pinn_franka_controller]: Trajectory stale (1910.0s > 2.0s) -- holding at last known position via gravity compensation.
[pinn_controller_node-1] [WARN] [1785306187.258406088] [pinn_franka_controller]: Trajectory stale (1911.0s > 2.0s) -- holding at last known position via gravity compensation.
[pinn_controller_node-1] [WARN] [1785306188.258764384] [pinn_franka_controller]: Trajectory stale (1912.0s > 2.0s) -- holding at last known position via gravity compensation.
[pinn_controller_node-1] [WARN] [1785306189.259485613] [pinn_franka_controller]: Trajectory stale (1913.0s > 2.0s) -- holding at last known position via gravity compensation.
[pinn_controller_node-1] [WARN] [1785306190.260426834] [pinn_franka_controller]: Trajectory stale (1914.0s > 2.0s) -- holding at last known position via gravity compensation.
[pinn_controller_node-1] [WARN] [1785306191.260554275] [pinn_franka_controller]: Trajectory stale (1915.0s > 2.0s) -- holding at last known position via gravity compensation.
[pinn_controller_node-1] [WARN] [1785306192.261406763] [pinn_franka_controller]: Trajectory stale (1916.0s > 2.0s) -- holding at last known position via gravity compensation.
[pinn_controller_node-1] [WARN] [1785306193.261674387] [pinn_franka_controller]: Trajectory stale (1917.0s > 2.0s) -- holding at last known position via gravity compensation.
[pinn_controller_node-1] [WARN] [1785306194.262401385] [pinn_franka_controller]: Trajectory stale (1918.0s > 2.0s) -- holding at last known position via gravity compensation.
[pinn_controller_node-1] [WARN] [1785306195.262435909] [pinn_franka_controller]: Trajectory stale (1919.0s > 2.0s) -- holding at last known position via gravity compensation.
[pinn_controller_node-1] [WARN] [1785306196.262451715] [pinn_franka_controller]: Trajectory stale (1920.0s > 2.0s) -- holding at last known position via gravity compensation.
[pinn_controller_node-1] [WARN] [1785306197.262453947] [pinn_franka_controller]: Trajectory stale (1921.0s > 2.0s) -- holding at last known position via gravity compensation.
[pinn_controller_node-1] [WARN] [1785306198.263412087] [pinn_franka_controller]: Trajectory stale (1922.0s > 2.0s) -- holding at last known position via gravity compensation.
[pinn_controller_node-1] [WARN] [1785306199.263897410] [pinn_franka_controller]: Trajectory stale (1923.0s > 2.0s) -- holding at last known position via gravity compensation.
[pinn_controller_node-1] [WARN] [1785306200.264406528] [pinn_franka_controller]: Trajectory stale (1924.0s > 2.0s) -- holding at last known position via gravity compensation.
[pinn_controller_node-1] [WARN] [1785306201.264432754] [pinn_franka_controller]: Trajectory stale (1925.0s > 2.0s) -- holding at last known position via gravity compensation.
[pinn_controller_node-1] [WARN] [1785306202.265189578] [pinn_franka_controller]: Trajectory stale (1926.0s > 2.0s) -- holding at last known position via gravity compensation.
[pinn_controller_node-1] [WARN] [1785306203.265436660] [pinn_franka_controller]: Trajectory stale (1927.0s > 2.0s) -- holding at last known position via gravity compensation.
[pinn_controller_node-1] [WARN] [1785306204.265458820] [pinn_franka_controller]: Trajectory stale (1928.0s > 2.0s) -- holding at last known position via gravity compensation.
[pinn_controller_node-1] [WARN] [1785306205.266470831] [pinn_franka_controller]: Trajectory stale (1929.0s > 2.0s) -- holding at last known position via gravity compensation.
[pinn_controller_node-1] [WARN] [1785306206.267517298] [pinn_franka_controller]: Trajectory stale (1930.0s > 2.0s) -- holding at last known position via gravity compensation.
[pinn_controller_node-1] [WARN] [1785306207.268430381] [pinn_franka_controller]: Trajectory stale (1931.0s > 2.0s) -- holding at last known position via gravity compensation.
[pinn_controller_node-1] [WARN] [1785306208.269405332] [pinn_franka_controller]: Trajectory stale (1932.0s > 2.0s) -- holding at last known position via gravity compensation.
[pinn_controller_node-1] [WARN] [1785306209.269646249] [pinn_franka_controller]: Trajectory stale (1933.0s > 2.0s) -- holding at last known position via gravity compensation.
[pinn_controller_node-1] [WARN] [1785306210.270586566] [pinn_franka_controller]: Trajectory stale (1934.0s > 2.0s) -- holding at last known position via gravity compensation.
[pinn_controller_node-1] [WARN] [1785306211.271545541] [pinn_franka_controller]: Trajectory stale (1935.0s > 2.0s) -- holding at last known position via gravity compensation.
[pinn_controller_node-1] [WARN] [1785306212.272483102] [pinn_franka_controller]: Trajectory stale (1936.0s > 2.0s) -- holding at last known position via gravity compensation.
[pinn_controller_node-1] [WARN] [1785306213.272923227] [pinn_franka_controller]: Trajectory stale (1937.0s > 2.0s) -- holding at last known position via gravity compensation.
[pinn_controller_node-1] [WARN] [1785306214.273429440] [pinn_franka_controller]: Trajectory stale (1938.0s > 2.0s) -- holding at last known position via gravity compensation.
[pinn_controller_node-1] [WARN] [1785306215.273734354] [pinn_franka_controller]: Trajectory stale (1939.0s > 2.0s) -- holding at last known position via gravity compensation.
[pinn_controller_node-1] [WARN] [1785306216.273795446] [pinn_franka_controller]: Trajectory stale (1940.0s > 2.0s) -- holding at last known position via gravity compensation.
[pinn_controller_node-1] [WARN] [1785306217.274605400] [pinn_franka_controller]: Trajectory stale (1941.0s > 2.0s) -- holding at last known position via gravity compensation.
[pinn_controller_node-1] [WARN] [1785306218.275413251] [pinn_franka_controller]: Trajectory stale (1942.0s > 2.0s) -- holding at last known position via gravity compensation.
[pinn_controller_node-1] [WARN] [1785306219.275417593] [pinn_franka_controller]: Trajectory stale (1943.0s > 2.0s) -- holding at last known position via gravity compensation.
[pinn_controller_node-1] [WARN] [1785306220.275458426] [pinn_franka_controller]: Trajectory stale (1944.0s > 2.0s) -- holding at last known position via gravity compensation.
[pinn_controller_node-1] [WARN] [1785306221.275568180] [pinn_franka_controller]: Trajectory stale (1945.0s > 2.0s) -- holding at last known position via gravity compensation.
[pinn_controller_node-1] [WARN] [1785306222.276404138] [pinn_franka_controller]: Trajectory stale (1946.0s > 2.0s) -- holding at last known position via gravity compensation.
[pinn_controller_node-1] [WARN] [1785306223.276621716] [pinn_franka_controller]: Trajectory stale (1947.0s > 2.0s) -- holding at last known position via gravity compensation.
[pinn_controller_node-1] [WARN] [1785306224.277037004] [pinn_franka_controller]: Trajectory stale (1948.0s > 2.0s) -- holding at last known position via gravity compensation.
[pinn_controller_node-1] [WARN] [1785306225.277664194] [pinn_franka_controller]: Trajectory stale (1949.0s > 2.0s) -- holding at last known position via gravity compensation.
[pinn_controller_node-1] [WARN] [1785306226.278434081] [pinn_franka_controller]: Trajectory stale (1950.0s > 2.0s) -- holding at last known position via gravity compensation.
[pinn_controller_node-1] [WARN] [1785306227.279474492] [pinn_franka_controller]: Trajectory stale (1951.0s > 2.0s) -- holding at last known position via gravity compensation.
[pinn_controller_node-1] [WARN] [1785306228.280404222] [pinn_franka_controller]: Trajectory stale (1952.0s > 2.0s) -- holding at last known position via gravity compensation.
[pinn_controller_node-1] [WARN] [1785306229.280487222] [pinn_franka_controller]: Trajectory stale (1953.0s > 2.0s) -- holding at last known position via gravity compensation.
[pinn_controller_node-1] [WARN] [1785306230.281095301] [pinn_franka_controller]: Trajectory stale (1954.0s > 2.0s) -- holding at last known position via gravity compensation.
[pinn_controller_node-1] [WARN] [1785306231.281481297] [pinn_franka_controller]: Trajectory stale (1955.0s > 2.0s) -- holding at last known position via gravity compensation.
[pinn_controller_node-1] [WARN] [1785306232.281488552] [pinn_franka_controller]: Trajectory stale (1956.0s > 2.0s) -- holding at last known position via gravity compensation.
[pinn_controller_node-1] [WARN] [1785306233.282473616] [pinn_franka_controller]: Trajectory stale (1957.0s > 2.0s) -- holding at last known position via gravity compensation.
[pinn_controller_node-1] [WARN] [1785306234.282501520] [pinn_franka_controller]: Trajectory stale (1958.0s > 2.0s) -- holding at last known position via gravity compensation.
[pinn_controller_node-1] [WARN] [1785306235.283404992] [pinn_franka_controller]: Trajectory stale (1959.0s > 2.0s) -- holding at last known position via gravity compensation.
[pinn_controller_node-1] [WARN] [1785306236.283547169] [pinn_franka_controller]: Trajectory stale (1960.0s > 2.0s) -- holding at last known position via gravity compensation.
[pinn_controller_node-1] [WARN] [1785306237.283609655] [pinn_franka_controller]: Trajectory stale (1961.0s > 2.0s) -- holding at last known position via gravity compensation.
[pinn_controller_node-1] [WARN] [1785306238.284528182] [pinn_franka_controller]: Trajectory stale (1962.0s > 2.0s) -- holding at last known position via gravity compensation.
[pinn_controller_node-1] [WARN] [1785306239.285309483] [pinn_franka_controller]: Trajectory stale (1963.0s > 2.0s) -- holding at last known position via gravity compensation.
[pinn_controller_node-1] [WARN] [1785306240.285590539] [pinn_franka_controller]: Trajectory stale (1964.0s > 2.0s) -- holding at last known position via gravity compensation.
[pinn_controller_node-1] [WARN] [1785306241.286410550] [pinn_franka_controller]: Trajectory stale (1965.0s > 2.0s) -- holding at last known position via gravity compensation.
[pinn_controller_node-1] [WARN] [1785306242.287090210] [pinn_franka_controller]: Trajectory stale (1966.0s > 2.0s) -- holding at last known position via gravity compensation.
[pinn_controller_node-1] [WARN] [1785306243.287442470] [pinn_franka_controller]: Trajectory stale (1967.0s > 2.0s) -- holding at last known position via gravity compensation.
[pinn_controller_node-1] [WARN] [1785306244.288242718] [pinn_franka_controller]: Trajectory stale (1968.0s > 2.0s) -- holding at last known position via gravity compensation.
[pinn_controller_node-1] [WARN] [1785306245.288451926] [pinn_franka_controller]: Trajectory stale (1969.0s > 2.0s) -- holding at last known position via gravity compensation.
[pinn_controller_node-1] [WARN] [1785306246.289426912] [pinn_franka_controller]: Trajectory stale (1970.0s > 2.0s) -- holding at last known position via gravity compensation.
[pinn_controller_node-1] [WARN] [1785306247.289990655] [pinn_franka_controller]: Trajectory stale (1971.0s > 2.0s) -- holding at last known position via gravity compensation.
[pinn_controller_node-1] [WARN] [1785306248.290507651] [pinn_franka_controller]: Trajectory stale (1972.0s > 2.0s) -- holding at last known position via gravity compensation.
[pinn_controller_node-1] [WARN] [1785306249.291143136] [pinn_franka_controller]: Trajectory stale (1973.0s > 2.0s) -- holding at last known position via gravity compensation.
[pinn_controller_node-1] [WARN] [1785306250.291707950] [pinn_franka_controller]: Trajectory stale (1974.0s > 2.0s) -- holding at last known position via gravity compensation.
[pinn_controller_node-1] [WARN] [1785306251.292556644] [pinn_franka_controller]: Trajectory stale (1975.0s > 2.0s) -- holding at last known position via gravity compensation.
[pinn_controller_node-1] [WARN] [1785306252.292564901] [pinn_franka_controller]: Trajectory stale (1976.0s > 2.0s) -- holding at last known position via gravity compensation.
[pinn_controller_node-1] [WARN] [1785306253.293411199] [pinn_franka_controller]: Trajectory stale (1977.0s > 2.0s) -- holding at last known position via gravity compensation.
[pinn_controller_node-1] [WARN] [1785306254.293512729] [pinn_franka_controller]: Trajectory stale (1978.0s > 2.0s) -- holding at last known position via gravity compensation.
[pinn_controller_node-1] [WARN] [1785306255.294503397] [pinn_franka_controller]: Trajectory stale (1979.0s > 2.0s) -- holding at last known position via gravity compensation.
[pinn_controller_node-1] [WARN] [1785306256.295179221] [pinn_franka_controller]: Trajectory stale (1980.0s > 2.0s) -- holding at last known position via gravity compensation.
[pinn_controller_node-1] [WARN] [1785306257.295433140] [pinn_franka_controller]: Trajectory stale (1981.0s > 2.0s) -- holding at last known position via gravity compensation.
[pinn_controller_node-1] [WARN] [1785306258.295442886] [pinn_franka_controller]: Trajectory stale (1982.0s > 2.0s) -- holding at last known position via gravity compensation.
[pinn_controller_node-1] [WARN] [1785306259.296418558] [pinn_franka_controller]: Trajectory stale (1983.0s > 2.0s) -- holding at last known position via gravity compensation.
[pinn_controller_node-1] [WARN] [1785306260.296505685] [pinn_franka_controller]: Trajectory stale (1984.0s > 2.0s) -- holding at last known position via gravity compensation.
[pinn_controller_node-1] [WARN] [1785306261.297441972] [pinn_franka_controller]: Trajectory stale (1985.0s > 2.0s) -- holding at last known position via gravity compensation.
[pinn_controller_node-1] [WARN] [1785306262.298405090] [pinn_franka_controller]: Trajectory stale (1986.0s > 2.0s) -- holding at last known position via gravity compensation.
[pinn_controller_node-1] [WARN] [1785306263.298424137] [pinn_franka_controller]: Trajectory stale (1987.0s > 2.0s) -- holding at last known position via gravity compensation.
[pinn_controller_node-1] [WARN] [1785306264.299444215] [pinn_franka_controller]: Trajectory stale (1988.0s > 2.0s) -- holding at last known position via gravity compensation.
[pinn_controller_node-1] [WARN] [1785306265.299544128] [pinn_franka_controller]: Trajectory stale (1989.0s > 2.0s) -- holding at last known position via gravity compensation.
[pinn_controller_node-1] [WARN] [1785306266.299555031] [pinn_franka_controller]: Trajectory stale (1990.0s > 2.0s) -- holding at last known position via gravity compensation.
[pinn_controller_node-1] [WARN] [1785306267.299556862] [pinn_franka_controller]: Trajectory stale (1991.0s > 2.0s) -- holding at last known position via gravity compensation.
[pinn_controller_node-1] [WARN] [1785306268.300439166] [pinn_franka_controller]: Trajectory stale (1992.0s > 2.0s) -- holding at last known position via gravity compensation.
[pinn_controller_node-1] [WARN] [1785306269.300615762] [pinn_franka_controller]: Trajectory stale (1993.0s > 2.0s) -- holding at last known position via gravity compensation.
[pinn_controller_node-1] [WARN] [1785306270.301413157] [pinn_franka_controller]: Trajectory stale (1994.0s > 2.0s) -- holding at last known position via gravity compensation.
[pinn_controller_node-1] [WARN] [1785306271.301817459] [pinn_franka_controller]: Trajectory stale (1995.0s > 2.0s) -- holding at last known position via gravity compensation.
[pinn_controller_node-1] [WARN] [1785306272.302426265] [pinn_franka_controller]: Trajectory stale (1996.0s > 2.0s) -- holding at last known position via gravity compensation.
[pinn_controller_node-1] [WARN] [1785306273.303410978] [pinn_franka_controller]: Trajectory stale (1997.0s > 2.0s) -- holding at last known position via gravity compensation.
[pinn_controller_node-1] [WARN] [1785306274.303525782] [pinn_franka_controller]: Trajectory stale (1998.0s > 2.0s) -- holding at last known position via gravity compensation.
[pinn_controller_node-1] [WARN] [1785306275.303585918] [pinn_franka_controller]: Trajectory stale (1999.0s > 2.0s) -- holding at last known position via gravity compensation.
[pinn_controller_node-1] [WARN] [1785306276.304431027] [pinn_franka_controller]: Trajectory stale (2000.0s > 2.0s) -- holding at last known position via gravity compensation.
[pinn_controller_node-1] [WARN] [1785306277.304508446] [pinn_franka_controller]: Trajectory stale (2001.0s > 2.0s) -- holding at last known position via gravity compensation.
[pinn_controller_node-1] [WARN] [1785306278.305450393] [pinn_franka_controller]: Trajectory stale (2002.0s > 2.0s) -- holding at last known position via gravity compensation.
[pinn_controller_node-1] [WARN] [1785306279.306436892] [pinn_franka_controller]: Trajectory stale (2003.0s > 2.0s) -- holding at last known position via gravity compensation.
[pinn_controller_node-1] [WARN] [1785306280.307431393] [pinn_franka_controller]: Trajectory stale (2004.0s > 2.0s) -- holding at last known position via gravity compensation.
[pinn_controller_node-1] [WARN] [1785306281.307524567] [pinn_franka_controller]: Trajectory stale (2005.0s > 2.0s) -- holding at last known position via gravity compensation.
[pinn_controller_node-1] [WARN] [1785306282.307665844] [pinn_franka_controller]: Trajectory stale (2006.0s > 2.0s) -- holding at last known position via gravity compensation.
[pinn_controller_node-1] [WARN] [1785306283.308432051] [pinn_franka_controller]: Trajectory stale (2007.0s > 2.0s) -- holding at last known position via gravity compensation.
[pinn_controller_node-1] [WARN] [1785306284.309420372] [pinn_franka_controller]: Trajectory stale (2008.0s > 2.0s) -- holding at last known position via gravity compensation.
[pinn_controller_node-1] [WARN] [1785306285.310407728] [pinn_franka_controller]: Trajectory stale (2009.0s > 2.0s) -- holding at last known position via gravity compensation.
[pinn_controller_node-1] [WARN] [1785306286.310465953] [pinn_franka_controller]: Trajectory stale (2010.0s > 2.0s) -- holding at last known position via gravity compensation.
[pinn_controller_node-1] [WARN] [1785306287.310879102] [pinn_franka_controller]: Trajectory stale (2011.0s > 2.0s) -- holding at last known position via gravity compensation.
[pinn_controller_node-1] [WARN] [1785306288.311780290] [pinn_franka_controller]: Trajectory stale (2012.0s > 2.0s) -- holding at last known position via gravity compensation.
[pinn_controller_node-1] [WARN] [1785306289.312593013] [pinn_franka_controller]: Trajectory stale (2013.0s > 2.0s) -- holding at last known position via gravity compensation.
[pinn_controller_node-1] [WARN] [1785306290.312811124] [pinn_franka_controller]: Trajectory stale (2014.0s > 2.0s) -- holding at last known position via gravity compensation.
[pinn_controller_node-1] [WARN] [1785306291.313408484] [pinn_franka_controller]: Trajectory stale (2015.0s > 2.0s) -- holding at last known position via gravity compensation.
[pinn_controller_node-1] [WARN] [1785306292.313418312] [pinn_franka_controller]: Trajectory stale (2016.0s > 2.0s) -- holding at last known position via gravity compensation.
[pinn_controller_node-1] [WARN] [1785306293.313849456] [pinn_franka_controller]: Trajectory stale (2017.0s > 2.0s) -- holding at last known position via gravity compensation.
[pinn_controller_node-1] [WARN] [1785306294.313851351] [pinn_franka_controller]: Trajectory stale (2018.0s > 2.0s) -- holding at last known position via gravity compensation.
[pinn_controller_node-1] [WARN] [1785306295.314468904] [pinn_franka_controller]: Trajectory stale (2019.0s > 2.0s) -- holding at last known position via gravity compensation.
[pinn_controller_node-1] [WARN] [1785306296.315259874] [pinn_franka_controller]: Trajectory stale (2020.0s > 2.0s) -- holding at last known position via gravity compensation.
[pinn_controller_node-1] [WARN] [1785306297.315541312] [pinn_franka_controller]: Trajectory stale (2021.0s > 2.0s) -- holding at last known position via gravity compensation.
[pinn_controller_node-1] [WARN] [1785306298.316426107] [pinn_franka_controller]: Trajectory stale (2022.0s > 2.0s) -- holding at last known position via gravity compensation.
[pinn_controller_node-1] [WARN] [1785306299.316460251] [pinn_franka_controller]: Trajectory stale (2023.0s > 2.0s) -- holding at last known position via gravity compensation.
[pinn_controller_node-1] [WARN] [1785306300.317410709] [pinn_franka_controller]: Trajectory stale (2024.0s > 2.0s) -- holding at last known position via gravity compensation.
[pinn_controller_node-1] [WARN] [1785306301.317417476] [pinn_franka_controller]: Trajectory stale (2025.0s > 2.0s) -- holding at last known position via gravity compensation.
[pinn_controller_node-1] [WARN] [1785306302.318451478] [pinn_franka_controller]: Trajectory stale (2026.0s > 2.0s) -- holding at last known position via gravity compensation.
[pinn_controller_node-1] [WARN] [1785306303.318568505] [pinn_franka_controller]: Trajectory stale (2027.0s > 2.0s) -- holding at last known position via gravity compensation.
[pinn_controller_node-1] [WARN] [1785306304.318686619] [pinn_franka_controller]: Trajectory stale (2028.0s > 2.0s) -- holding at last known position via gravity compensation.
[pinn_controller_node-1] [WARN] [1785306305.318703975] [pinn_franka_controller]: Trajectory stale (2029.0s > 2.0s) -- holding at last known position via gravity compensation.
[pinn_controller_node-1] [WARN] [1785306306.319495571] [pinn_franka_controller]: Trajectory stale (2030.0s > 2.0s) -- holding at last known position via gravity compensation.
[pinn_controller_node-1] [WARN] [1785306307.319696036] [pinn_franka_controller]: Trajectory stale (2031.0s > 2.0s) -- holding at last known position via gravity compensation.
[pinn_controller_node-1] [WARN] [1785306308.320491134] [pinn_franka_controller]: Trajectory stale (2032.0s > 2.0s) -- holding at last known position via gravity compensation.
[pinn_controller_node-1] [WARN] [1785306309.320607666] [pinn_franka_controller]: Trajectory stale (2033.0s > 2.0s) -- holding at last known position via gravity compensation.
[pinn_controller_node-1] [WARN] [1785306310.320789633] [pinn_franka_controller]: Trajectory stale (2034.0s > 2.0s) -- holding at last known position via gravity compensation.
[pinn_controller_node-1] [WARN] [1785306311.321411008] [pinn_franka_controller]: Trajectory stale (2035.0s > 2.0s) -- holding at last known position via gravity compensation.
[pinn_controller_node-1] [WARN] [1785306312.322420135] [pinn_franka_controller]: Trajectory stale (2036.0s > 2.0s) -- holding at last known position via gravity compensation.
[pinn_controller_node-1] [WARN] [1785306313.323404741] [pinn_franka_controller]: Trajectory stale (2037.0s > 2.0s) -- holding at last known position via gravity compensation.
[pinn_controller_node-1] [WARN] [1785306314.323451553] [pinn_franka_controller]: Trajectory stale (2038.0s > 2.0s) -- holding at last known position via gravity compensation.
[pinn_controller_node-1] [WARN] [1785306315.324422492] [pinn_franka_controller]: Trajectory stale (2039.0s > 2.0s) -- holding at last known position via gravity compensation.
[pinn_controller_node-1] [WARN] [1785306316.324440189] [pinn_franka_controller]: Trajectory stale (2040.0s > 2.0s) -- holding at last known position via gravity compensation.
[pinn_controller_node-1] [WARN] [1785306317.325405348] [pinn_franka_controller]: Trajectory stale (2041.0s > 2.0s) -- holding at last known position via gravity compensation.
[pinn_controller_node-1] [WARN] [1785306318.325412194] [pinn_franka_controller]: Trajectory stale (2042.0s > 2.0s) -- holding at last known position via gravity compensation.
[pinn_controller_node-1] [WARN] [1785306319.326453877] [pinn_franka_controller]: Trajectory stale (2043.0s > 2.0s) -- holding at last known position via gravity compensation.
[pinn_controller_node-1] [WARN] [1785306320.326931973] [pinn_franka_controller]: Trajectory stale (2044.0s > 2.0s) -- holding at last known position via gravity compensation.
[pinn_controller_node-1] [WARN] [1785306321.327416604] [pinn_franka_controller]: Trajectory stale (2045.0s > 2.0s) -- holding at last known position via gravity compensation.
[pinn_controller_node-1] [WARN] [1785306322.327920592] [pinn_franka_controller]: Trajectory stale (2046.0s > 2.0s) -- holding at last known position via gravity compensation.
[pinn_controller_node-1] [WARN] [1785306323.328443000] [pinn_franka_controller]: Trajectory stale (2047.0s > 2.0s) -- holding at last known position via gravity compensation.
[pinn_controller_node-1] [WARN] [1785306324.329448047] [pinn_franka_controller]: Trajectory stale (2048.0s > 2.0s) -- holding at last known position via gravity compensation.
[pinn_controller_node-1] [WARN] [1785306325.330400842] [pinn_franka_controller]: Trajectory stale (2049.0s > 2.0s) -- holding at last known position via gravity compensation.
[pinn_controller_node-1] [WARN] [1785306326.330602758] [pinn_franka_controller]: Trajectory stale (2050.0s > 2.0s) -- holding at last known position via gravity compensation.
[pinn_controller_node-1] [WARN] [1785306327.331445699] [pinn_franka_controller]: Trajectory stale (2051.0s > 2.0s) -- holding at last known position via gravity compensation.
[pinn_controller_node-1] [WARN] [1785306328.331456371] [pinn_franka_controller]: Trajectory stale (2052.0s > 2.0s) -- holding at last known position via gravity compensation.
[pinn_controller_node-1] [WARN] [1785306329.331627920] [pinn_franka_controller]: Trajectory stale (2053.0s > 2.0s) -- holding at last known position via gravity compensation.
[pinn_controller_node-1] [WARN] [1785306330.332062005] [pinn_franka_controller]: Trajectory stale (2054.0s > 2.0s) -- holding at last known position via gravity compensation.
[pinn_controller_node-1] [WARN] [1785306331.332446445] [pinn_franka_controller]: Trajectory stale (2055.0s > 2.0s) -- holding at last known position via gravity compensation.
[pinn_controller_node-1] [WARN] [1785306332.332840336] [pinn_franka_controller]: Trajectory stale (2056.0s > 2.0s) -- holding at last known position via gravity compensation.
[pinn_controller_node-1] [WARN] [1785306333.333410630] [pinn_franka_controller]: Trajectory stale (2057.0s > 2.0s) -- holding at last known position via gravity compensation.
[pinn_controller_node-1] [WARN] [1785306334.334412032] [pinn_franka_controller]: Trajectory stale (2058.0s > 2.0s) -- holding at last known position via gravity compensation.
[pinn_controller_node-1] [WARN] [1785306335.334578229] [pinn_franka_controller]: Trajectory stale (2059.0s > 2.0s) -- holding at last known position via gravity compensation.
[pinn_controller_node-1] [WARN] [1785306336.335678255] [pinn_franka_controller]: Trajectory stale (2060.1s > 2.0s) -- holding at last known position via gravity compensation.
[pinn_controller_node-1] [WARN] [1785306337.336406029] [pinn_franka_controller]: Trajectory stale (2061.1s > 2.0s) -- holding at last known position via gravity compensation.
[pinn_controller_node-1] [WARN] [1785306338.336879525] [pinn_franka_controller]: Trajectory stale (2062.1s > 2.0s) -- holding at last known position via gravity compensation.
[pinn_controller_node-1] [WARN] [1785306339.337451736] [pinn_franka_controller]: Trajectory stale (2063.1s > 2.0s) -- holding at last known position via gravity compensation.
[pinn_controller_node-1] [WARN] [1785306340.338385976] [pinn_franka_controller]: Trajectory stale (2064.1s > 2.0s) -- holding at last known position via gravity compensation.
[pinn_controller_node-1] [WARN] [1785306341.338462228] [pinn_franka_controller]: Trajectory stale (2065.1s > 2.0s) -- holding at last known position via gravity compensation.
[pinn_controller_node-1] [WARN] [1785306342.339444951] [pinn_franka_controller]: Trajectory stale (2066.1s > 2.0s) -- holding at last known position via gravity compensation.
[pinn_controller_node-1] [WARN] [1785306343.339455267] [pinn_franka_controller]: Trajectory stale (2067.1s > 2.0s) -- holding at last known position via gravity compensation.
[pinn_controller_node-1] [WARN] [1785306344.340116641] [pinn_franka_controller]: Trajectory stale (2068.1s > 2.0s) -- holding at last known position via gravity compensation.
[pinn_controller_node-1] [WARN] [1785306345.340570659] [pinn_franka_controller]: Trajectory stale (2069.1s > 2.0s) -- holding at last known position via gravity compensation.
[pinn_controller_node-1] [WARN] [1785306346.340592330] [pinn_franka_controller]: Trajectory stale (2070.1s > 2.0s) -- holding at last known position via gravity compensation.
[pinn_controller_node-1] [WARN] [1785306347.341448383] [pinn_franka_controller]: Trajectory stale (2071.1s > 2.0s) -- holding at last known position via gravity compensation.
[pinn_controller_node-1] [WARN] [1785306348.342457499] [pinn_franka_controller]: Trajectory stale (2072.1s > 2.0s) -- holding at last known position via gravity compensation.
[pinn_controller_node-1] [WARN] [1785306349.343407455] [pinn_franka_controller]: Trajectory stale (2073.1s > 2.0s) -- holding at last known position via gravity compensation.
[pinn_controller_node-1] [WARN] [1785306350.343876455] [pinn_franka_controller]: Trajectory stale (2074.1s > 2.0s) -- holding at last known position via gravity compensation.
[pinn_controller_node-1] [WARN] [1785306351.344458542] [pinn_franka_controller]: Trajectory stale (2075.1s > 2.0s) -- holding at last known position via gravity compensation.
[pinn_controller_node-1] [WARN] [1785306352.344866281] [pinn_franka_controller]: Trajectory stale (2076.1s > 2.0s) -- holding at last known position via gravity compensation.
[pinn_controller_node-1] [WARN] [1785306353.345403335] [pinn_franka_controller]: Trajectory stale (2077.1s > 2.0s) -- holding at last known position via gravity compensation.
[pinn_controller_node-1] [WARN] [1785306354.346160201] [pinn_franka_controller]: Trajectory stale (2078.1s > 2.0s) -- holding at last known position via gravity compensation.
[pinn_controller_node-1] [WARN] [1785306355.346419083] [pinn_franka_controller]: Trajectory stale (2079.1s > 2.0s) -- holding at last known position via gravity compensation.
[pinn_controller_node-1] [WARN] [1785306356.347320238] [pinn_franka_controller]: Trajectory stale (2080.1s > 2.0s) -- holding at last known position via gravity compensation.
[pinn_controller_node-1] [WARN] [1785306357.347437582] [pinn_franka_controller]: Trajectory stale (2081.1s > 2.0s) -- holding at last known position via gravity compensation.
[pinn_controller_node-1] [WARN] [1785306358.347567080] [pinn_franka_controller]: Trajectory stale (2082.1s > 2.0s) -- holding at last known position via gravity compensation.
[pinn_controller_node-1] [WARN] [1785306359.348420965] [pinn_franka_controller]: Trajectory stale (2083.1s > 2.0s) -- holding at last known position via gravity compensation.
[pinn_controller_node-1] [WARN] [1785306360.348456156] [pinn_franka_controller]: Trajectory stale (2084.1s > 2.0s) -- holding at last known position via gravity compensation.
[pinn_controller_node-1] [WARN] [1785306361.348908612] [pinn_franka_controller]: Trajectory stale (2085.1s > 2.0s) -- holding at last known position via gravity compensation.
[pinn_controller_node-1] [WARN] [1785306362.349470636] [pinn_franka_controller]: Trajectory stale (2086.1s > 2.0s) -- holding at last known position via gravity compensation.
[pinn_controller_node-1] [WARN] [1785306363.349483600] [pinn_franka_controller]: Trajectory stale (2087.1s > 2.0s) -- holding at last known position via gravity compensation.
[pinn_controller_node-1] [WARN] [1785306364.349596107] [pinn_franka_controller]: Trajectory stale (2088.1s > 2.0s) -- holding at last known position via gravity compensation.
[pinn_controller_node-1] [WARN] [1785306365.350890747] [pinn_franka_controller]: Trajectory stale (2089.1s > 2.0s) -- holding at last known position via gravity compensation.
[pinn_controller_node-1] [WARN] [1785306366.350916387] [pinn_franka_controller]: Trajectory stale (2090.1s > 2.0s) -- holding at last known position via gravity compensation.
[pinn_controller_node-1] [WARN] [1785306367.351558760] [pinn_franka_controller]: Trajectory stale (2091.1s > 2.0s) -- holding at last known position via gravity compensation.
[pinn_controller_node-1] [WARN] [1785306368.351699019] [pinn_franka_controller]: Trajectory stale (2092.1s > 2.0s) -- holding at last known position via gravity compensation.
[pinn_controller_node-1] [WARN] [1785306369.352598567] [pinn_franka_controller]: Trajectory stale (2093.1s > 2.0s) -- holding at last known position via gravity compensation.
[pinn_controller_node-1] [WARN] [1785306370.353430961] [pinn_franka_controller]: Trajectory stale (2094.1s > 2.0s) -- holding at last known position via gravity compensation.
[pinn_controller_node-1] [WARN] [1785306371.354407836] [pinn_franka_controller]: Trajectory stale (2095.1s > 2.0s) -- holding at last known position via gravity compensation.
[pinn_controller_node-1] [WARN] [1785306372.354517224] [pinn_franka_controller]: Trajectory stale (2096.1s > 2.0s) -- holding at last known position via gravity compensation.
[pinn_controller_node-1] [WARN] [1785306373.355406938] [pinn_franka_controller]: Trajectory stale (2097.1s > 2.0s) -- holding at last known position via gravity compensation.
[pinn_controller_node-1] [WARN] [1785306374.355437925] [pinn_franka_controller]: Trajectory stale (2098.1s > 2.0s) -- holding at last known position via gravity compensation.
[pinn_controller_node-1] [WARN] [1785306375.356420208] [pinn_franka_controller]: Trajectory stale (2099.1s > 2.0s) -- holding at last known position via gravity compensation.
[pinn_controller_node-1] [WARN] [1785306376.356547975] [pinn_franka_controller]: Trajectory stale (2100.1s > 2.0s) -- holding at last known position via gravity compensation.
[pinn_controller_node-1] [WARN] [1785306377.356554802] [pinn_franka_controller]: Trajectory stale (2101.1s > 2.0s) -- holding at last known position via gravity compensation.
[pinn_controller_node-1] [WARN] [1785306378.357405429] [pinn_franka_controller]: Trajectory stale (2102.1s > 2.0s) -- holding at last known position via gravity compensation.
[pinn_controller_node-1] [WARN] [1785306379.357636681] [pinn_franka_controller]: Trajectory stale (2103.1s > 2.0s) -- holding at last known position via gravity compensation.
[pinn_controller_node-1] [WARN] [1785306380.357773664] [pinn_franka_controller]: Trajectory stale (2104.1s > 2.0s) -- holding at last known position via gravity compensation.
[pinn_controller_node-1] [WARN] [1785306381.358411476] [pinn_franka_controller]: Trajectory stale (2105.1s > 2.0s) -- holding at last known position via gravity compensation.
[pinn_controller_node-1] [WARN] [1785306382.358806935] [pinn_franka_controller]: Trajectory stale (2106.1s > 2.0s) -- holding at last known position via gravity compensation.
[pinn_controller_node-1] [WARN] [1785306383.359481357] [pinn_franka_controller]: Trajectory stale (2107.1s > 2.0s) -- holding at last known position via gravity compensation.
[pinn_controller_node-1] [WARN] [1785306384.359691398] [pinn_franka_controller]: Trajectory stale (2108.1s > 2.0s) -- holding at last known position via gravity compensation.
[pinn_controller_node-1] [WARN] [1785306385.360444117] [pinn_franka_controller]: Trajectory stale (2109.1s > 2.0s) -- holding at last known position via gravity compensation.
[pinn_controller_node-1] [WARN] [1785306386.361411572] [pinn_franka_controller]: Trajectory stale (2110.1s > 2.0s) -- holding at last known position via gravity compensation.
[pinn_controller_node-1] [WARN] [1785306387.361706479] [pinn_franka_controller]: Trajectory stale (2111.1s > 2.0s) -- holding at last known position via gravity compensation.
[pinn_controller_node-1] [WARN] [1785306388.361983945] [pinn_franka_controller]: Trajectory stale (2112.1s > 2.0s) -- holding at last known position via gravity compensation.
[pinn_controller_node-1] [WARN] [1785306389.362448309] [pinn_franka_controller]: Trajectory stale (2113.1s > 2.0s) -- holding at last known position via gravity compensation.
[pinn_controller_node-1] [WARN] [1785306390.362517279] [pinn_franka_controller]: Trajectory stale (2114.1s > 2.0s) -- holding at last known position via gravity compensation.
[pinn_controller_node-1] [WARN] [1785306391.363410053] [pinn_franka_controller]: Trajectory stale (2115.1s > 2.0s) -- holding at last known position via gravity compensation.
[pinn_controller_node-1] [WARN] [1785306392.363446965] [pinn_franka_controller]: Trajectory stale (2116.1s > 2.0s) -- holding at last known position via gravity compensation.
[pinn_controller_node-1] [WARN] [1785306393.363536421] [pinn_franka_controller]: Trajectory stale (2117.1s > 2.0s) -- holding at last known position via gravity compensation.
[pinn_controller_node-1] [WARN] [1785306394.363799662] [pinn_franka_controller]: Trajectory stale (2118.1s > 2.0s) -- holding at last known position via gravity compensation.
[pinn_controller_node-1] [WARN] [1785306395.364436861] [pinn_franka_controller]: Trajectory stale (2119.1s > 2.0s) -- holding at last known position via gravity compensation.
[pinn_controller_node-1] [WARN] [1785306396.364545374] [pinn_franka_controller]: Trajectory stale (2120.1s > 2.0s) -- holding at last known position via gravity compensation.
[pinn_controller_node-1] [WARN] [1785306397.365479050] [pinn_franka_controller]: Trajectory stale (2121.1s > 2.0s) -- holding at last known position via gravity compensation.
[pinn_controller_node-1] [WARN] [1785306398.366409569] [pinn_franka_controller]: Trajectory stale (2122.1s > 2.0s) -- holding at last known position via gravity compensation.
[pinn_controller_node-1] [WARN] [1785306399.366796315] [pinn_franka_controller]: Trajectory stale (2123.1s > 2.0s) -- holding at last known position via gravity compensation.
[pinn_controller_node-1] [WARN] [1785306400.367741769] [pinn_franka_controller]: Trajectory stale (2124.1s > 2.0s) -- holding at last known position via gravity compensation.
[pinn_controller_node-1] [WARN] [1785306401.368411192] [pinn_franka_controller]: Trajectory stale (2125.1s > 2.0s) -- holding at last known position via gravity compensation.
[pinn_controller_node-1] [WARN] [1785306402.369029212] [pinn_franka_controller]: Trajectory stale (2126.1s > 2.0s) -- holding at last known position via gravity compensation.
[pinn_controller_node-1] [WARN] [1785306403.369402074] [pinn_franka_controller]: Trajectory stale (2127.1s > 2.0s) -- holding at last known position via gravity compensation.
[pinn_controller_node-1] [WARN] [1785306404.369518934] [pinn_franka_controller]: Trajectory stale (2128.1s > 2.0s) -- holding at last known position via gravity compensation.
[pinn_controller_node-1] [WARN] [1785306405.370067144] [pinn_franka_controller]: Trajectory stale (2129.1s > 2.0s) -- holding at last known position via gravity compensation.
[pinn_controller_node-1] [WARN] [1785306406.370938362] [pinn_franka_controller]: Trajectory stale (2130.1s > 2.0s) -- holding at last known position via gravity compensation.
[pinn_controller_node-1] [WARN] [1785306407.371565766] [pinn_franka_controller]: Trajectory stale (2131.1s > 2.0s) -- holding at last known position via gravity compensation.
[pinn_controller_node-1] [WARN] [1785306408.372444289] [pinn_franka_controller]: Trajectory stale (2132.1s > 2.0s) -- holding at last known position via gravity compensation.
[pinn_controller_node-1] [WARN] [1785306409.372596956] [pinn_franka_controller]: Trajectory stale (2133.1s > 2.0s) -- holding at last known position via gravity compensation.
[pinn_controller_node-1] [WARN] [1785306410.372828256] [pinn_franka_controller]: Trajectory stale (2134.1s > 2.0s) -- holding at last known position via gravity compensation.
[pinn_controller_node-1] [WARN] [1785306411.373469330] [pinn_franka_controller]: Trajectory stale (2135.1s > 2.0s) -- holding at last known position via gravity compensation.
[pinn_controller_node-1] [WARN] [1785306412.374459582] [pinn_franka_controller]: Trajectory stale (2136.1s > 2.0s) -- holding at last known position via gravity compensation.
[pinn_controller_node-1] [WARN] [1785306413.375416186] [pinn_franka_controller]: Trajectory stale (2137.1s > 2.0s) -- holding at last known position via gravity compensation.
[pinn_controller_node-1] [WARN] [1785306414.376422679] [pinn_franka_controller]: Trajectory stale (2138.1s > 2.0s) -- holding at last known position via gravity compensation.
[pinn_controller_node-1] [WARN] [1785306415.376459440] [pinn_franka_controller]: Trajectory stale (2139.1s > 2.0s) -- holding at last known position via gravity compensation.
[pinn_controller_node-1] [WARN] [1785306416.377468814] [pinn_franka_controller]: Trajectory stale (2140.1s > 2.0s) -- holding at last known position via gravity compensation.
[pinn_controller_node-1] [WARN] [1785306417.377635732] [pinn_franka_controller]: Trajectory stale (2141.1s > 2.0s) -- holding at last known position via gravity compensation.
[pinn_controller_node-1] [WARN] [1785306418.378607785] [pinn_franka_controller]: Trajectory stale (2142.1s > 2.0s) -- holding at last known position via gravity compensation.
[pinn_controller_node-1] [WARN] [1785306419.379482971] [pinn_franka_controller]: Trajectory stale (2143.1s > 2.0s) -- holding at last known position via gravity compensation.
[pinn_controller_node-1] [WARN] [1785306420.379590109] [pinn_franka_controller]: Trajectory stale (2144.1s > 2.0s) -- holding at last known position via gravity compensation.
[pinn_controller_node-1] [WARN] [1785306421.379605157] [pinn_franka_controller]: Trajectory stale (2145.1s > 2.0s) -- holding at last known position via gravity compensation.
[pinn_controller_node-1] [WARN] [1785306422.380418926] [pinn_franka_controller]: Trajectory stale (2146.1s > 2.0s) -- holding at last known position via gravity compensation.
[pinn_controller_node-1] [WARN] [1785306423.380436581] [pinn_franka_controller]: Trajectory stale (2147.1s > 2.0s) -- holding at last known position via gravity compensation.
[pinn_controller_node-1] [WARN] [1785306424.380477412] [pinn_franka_controller]: Trajectory stale (2148.1s > 2.0s) -- holding at last known position via gravity compensation.
[pinn_controller_node-1] [WARN] [1785306425.380822925] [pinn_franka_controller]: Trajectory stale (2149.1s > 2.0s) -- holding at last known position via gravity compensation.
[pinn_controller_node-1] [WARN] [1785306426.381255835] [pinn_franka_controller]: Trajectory stale (2150.1s > 2.0s) -- holding at last known position via gravity compensation.
[pinn_controller_node-1] [WARN] [1785306427.381908975] [pinn_franka_controller]: Trajectory stale (2151.1s > 2.0s) -- holding at last known position via gravity compensation.
[pinn_controller_node-1] [WARN] [1785306428.382041712] [pinn_franka_controller]: Trajectory stale (2152.1s > 2.0s) -- holding at last known position via gravity compensation.
[pinn_controller_node-1] [WARN] [1785306429.382439389] [pinn_franka_controller]: Trajectory stale (2153.1s > 2.0s) -- holding at last known position via gravity compensation.
[pinn_controller_node-1] [WARN] [1785306430.382583517] [pinn_franka_controller]: Trajectory stale (2154.1s > 2.0s) -- holding at last known position via gravity compensation.
[pinn_controller_node-1] [WARN] [1785306431.383476407] [pinn_franka_controller]: Trajectory stale (2155.1s > 2.0s) -- holding at last known position via gravity compensation.
[pinn_controller_node-1] [WARN] [1785306432.384431913] [pinn_franka_controller]: Trajectory stale (2156.1s > 2.0s) -- holding at last known position via gravity compensation.
[pinn_controller_node-1] [WARN] [1785306433.384585205] [pinn_franka_controller]: Trajectory stale (2157.1s > 2.0s) -- holding at last known position via gravity compensation.
[pinn_controller_node-1] [WARN] [1785306434.385515945] [pinn_franka_controller]: Trajectory stale (2158.1s > 2.0s) -- holding at last known position via gravity compensation.
[pinn_controller_node-1] [WARN] [1785306435.385812412] [pinn_franka_controller]: Trajectory stale (2159.1s > 2.0s) -- holding at last known position via gravity compensation.
[pinn_controller_node-1] [WARN] [1785306436.386676110] [pinn_franka_controller]: Trajectory stale (2160.1s > 2.0s) -- holding at last known position via gravity compensation.
[pinn_controller_node-1] [WARN] [1785306437.387603457] [pinn_franka_controller]: Trajectory stale (2161.1s > 2.0s) -- holding at last known position via gravity compensation.
[pinn_controller_node-1] [WARN] [1785306438.388429029] [pinn_franka_controller]: Trajectory stale (2162.1s > 2.0s) -- holding at last known position via gravity compensation.
[pinn_controller_node-1] [WARN] [1785306439.388877928] [pinn_franka_controller]: Trajectory stale (2163.1s > 2.0s) -- holding at last known position via gravity compensation.
[pinn_controller_node-1] [WARN] [1785306440.389418033] [pinn_franka_controller]: Trajectory stale (2164.1s > 2.0s) -- holding at last known position via gravity compensation.
[pinn_controller_node-1] [WARN] [1785306441.390433267] [pinn_franka_controller]: Trajectory stale (2165.1s > 2.0s) -- holding at last known position via gravity compensation.
[pinn_controller_node-1] [WARN] [1785306442.390634824] [pinn_franka_controller]: Trajectory stale (2166.1s > 2.0s) -- holding at last known position via gravity compensation.
[pinn_controller_node-1] [WARN] [1785306443.391570181] [pinn_franka_controller]: Trajectory stale (2167.1s > 2.0s) -- holding at last known position via gravity compensation.
[pinn_controller_node-1] [WARN] [1785306444.392501078] [pinn_franka_controller]: Trajectory stale (2168.1s > 2.0s) -- holding at last known position via gravity compensation.
[pinn_controller_node-1] [WARN] [1785306445.393042637] [pinn_franka_controller]: Trajectory stale (2169.1s > 2.0s) -- holding at last known position via gravity compensation.
[pinn_controller_node-1] [WARN] [1785306446.393658473] [pinn_franka_controller]: Trajectory stale (2170.1s > 2.0s) -- holding at last known position via gravity compensation.
[pinn_controller_node-1] [WARN] [1785306447.394432190] [pinn_franka_controller]: Trajectory stale (2171.1s > 2.0s) -- holding at last known position via gravity compensation.
[pinn_controller_node-1] [WARN] [1785306448.394636341] [pinn_franka_controller]: Trajectory stale (2172.1s > 2.0s) -- holding at last known position via gravity compensation.
[pinn_controller_node-1] [WARN] [1785306449.395958799] [pinn_franka_controller]: Trajectory stale (2173.1s > 2.0s) -- holding at last known position via gravity compensation.
[pinn_controller_node-1] [WARN] [1785306450.396565708] [pinn_franka_controller]: Trajectory stale (2174.1s > 2.0s) -- holding at last known position via gravity compensation.
[pinn_controller_node-1] [WARN] [1785306451.397441838] [pinn_franka_controller]: Trajectory stale (2175.1s > 2.0s) -- holding at last known position via gravity compensation.
[pinn_controller_node-1] [WARN] [1785306452.397836101] [pinn_franka_controller]: Trajectory stale (2176.1s > 2.0s) -- holding at last known position via gravity compensation.
[pinn_controller_node-1] [WARN] [1785306453.398401997] [pinn_franka_controller]: Trajectory stale (2177.1s > 2.0s) -- holding at last known position via gravity compensation.
[pinn_controller_node-1] [WARN] [1785306454.398585325] [pinn_franka_controller]: Trajectory stale (2178.1s > 2.0s) -- holding at last known position via gravity compensation.
[pinn_controller_node-1] [WARN] [1785306455.399524020] [pinn_franka_controller]: Trajectory stale (2179.1s > 2.0s) -- holding at last known position via gravity compensation.
[pinn_controller_node-1] [WARN] [1785306456.400502261] [pinn_franka_controller]: Trajectory stale (2180.1s > 2.0s) -- holding at last known position via gravity compensation.
[pinn_controller_node-1] [WARN] [1785306457.400527391] [pinn_franka_controller]: Trajectory stale (2181.1s > 2.0s) -- holding at last known position via gravity compensation.
[pinn_controller_node-1] [WARN] [1785306458.401424408] [pinn_franka_controller]: Trajectory stale (2182.1s > 2.0s) -- holding at last known position via gravity compensation.
[pinn_controller_node-1] [WARN] [1785306459.401490282] [pinn_franka_controller]: Trajectory stale (2183.1s > 2.0s) -- holding at last known position via gravity compensation.
[pinn_controller_node-1] [WARN] [1785306460.401632524] [pinn_franka_controller]: Trajectory stale (2184.1s > 2.0s) -- holding at last known position via gravity compensation.
[pinn_controller_node-1] [WARN] [1785306461.401823312] [pinn_franka_controller]: Trajectory stale (2185.1s > 2.0s) -- holding at last known position via gravity compensation.
[pinn_controller_node-1] [WARN] [1785306462.403265177] [pinn_franka_controller]: Trajectory stale (2186.1s > 2.0s) -- holding at last known position via gravity compensation.
[pinn_controller_node-1] [WARN] [1785306463.403442381] [pinn_franka_controller]: Trajectory stale (2187.1s > 2.0s) -- holding at last known position via gravity compensation.
[pinn_controller_node-1] [WARN] [1785306464.403744287] [pinn_franka_controller]: Trajectory stale (2188.1s > 2.0s) -- holding at last known position via gravity compensation.
[pinn_controller_node-1] [WARN] [1785306465.404499100] [pinn_franka_controller]: Trajectory stale (2189.1s > 2.0s) -- holding at last known position via gravity compensation.
[pinn_controller_node-1] [WARN] [1785306466.405407967] [pinn_franka_controller]: Trajectory stale (2190.1s > 2.0s) -- holding at last known position via gravity compensation.
[pinn_controller_node-1] [WARN] [1785306467.405420443] [pinn_franka_controller]: Trajectory stale (2191.1s > 2.0s) -- holding at last known position via gravity compensation.
[pinn_controller_node-1] [WARN] [1785306468.405793764] [pinn_franka_controller]: Trajectory stale (2192.1s > 2.0s) -- holding at last known position via gravity compensation.
[pinn_controller_node-1] [WARN] [1785306469.406365299] [pinn_franka_controller]: Trajectory stale (2193.1s > 2.0s) -- holding at last known position via gravity compensation.
[pinn_controller_node-1] [WARN] [1785306470.406634781] [pinn_franka_controller]: Trajectory stale (2194.1s > 2.0s) -- holding at last known position via gravity compensation.
[pinn_controller_node-1] [WARN] [1785306471.406833200] [pinn_franka_controller]: Trajectory stale (2195.1s > 2.0s) -- holding at last known position via gravity compensation.
[pinn_controller_node-1] [WARN] [1785306472.407424934] [pinn_franka_controller]: Trajectory stale (2196.1s > 2.0s) -- holding at last known position via gravity compensation.
[pinn_controller_node-1] [WARN] [1785306473.408433507] [pinn_franka_controller]: Trajectory stale (2197.1s > 2.0s) -- holding at last known position via gravity compensation.
[pinn_controller_node-1] [WARN] [1785306474.409453079] [pinn_franka_controller]: Trajectory stale (2198.1s > 2.0s) -- holding at last known position via gravity compensation.
[pinn_controller_node-1] [WARN] [1785306475.409768511] [pinn_franka_controller]: Trajectory stale (2199.1s > 2.0s) -- holding at last known position via gravity compensation.
[pinn_controller_node-1] [WARN] [1785306476.410586943] [pinn_franka_controller]: Trajectory stale (2200.1s > 2.0s) -- holding at last known position via gravity compensation.
[pinn_controller_node-1] [WARN] [1785306477.411427923] [pinn_franka_controller]: Trajectory stale (2201.1s > 2.0s) -- holding at last known position via gravity compensation.
[pinn_controller_node-1] [WARN] [1785306478.411896348] [pinn_franka_controller]: Trajectory stale (2202.1s > 2.0s) -- holding at last known position via gravity compensation.
[pinn_controller_node-1] [WARN] [1785306479.412431659] [pinn_franka_controller]: Trajectory stale (2203.1s > 2.0s) -- holding at last known position via gravity compensation.
[pinn_controller_node-1] [WARN] [1785306480.412547314] [pinn_franka_controller]: Trajectory stale (2204.1s > 2.0s) -- holding at last known position via gravity compensation.
[pinn_controller_node-1] [WARN] [1785306481.412626266] [pinn_franka_controller]: Trajectory stale (2205.1s > 2.0s) -- holding at last known position via gravity compensation.
[pinn_controller_node-1] [WARN] [1785306482.412856738] [pinn_franka_controller]: Trajectory stale (2206.1s > 2.0s) -- holding at last known position via gravity compensation.
[pinn_controller_node-1] [WARN] [1785306483.413447636] [pinn_franka_controller]: Trajectory stale (2207.1s > 2.0s) -- holding at last known position via gravity compensation.
[pinn_controller_node-1] [WARN] [1785306484.413465054] [pinn_franka_controller]: Trajectory stale (2208.1s > 2.0s) -- holding at last known position via gravity compensation.
[pinn_controller_node-1] [WARN] [1785306485.413948823] [pinn_franka_controller]: Trajectory stale (2209.1s > 2.0s) -- holding at last known position via gravity compensation.
[pinn_controller_node-1] [WARN] [1785306486.415199614] [pinn_franka_controller]: Trajectory stale (2210.1s > 2.0s) -- holding at last known position via gravity compensation.
[pinn_controller_node-1] [WARN] [1785306487.415411041] [pinn_franka_controller]: Trajectory stale (2211.1s > 2.0s) -- holding at last known position via gravity compensation.
[pinn_controller_node-1] [WARN] [1785306488.416397619] [pinn_franka_controller]: Trajectory stale (2212.1s > 2.0s) -- holding at last known position via gravity compensation.
[pinn_controller_node-1] [WARN] [1785306489.416398732] [pinn_franka_controller]: Trajectory stale (2213.1s > 2.0s) -- holding at last known position via gravity compensation.
[pinn_controller_node-1] [WARN] [1785306490.416525912] [pinn_franka_controller]: Trajectory stale (2214.1s > 2.0s) -- holding at last known position via gravity compensation.
[pinn_controller_node-1] [WARN] [1785306491.416700235] [pinn_franka_controller]: Trajectory stale (2215.1s > 2.0s) -- holding at last known position via gravity compensation.
[pinn_controller_node-1] [WARN] [1785306492.417617134] [pinn_franka_controller]: Trajectory stale (2216.1s > 2.0s) -- holding at last known position via gravity compensation.
[pinn_controller_node-1] [WARN] [1785306493.418419597] [pinn_franka_controller]: Trajectory stale (2217.1s > 2.0s) -- holding at last known position via gravity compensation.
[pinn_controller_node-1] [WARN] [1785306494.419399559] [pinn_franka_controller]: Trajectory stale (2218.1s > 2.0s) -- holding at last known position via gravity compensation.
[pinn_controller_node-1] [WARN] [1785306495.419725587] [pinn_franka_controller]: Trajectory stale (2219.1s > 2.0s) -- holding at last known position via gravity compensation.
[pinn_controller_node-1] [WARN] [1785306496.420452684] [pinn_franka_controller]: Trajectory stale (2220.1s > 2.0s) -- holding at last known position via gravity compensation.
[pinn_controller_node-1] [WARN] [1785306497.420643822] [pinn_franka_controller]: Trajectory stale (2221.1s > 2.0s) -- holding at last known position via gravity compensation.
[pinn_controller_node-1] [WARN] [1785306498.421416990] [pinn_franka_controller]: Trajectory stale (2222.1s > 2.0s) -- holding at last known position via gravity compensation.
[pinn_controller_node-1] [WARN] [1785306499.421465070] [pinn_franka_controller]: Trajectory stale (2223.1s > 2.0s) -- holding at last known position via gravity compensation.
[pinn_controller_node-1] [WARN] [1785306500.422475640] [pinn_franka_controller]: Trajectory stale (2224.1s > 2.0s) -- holding at last known position via gravity compensation.
[pinn_controller_node-1] [WARN] [1785306501.423425514] [pinn_franka_controller]: Trajectory stale (2225.1s > 2.0s) -- holding at last known position via gravity compensation.
[pinn_controller_node-1] [WARN] [1785306502.423691759] [pinn_franka_controller]: Trajectory stale (2226.1s > 2.0s) -- holding at last known position via gravity compensation.
[pinn_controller_node-1] [WARN] [1785306503.424480207] [pinn_franka_controller]: Trajectory stale (2227.1s > 2.0s) -- holding at last known position via gravity compensation.
[pinn_controller_node-1] [WARN] [1785306504.424496859] [pinn_franka_controller]: Trajectory stale (2228.1s > 2.0s) -- holding at last known position via gravity compensation.
[pinn_controller_node-1] [WARN] [1785306505.425481648] [pinn_franka_controller]: Trajectory stale (2229.1s > 2.0s) -- holding at last known position via gravity compensation.
[pinn_controller_node-1] [WARN] [1785306506.426428258] [pinn_franka_controller]: Trajectory stale (2230.1s > 2.0s) -- holding at last known position via gravity compensation.
[pinn_controller_node-1] [WARN] [1785306507.427408729] [pinn_franka_controller]: Trajectory stale (2231.1s > 2.0s) -- holding at last known position via gravity compensation.
[pinn_controller_node-1] [WARN] [1785306508.427506412] [pinn_franka_controller]: Trajectory stale (2232.1s > 2.0s) -- holding at last known position via gravity compensation.
[pinn_controller_node-1] [WARN] [1785306509.427652706] [pinn_franka_controller]: Trajectory stale (2233.1s > 2.0s) -- holding at last known position via gravity compensation.
[pinn_controller_node-1] [WARN] [1785306510.428048504] [pinn_franka_controller]: Trajectory stale (2234.1s > 2.0s) -- holding at last known position via gravity compensation.
[pinn_controller_node-1] [WARN] [1785306511.428421023] [pinn_franka_controller]: Trajectory stale (2235.1s > 2.0s) -- holding at last known position via gravity compensation.
[pinn_controller_node-1] [WARN] [1785306512.428785899] [pinn_franka_controller]: Trajectory stale (2236.1s > 2.0s) -- holding at last known position via gravity compensation.
[pinn_controller_node-1] [WARN] [1785306513.429583001] [pinn_franka_controller]: Trajectory stale (2237.1s > 2.0s) -- holding at last known position via gravity compensation.
[pinn_controller_node-1] [WARN] [1785306514.429933980] [pinn_franka_controller]: Trajectory stale (2238.1s > 2.0s) -- holding at last known position via gravity compensation.
[pinn_controller_node-1] [WARN] [1785306515.430413781] [pinn_franka_controller]: Trajectory stale (2239.1s > 2.0s) -- holding at last known position via gravity compensation.
[pinn_controller_node-1] [WARN] [1785306516.430973532] [pinn_franka_controller]: Trajectory stale (2240.1s > 2.0s) -- holding at last known position via gravity compensation.
[pinn_controller_node-1] [WARN] [1785306517.431524028] [pinn_franka_controller]: Trajectory stale (2241.1s > 2.0s) -- holding at last known position via gravity compensation.
[pinn_controller_node-1] [WARN] [1785306518.432443690] [pinn_franka_controller]: Trajectory stale (2242.1s > 2.0s) -- holding at last known position via gravity compensation.
[pinn_controller_node-1] [WARN] [1785306519.432540051] [pinn_franka_controller]: Trajectory stale (2243.1s > 2.0s) -- holding at last known position via gravity compensation.
[pinn_controller_node-1] [WARN] [1785306520.433400422] [pinn_franka_controller]: Trajectory stale (2244.1s > 2.0s) -- holding at last known position via gravity compensation.
[pinn_controller_node-1] [WARN] [1785306521.433549465] [pinn_franka_controller]: Trajectory stale (2245.1s > 2.0s) -- holding at last known position via gravity compensation.
[pinn_controller_node-1] [WARN] [1785306522.434436299] [pinn_franka_controller]: Trajectory stale (2246.1s > 2.0s) -- holding at last known position via gravity compensation.
[pinn_controller_node-1] [WARN] [1785306523.435416759] [pinn_franka_controller]: Trajectory stale (2247.2s > 2.0s) -- holding at last known position via gravity compensation.
[pinn_controller_node-1] [WARN] [1785306524.436435519] [pinn_franka_controller]: Trajectory stale (2248.2s > 2.0s) -- holding at last known position via gravity compensation.
[pinn_controller_node-1] [WARN] [1785306525.436530142] [pinn_franka_controller]: Trajectory stale (2249.2s > 2.0s) -- holding at last known position via gravity compensation.
[pinn_controller_node-1] [WARN] [1785306526.437421662] [pinn_franka_controller]: Trajectory stale (2250.2s > 2.0s) -- holding at last known position via gravity compensation.
[pinn_controller_node-1] [WARN] [1785306527.438444223] [pinn_franka_controller]: Trajectory stale (2251.2s > 2.0s) -- holding at last known position via gravity compensation.
[pinn_controller_node-1] [WARN] [1785306528.438624038] [pinn_franka_controller]: Trajectory stale (2252.2s > 2.0s) -- holding at last known position via gravity compensation.
[pinn_controller_node-1] [WARN] [1785306529.439489339] [pinn_franka_controller]: Trajectory stale (2253.2s > 2.0s) -- holding at last known position via gravity compensation.
[pinn_controller_node-1] [WARN] [1785306530.439496108] [pinn_franka_controller]: Trajectory stale (2254.2s > 2.0s) -- holding at last known position via gravity compensation.
[pinn_controller_node-1] [WARN] [1785306531.440457625] [pinn_franka_controller]: Trajectory stale (2255.2s > 2.0s) -- holding at last known position via gravity compensation.
[pinn_controller_node-1] [WARN] [1785306532.440513394] [pinn_franka_controller]: Trajectory stale (2256.2s > 2.0s) -- holding at last known position via gravity compensation.
[pinn_controller_node-1] [WARN] [1785306533.441182418] [pinn_franka_controller]: Trajectory stale (2257.2s > 2.0s) -- holding at last known position via gravity compensation.
[pinn_controller_node-1] [WARN] [1785306534.441270914] [pinn_franka_controller]: Trajectory stale (2258.2s > 2.0s) -- holding at last known position via gravity compensation.
[pinn_controller_node-1] [WARN] [1785306535.441406577] [pinn_franka_controller]: Trajectory stale (2259.2s > 2.0s) -- holding at last known position via gravity compensation.
[pinn_controller_node-1] [WARN] [1785306536.441409740] [pinn_franka_controller]: Trajectory stale (2260.2s > 2.0s) -- holding at last known position via gravity compensation.
[pinn_controller_node-1] [WARN] [1785306537.441597252] [pinn_franka_controller]: Trajectory stale (2261.2s > 2.0s) -- holding at last known position via gravity compensation.
[pinn_controller_node-1] [WARN] [1785306538.442485660] [pinn_franka_controller]: Trajectory stale (2262.2s > 2.0s) -- holding at last known position via gravity compensation.
[pinn_controller_node-1] [WARN] [1785306539.442796706] [pinn_franka_controller]: Trajectory stale (2263.2s > 2.0s) -- holding at last known position via gravity compensation.
[pinn_controller_node-1] [WARN] [1785306540.443401685] [pinn_franka_controller]: Trajectory stale (2264.2s > 2.0s) -- holding at last known position via gravity compensation.
[pinn_controller_node-1] [WARN] [1785306541.443920693] [pinn_franka_controller]: Trajectory stale (2265.2s > 2.0s) -- holding at last known position via gravity compensation.
[pinn_controller_node-1] [WARN] [1785306542.445031651] [pinn_franka_controller]: Trajectory stale (2266.2s > 2.0s) -- holding at last known position via gravity compensation.
[pinn_controller_node-1] [WARN] [1785306543.445506376] [pinn_franka_controller]: Trajectory stale (2267.2s > 2.0s) -- holding at last known position via gravity compensation.
[pinn_controller_node-1] [WARN] [1785306544.445517505] [pinn_franka_controller]: Trajectory stale (2268.2s > 2.0s) -- holding at last known position via gravity compensation.
[pinn_controller_node-1] [WARN] [1785306545.446428380] [pinn_franka_controller]: Trajectory stale (2269.2s > 2.0s) -- holding at last known position via gravity compensation.
[pinn_controller_node-1] [WARN] [1785306546.447404821] [pinn_franka_controller]: Trajectory stale (2270.2s > 2.0s) -- holding at last known position via gravity compensation.
[pinn_controller_node-1] [WARN] [1785306547.447639557] [pinn_franka_controller]: Trajectory stale (2271.2s > 2.0s) -- holding at last known position via gravity compensation.
[pinn_controller_node-1] [WARN] [1785306548.448618368] [pinn_franka_controller]: Trajectory stale (2272.2s > 2.0s) -- holding at last known position via gravity compensation.
[pinn_controller_node-1] [WARN] [1785306549.449706345] [pinn_franka_controller]: Trajectory stale (2273.2s > 2.0s) -- holding at last known position via gravity compensation.
[pinn_controller_node-1] [WARN] [1785306550.450474076] [pinn_franka_controller]: Trajectory stale (2274.2s > 2.0s) -- holding at last known position via gravity compensation.
[pinn_controller_node-1] [WARN] [1785306551.450801540] [pinn_franka_controller]: Trajectory stale (2275.2s > 2.0s) -- holding at last known position via gravity compensation.
[pinn_controller_node-1] [WARN] [1785306552.451407996] [pinn_franka_controller]: Trajectory stale (2276.2s > 2.0s) -- holding at last known position via gravity compensation.
[pinn_controller_node-1] [WARN] [1785306553.451451906] [pinn_franka_controller]: Trajectory stale (2277.2s > 2.0s) -- holding at last known position via gravity compensation.
[pinn_controller_node-1] [WARN] [1785306554.452416412] [pinn_franka_controller]: Trajectory stale (2278.2s > 2.0s) -- holding at last known position via gravity compensation.
[pinn_controller_node-1] [WARN] [1785306555.452513982] [pinn_franka_controller]: Trajectory stale (2279.2s > 2.0s) -- holding at last known position via gravity compensation.
[pinn_controller_node-1] [WARN] [1785306556.453402020] [pinn_franka_controller]: Trajectory stale (2280.2s > 2.0s) -- holding at last known position via gravity compensation.
[pinn_controller_node-1] [WARN] [1785306557.453419880] [pinn_franka_controller]: Trajectory stale (2281.2s > 2.0s) -- holding at last known position via gravity compensation.
[pinn_controller_node-1] [WARN] [1785306558.454415825] [pinn_franka_controller]: Trajectory stale (2282.2s > 2.0s) -- holding at last known position via gravity compensation.
[pinn_controller_node-1] [WARN] [1785306559.454421200] [pinn_franka_controller]: Trajectory stale (2283.2s > 2.0s) -- holding at last known position via gravity compensation.
[pinn_controller_node-1] [WARN] [1785306560.454426608] [pinn_franka_controller]: Trajectory stale (2284.2s > 2.0s) -- holding at last known position via gravity compensation.
[pinn_controller_node-1] [WARN] [1785306561.454629106] [pinn_franka_controller]: Trajectory stale (2285.2s > 2.0s) -- holding at last known position via gravity compensation.
[pinn_controller_node-1] [WARN] [1785306562.455446570] [pinn_franka_controller]: Trajectory stale (2286.2s > 2.0s) -- holding at last known position via gravity compensation.
[pinn_controller_node-1] [WARN] [1785306563.455603076] [pinn_franka_controller]: Trajectory stale (2287.2s > 2.0s) -- holding at last known position via gravity compensation.
[pinn_controller_node-1] [WARN] [1785306564.455685919] [pinn_franka_controller]: Trajectory stale (2288.2s > 2.0s) -- holding at last known position via gravity compensation.
[pinn_controller_node-1] [WARN] [1785306565.456471935] [pinn_franka_controller]: Trajectory stale (2289.2s > 2.0s) -- holding at last known position via gravity compensation.
[pinn_controller_node-1] [WARN] [1785306566.457422911] [pinn_franka_controller]: Trajectory stale (2290.2s > 2.0s) -- holding at last known position via gravity compensation.
[pinn_controller_node-1] [WARN] [1785306567.457449422] [pinn_franka_controller]: Trajectory stale (2291.2s > 2.0s) -- holding at last known position via gravity compensation.
[pinn_controller_node-1] [WARN] [1785306568.457475872] [pinn_franka_controller]: Trajectory stale (2292.2s > 2.0s) -- holding at last known position via gravity compensation.
[pinn_controller_node-1] [WARN] [1785306569.458460619] [pinn_franka_controller]: Trajectory stale (2293.2s > 2.0s) -- holding at last known position via gravity compensation.
[pinn_controller_node-1] [WARN] [1785306570.458615806] [pinn_franka_controller]: Trajectory stale (2294.2s > 2.0s) -- holding at last known position via gravity compensation.
[pinn_controller_node-1] [WARN] [1785306571.459479089] [pinn_franka_controller]: Trajectory stale (2295.2s > 2.0s) -- holding at last known position via gravity compensation.
[pinn_controller_node-1] [WARN] [1785306572.459531831] [pinn_franka_controller]: Trajectory stale (2296.2s > 2.0s) -- holding at last known position via gravity compensation.
[pinn_controller_node-1] [WARN] [1785306573.460402974] [pinn_franka_controller]: Trajectory stale (2297.2s > 2.0s) -- holding at last known position via gravity compensation.
[pinn_controller_node-1] [WARN] [1785306574.460563722] [pinn_franka_controller]: Trajectory stale (2298.2s > 2.0s) -- holding at last known position via gravity compensation.
[pinn_controller_node-1] [WARN] [1785306575.461516534] [pinn_franka_controller]: Trajectory stale (2299.2s > 2.0s) -- holding at last known position via gravity compensation.
[pinn_controller_node-1] [WARN] [1785306576.462272135] [pinn_franka_controller]: Trajectory stale (2300.2s > 2.0s) -- holding at last known position via gravity compensation.
[pinn_controller_node-1] [WARN] [1785306577.462622848] [pinn_franka_controller]: Trajectory stale (2301.2s > 2.0s) -- holding at last known position via gravity compensation.
[pinn_controller_node-1] [WARN] [1785306578.463444241] [pinn_franka_controller]: Trajectory stale (2302.2s > 2.0s) -- holding at last known position via gravity compensation.
[pinn_controller_node-1] [WARN] [1785306579.464434444] [pinn_franka_controller]: Trajectory stale (2303.2s > 2.0s) -- holding at last known position via gravity compensation.
[pinn_controller_node-1] [WARN] [1785306580.465411215] [pinn_franka_controller]: Trajectory stale (2304.2s > 2.0s) -- holding at last known position via gravity compensation.
[pinn_controller_node-1] [WARN] [1785306581.466410322] [pinn_franka_controller]: Trajectory stale (2305.2s > 2.0s) -- holding at last known position via gravity compensation.
[pinn_controller_node-1] [WARN] [1785306582.466446052] [pinn_franka_controller]: Trajectory stale (2306.2s > 2.0s) -- holding at last known position via gravity compensation.
[pinn_controller_node-1] [WARN] [1785306583.466749419] [pinn_franka_controller]: Trajectory stale (2307.2s > 2.0s) -- holding at last known position via gravity compensation.
[pinn_controller_node-1] [WARN] [1785306584.467407028] [pinn_franka_controller]: Trajectory stale (2308.2s > 2.0s) -- holding at last known position via gravity compensation.
[pinn_controller_node-1] [WARN] [1785306585.467532565] [pinn_franka_controller]: Trajectory stale (2309.2s > 2.0s) -- holding at last known position via gravity compensation.
[pinn_controller_node-1] [WARN] [1785306586.468455341] [pinn_franka_controller]: Trajectory stale (2310.2s > 2.0s) -- holding at last known position via gravity compensation.
[pinn_controller_node-1] [WARN] [1785306587.469417991] [pinn_franka_controller]: Trajectory stale (2311.2s > 2.0s) -- holding at last known position via gravity compensation.
[pinn_controller_node-1] [WARN] [1785306588.470026096] [pinn_franka_controller]: Trajectory stale (2312.2s > 2.0s) -- holding at last known position via gravity compensation.
[pinn_controller_node-1] [WARN] [1785306589.470541035] [pinn_franka_controller]: Trajectory stale (2313.2s > 2.0s) -- holding at last known position via gravity compensation.
[pinn_controller_node-1] [WARN] [1785306590.470667753] [pinn_franka_controller]: Trajectory stale (2314.2s > 2.0s) -- holding at last known position via gravity compensation.
[pinn_controller_node-1] [WARN] [1785306591.470747600] [pinn_franka_controller]: Trajectory stale (2315.2s > 2.0s) -- holding at last known position via gravity compensation.
[pinn_controller_node-1] [WARN] [1785306592.471406905] [pinn_franka_controller]: Trajectory stale (2316.2s > 2.0s) -- holding at last known position via gravity compensation.
[pinn_controller_node-1] [WARN] [1785306593.471939628] [pinn_franka_controller]: Trajectory stale (2317.2s > 2.0s) -- holding at last known position via gravity compensation.
[pinn_controller_node-1] [WARN] [1785306594.472406662] [pinn_franka_controller]: Trajectory stale (2318.2s > 2.0s) -- holding at last known position via gravity compensation.
[pinn_controller_node-1] [WARN] [1785306595.472458833] [pinn_franka_controller]: Trajectory stale (2319.2s > 2.0s) -- holding at last known position via gravity compensation.
[pinn_controller_node-1] [WARN] [1785306596.473416334] [pinn_franka_controller]: Trajectory stale (2320.2s > 2.0s) -- holding at last known position via gravity compensation.
[pinn_controller_node-1] [WARN] [1785306597.474467677] [pinn_franka_controller]: Trajectory stale (2321.2s > 2.0s) -- holding at last known position via gravity compensation.
[pinn_controller_node-1] [WARN] [1785306598.475403712] [pinn_franka_controller]: Trajectory stale (2322.2s > 2.0s) -- holding at last known position via gravity compensation.
[pinn_controller_node-1] [WARN] [1785306599.475422772] [pinn_franka_controller]: Trajectory stale (2323.2s > 2.0s) -- holding at last known position via gravity compensation.
[pinn_controller_node-1] [WARN] [1785306600.476431860] [pinn_franka_controller]: Trajectory stale (2324.2s > 2.0s) -- holding at last known position via gravity compensation.
[pinn_controller_node-1] [WARN] [1785306601.476444141] [pinn_franka_controller]: Trajectory stale (2325.2s > 2.0s) -- holding at last known position via gravity compensation.
[pinn_controller_node-1] [WARN] [1785306602.477403106] [pinn_franka_controller]: Trajectory stale (2326.2s > 2.0s) -- holding at last known position via gravity compensation.
[pinn_controller_node-1] [WARN] [1785306603.477459751] [pinn_franka_controller]: Trajectory stale (2327.2s > 2.0s) -- holding at last known position via gravity compensation.
[pinn_controller_node-1] [WARN] [1785306604.478404589] [pinn_franka_controller]: Trajectory stale (2328.2s > 2.0s) -- holding at last known position via gravity compensation.
[pinn_controller_node-1] [WARN] [1785306605.478405285] [pinn_franka_controller]: Trajectory stale (2329.2s > 2.0s) -- holding at last known position via gravity compensation.
[pinn_controller_node-1] [WARN] [1785306606.478782981] [pinn_franka_controller]: Trajectory stale (2330.2s > 2.0s) -- holding at last known position via gravity compensation.
[pinn_controller_node-1] [WARN] [1785306607.478826288] [pinn_franka_controller]: Trajectory stale (2331.2s > 2.0s) -- holding at last known position via gravity compensation.
[pinn_controller_node-1] [WARN] [1785306608.479442091] [pinn_franka_controller]: Trajectory stale (2332.2s > 2.0s) -- holding at last known position via gravity compensation.
[pinn_controller_node-1] [WARN] [1785306609.480543158] [pinn_franka_controller]: Trajectory stale (2333.2s > 2.0s) -- holding at last known position via gravity compensation.
[pinn_controller_node-1] [WARN] [1785306610.481405313] [pinn_franka_controller]: Trajectory stale (2334.2s > 2.0s) -- holding at last known position via gravity compensation.
[pinn_controller_node-1] [WARN] [1785306611.481594888] [pinn_franka_controller]: Trajectory stale (2335.2s > 2.0s) -- holding at last known position via gravity compensation.
[pinn_controller_node-1] [WARN] [1785306612.482415313] [pinn_franka_controller]: Trajectory stale (2336.2s > 2.0s) -- holding at last known position via gravity compensation.
[pinn_controller_node-1] [WARN] [1785306613.482416791] [pinn_franka_controller]: Trajectory stale (2337.2s > 2.0s) -- holding at last known position via gravity compensation.
[pinn_controller_node-1] [WARN] [1785306614.483405390] [pinn_franka_controller]: Trajectory stale (2338.2s > 2.0s) -- holding at last known position via gravity compensation.
[pinn_controller_node-1] [WARN] [1785306615.483423034] [pinn_franka_controller]: Trajectory stale (2339.2s > 2.0s) -- holding at last known position via gravity compensation.
[pinn_controller_node-1] [WARN] [1785306616.483444273] [pinn_franka_controller]: Trajectory stale (2340.2s > 2.0s) -- holding at last known position via gravity compensation.
[pinn_controller_node-1] [WARN] [1785306617.484359709] [pinn_franka_controller]: Trajectory stale (2341.2s > 2.0s) -- holding at last known position via gravity compensation.
[pinn_controller_node-1] [WARN] [1785306618.484825351] [pinn_franka_controller]: Trajectory stale (2342.2s > 2.0s) -- holding at last known position via gravity compensation.
[pinn_controller_node-1] [WARN] [1785306619.485596908] [pinn_franka_controller]: Trajectory stale (2343.2s > 2.0s) -- holding at last known position via gravity compensation.
[pinn_controller_node-1] [WARN] [1785306620.485658013] [pinn_franka_controller]: Trajectory stale (2344.2s > 2.0s) -- holding at last known position via gravity compensation.
[pinn_controller_node-1] [WARN] [1785306621.486553141] [pinn_franka_controller]: Trajectory stale (2345.2s > 2.0s) -- holding at last known position via gravity compensation.
[pinn_controller_node-1] [WARN] [1785306622.487465582] [pinn_franka_controller]: Trajectory stale (2346.2s > 2.0s) -- holding at last known position via gravity compensation.
[pinn_controller_node-1] [WARN] [1785306623.488410991] [pinn_franka_controller]: Trajectory stale (2347.2s > 2.0s) -- holding at last known position via gravity compensation.
[pinn_controller_node-1] [WARN] [1785306624.488680348] [pinn_franka_controller]: Trajectory stale (2348.2s > 2.0s) -- holding at last known position via gravity compensation.
[pinn_controller_node-1] [WARN] [1785306625.489533642] [pinn_franka_controller]: Trajectory stale (2349.2s > 2.0s) -- holding at last known position via gravity compensation.
[pinn_controller_node-1] [WARN] [1785306626.490407626] [pinn_franka_controller]: Trajectory stale (2350.2s > 2.0s) -- holding at last known position via gravity compensation.
[pinn_controller_node-1] [WARN] [1785306627.490692547] [pinn_franka_controller]: Trajectory stale (2351.2s > 2.0s) -- holding at last known position via gravity compensation.
[pinn_controller_node-1] [WARN] [1785306628.491468451] [pinn_franka_controller]: Trajectory stale (2352.2s > 2.0s) -- holding at last known position via gravity compensation.
[pinn_controller_node-1] [WARN] [1785306629.491821815] [pinn_franka_controller]: Trajectory stale (2353.2s > 2.0s) -- holding at last known position via gravity compensation.
[pinn_controller_node-1] [WARN] [1785306630.492517514] [pinn_franka_controller]: Trajectory stale (2354.2s > 2.0s) -- holding at last known position via gravity compensation.
[pinn_controller_node-1] [WARN] [1785306631.493430637] [pinn_franka_controller]: Trajectory stale (2355.2s > 2.0s) -- holding at last known position via gravity compensation.
[pinn_controller_node-1] [WARN] [1785306632.493449538] [pinn_franka_controller]: Trajectory stale (2356.2s > 2.0s) -- holding at last known position via gravity compensation.
[pinn_controller_node-1] [WARN] [1785306633.493499842] [pinn_franka_controller]: Trajectory stale (2357.2s > 2.0s) -- holding at last known position via gravity compensation.
[pinn_controller_node-1] [WARN] [1785306634.493573536] [pinn_franka_controller]: Trajectory stale (2358.2s > 2.0s) -- holding at last known position via gravity compensation.
[pinn_controller_node-1] [WARN] [1785306635.494453634] [pinn_franka_controller]: Trajectory stale (2359.2s > 2.0s) -- holding at last known position via gravity compensation.
[pinn_controller_node-1] [WARN] [1785306636.494519091] [pinn_franka_controller]: Trajectory stale (2360.2s > 2.0s) -- holding at last known position via gravity compensation.
[pinn_controller_node-1] [WARN] [1785306637.495409436] [pinn_franka_controller]: Trajectory stale (2361.2s > 2.0s) -- holding at last known position via gravity compensation.
[pinn_controller_node-1] [WARN] [1785306638.495539188] [pinn_franka_controller]: Trajectory stale (2362.2s > 2.0s) -- holding at last known position via gravity compensation.
[pinn_controller_node-1] [WARN] [1785306639.496099365] [pinn_franka_controller]: Trajectory stale (2363.2s > 2.0s) -- holding at last known position via gravity compensation.
[pinn_controller_node-1] [WARN] [1785306640.497228558] [pinn_franka_controller]: Trajectory stale (2364.2s > 2.0s) -- holding at last known position via gravity compensation.
[pinn_controller_node-1] [WARN] [1785306641.498197229] [pinn_franka_controller]: Trajectory stale (2365.2s > 2.0s) -- holding at last known position via gravity compensation.
[pinn_controller_node-1] [WARN] [1785306642.498441947] [pinn_franka_controller]: Trajectory stale (2366.2s > 2.0s) -- holding at last known position via gravity compensation.
[pinn_controller_node-1] [WARN] [1785306643.498532350] [pinn_franka_controller]: Trajectory stale (2367.2s > 2.0s) -- holding at last known position via gravity compensation.
[pinn_controller_node-1] [WARN] [1785306644.498619364] [pinn_franka_controller]: Trajectory stale (2368.2s > 2.0s) -- holding at last known position via gravity compensation.
[pinn_controller_node-1] [WARN] [1785306645.498737597] [pinn_franka_controller]: Trajectory stale (2369.2s > 2.0s) -- holding at last known position via gravity compensation.
[pinn_controller_node-1] [WARN] [1785306646.499449455] [pinn_franka_controller]: Trajectory stale (2370.2s > 2.0s) -- holding at last known position via gravity compensation.
[pinn_controller_node-1] [WARN] [1785306647.499533442] [pinn_franka_controller]: Trajectory stale (2371.2s > 2.0s) -- holding at last known position via gravity compensation.
[pinn_controller_node-1] [WARN] [1785306648.500453092] [pinn_franka_controller]: Trajectory stale (2372.2s > 2.0s) -- holding at last known position via gravity compensation.
[pinn_controller_node-1] [WARN] [1785306649.500602935] [pinn_franka_controller]: Trajectory stale (2373.2s > 2.0s) -- holding at last known position via gravity compensation.
[pinn_controller_node-1] [WARN] [1785306650.501404840] [pinn_franka_controller]: Trajectory stale (2374.2s > 2.0s) -- holding at last known position via gravity compensation.
[pinn_controller_node-1] [WARN] [1785306651.501553402] [pinn_franka_controller]: Trajectory stale (2375.2s > 2.0s) -- holding at last known position via gravity compensation.
[pinn_controller_node-1] [WARN] [1785306652.501742906] [pinn_franka_controller]: Trajectory stale (2376.2s > 2.0s) -- holding at last known position via gravity compensation.
[pinn_controller_node-1] [WARN] [1785306653.502433474] [pinn_franka_controller]: Trajectory stale (2377.2s > 2.0s) -- holding at last known position via gravity compensation.
[pinn_controller_node-1] [WARN] [1785306654.502448759] [pinn_franka_controller]: Trajectory stale (2378.2s > 2.0s) -- holding at last known position via gravity compensation.
[pinn_controller_node-1] [WARN] [1785306655.503450026] [pinn_franka_controller]: Trajectory stale (2379.2s > 2.0s) -- holding at last known position via gravity compensation.
[pinn_controller_node-1] [WARN] [1785306656.504417629] [pinn_franka_controller]: Trajectory stale (2380.2s > 2.0s) -- holding at last known position via gravity compensation.
[pinn_controller_node-1] [WARN] [1785306657.504654981] [pinn_franka_controller]: Trajectory stale (2381.2s > 2.0s) -- holding at last known position via gravity compensation.
[pinn_controller_node-1] [WARN] [1785306658.505096377] [pinn_franka_controller]: Trajectory stale (2382.2s > 2.0s) -- holding at last known position via gravity compensation.
[pinn_controller_node-1] [WARN] [1785306659.505451064] [pinn_franka_controller]: Trajectory stale (2383.2s > 2.0s) -- holding at last known position via gravity compensation.
[pinn_controller_node-1] [WARN] [1785306660.506406976] [pinn_franka_controller]: Trajectory stale (2384.2s > 2.0s) -- holding at last known position via gravity compensation.
[pinn_controller_node-1] [WARN] [1785306661.507418366] [pinn_franka_controller]: Trajectory stale (2385.2s > 2.0s) -- holding at last known position via gravity compensation.
[pinn_controller_node-1] [WARN] [1785306662.507465997] [pinn_franka_controller]: Trajectory stale (2386.2s > 2.0s) -- holding at last known position via gravity compensation.
[pinn_controller_node-1] [WARN] [1785306663.507474787] [pinn_franka_controller]: Trajectory stale (2387.2s > 2.0s) -- holding at last known position via gravity compensation.
[pinn_controller_node-1] [WARN] [1785306664.507830890] [pinn_franka_controller]: Trajectory stale (2388.2s > 2.0s) -- holding at last known position via gravity compensation.
[pinn_controller_node-1] [WARN] [1785306665.508855087] [pinn_franka_controller]: Trajectory stale (2389.2s > 2.0s) -- holding at last known position via gravity compensation.
[pinn_controller_node-1] [WARN] [1785306666.509407393] [pinn_franka_controller]: Trajectory stale (2390.2s > 2.0s) -- holding at last known position via gravity compensation.
[pinn_controller_node-1] [WARN] [1785306667.509935733] [pinn_franka_controller]: Trajectory stale (2391.2s > 2.0s) -- holding at last known position via gravity compensation.
[pinn_controller_node-1] [WARN] [1785306668.510425856] [pinn_franka_controller]: Trajectory stale (2392.2s > 2.0s) -- holding at last known position via gravity compensation.
[pinn_controller_node-1] [WARN] [1785306669.510553172] [pinn_franka_controller]: Trajectory stale (2393.2s > 2.0s) -- holding at last known position via gravity compensation.
[pinn_controller_node-1] [WARN] [1785306670.511460457] [pinn_franka_controller]: Trajectory stale (2394.2s > 2.0s) -- holding at last known position via gravity compensation.
[pinn_controller_node-1] [WARN] [1785306671.512006377] [pinn_franka_controller]: Trajectory stale (2395.2s > 2.0s) -- holding at last known position via gravity compensation.
[pinn_controller_node-1] [WARN] [1785306672.512706370] [pinn_franka_controller]: Trajectory stale (2396.2s > 2.0s) -- holding at last known position via gravity compensation.
[pinn_controller_node-1] [WARN] [1785306673.513402262] [pinn_franka_controller]: Trajectory stale (2397.2s > 2.0s) -- holding at last known position via gravity compensation.
[pinn_controller_node-1] [WARN] [1785306674.514263230] [pinn_franka_controller]: Trajectory stale (2398.2s > 2.0s) -- holding at last known position via gravity compensation.
[pinn_controller_node-1] [WARN] [1785306675.514460415] [pinn_franka_controller]: Trajectory stale (2399.2s > 2.0s) -- holding at last known position via gravity compensation.
[pinn_controller_node-1] [WARN] [1785306676.514479824] [pinn_franka_controller]: Trajectory stale (2400.2s > 2.0s) -- holding at last known position via gravity compensation.
[pinn_controller_node-1] [WARN] [1785306677.514562514] [pinn_franka_controller]: Trajectory stale (2401.2s > 2.0s) -- holding at last known position via gravity compensation.
[pinn_controller_node-1] [WARN] [1785306678.515428385] [pinn_franka_controller]: Trajectory stale (2402.2s > 2.0s) -- holding at last known position via gravity compensation.
[pinn_controller_node-1] [WARN] [1785306679.515443833] [pinn_franka_controller]: Trajectory stale (2403.2s > 2.0s) -- holding at last known position via gravity compensation.
[pinn_controller_node-1] [WARN] [1785306680.516393479] [pinn_franka_controller]: Trajectory stale (2404.2s > 2.0s) -- holding at last known position via gravity compensation.
[pinn_controller_node-1] [WARN] [1785306681.516771522] [pinn_franka_controller]: Trajectory stale (2405.2s > 2.0s) -- holding at last known position via gravity compensation.
[pinn_controller_node-1] [WARN] [1785306682.517520890] [pinn_franka_controller]: Trajectory stale (2406.2s > 2.0s) -- holding at last known position via gravity compensation.
[pinn_controller_node-1] [WARN] [1785306683.517572376] [pinn_franka_controller]: Trajectory stale (2407.2s > 2.0s) -- holding at last known position via gravity compensation.
[pinn_controller_node-1] [WARN] [1785306684.518508461] [pinn_franka_controller]: Trajectory stale (2408.2s > 2.0s) -- holding at last known position via gravity compensation.
[pinn_controller_node-1] [WARN] [1785306685.519407515] [pinn_franka_controller]: Trajectory stale (2409.2s > 2.0s) -- holding at last known position via gravity compensation.
[pinn_controller_node-1] [WARN] [1785306686.519641495] [pinn_franka_controller]: Trajectory stale (2410.2s > 2.0s) -- holding at last known position via gravity compensation.
[pinn_controller_node-1] [WARN] [1785306687.520414480] [pinn_franka_controller]: Trajectory stale (2411.2s > 2.0s) -- holding at last known position via gravity compensation.
[pinn_controller_node-1] [WARN] [1785306688.520501722] [pinn_franka_controller]: Trajectory stale (2412.2s > 2.0s) -- holding at last known position via gravity compensation.
[pinn_controller_node-1] [WARN] [1785306689.520678649] [pinn_franka_controller]: Trajectory stale (2413.2s > 2.0s) -- holding at last known position via gravity compensation.
[pinn_controller_node-1] [WARN] [1785306690.520713383] [pinn_franka_controller]: Trajectory stale (2414.2s > 2.0s) -- holding at last known position via gravity compensation.
[pinn_controller_node-1] [WARN] [1785306691.521412201] [pinn_franka_controller]: Trajectory stale (2415.2s > 2.0s) -- holding at last known position via gravity compensation.
[pinn_controller_node-1] [WARN] [1785306692.522415249] [pinn_franka_controller]: Trajectory stale (2416.2s > 2.0s) -- holding at last known position via gravity compensation.
[pinn_controller_node-1] [WARN] [1785306693.522574882] [pinn_franka_controller]: Trajectory stale (2417.2s > 2.0s) -- holding at last known position via gravity compensation.
[pinn_controller_node-1] [WARN] [1785306694.523418444] [pinn_franka_controller]: Trajectory stale (2418.2s > 2.0s) -- holding at last known position via gravity compensation.
[pinn_controller_node-1] [WARN] [1785306695.523640554] [pinn_franka_controller]: Trajectory stale (2419.2s > 2.0s) -- holding at last known position via gravity compensation.
[pinn_controller_node-1] [WARN] [1785306696.524552099] [pinn_franka_controller]: Trajectory stale (2420.2s > 2.0s) -- holding at last known position via gravity compensation.
[pinn_controller_node-1] [WARN] [1785306697.524567666] [pinn_franka_controller]: Trajectory stale (2421.2s > 2.0s) -- holding at last known position via gravity compensation.
[pinn_controller_node-1] [WARN] [1785306698.525505332] [pinn_franka_controller]: Trajectory stale (2422.2s > 2.0s) -- holding at last known position via gravity compensation.
[pinn_controller_node-1] [WARN] [1785306699.526428021] [pinn_franka_controller]: Trajectory stale (2423.2s > 2.0s) -- holding at last known position via gravity compensation.
[pinn_controller_node-1] [WARN] [1785306700.527404616] [pinn_franka_controller]: Trajectory stale (2424.2s > 2.0s) -- holding at last known position via gravity compensation.
[pinn_controller_node-1] [WARN] [1785306701.527528203] [pinn_franka_controller]: Trajectory stale (2425.2s > 2.0s) -- holding at last known position via gravity compensation.
[pinn_controller_node-1] [WARN] [1785306702.528476333] [pinn_franka_controller]: Trajectory stale (2426.2s > 2.0s) -- holding at last known position via gravity compensation.
[pinn_controller_node-1] [WARN] [1785306703.529405372] [pinn_franka_controller]: Trajectory stale (2427.2s > 2.0s) -- holding at last known position via gravity compensation.
[pinn_controller_node-1] [WARN] [1785306704.529564356] [pinn_franka_controller]: Trajectory stale (2428.2s > 2.0s) -- holding at last known position via gravity compensation.
[pinn_controller_node-1] [WARN] [1785306705.529668802] [pinn_franka_controller]: Trajectory stale (2429.2s > 2.0s) -- holding at last known position via gravity compensation.
[pinn_controller_node-1] [WARN] [1785306706.530445006] [pinn_franka_controller]: Trajectory stale (2430.2s > 2.0s) -- holding at last known position via gravity compensation.
[pinn_controller_node-1] [WARN] [1785306707.531421902] [pinn_franka_controller]: Trajectory stale (2431.2s > 2.0s) -- holding at last known position via gravity compensation.
[pinn_controller_node-1] [WARN] [1785306708.532418291] [pinn_franka_controller]: Trajectory stale (2432.2s > 2.0s) -- holding at last known position via gravity compensation.
[pinn_controller_node-1] [WARN] [1785306709.532475425] [pinn_franka_controller]: Trajectory stale (2433.2s > 2.0s) -- holding at last known position via gravity compensation.
[pinn_controller_node-1] [WARN] [1785306710.533440909] [pinn_franka_controller]: Trajectory stale (2434.2s > 2.0s) -- holding at last known position via gravity compensation.
[pinn_controller_node-1] [WARN] [1785306711.533660111] [pinn_franka_controller]: Trajectory stale (2435.2s > 2.0s) -- holding at last known position via gravity compensation.
[pinn_controller_node-1] [WARN] [1785306712.533678680] [pinn_franka_controller]: Trajectory stale (2436.2s > 2.0s) -- holding at last known position via gravity compensation.
[pinn_controller_node-1] [WARN] [1785306713.534151952] [pinn_franka_controller]: Trajectory stale (2437.2s > 2.0s) -- holding at last known position via gravity compensation.
[pinn_controller_node-1] [WARN] [1785306714.534705760] [pinn_franka_controller]: Trajectory stale (2438.2s > 2.0s) -- holding at last known position via gravity compensation.
[pinn_controller_node-1] [WARN] [1785306715.535673136] [pinn_franka_controller]: Trajectory stale (2439.3s > 2.0s) -- holding at last known position via gravity compensation.
[pinn_controller_node-1] [WARN] [1785306716.536029871] [pinn_franka_controller]: Trajectory stale (2440.3s > 2.0s) -- holding at last known position via gravity compensation.
[pinn_controller_node-1] [WARN] [1785306717.536443685] [pinn_franka_controller]: Trajectory stale (2441.3s > 2.0s) -- holding at last known position via gravity compensation.
[pinn_controller_node-1] [WARN] [1785306718.536868679] [pinn_franka_controller]: Trajectory stale (2442.3s > 2.0s) -- holding at last known position via gravity compensation.
[pinn_controller_node-1] [WARN] [1785306719.537656590] [pinn_franka_controller]: Trajectory stale (2443.3s > 2.0s) -- holding at last known position via gravity compensation.
[pinn_controller_node-1] [WARN] [1785306720.538036122] [pinn_franka_controller]: Trajectory stale (2444.3s > 2.0s) -- holding at last known position via gravity compensation.
[pinn_controller_node-1] [WARN] [1785306721.538400142] [pinn_franka_controller]: Trajectory stale (2445.3s > 2.0s) -- holding at last known position via gravity compensation.
[pinn_controller_node-1] [WARN] [1785306722.538465561] [pinn_franka_controller]: Trajectory stale (2446.3s > 2.0s) -- holding at last known position via gravity compensation.
[pinn_controller_node-1] [WARN] [1785306723.538620229] [pinn_franka_controller]: Trajectory stale (2447.3s > 2.0s) -- holding at last known position via gravity compensation.
[pinn_controller_node-1] [WARN] [1785306724.539466387] [pinn_franka_controller]: Trajectory stale (2448.3s > 2.0s) -- holding at last known position via gravity compensation.
[pinn_controller_node-1] [WARN] [1785306725.539563629] [pinn_franka_controller]: Trajectory stale (2449.3s > 2.0s) -- holding at last known position via gravity compensation.
[pinn_controller_node-1] [WARN] [1785306726.540411429] [pinn_franka_controller]: Trajectory stale (2450.3s > 2.0s) -- holding at last known position via gravity compensation.
[pinn_controller_node-1] [WARN] [1785306727.540534577] [pinn_franka_controller]: Trajectory stale (2451.3s > 2.0s) -- holding at last known position via gravity compensation.
[pinn_controller_node-1] [WARN] [1785306728.541137194] [pinn_franka_controller]: Trajectory stale (2452.3s > 2.0s) -- holding at last known position via gravity compensation.
[pinn_controller_node-1] [WARN] [1785306729.541512382] [pinn_franka_controller]: Trajectory stale (2453.3s > 2.0s) -- holding at last known position via gravity compensation.
[pinn_controller_node-1] [WARN] [1785306730.542253596] [pinn_franka_controller]: Trajectory stale (2454.3s > 2.0s) -- holding at last known position via gravity compensation.
[pinn_controller_node-1] [WARN] [1785306731.542453915] [pinn_franka_controller]: Trajectory stale (2455.3s > 2.0s) -- holding at last known position via gravity compensation.
[pinn_controller_node-1] [WARN] [1785306732.542620144] [pinn_franka_controller]: Trajectory stale (2456.3s > 2.0s) -- holding at last known position via gravity compensation.
[pinn_controller_node-1] [WARN] [1785306733.543511274] [pinn_franka_controller]: Trajectory stale (2457.3s > 2.0s) -- holding at last known position via gravity compensation.
[pinn_controller_node-1] [WARN] [1785306734.544470186] [pinn_franka_controller]: Trajectory stale (2458.3s > 2.0s) -- holding at last known position via gravity compensation.
[pinn_controller_node-1] [WARN] [1785306735.545408026] [pinn_franka_controller]: Trajectory stale (2459.3s > 2.0s) -- holding at last known position via gravity compensation.
[pinn_controller_node-1] [WARN] [1785306736.545669559] [pinn_franka_controller]: Trajectory stale (2460.3s > 2.0s) -- holding at last known position via gravity compensation.
[pinn_controller_node-1] [WARN] [1785306737.546408501] [pinn_franka_controller]: Trajectory stale (2461.3s > 2.0s) -- holding at last known position via gravity compensation.
[pinn_controller_node-1] [WARN] [1785306738.547409462] [pinn_franka_controller]: Trajectory stale (2462.3s > 2.0s) -- holding at last known position via gravity compensation.
[pinn_controller_node-1] [WARN] [1785306739.548067717] [pinn_franka_controller]: Trajectory stale (2463.3s > 2.0s) -- holding at last known position via gravity compensation.
[pinn_controller_node-1] [WARN] [1785306740.548480409] [pinn_franka_controller]: Trajectory stale (2464.3s > 2.0s) -- holding at last known position via gravity compensation.
[pinn_controller_node-1] [WARN] [1785306741.549405043] [pinn_franka_controller]: Trajectory stale (2465.3s > 2.0s) -- holding at last known position via gravity compensation.
[pinn_controller_node-1] [WARN] [1785306742.549827859] [pinn_franka_controller]: Trajectory stale (2466.3s > 2.0s) -- holding at last known position via gravity compensation.
[pinn_controller_node-1] [WARN] [1785306743.550762113] [pinn_franka_controller]: Trajectory stale (2467.3s > 2.0s) -- holding at last known position via gravity compensation.
[pinn_controller_node-1] [WARN] [1785306744.551109552] [pinn_franka_controller]: Trajectory stale (2468.3s > 2.0s) -- holding at last known position via gravity compensation.
[pinn_controller_node-1] [WARN] [1785306745.551493889] [pinn_franka_controller]: Trajectory stale (2469.3s > 2.0s) -- holding at last known position via gravity compensation.
[pinn_controller_node-1] [WARN] [1785306746.551866824] [pinn_franka_controller]: Trajectory stale (2470.3s > 2.0s) -- holding at last known position via gravity compensation.
[pinn_controller_node-1] [WARN] [1785306747.552639816] [pinn_franka_controller]: Trajectory stale (2471.3s > 2.0s) -- holding at last known position via gravity compensation.
[pinn_controller_node-1] [WARN] [1785306748.553411793] [pinn_franka_controller]: Trajectory stale (2472.3s > 2.0s) -- holding at last known position via gravity compensation.
[pinn_controller_node-1] [WARN] [1785306749.553752855] [pinn_franka_controller]: Trajectory stale (2473.3s > 2.0s) -- holding at last known position via gravity compensation.
[pinn_controller_node-1] [WARN] [1785306750.554451495] [pinn_franka_controller]: Trajectory stale (2474.3s > 2.0s) -- holding at last known position via gravity compensation.
[pinn_controller_node-1] [WARN] [1785306751.555470178] [pinn_franka_controller]: Trajectory stale (2475.3s > 2.0s) -- holding at last known position via gravity compensation.
[pinn_controller_node-1] [WARN] [1785306752.555486467] [pinn_franka_controller]: Trajectory stale (2476.3s > 2.0s) -- holding at last known position via gravity compensation.
[pinn_controller_node-1] [WARN] [1785306753.555706115] [pinn_franka_controller]: Trajectory stale (2477.3s > 2.0s) -- holding at last known position via gravity compensation.
[pinn_controller_node-1] [WARN] [1785306754.556445409] [pinn_franka_controller]: Trajectory stale (2478.3s > 2.0s) -- holding at last known position via gravity compensation.
[pinn_controller_node-1] [WARN] [1785306755.557408968] [pinn_franka_controller]: Trajectory stale (2479.3s > 2.0s) -- holding at last known position via gravity compensation.
[pinn_controller_node-1] [WARN] [1785306756.558400031] [pinn_franka_controller]: Trajectory stale (2480.3s > 2.0s) -- holding at last known position via gravity compensation.
[pinn_controller_node-1] [WARN] [1785306757.558406771] [pinn_franka_controller]: Trajectory stale (2481.3s > 2.0s) -- holding at last known position via gravity compensation.
[pinn_controller_node-1] [WARN] [1785306758.558438914] [pinn_franka_controller]: Trajectory stale (2482.3s > 2.0s) -- holding at last known position via gravity compensation.
[pinn_controller_node-1] [WARN] [1785306759.558510671] [pinn_franka_controller]: Trajectory stale (2483.3s > 2.0s) -- holding at last known position via gravity compensation.
[pinn_controller_node-1] [WARN] [1785306760.559520519] [pinn_franka_controller]: Trajectory stale (2484.3s > 2.0s) -- holding at last known position via gravity compensation.
[pinn_controller_node-1] [WARN] [1785306761.560388704] [pinn_franka_controller]: Trajectory stale (2485.3s > 2.0s) -- holding at last known position via gravity compensation.
[pinn_controller_node-1] [WARN] [1785306762.560404813] [pinn_franka_controller]: Trajectory stale (2486.3s > 2.0s) -- holding at last known position via gravity compensation.
[pinn_controller_node-1] [WARN] [1785306763.561080432] [pinn_franka_controller]: Trajectory stale (2487.3s > 2.0s) -- holding at last known position via gravity compensation.
[pinn_controller_node-1] [WARN] [1785306764.561479319] [pinn_franka_controller]: Trajectory stale (2488.3s > 2.0s) -- holding at last known position via gravity compensation.
[pinn_controller_node-1] [WARN] [1785306765.561571174] [pinn_franka_controller]: Trajectory stale (2489.3s > 2.0s) -- holding at last known position via gravity compensation.
[pinn_controller_node-1] [WARN] [1785306766.561965407] [pinn_franka_controller]: Trajectory stale (2490.3s > 2.0s) -- holding at last known position via gravity compensation.
[pinn_controller_node-1] [WARN] [1785306767.562430744] [pinn_franka_controller]: Trajectory stale (2491.3s > 2.0s) -- holding at last known position via gravity compensation.
[pinn_controller_node-1] [WARN] [1785306768.562530696] [pinn_franka_controller]: Trajectory stale (2492.3s > 2.0s) -- holding at last known position via gravity compensation.
[pinn_controller_node-1] [WARN] [1785306769.563540483] [pinn_franka_controller]: Trajectory stale (2493.3s > 2.0s) -- holding at last known position via gravity compensation.
[pinn_controller_node-1] [WARN] [1785306770.564546075] [pinn_franka_controller]: Trajectory stale (2494.3s > 2.0s) -- holding at last known position via gravity compensation.
[pinn_controller_node-1] [WARN] [1785306771.564788736] [pinn_franka_controller]: Trajectory stale (2495.3s > 2.0s) -- holding at last known position via gravity compensation.
[pinn_controller_node-1] [WARN] [1785306772.565406754] [pinn_franka_controller]: Trajectory stale (2496.3s > 2.0s) -- holding at last known position via gravity compensation.
[pinn_controller_node-1] [WARN] [1785306773.565816207] [pinn_franka_controller]: Trajectory stale (2497.3s > 2.0s) -- holding at last known position via gravity compensation.
[pinn_controller_node-1] [WARN] [1785306774.566433828] [pinn_franka_controller]: Trajectory stale (2498.3s > 2.0s) -- holding at last known position via gravity compensation.
[pinn_controller_node-1] [WARN] [1785306775.566650118] [pinn_franka_controller]: Trajectory stale (2499.3s > 2.0s) -- holding at last known position via gravity compensation.
[pinn_controller_node-1] [WARN] [1785306776.566753089] [pinn_franka_controller]: Trajectory stale (2500.3s > 2.0s) -- holding at last known position via gravity compensation.
[pinn_controller_node-1] [WARN] [1785306777.567593069] [pinn_franka_controller]: Trajectory stale (2501.3s > 2.0s) -- holding at last known position via gravity compensation.
[pinn_controller_node-1] [WARN] [1785306778.568455238] [pinn_franka_controller]: Trajectory stale (2502.3s > 2.0s) -- holding at last known position via gravity compensation.
[pinn_controller_node-1] [WARN] [1785306779.569411028] [pinn_franka_controller]: Trajectory stale (2503.3s > 2.0s) -- holding at last known position via gravity compensation.
[pinn_controller_node-1] [WARN] [1785306780.569450827] [pinn_franka_controller]: Trajectory stale (2504.3s > 2.0s) -- holding at last known position via gravity compensation.
[pinn_controller_node-1] [WARN] [1785306781.570409163] [pinn_franka_controller]: Trajectory stale (2505.3s > 2.0s) -- holding at last known position via gravity compensation.
[pinn_controller_node-1] [WARN] [1785306782.571474842] [pinn_franka_controller]: Trajectory stale (2506.3s > 2.0s) -- holding at last known position via gravity compensation.
[pinn_controller_node-1] [WARN] [1785306783.572409211] [pinn_franka_controller]: Trajectory stale (2507.3s > 2.0s) -- holding at last known position via gravity compensation.
[pinn_controller_node-1] [WARN] [1785306784.572457732] [pinn_franka_controller]: Trajectory stale (2508.3s > 2.0s) -- holding at last known position via gravity compensation.
[pinn_controller_node-1] [WARN] [1785306785.572611860] [pinn_franka_controller]: Trajectory stale (2509.3s > 2.0s) -- holding at last known position via gravity compensation.
[pinn_controller_node-1] [WARN] [1785306786.573439318] [pinn_franka_controller]: Trajectory stale (2510.3s > 2.0s) -- holding at last known position via gravity compensation.
[pinn_controller_node-1] [WARN] [1785306787.573443385] [pinn_franka_controller]: Trajectory stale (2511.3s > 2.0s) -- holding at last known position via gravity compensation.
[pinn_controller_node-1] [WARN] [1785306788.573629245] [pinn_franka_controller]: Trajectory stale (2512.3s > 2.0s) -- holding at last known position via gravity compensation.
[pinn_controller_node-1] [WARN] [1785306789.574491478] [pinn_franka_controller]: Trajectory stale (2513.3s > 2.0s) -- holding at last known position via gravity compensation.
[pinn_controller_node-1] [WARN] [1785306790.575414273] [pinn_franka_controller]: Trajectory stale (2514.3s > 2.0s) -- holding at last known position via gravity compensation.
[pinn_controller_node-1] [WARN] [1785306791.575667785] [pinn_franka_controller]: Trajectory stale (2515.3s > 2.0s) -- holding at last known position via gravity compensation.
[pinn_controller_node-1] [WARN] [1785306792.576555817] [pinn_franka_controller]: Trajectory stale (2516.3s > 2.0s) -- holding at last known position via gravity compensation.
[pinn_controller_node-1] [WARN] [1785306793.577418304] [pinn_franka_controller]: Trajectory stale (2517.3s > 2.0s) -- holding at last known position via gravity compensation.
[pinn_controller_node-1] [WARN] [1785306794.577426206] [pinn_franka_controller]: Trajectory stale (2518.3s > 2.0s) -- holding at last known position via gravity compensation.
[pinn_controller_node-1] [WARN] [1785306795.577511827] [pinn_franka_controller]: Trajectory stale (2519.3s > 2.0s) -- holding at last known position via gravity compensation.
[pinn_controller_node-1] [WARN] [1785306796.577558745] [pinn_franka_controller]: Trajectory stale (2520.3s > 2.0s) -- holding at last known position via gravity compensation.
[pinn_controller_node-1] [WARN] [1785306797.578487191] [pinn_franka_controller]: Trajectory stale (2521.3s > 2.0s) -- holding at last known position via gravity compensation.
[pinn_controller_node-1] [WARN] [1785306798.579403158] [pinn_franka_controller]: Trajectory stale (2522.3s > 2.0s) -- holding at last known position via gravity compensation.
[pinn_controller_node-1] [WARN] [1785306799.579404372] [pinn_franka_controller]: Trajectory stale (2523.3s > 2.0s) -- holding at last known position via gravity compensation.
[pinn_controller_node-1] [WARN] [1785306800.579440297] [pinn_franka_controller]: Trajectory stale (2524.3s > 2.0s) -- holding at last known position via gravity compensation.
[pinn_controller_node-1] [WARN] [1785306801.579882362] [pinn_franka_controller]: Trajectory stale (2525.3s > 2.0s) -- holding at last known position via gravity compensation.
[pinn_controller_node-1] [WARN] [1785306802.580445985] [pinn_franka_controller]: Trajectory stale (2526.3s > 2.0s) -- holding at last known position via gravity compensation.
[pinn_controller_node-1] [WARN] [1785306803.580458090] [pinn_franka_controller]: Trajectory stale (2527.3s > 2.0s) -- holding at last known position via gravity compensation.
[pinn_controller_node-1] [WARN] [1785306804.581411383] [pinn_franka_controller]: Trajectory stale (2528.3s > 2.0s) -- holding at last known position via gravity compensation.
[pinn_controller_node-1] [WARN] [1785306805.581455749] [pinn_franka_controller]: Trajectory stale (2529.3s > 2.0s) -- holding at last known position via gravity compensation.
[pinn_controller_node-1] [WARN] [1785306806.581468802] [pinn_franka_controller]: Trajectory stale (2530.3s > 2.0s) -- holding at last known position via gravity compensation.
[pinn_controller_node-1] [WARN] [1785306807.581660951] [pinn_franka_controller]: Trajectory stale (2531.3s > 2.0s) -- holding at last known position via gravity compensation.
[pinn_controller_node-1] [WARN] [1785306808.581831235] [pinn_franka_controller]: Trajectory stale (2532.3s > 2.0s) -- holding at last known position via gravity compensation.
[pinn_controller_node-1] [WARN] [1785306809.582815260] [pinn_franka_controller]: Trajectory stale (2533.3s > 2.0s) -- holding at last known position via gravity compensation.
[pinn_controller_node-1] [WARN] [1785306810.583538401] [pinn_franka_controller]: Trajectory stale (2534.3s > 2.0s) -- holding at last known position via gravity compensation.
[pinn_controller_node-1] [WARN] [1785306811.584445866] [pinn_franka_controller]: Trajectory stale (2535.3s > 2.0s) -- holding at last known position via gravity compensation.
[pinn_controller_node-1] [WARN] [1785306812.584749619] [pinn_franka_controller]: Trajectory stale (2536.3s > 2.0s) -- holding at last known position via gravity compensation.
[pinn_controller_node-1] [WARN] [1785306813.585413927] [pinn_franka_controller]: Trajectory stale (2537.3s > 2.0s) -- holding at last known position via gravity compensation.
[pinn_controller_node-1] [WARN] [1785306814.586244854] [pinn_franka_controller]: Trajectory stale (2538.3s > 2.0s) -- holding at last known position via gravity compensation.
[pinn_controller_node-1] [WARN] [1785306815.586494651] [pinn_franka_controller]: Trajectory stale (2539.3s > 2.0s) -- holding at last known position via gravity compensation.
[pinn_controller_node-1] [WARN] [1785306816.587401661] [pinn_franka_controller]: Trajectory stale (2540.3s > 2.0s) -- holding at last known position via gravity compensation.
[pinn_controller_node-1] [WARN] [1785306817.587418711] [pinn_franka_controller]: Trajectory stale (2541.3s > 2.0s) -- holding at last known position via gravity compensation.
[pinn_controller_node-1] [WARN] [1785306818.587605175] [pinn_franka_controller]: Trajectory stale (2542.3s > 2.0s) -- holding at last known position via gravity compensation.
[pinn_controller_node-1] [WARN] [1785306819.587668441] [pinn_franka_controller]: Trajectory stale (2543.3s > 2.0s) -- holding at last known position via gravity compensation.
[pinn_controller_node-1] [WARN] [1785306820.588421974] [pinn_franka_controller]: Trajectory stale (2544.3s > 2.0s) -- holding at last known position via gravity compensation.
[pinn_controller_node-1] [WARN] [1785306821.589404752] [pinn_franka_controller]: Trajectory stale (2545.3s > 2.0s) -- holding at last known position via gravity compensation.
[pinn_controller_node-1] [WARN] [1785306822.589408258] [pinn_franka_controller]: Trajectory stale (2546.3s > 2.0s) -- holding at last known position via gravity compensation.
[pinn_controller_node-1] [WARN] [1785306823.589408631] [pinn_franka_controller]: Trajectory stale (2547.3s > 2.0s) -- holding at last known position via gravity compensation.
[pinn_controller_node-1] [WARN] [1785306824.590238575] [pinn_franka_controller]: Trajectory stale (2548.3s > 2.0s) -- holding at last known position via gravity compensation.
[pinn_controller_node-1] [WARN] [1785306825.590420170] [pinn_franka_controller]: Trajectory stale (2549.3s > 2.0s) -- holding at last known position via gravity compensation.
[pinn_controller_node-1] [WARN] [1785306826.590460019] [pinn_franka_controller]: Trajectory stale (2550.3s > 2.0s) -- holding at last known position via gravity compensation.
[pinn_controller_node-1] [WARN] [1785306827.590569442] [pinn_franka_controller]: Trajectory stale (2551.3s > 2.0s) -- holding at last known position via gravity compensation.
[pinn_controller_node-1] [WARN] [1785306828.591405135] [pinn_franka_controller]: Trajectory stale (2552.3s > 2.0s) -- holding at last known position via gravity compensation.
[pinn_controller_node-1] [WARN] [1785306829.591761259] [pinn_franka_controller]: Trajectory stale (2553.3s > 2.0s) -- holding at last known position via gravity compensation.
[pinn_controller_node-1] [WARN] [1785306830.592414503] [pinn_franka_controller]: Trajectory stale (2554.3s > 2.0s) -- holding at last known position via gravity compensation.
[pinn_controller_node-1] [WARN] [1785306831.592626033] [pinn_franka_controller]: Trajectory stale (2555.3s > 2.0s) -- holding at last known position via gravity compensation.
[pinn_controller_node-1] [WARN] [1785306832.593492316] [pinn_franka_controller]: Trajectory stale (2556.3s > 2.0s) -- holding at last known position via gravity compensation.
[pinn_controller_node-1] [WARN] [1785306833.594404305] [pinn_franka_controller]: Trajectory stale (2557.3s > 2.0s) -- holding at last known position via gravity compensation.
[pinn_controller_node-1] [WARN] [1785306834.594419067] [pinn_franka_controller]: Trajectory stale (2558.3s > 2.0s) -- holding at last known position via gravity compensation.
[pinn_controller_node-1] [WARN] [1785306835.594966510] [pinn_franka_controller]: Trajectory stale (2559.3s > 2.0s) -- holding at last known position via gravity compensation.
[pinn_controller_node-1] [WARN] [1785306836.595700905] [pinn_franka_controller]: Trajectory stale (2560.3s > 2.0s) -- holding at last known position via gravity compensation.
[pinn_controller_node-1] [WARN] [1785306837.596454835] [pinn_franka_controller]: Trajectory stale (2561.3s > 2.0s) -- holding at last known position via gravity compensation.
[pinn_controller_node-1] [WARN] [1785306838.597403305] [pinn_franka_controller]: Trajectory stale (2562.3s > 2.0s) -- holding at last known position via gravity compensation.
[pinn_controller_node-1] [WARN] [1785306839.597404758] [pinn_franka_controller]: Trajectory stale (2563.3s > 2.0s) -- holding at last known position via gravity compensation.
[pinn_controller_node-1] [WARN] [1785306840.597569810] [pinn_franka_controller]: Trajectory stale (2564.3s > 2.0s) -- holding at last known position via gravity compensation.
[pinn_controller_node-1] [WARN] [1785306841.597715123] [pinn_franka_controller]: Trajectory stale (2565.3s > 2.0s) -- holding at last known position via gravity compensation.
[pinn_controller_node-1] [WARN] [1785306842.598588265] [pinn_franka_controller]: Trajectory stale (2566.3s > 2.0s) -- holding at last known position via gravity compensation.
[pinn_controller_node-1] [WARN] [1785306843.598682145] [pinn_franka_controller]: Trajectory stale (2567.3s > 2.0s) -- holding at last known position via gravity compensation.
[pinn_controller_node-1] [WARN] [1785306844.599408886] [pinn_franka_controller]: Trajectory stale (2568.3s > 2.0s) -- holding at last known position via gravity compensation.
[pinn_controller_node-1] [WARN] [1785306845.599408968] [pinn_franka_controller]: Trajectory stale (2569.3s > 2.0s) -- holding at last known position via gravity compensation.
[pinn_controller_node-1] [WARN] [1785306846.599687192] [pinn_franka_controller]: Trajectory stale (2570.3s > 2.0s) -- holding at last known position via gravity compensation.
[pinn_controller_node-1] [WARN] [1785306847.600455927] [pinn_franka_controller]: Trajectory stale (2571.3s > 2.0s) -- holding at last known position via gravity compensation.
[pinn_controller_node-1] [WARN] [1785306848.601479979] [pinn_franka_controller]: Trajectory stale (2572.3s > 2.0s) -- holding at last known position via gravity compensation.
[pinn_controller_node-1] [WARN] [1785306849.602444221] [pinn_franka_controller]: Trajectory stale (2573.3s > 2.0s) -- holding at last known position via gravity compensation.
[pinn_controller_node-1] [WARN] [1785306850.602456976] [pinn_franka_controller]: Trajectory stale (2574.3s > 2.0s) -- holding at last known position via gravity compensation.
[pinn_controller_node-1] [WARN] [1785306851.603409277] [pinn_franka_controller]: Trajectory stale (2575.3s > 2.0s) -- holding at last known position via gravity compensation.
[pinn_controller_node-1] [WARN] [1785306852.603781393] [pinn_franka_controller]: Trajectory stale (2576.3s > 2.0s) -- holding at last known position via gravity compensation.
[pinn_controller_node-1] [WARN] [1785306853.604812382] [pinn_franka_controller]: Trajectory stale (2577.3s > 2.0s) -- holding at last known position via gravity compensation.
[pinn_controller_node-1] [WARN] [1785306854.605529073] [pinn_franka_controller]: Trajectory stale (2578.3s > 2.0s) -- holding at last known position via gravity compensation.
[pinn_controller_node-1] [WARN] [1785306855.606405866] [pinn_franka_controller]: Trajectory stale (2579.3s > 2.0s) -- holding at last known position via gravity compensation.
[pinn_controller_node-1] [WARN] [1785306856.606597505] [pinn_franka_controller]: Trajectory stale (2580.3s > 2.0s) -- holding at last known position via gravity compensation.
[pinn_controller_node-1] [WARN] [1785306857.607487474] [pinn_franka_controller]: Trajectory stale (2581.3s > 2.0s) -- holding at last known position via gravity compensation.
[pinn_controller_node-1] [WARN] [1785306858.608456877] [pinn_franka_controller]: Trajectory stale (2582.3s > 2.0s) -- holding at last known position via gravity compensation.
[pinn_controller_node-1] [WARN] [1785306859.609465675] [pinn_franka_controller]: Trajectory stale (2583.3s > 2.0s) -- holding at last known position via gravity compensation.
[pinn_controller_node-1] [WARN] [1785306860.610717684] [pinn_franka_controller]: Trajectory stale (2584.3s > 2.0s) -- holding at last known position via gravity compensation.
[pinn_controller_node-1] [WARN] [1785306861.611414437] [pinn_franka_controller]: Trajectory stale (2585.3s > 2.0s) -- holding at last known position via gravity compensation.
[pinn_controller_node-1] [WARN] [1785306862.611793636] [pinn_franka_controller]: Trajectory stale (2586.3s > 2.0s) -- holding at last known position via gravity compensation.
[pinn_controller_node-1] [WARN] [1785306863.611966356] [pinn_franka_controller]: Trajectory stale (2587.3s > 2.0s) -- holding at last known position via gravity compensation.
[pinn_controller_node-1] [WARN] [1785306864.613252584] [pinn_franka_controller]: Trajectory stale (2588.3s > 2.0s) -- holding at last known position via gravity compensation.
[pinn_controller_node-1] [WARN] [1785306865.613809082] [pinn_franka_controller]: Trajectory stale (2589.3s > 2.0s) -- holding at last known position via gravity compensation.
[pinn_controller_node-1] [WARN] [1785306866.614919103] [pinn_franka_controller]: Trajectory stale (2590.3s > 2.0s) -- holding at last known position via gravity compensation.
[pinn_controller_node-1] [WARN] [1785306867.615466047] [pinn_franka_controller]: Trajectory stale (2591.3s > 2.0s) -- holding at last known position via gravity compensation.
[pinn_controller_node-1] [WARN] [1785306868.616500983] [pinn_franka_controller]: Trajectory stale (2592.3s > 2.0s) -- holding at last known position via gravity compensation.
[pinn_controller_node-1] [WARN] [1785306869.616588136] [pinn_franka_controller]: Trajectory stale (2593.3s > 2.0s) -- holding at last known position via gravity compensation.
[pinn_controller_node-1] [WARN] [1785306870.616772213] [pinn_franka_controller]: Trajectory stale (2594.3s > 2.0s) -- holding at last known position via gravity compensation.
[pinn_controller_node-1] [WARN] [1785306871.617459872] [pinn_franka_controller]: Trajectory stale (2595.3s > 2.0s) -- holding at last known position via gravity compensation.
[pinn_controller_node-1] [WARN] [1785306872.618208398] [pinn_franka_controller]: Trajectory stale (2596.3s > 2.0s) -- holding at last known position via gravity compensation.
[pinn_controller_node-1] [WARN] [1785306873.618493379] [pinn_franka_controller]: Trajectory stale (2597.3s > 2.0s) -- holding at last known position via gravity compensation.
[pinn_controller_node-1] [WARN] [1785306874.618796163] [pinn_franka_controller]: Trajectory stale (2598.3s > 2.0s) -- holding at last known position via gravity compensation.
[pinn_controller_node-1] [WARN] [1785306875.619415947] [pinn_franka_controller]: Trajectory stale (2599.3s > 2.0s) -- holding at last known position via gravity compensation.
[pinn_controller_node-1] [WARN] [1785306876.620383494] [pinn_franka_controller]: Trajectory stale (2600.3s > 2.0s) -- holding at last known position via gravity compensation.
[pinn_controller_node-1] [WARN] [1785306877.620405448] [pinn_franka_controller]: Trajectory stale (2601.3s > 2.0s) -- holding at last known position via gravity compensation.
[pinn_controller_node-1] [WARN] [1785306878.620455595] [pinn_franka_controller]: Trajectory stale (2602.3s > 2.0s) -- holding at last known position via gravity compensation.
[pinn_controller_node-1] [WARN] [1785306879.621456668] [pinn_franka_controller]: Trajectory stale (2603.3s > 2.0s) -- holding at last known position via gravity compensation.
[pinn_controller_node-1] [WARN] [1785306880.621510999] [pinn_franka_controller]: Trajectory stale (2604.3s > 2.0s) -- holding at last known position via gravity compensation.
[pinn_controller_node-1] [WARN] [1785306881.622480654] [pinn_franka_controller]: Trajectory stale (2605.3s > 2.0s) -- holding at last known position via gravity compensation.
[pinn_controller_node-1] [WARN] [1785306882.623411731] [pinn_franka_controller]: Trajectory stale (2606.3s > 2.0s) -- holding at last known position via gravity compensation.
[pinn_controller_node-1] [WARN] [1785306883.624075031] [pinn_franka_controller]: Trajectory stale (2607.3s > 2.0s) -- holding at last known position via gravity compensation.
[pinn_controller_node-1] [WARN] [1785306884.624486290] [pinn_franka_controller]: Trajectory stale (2608.3s > 2.0s) -- holding at last known position via gravity compensation.
[pinn_controller_node-1] [WARN] [1785306885.624655622] [pinn_franka_controller]: Trajectory stale (2609.3s > 2.0s) -- holding at last known position via gravity compensation.
[pinn_controller_node-1] [WARN] [1785306886.625472509] [pinn_franka_controller]: Trajectory stale (2610.3s > 2.0s) -- holding at last known position via gravity compensation.
[pinn_controller_node-1] [WARN] [1785306887.625551898] [pinn_franka_controller]: Trajectory stale (2611.3s > 2.0s) -- holding at last known position via gravity compensation.
[pinn_controller_node-1] [WARN] [1785306888.626573791] [pinn_franka_controller]: Trajectory stale (2612.3s > 2.0s) -- holding at last known position via gravity compensation.
[pinn_controller_node-1] [WARN] [1785306889.626616784] [pinn_franka_controller]: Trajectory stale (2613.3s > 2.0s) -- holding at last known position via gravity compensation.
[pinn_controller_node-1] [WARN] [1785306890.627424877] [pinn_franka_controller]: Trajectory stale (2614.3s > 2.0s) -- holding at last known position via gravity compensation.
[pinn_controller_node-1] [WARN] [1785306891.627510692] [pinn_franka_controller]: Trajectory stale (2615.3s > 2.0s) -- holding at last known position via gravity compensation.
[pinn_controller_node-1] [WARN] [1785306892.628412172] [pinn_franka_controller]: Trajectory stale (2616.3s > 2.0s) -- holding at last known position via gravity compensation.
[pinn_controller_node-1] [WARN] [1785306893.628619564] [pinn_franka_controller]: Trajectory stale (2617.3s > 2.0s) -- holding at last known position via gravity compensation.
[pinn_controller_node-1] [WARN] [1785306894.629527054] [pinn_franka_controller]: Trajectory stale (2618.3s > 2.0s) -- holding at last known position via gravity compensation.
[pinn_controller_node-1] [WARN] [1785306895.630537128] [pinn_franka_controller]: Trajectory stale (2619.3s > 2.0s) -- holding at last known position via gravity compensation.
[pinn_controller_node-1] [WARN] [1785306896.631454491] [pinn_franka_controller]: Trajectory stale (2620.3s > 2.0s) -- holding at last known position via gravity compensation.
[pinn_controller_node-1] [WARN] [1785306897.631466795] [pinn_franka_controller]: Trajectory stale (2621.3s > 2.0s) -- holding at last known position via gravity compensation.
[pinn_controller_node-1] [WARN] [1785306898.632125333] [pinn_franka_controller]: Trajectory stale (2622.3s > 2.0s) -- holding at last known position via gravity compensation.
[pinn_controller_node-1] [WARN] [1785306899.633109683] [pinn_franka_controller]: Trajectory stale (2623.3s > 2.0s) -- holding at last known position via gravity compensation.
[pinn_controller_node-1] [WARN] [1785306900.633554412] [pinn_franka_controller]: Trajectory stale (2624.3s > 2.0s) -- holding at last known position via gravity compensation.
[pinn_controller_node-1] [WARN] [1785306901.634408934] [pinn_franka_controller]: Trajectory stale (2625.3s > 2.0s) -- holding at last known position via gravity compensation.
[pinn_controller_node-1] [WARN] [1785306902.635407486] [pinn_franka_controller]: Trajectory stale (2626.4s > 2.0s) -- holding at last known position via gravity compensation.
[pinn_controller_node-1] [WARN] [1785306903.635727823] [pinn_franka_controller]: Trajectory stale (2627.4s > 2.0s) -- holding at last known position via gravity compensation.
[pinn_controller_node-1] [WARN] [1785306904.635741882] [pinn_franka_controller]: Trajectory stale (2628.4s > 2.0s) -- holding at last known position via gravity compensation.
[pinn_controller_node-1] [WARN] [1785306905.636407076] [pinn_franka_controller]: Trajectory stale (2629.4s > 2.0s) -- holding at last known position via gravity compensation.
[pinn_controller_node-1] [WARN] [1785306906.636582597] [pinn_franka_controller]: Trajectory stale (2630.4s > 2.0s) -- holding at last known position via gravity compensation.
[pinn_controller_node-1] [WARN] [1785306907.636687123] [pinn_franka_controller]: Trajectory stale (2631.4s > 2.0s) -- holding at last known position via gravity compensation.
[pinn_controller_node-1] [WARN] [1785306908.637406391] [pinn_franka_controller]: Trajectory stale (2632.4s > 2.0s) -- holding at last known position via gravity compensation.
[pinn_controller_node-1] [WARN] [1785306909.637578929] [pinn_franka_controller]: Trajectory stale (2633.4s > 2.0s) -- holding at last known position via gravity compensation.
[pinn_controller_node-1] [WARN] [1785306910.638411796] [pinn_franka_controller]: Trajectory stale (2634.4s > 2.0s) -- holding at last known position via gravity compensation.
[pinn_controller_node-1] [WARN] [1785306911.638821125] [pinn_franka_controller]: Trajectory stale (2635.4s > 2.0s) -- holding at last known position via gravity compensation.
[pinn_controller_node-1] [WARN] [1785306912.639651828] [pinn_franka_controller]: Trajectory stale (2636.4s > 2.0s) -- holding at last known position via gravity compensation.
[pinn_controller_node-1] [WARN] [1785306913.640877057] [pinn_franka_controller]: Trajectory stale (2637.4s > 2.0s) -- holding at last known position via gravity compensation.
[pinn_controller_node-1] [WARN] [1785306914.641426051] [pinn_franka_controller]: Trajectory stale (2638.4s > 2.0s) -- holding at last known position via gravity compensation.
[pinn_controller_node-1] [WARN] [1785306915.641486578] [pinn_franka_controller]: Trajectory stale (2639.4s > 2.0s) -- holding at last known position via gravity compensation.
[pinn_controller_node-1] [WARN] [1785306916.642432283] [pinn_franka_controller]: Trajectory stale (2640.4s > 2.0s) -- holding at last known position via gravity compensation.
[pinn_controller_node-1] [WARN] [1785306917.642726827] [pinn_franka_controller]: Trajectory stale (2641.4s > 2.0s) -- holding at last known position via gravity compensation.
[pinn_controller_node-1] [WARN] [1785306918.643433705] [pinn_franka_controller]: Trajectory stale (2642.4s > 2.0s) -- holding at last known position via gravity compensation.
[pinn_controller_node-1] [WARN] [1785306919.643503608] [pinn_franka_controller]: Trajectory stale (2643.4s > 2.0s) -- holding at last known position via gravity compensation.
[pinn_controller_node-1] [WARN] [1785306920.643652758] [pinn_franka_controller]: Trajectory stale (2644.4s > 2.0s) -- holding at last known position via gravity compensation.
[pinn_controller_node-1] [WARN] [1785306921.643714059] [pinn_franka_controller]: Trajectory stale (2645.4s > 2.0s) -- holding at last known position via gravity compensation.
[pinn_controller_node-1] [WARN] [1785306922.644718102] [pinn_franka_controller]: Trajectory stale (2646.4s > 2.0s) -- holding at last known position via gravity compensation.
[pinn_controller_node-1] [WARN] [1785306923.645402834] [pinn_franka_controller]: Trajectory stale (2647.4s > 2.0s) -- holding at last known position via gravity compensation.
[pinn_controller_node-1] [WARN] [1785306924.646418484] [pinn_franka_controller]: Trajectory stale (2648.4s > 2.0s) -- holding at last known position via gravity compensation.
[pinn_controller_node-1] [WARN] [1785306925.646556685] [pinn_franka_controller]: Trajectory stale (2649.4s > 2.0s) -- holding at last known position via gravity compensation.
[pinn_controller_node-1] [WARN] [1785306926.646610584] [pinn_franka_controller]: Trajectory stale (2650.4s > 2.0s) -- holding at last known position via gravity compensation.
[pinn_controller_node-1] [WARN] [1785306927.647463540] [pinn_franka_controller]: Trajectory stale (2651.4s > 2.0s) -- holding at last known position via gravity compensation.
[pinn_controller_node-1] [WARN] [1785306928.648441968] [pinn_franka_controller]: Trajectory stale (2652.4s > 2.0s) -- holding at last known position via gravity compensation.
[pinn_controller_node-1] [WARN] [1785306929.648617956] [pinn_franka_controller]: Trajectory stale (2653.4s > 2.0s) -- holding at last known position via gravity compensation.
[pinn_controller_node-1] [WARN] [1785306930.649420586] [pinn_franka_controller]: Trajectory stale (2654.4s > 2.0s) -- holding at last known position via gravity compensation.
[pinn_controller_node-1] [WARN] [1785306931.649452254] [pinn_franka_controller]: Trajectory stale (2655.4s > 2.0s) -- holding at last known position via gravity compensation.
[pinn_controller_node-1] [WARN] [1785306932.650399196] [pinn_franka_controller]: Trajectory stale (2656.4s > 2.0s) -- holding at last known position via gravity compensation.
[pinn_controller_node-1] [WARN] [1785306933.651096590] [pinn_franka_controller]: Trajectory stale (2657.4s > 2.0s) -- holding at last known position via gravity compensation.
[pinn_controller_node-1] [WARN] [1785306934.651415184] [pinn_franka_controller]: Trajectory stale (2658.4s > 2.0s) -- holding at last known position via gravity compensation.
[pinn_controller_node-1] [WARN] [1785306935.651653708] [pinn_franka_controller]: Trajectory stale (2659.4s > 2.0s) -- holding at last known position via gravity compensation.
[pinn_controller_node-1] [WARN] [1785306936.651709258] [pinn_franka_controller]: Trajectory stale (2660.4s > 2.0s) -- holding at last known position via gravity compensation.
[pinn_controller_node-1] [WARN] [1785306937.652654465] [pinn_franka_controller]: Trajectory stale (2661.4s > 2.0s) -- holding at last known position via gravity compensation.
[pinn_controller_node-1] [WARN] [1785306938.653642295] [pinn_franka_controller]: Trajectory stale (2662.4s > 2.0s) -- holding at last known position via gravity compensation.
[pinn_controller_node-1] [WARN] [1785306939.654391349] [pinn_franka_controller]: Trajectory stale (2663.4s > 2.0s) -- holding at last known position via gravity compensation.
[pinn_controller_node-1] [WARN] [1785306940.654460581] [pinn_franka_controller]: Trajectory stale (2664.4s > 2.0s) -- holding at last known position via gravity compensation.
[pinn_controller_node-1] [WARN] [1785306941.654635438] [pinn_franka_controller]: Trajectory stale (2665.4s > 2.0s) -- holding at last known position via gravity compensation.
[pinn_controller_node-1] [WARN] [1785306942.655427517] [pinn_franka_controller]: Trajectory stale (2666.4s > 2.0s) -- holding at last known position via gravity compensation.
[pinn_controller_node-1] [WARN] [1785306943.655721422] [pinn_franka_controller]: Trajectory stale (2667.4s > 2.0s) -- holding at last known position via gravity compensation.
[pinn_controller_node-1] [WARN] [1785306944.655896613] [pinn_franka_controller]: Trajectory stale (2668.4s > 2.0s) -- holding at last known position via gravity compensation.
[pinn_controller_node-1] [WARN] [1785306945.656414386] [pinn_franka_controller]: Trajectory stale (2669.4s > 2.0s) -- holding at last known position via gravity compensation.
[pinn_controller_node-1] [WARN] [1785306946.657403820] [pinn_franka_controller]: Trajectory stale (2670.4s > 2.0s) -- holding at last known position via gravity compensation.
[pinn_controller_node-1] [WARN] [1785306947.657550931] [pinn_franka_controller]: Trajectory stale (2671.4s > 2.0s) -- holding at last known position via gravity compensation.
[pinn_controller_node-1] [WARN] [1785306948.657851132] [pinn_franka_controller]: Trajectory stale (2672.4s > 2.0s) -- holding at last known position via gravity compensation.
[pinn_controller_node-1] [WARN] [1785306949.658418940] [pinn_franka_controller]: Trajectory stale (2673.4s > 2.0s) -- holding at last known position via gravity compensation.
[pinn_controller_node-1] [WARN] [1785306950.659415568] [pinn_franka_controller]: Trajectory stale (2674.4s > 2.0s) -- holding at last known position via gravity compensation.
[pinn_controller_node-1] [WARN] [1785306951.659507943] [pinn_franka_controller]: Trajectory stale (2675.4s > 2.0s) -- holding at last known position via gravity compensation.
[pinn_controller_node-1] [WARN] [1785306952.659797752] [pinn_franka_controller]: Trajectory stale (2676.4s > 2.0s) -- holding at last known position via gravity compensation.
[pinn_controller_node-1] [WARN] [1785306953.660522202] [pinn_franka_controller]: Trajectory stale (2677.4s > 2.0s) -- holding at last known position via gravity compensation.
[pinn_controller_node-1] [WARN] [1785306954.660549020] [pinn_franka_controller]: Trajectory stale (2678.4s > 2.0s) -- holding at last known position via gravity compensation.
[pinn_controller_node-1] [WARN] [1785306955.661509301] [pinn_franka_controller]: Trajectory stale (2679.4s > 2.0s) -- holding at last known position via gravity compensation.
[pinn_controller_node-1] [WARN] [1785306956.661575707] [pinn_franka_controller]: Trajectory stale (2680.4s > 2.0s) -- holding at last known position via gravity compensation.
[pinn_controller_node-1] [WARN] [1785306957.662434486] [pinn_franka_controller]: Trajectory stale (2681.4s > 2.0s) -- holding at last known position via gravity compensation.
[pinn_controller_node-1] [WARN] [1785306958.662750220] [pinn_franka_controller]: Trajectory stale (2682.4s > 2.0s) -- holding at last known position via gravity compensation.
[pinn_controller_node-1] [WARN] [1785306959.663558092] [pinn_franka_controller]: Trajectory stale (2683.4s > 2.0s) -- holding at last known position via gravity compensation.
[pinn_controller_node-1] [WARN] [1785306960.664321693] [pinn_franka_controller]: Trajectory stale (2684.4s > 2.0s) -- holding at last known position via gravity compensation.
[pinn_controller_node-1] [WARN] [1785306961.664629933] [pinn_franka_controller]: Trajectory stale (2685.4s > 2.0s) -- holding at last known position via gravity compensation.
[pinn_controller_node-1] [WARN] [1785306962.664892910] [pinn_franka_controller]: Trajectory stale (2686.4s > 2.0s) -- holding at last known position via gravity compensation.
[pinn_controller_node-1] [WARN] [1785306963.665614350] [pinn_franka_controller]: Trajectory stale (2687.4s > 2.0s) -- holding at last known position via gravity compensation.
[pinn_controller_node-1] [WARN] [1785306964.666420154] [pinn_franka_controller]: Trajectory stale (2688.4s > 2.0s) -- holding at last known position via gravity compensation.
[pinn_controller_node-1] [WARN] [1785306965.666603692] [pinn_franka_controller]: Trajectory stale (2689.4s > 2.0s) -- holding at last known position via gravity compensation.
[pinn_controller_node-1] [WARN] [1785306966.667482771] [pinn_franka_controller]: Trajectory stale (2690.4s > 2.0s) -- holding at last known position via gravity compensation.
[pinn_controller_node-1] [WARN] [1785306967.667488592] [pinn_franka_controller]: Trajectory stale (2691.4s > 2.0s) -- holding at last known position via gravity compensation.
[pinn_controller_node-1] [WARN] [1785306968.667536390] [pinn_franka_controller]: Trajectory stale (2692.4s > 2.0s) -- holding at last known position via gravity compensation.
[pinn_controller_node-1] [WARN] [1785306969.667730499] [pinn_franka_controller]: Trajectory stale (2693.4s > 2.0s) -- holding at last known position via gravity compensation.
[pinn_controller_node-1] [WARN] [1785306970.668538757] [pinn_franka_controller]: Trajectory stale (2694.4s > 2.0s) -- holding at last known position via gravity compensation.
[pinn_controller_node-1] [WARN] [1785306971.669418509] [pinn_franka_controller]: Trajectory stale (2695.4s > 2.0s) -- holding at last known position via gravity compensation.
[pinn_controller_node-1] [WARN] [1785306972.669769890] [pinn_franka_controller]: Trajectory stale (2696.4s > 2.0s) -- holding at last known position via gravity compensation.
[pinn_controller_node-1] [WARN] [1785306973.670438175] [pinn_franka_controller]: Trajectory stale (2697.4s > 2.0s) -- holding at last known position via gravity compensation.
[pinn_controller_node-1] [WARN] [1785306974.671226446] [pinn_franka_controller]: Trajectory stale (2698.4s > 2.0s) -- holding at last known position via gravity compensation.
[pinn_controller_node-1] [WARN] [1785306975.671463981] [pinn_franka_controller]: Trajectory stale (2699.4s > 2.0s) -- holding at last known position via gravity compensation.
[pinn_controller_node-1] [WARN] [1785306976.671485024] [pinn_franka_controller]: Trajectory stale (2700.4s > 2.0s) -- holding at last known position via gravity compensation.
[pinn_controller_node-1] [WARN] [1785306977.672410058] [pinn_franka_controller]: Trajectory stale (2701.4s > 2.0s) -- holding at last known position via gravity compensation.
[pinn_controller_node-1] [WARN] [1785306978.672412557] [pinn_franka_controller]: Trajectory stale (2702.4s > 2.0s) -- holding at last known position via gravity compensation.
[pinn_controller_node-1] [WARN] [1785306979.672449287] [pinn_franka_controller]: Trajectory stale (2703.4s > 2.0s) -- holding at last known position via gravity compensation.
[pinn_controller_node-1] [WARN] [1785306980.672742386] [pinn_franka_controller]: Trajectory stale (2704.4s > 2.0s) -- holding at last known position via gravity compensation.
[pinn_controller_node-1] [WARN] [1785306981.673046579] [pinn_franka_controller]: Trajectory stale (2705.4s > 2.0s) -- holding at last known position via gravity compensation.
[pinn_controller_node-1] [WARN] [1785306982.673614588] [pinn_franka_controller]: Trajectory stale (2706.4s > 2.0s) -- holding at last known position via gravity compensation.
[pinn_controller_node-1] [WARN] [1785306983.674748864] [pinn_franka_controller]: Trajectory stale (2707.4s > 2.0s) -- holding at last known position via gravity compensation.
[pinn_controller_node-1] [WARN] [1785306984.675484263] [pinn_franka_controller]: Trajectory stale (2708.4s > 2.0s) -- holding at last known position via gravity compensation.
[pinn_controller_node-1] [WARN] [1785306985.675504242] [pinn_franka_controller]: Trajectory stale (2709.4s > 2.0s) -- holding at last known position via gravity compensation.
[pinn_controller_node-1] [WARN] [1785306986.676403064] [pinn_franka_controller]: Trajectory stale (2710.4s > 2.0s) -- holding at last known position via gravity compensation.
[pinn_controller_node-1] [WARN] [1785306987.676466368] [pinn_franka_controller]: Trajectory stale (2711.4s > 2.0s) -- holding at last known position via gravity compensation.
[pinn_controller_node-1] [WARN] [1785306988.676644087] [pinn_franka_controller]: Trajectory stale (2712.4s > 2.0s) -- holding at last known position via gravity compensation.
[pinn_controller_node-1] [WARN] [1785306989.676648009] [pinn_franka_controller]: Trajectory stale (2713.4s > 2.0s) -- holding at last known position via gravity compensation.
[pinn_controller_node-1] [WARN] [1785306990.677432952] [pinn_franka_controller]: Trajectory stale (2714.4s > 2.0s) -- holding at last known position via gravity compensation.
[pinn_controller_node-1] [WARN] [1785306991.678390741] [pinn_franka_controller]: Trajectory stale (2715.4s > 2.0s) -- holding at last known position via gravity compensation.
[pinn_controller_node-1] [WARN] [1785306992.678486069] [pinn_franka_controller]: Trajectory stale (2716.4s > 2.0s) -- holding at last known position via gravity compensation.
[pinn_controller_node-1] [WARN] [1785306993.678606213] [pinn_franka_controller]: Trajectory stale (2717.4s > 2.0s) -- holding at last known position via gravity compensation.
[pinn_controller_node-1] [WARN] [1785306994.678666605] [pinn_franka_controller]: Trajectory stale (2718.4s > 2.0s) -- holding at last known position via gravity compensation.
[pinn_controller_node-1] [WARN] [1785306995.679412800] [pinn_franka_controller]: Trajectory stale (2719.4s > 2.0s) -- holding at last known position via gravity compensation.
[pinn_controller_node-1] [WARN] [1785306996.680400377] [pinn_franka_controller]: Trajectory stale (2720.4s > 2.0s) -- holding at last known position via gravity compensation.
[pinn_controller_node-1] [WARN] [1785306997.680711009] [pinn_franka_controller]: Trajectory stale (2721.4s > 2.0s) -- holding at last known position via gravity compensation.
[pinn_controller_node-1] [WARN] [1785306998.681404266] [pinn_franka_controller]: Trajectory stale (2722.4s > 2.0s) -- holding at last known position via gravity compensation.
[pinn_controller_node-1] [WARN] [1785306999.681406197] [pinn_franka_controller]: Trajectory stale (2723.4s > 2.0s) -- holding at last known position via gravity compensation.
[pinn_controller_node-1] [WARN] [1785307000.681471187] [pinn_franka_controller]: Trajectory stale (2724.4s > 2.0s) -- holding at last known position via gravity compensation.
[pinn_controller_node-1] [WARN] [1785307001.682411894] [pinn_franka_controller]: Trajectory stale (2725.4s > 2.0s) -- holding at last known position via gravity compensation.
[pinn_controller_node-1] [WARN] [1785307002.682531212] [pinn_franka_controller]: Trajectory stale (2726.4s > 2.0s) -- holding at last known position via gravity compensation.
[pinn_controller_node-1] [WARN] [1785307003.683449599] [pinn_franka_controller]: Trajectory stale (2727.4s > 2.0s) -- holding at last known position via gravity compensation.
[pinn_controller_node-1] [WARN] [1785307004.683678899] [pinn_franka_controller]: Trajectory stale (2728.4s > 2.0s) -- holding at last known position via gravity compensation.
[pinn_controller_node-1] [WARN] [1785307005.684628588] [pinn_franka_controller]: Trajectory stale (2729.4s > 2.0s) -- holding at last known position via gravity compensation.
[pinn_controller_node-1] [WARN] [1785307006.684719952] [pinn_franka_controller]: Trajectory stale (2730.4s > 2.0s) -- holding at last known position via gravity compensation.
[pinn_controller_node-1] [WARN] [1785307007.685448703] [pinn_franka_controller]: Trajectory stale (2731.4s > 2.0s) -- holding at last known position via gravity compensation.
[pinn_controller_node-1] [WARN] [1785307008.685534656] [pinn_franka_controller]: Trajectory stale (2732.4s > 2.0s) -- holding at last known position via gravity compensation.
[pinn_controller_node-1] [WARN] [1785307009.685648636] [pinn_franka_controller]: Trajectory stale (2733.4s > 2.0s) -- holding at last known position via gravity compensation.
[pinn_controller_node-1] [WARN] [1785307010.686486370] [pinn_franka_controller]: Trajectory stale (2734.4s > 2.0s) -- holding at last known position via gravity compensation.
[pinn_controller_node-1] [WARN] [1785307011.687407298] [pinn_franka_controller]: Trajectory stale (2735.4s > 2.0s) -- holding at last known position via gravity compensation.
[pinn_controller_node-1] [WARN] [1785307012.687414643] [pinn_franka_controller]: Trajectory stale (2736.4s > 2.0s) -- holding at last known position via gravity compensation.
[pinn_controller_node-1] [WARN] [1785307013.687478476] [pinn_franka_controller]: Trajectory stale (2737.4s > 2.0s) -- holding at last known position via gravity compensation.
[pinn_controller_node-1] [WARN] [1785307014.688509548] [pinn_franka_controller]: Trajectory stale (2738.4s > 2.0s) -- holding at last known position via gravity compensation.
[pinn_controller_node-1] [WARN] [1785307015.689418241] [pinn_franka_controller]: Trajectory stale (2739.4s > 2.0s) -- holding at last known position via gravity compensation.
[pinn_controller_node-1] [WARN] [1785307016.690416559] [pinn_franka_controller]: Trajectory stale (2740.4s > 2.0s) -- holding at last known position via gravity compensation.
[pinn_controller_node-1] [WARN] [1785307017.690703844] [pinn_franka_controller]: Trajectory stale (2741.4s > 2.0s) -- holding at last known position via gravity compensation.
[pinn_controller_node-1] [WARN] [1785307018.691422996] [pinn_franka_controller]: Trajectory stale (2742.4s > 2.0s) -- holding at last known position via gravity compensation.
[pinn_controller_node-1] [WARN] [1785307019.691446687] [pinn_franka_controller]: Trajectory stale (2743.4s > 2.0s) -- holding at last known position via gravity compensation.
[pinn_controller_node-1] [WARN] [1785307020.692421243] [pinn_franka_controller]: Trajectory stale (2744.4s > 2.0s) -- holding at last known position via gravity compensation.
[pinn_controller_node-1] [WARN] [1785307021.692700856] [pinn_franka_controller]: Trajectory stale (2745.4s > 2.0s) -- holding at last known position via gravity compensation.
[pinn_controller_node-1] [WARN] [1785307022.692769430] [pinn_franka_controller]: Trajectory stale (2746.4s > 2.0s) -- holding at last known position via gravity compensation.
[pinn_controller_node-1] [WARN] [1785307023.693526300] [pinn_franka_controller]: Trajectory stale (2747.4s > 2.0s) -- holding at last known position via gravity compensation.
[pinn_controller_node-1] [WARN] [1785307024.694405834] [pinn_franka_controller]: Trajectory stale (2748.4s > 2.0s) -- holding at last known position via gravity compensation.
[pinn_controller_node-1] [WARN] [1785307025.695414940] [pinn_franka_controller]: Trajectory stale (2749.4s > 2.0s) -- holding at last known position via gravity compensation.
[pinn_controller_node-1] [WARN] [1785307026.695462982] [pinn_franka_controller]: Trajectory stale (2750.4s > 2.0s) -- holding at last known position via gravity compensation.
[pinn_controller_node-1] [WARN] [1785307027.695539431] [pinn_franka_controller]: Trajectory stale (2751.4s > 2.0s) -- holding at last known position via gravity compensation.
[pinn_controller_node-1] [WARN] [1785307028.696424913] [pinn_franka_controller]: Trajectory stale (2752.4s > 2.0s) -- holding at last known position via gravity compensation.
[pinn_controller_node-1] [WARN] [1785307029.696436425] [pinn_franka_controller]: Trajectory stale (2753.4s > 2.0s) -- holding at last known position via gravity compensation.
[pinn_controller_node-1] [WARN] [1785307030.697812977] [pinn_franka_controller]: Trajectory stale (2754.4s > 2.0s) -- holding at last known position via gravity compensation.
[pinn_controller_node-1] [WARN] [1785307031.698935345] [pinn_franka_controller]: Trajectory stale (2755.4s > 2.0s) -- holding at last known position via gravity compensation.
[pinn_controller_node-1] [WARN] [1785307032.699302343] [pinn_franka_controller]: Trajectory stale (2756.4s > 2.0s) -- holding at last known position via gravity compensation.
[pinn_controller_node-1] [WARN] [1785307033.700107867] [pinn_franka_controller]: Trajectory stale (2757.4s > 2.0s) -- holding at last known position via gravity compensation.
[pinn_controller_node-1] [WARN] [1785307034.700438858] [pinn_franka_controller]: Trajectory stale (2758.4s > 2.0s) -- holding at last known position via gravity compensation.
[pinn_controller_node-1] [WARN] [1785307035.700470003] [pinn_franka_controller]: Trajectory stale (2759.4s > 2.0s) -- holding at last known position via gravity compensation.
[pinn_controller_node-1] [WARN] [1785307036.701404339] [pinn_franka_controller]: Trajectory stale (2760.4s > 2.0s) -- holding at last known position via gravity compensation.
[pinn_controller_node-1] [WARN] [1785307037.701535138] [pinn_franka_controller]: Trajectory stale (2761.4s > 2.0s) -- holding at last known position via gravity compensation.
[pinn_controller_node-1] [WARN] [1785307038.701535851] [pinn_franka_controller]: Trajectory stale (2762.4s > 2.0s) -- holding at last known position via gravity compensation.
[pinn_controller_node-1] [WARN] [1785307039.701887490] [pinn_franka_controller]: Trajectory stale (2763.4s > 2.0s) -- holding at last known position via gravity compensation.
[pinn_controller_node-1] [WARN] [1785307040.702405062] [pinn_franka_controller]: Trajectory stale (2764.4s > 2.0s) -- holding at last known position via gravity compensation.
[pinn_controller_node-1] [WARN] [1785307041.702534450] [pinn_franka_controller]: Trajectory stale (2765.4s > 2.0s) -- holding at last known position via gravity compensation.
[pinn_controller_node-1] [WARN] [1785307042.702552022] [pinn_franka_controller]: Trajectory stale (2766.4s > 2.0s) -- holding at last known position via gravity compensation.
[pinn_controller_node-1] [WARN] [1785307043.702694387] [pinn_franka_controller]: Trajectory stale (2767.4s > 2.0s) -- holding at last known position via gravity compensation.
[pinn_controller_node-1] [WARN] [1785307044.703577547] [pinn_franka_controller]: Trajectory stale (2768.4s > 2.0s) -- holding at last known position via gravity compensation.
[pinn_controller_node-1] [WARN] [1785307045.703688271] [pinn_franka_controller]: Trajectory stale (2769.4s > 2.0s) -- holding at last known position via gravity compensation.
[pinn_controller_node-1] [WARN] [1785307046.704461099] [pinn_franka_controller]: Trajectory stale (2770.4s > 2.0s) -- holding at last known position via gravity compensation.
[pinn_controller_node-1] [WARN] [1785307047.704782163] [pinn_franka_controller]: Trajectory stale (2771.4s > 2.0s) -- holding at last known position via gravity compensation.
[pinn_controller_node-1] [WARN] [1785307048.705437197] [pinn_franka_controller]: Trajectory stale (2772.4s > 2.0s) -- holding at last known position via gravity compensation.
[pinn_controller_node-1] [WARN] [1785307049.706419964] [pinn_franka_controller]: Trajectory stale (2773.4s > 2.0s) -- holding at last known position via gravity compensation.
[pinn_controller_node-1] [WARN] [1785307050.706748168] [pinn_franka_controller]: Trajectory stale (2774.4s > 2.0s) -- holding at last known position via gravity compensation.
[pinn_controller_node-1] [WARN] [1785307051.706755228] [pinn_franka_controller]: Trajectory stale (2775.4s > 2.0s) -- holding at last known position via gravity compensation.
[pinn_controller_node-1] [WARN] [1785307052.707427710] [pinn_franka_controller]: Trajectory stale (2776.4s > 2.0s) -- holding at last known position via gravity compensation.
[pinn_controller_node-1] [WARN] [1785307053.707504354] [pinn_franka_controller]: Trajectory stale (2777.4s > 2.0s) -- holding at last known position via gravity compensation.
[pinn_controller_node-1] [WARN] [1785307054.707802993] [pinn_franka_controller]: Trajectory stale (2778.4s > 2.0s) -- holding at last known position via gravity compensation.
[pinn_controller_node-1] [WARN] [1785307055.708437258] [pinn_franka_controller]: Trajectory stale (2779.4s > 2.0s) -- holding at last known position via gravity compensation.
[pinn_controller_node-1] [WARN] [1785307056.708476287] [pinn_franka_controller]: Trajectory stale (2780.4s > 2.0s) -- holding at last known position via gravity compensation.
[pinn_controller_node-1] [WARN] [1785307057.708514588] [pinn_franka_controller]: Trajectory stale (2781.4s > 2.0s) -- holding at last known position via gravity compensation.
[pinn_controller_node-1] [WARN] [1785307058.708610113] [pinn_franka_controller]: Trajectory stale (2782.4s > 2.0s) -- holding at last known position via gravity compensation.
[pinn_controller_node-1] [WARN] [1785307059.709451072] [pinn_franka_controller]: Trajectory stale (2783.4s > 2.0s) -- holding at last known position via gravity compensation.
[pinn_controller_node-1] [WARN] [1785307060.710444998] [pinn_franka_controller]: Trajectory stale (2784.4s > 2.0s) -- holding at last known position via gravity compensation.
[pinn_controller_node-1] [WARN] [1785307061.711410135] [pinn_franka_controller]: Trajectory stale (2785.4s > 2.0s) -- holding at last known position via gravity compensation.
[pinn_controller_node-1] [WARN] [1785307062.711620740] [pinn_franka_controller]: Trajectory stale (2786.4s > 2.0s) -- holding at last known position via gravity compensation.
[pinn_controller_node-1] [WARN] [1785307063.712440365] [pinn_franka_controller]: Trajectory stale (2787.4s > 2.0s) -- holding at last known position via gravity compensation.
[pinn_controller_node-1] [WARN] [1785307064.712443111] [pinn_franka_controller]: Trajectory stale (2788.4s > 2.0s) -- holding at last known position via gravity compensation.
[pinn_controller_node-1] [WARN] [1785307065.712536310] [pinn_franka_controller]: Trajectory stale (2789.4s > 2.0s) -- holding at last known position via gravity compensation.
[pinn_controller_node-1] [WARN] [1785307066.713407071] [pinn_franka_controller]: Trajectory stale (2790.4s > 2.0s) -- holding at last known position via gravity compensation.
[pinn_controller_node-1] [WARN] [1785307067.713701425] [pinn_franka_controller]: Trajectory stale (2791.4s > 2.0s) -- holding at last known position via gravity compensation.
[pinn_controller_node-1] [WARN] [1785307068.714675575] [pinn_franka_controller]: Trajectory stale (2792.4s > 2.0s) -- holding at last known position via gravity compensation.
[pinn_controller_node-1] [WARN] [1785307069.715437237] [pinn_franka_controller]: Trajectory stale (2793.4s > 2.0s) -- holding at last known position via gravity compensation.
[pinn_controller_node-1] [WARN] [1785307070.715633208] [pinn_franka_controller]: Trajectory stale (2794.4s > 2.0s) -- holding at last known position via gravity compensation.
[pinn_controller_node-1] [WARN] [1785307071.715760592] [pinn_franka_controller]: Trajectory stale (2795.4s > 2.0s) -- holding at last known position via gravity compensation.
[pinn_controller_node-1] [WARN] [1785307072.716428309] [pinn_franka_controller]: Trajectory stale (2796.4s > 2.0s) -- holding at last known position via gravity compensation.
[pinn_controller_node-1] [WARN] [1785307073.716428756] [pinn_franka_controller]: Trajectory stale (2797.4s > 2.0s) -- holding at last known position via gravity compensation.
[pinn_controller_node-1] [WARN] [1785307074.717408602] [pinn_franka_controller]: Trajectory stale (2798.4s > 2.0s) -- holding at last known position via gravity compensation.
[pinn_controller_node-1] [WARN] [1785307075.717812939] [pinn_franka_controller]: Trajectory stale (2799.4s > 2.0s) -- holding at last known position via gravity compensation.
[pinn_controller_node-1] [WARN] [1785307076.717923291] [pinn_franka_controller]: Trajectory stale (2800.4s > 2.0s) -- holding at last known position via gravity compensation.
[pinn_controller_node-1] [WARN] [1785307077.718598712] [pinn_franka_controller]: Trajectory stale (2801.4s > 2.0s) -- holding at last known position via gravity compensation.
[pinn_controller_node-1] [WARN] [1785307078.718892793] [pinn_franka_controller]: Trajectory stale (2802.4s > 2.0s) -- holding at last known position via gravity compensation.
[pinn_controller_node-1] [WARN] [1785307079.719421124] [pinn_franka_controller]: Trajectory stale (2803.4s > 2.0s) -- holding at last known position via gravity compensation.
[pinn_controller_node-1] [WARN] [1785307080.720472667] [pinn_franka_controller]: Trajectory stale (2804.4s > 2.0s) -- holding at last known position via gravity compensation.
[pinn_controller_node-1] [WARN] [1785307081.721403901] [pinn_franka_controller]: Trajectory stale (2805.4s > 2.0s) -- holding at last known position via gravity compensation.
[pinn_controller_node-1] [WARN] [1785307082.721411807] [pinn_franka_controller]: Trajectory stale (2806.4s > 2.0s) -- holding at last known position via gravity compensation.
[pinn_controller_node-1] [WARN] [1785307083.722159919] [pinn_franka_controller]: Trajectory stale (2807.4s > 2.0s) -- holding at last known position via gravity compensation.
[pinn_controller_node-1] [WARN] [1785307084.722452465] [pinn_franka_controller]: Trajectory stale (2808.4s > 2.0s) -- holding at last known position via gravity compensation.
[pinn_controller_node-1] [WARN] [1785307085.723038880] [pinn_franka_controller]: Trajectory stale (2809.4s > 2.0s) -- holding at last known position via gravity compensation.
[pinn_controller_node-1] [WARN] [1785307086.723976199] [pinn_franka_controller]: Trajectory stale (2810.4s > 2.0s) -- holding at last known position via gravity compensation.
[pinn_controller_node-1] [WARN] [1785307087.724599342] [pinn_franka_controller]: Trajectory stale (2811.4s > 2.0s) -- holding at last known position via gravity compensation.
[pinn_controller_node-1] [WARN] [1785307088.725410225] [pinn_franka_controller]: Trajectory stale (2812.4s > 2.0s) -- holding at last known position via gravity compensation.
[pinn_controller_node-1] [WARN] [1785307089.725574374] [pinn_franka_controller]: Trajectory stale (2813.4s > 2.0s) -- holding at last known position via gravity compensation.
[pinn_controller_node-1] [WARN] [1785307090.726467686] [pinn_franka_controller]: Trajectory stale (2814.4s > 2.0s) -- holding at last known position via gravity compensation.
[pinn_controller_node-1] [WARN] [1785307091.726756618] [pinn_franka_controller]: Trajectory stale (2815.4s > 2.0s) -- holding at last known position via gravity compensation.
[pinn_controller_node-1] [WARN] [1785307092.727520106] [pinn_franka_controller]: Trajectory stale (2816.4s > 2.0s) -- holding at last known position via gravity compensation.
[pinn_controller_node-1] [WARN] [1785307093.728402820] [pinn_franka_controller]: Trajectory stale (2817.4s > 2.0s) -- holding at last known position via gravity compensation.
[pinn_controller_node-1] [WARN] [1785307094.728555971] [pinn_franka_controller]: Trajectory stale (2818.4s > 2.0s) -- holding at last known position via gravity compensation.
[pinn_controller_node-1] [WARN] [1785307095.729563500] [pinn_franka_controller]: Trajectory stale (2819.4s > 2.0s) -- holding at last known position via gravity compensation.
[pinn_controller_node-1] [WARN] [1785307096.729625839] [pinn_franka_controller]: Trajectory stale (2820.4s > 2.0s) -- holding at last known position via gravity compensation.
[pinn_controller_node-1] [WARN] [1785307097.730447821] [pinn_franka_controller]: Trajectory stale (2821.4s > 2.0s) -- holding at last known position via gravity compensation.
[pinn_controller_node-1] [WARN] [1785307098.730519991] [pinn_franka_controller]: Trajectory stale (2822.4s > 2.0s) -- holding at last known position via gravity compensation.
[pinn_controller_node-1] [WARN] [1785307099.731412998] [pinn_franka_controller]: Trajectory stale (2823.4s > 2.0s) -- holding at last known position via gravity compensation.
[pinn_controller_node-1] [WARN] [1785307100.731459800] [pinn_franka_controller]: Trajectory stale (2824.4s > 2.0s) -- holding at last known position via gravity compensation.
[pinn_controller_node-1] [WARN] [1785307101.731495457] [pinn_franka_controller]: Trajectory stale (2825.4s > 2.0s) -- holding at last known position via gravity compensation.
[pinn_controller_node-1] [WARN] [1785307102.731698261] [pinn_franka_controller]: Trajectory stale (2826.4s > 2.0s) -- holding at last known position via gravity compensation.
[pinn_controller_node-1] [WARN] [1785307103.731972264] [pinn_franka_controller]: Trajectory stale (2827.4s > 2.0s) -- holding at last known position via gravity compensation.
[pinn_controller_node-1] [WARN] [1785307104.732685032] [pinn_franka_controller]: Trajectory stale (2828.4s > 2.0s) -- holding at last known position via gravity compensation.
[pinn_controller_node-1] [WARN] [1785307105.733399204] [pinn_franka_controller]: Trajectory stale (2829.4s > 2.0s) -- holding at last known position via gravity compensation.
[pinn_controller_node-1] [WARN] [1785307106.733470720] [pinn_franka_controller]: Trajectory stale (2830.4s > 2.0s) -- holding at last known position via gravity compensation.
[pinn_controller_node-1] [WARN] [1785307107.734409408] [pinn_franka_controller]: Trajectory stale (2831.4s > 2.0s) -- holding at last known position via gravity compensation.
[pinn_controller_node-1] [WARN] [1785307108.734647757] [pinn_franka_controller]: Trajectory stale (2832.4s > 2.0s) -- holding at last known position via gravity compensation.
[pinn_controller_node-1] [WARN] [1785307109.735418015] [pinn_franka_controller]: Trajectory stale (2833.5s > 2.0s) -- holding at last known position via gravity compensation.
[pinn_controller_node-1] [WARN] [1785307110.735461166] [pinn_franka_controller]: Trajectory stale (2834.5s > 2.0s) -- holding at last known position via gravity compensation.
[pinn_controller_node-1] [WARN] [1785307111.736405684] [pinn_franka_controller]: Trajectory stale (2835.5s > 2.0s) -- holding at last known position via gravity compensation.
[pinn_controller_node-1] [WARN] [1785307112.736786830] [pinn_franka_controller]: Trajectory stale (2836.5s > 2.0s) -- holding at last known position via gravity compensation.
[pinn_controller_node-1] [WARN] [1785307113.737409704] [pinn_franka_controller]: Trajectory stale (2837.5s > 2.0s) -- holding at last known position via gravity compensation.
[pinn_controller_node-1] [WARN] [1785307114.737414102] [pinn_franka_controller]: Trajectory stale (2838.5s > 2.0s) -- holding at last known position via gravity compensation.
[pinn_controller_node-1] [WARN] [1785307115.737535071] [pinn_franka_controller]: Trajectory stale (2839.5s > 2.0s) -- holding at last known position via gravity compensation.
[pinn_controller_node-1] [WARN] [1785307116.738466591] [pinn_franka_controller]: Trajectory stale (2840.5s > 2.0s) -- holding at last known position via gravity compensation.
[pinn_controller_node-1] [WARN] [1785307117.738777165] [pinn_franka_controller]: Trajectory stale (2841.5s > 2.0s) -- holding at last known position via gravity compensation.
[pinn_controller_node-1] [WARN] [1785307118.739432855] [pinn_franka_controller]: Trajectory stale (2842.5s > 2.0s) -- holding at last known position via gravity compensation.
[pinn_controller_node-1] [WARN] [1785307119.739446835] [pinn_franka_controller]: Trajectory stale (2843.5s > 2.0s) -- holding at last known position via gravity compensation.
[pinn_controller_node-1] [WARN] [1785307120.740143455] [pinn_franka_controller]: Trajectory stale (2844.5s > 2.0s) -- holding at last known position via gravity compensation.
[pinn_controller_node-1] [WARN] [1785307121.740399846] [pinn_franka_controller]: Trajectory stale (2845.5s > 2.0s) -- holding at last known position via gravity compensation.
[pinn_controller_node-1] [WARN] [1785307122.740408062] [pinn_franka_controller]: Trajectory stale (2846.5s > 2.0s) -- holding at last known position via gravity compensation.
[pinn_controller_node-1] [WARN] [1785307123.741418859] [pinn_franka_controller]: Trajectory stale (2847.5s > 2.0s) -- holding at last known position via gravity compensation.
[pinn_controller_node-1] [WARN] [1785307124.742430901] [pinn_franka_controller]: Trajectory stale (2848.5s > 2.0s) -- holding at last known position via gravity compensation.
[pinn_controller_node-1] [WARN] [1785307125.743343790] [pinn_franka_controller]: Trajectory stale (2849.5s > 2.0s) -- holding at last known position via gravity compensation.
[pinn_controller_node-1] [WARN] [1785307126.743474843] [pinn_franka_controller]: Trajectory stale (2850.5s > 2.0s) -- holding at last known position via gravity compensation.
[pinn_controller_node-1] [WARN] [1785307127.744365400] [pinn_franka_controller]: Trajectory stale (2851.5s > 2.0s) -- holding at last known position via gravity compensation.
[pinn_controller_node-1] [WARN] [1785307128.744474339] [pinn_franka_controller]: Trajectory stale (2852.5s > 2.0s) -- holding at last known position via gravity compensation.
[pinn_controller_node-1] [WARN] [1785307129.745434984] [pinn_franka_controller]: Trajectory stale (2853.5s > 2.0s) -- holding at last known position via gravity compensation.
[pinn_controller_node-1] [WARN] [1785307130.745435811] [pinn_franka_controller]: Trajectory stale (2854.5s > 2.0s) -- holding at last known position via gravity compensation.
[pinn_controller_node-1] [WARN] [1785307131.746414939] [pinn_franka_controller]: Trajectory stale (2855.5s > 2.0s) -- holding at last known position via gravity compensation.
[pinn_controller_node-1] [WARN] [1785307132.746531783] [pinn_franka_controller]: Trajectory stale (2856.5s > 2.0s) -- holding at last known position via gravity compensation.
[pinn_controller_node-1] [WARN] [1785307133.747470121] [pinn_franka_controller]: Trajectory stale (2857.5s > 2.0s) -- holding at last known position via gravity compensation.
[pinn_controller_node-1] [WARN] [1785307134.748424690] [pinn_franka_controller]: Trajectory stale (2858.5s > 2.0s) -- holding at last known position via gravity compensation.
[pinn_controller_node-1] [WARN] [1785307135.748616163] [pinn_franka_controller]: Trajectory stale (2859.5s > 2.0s) -- holding at last known position via gravity compensation.
[pinn_controller_node-1] [WARN] [1785307136.748708069] [pinn_franka_controller]: Trajectory stale (2860.5s > 2.0s) -- holding at last known position via gravity compensation.
[pinn_controller_node-1] [WARN] [1785307137.749486810] [pinn_franka_controller]: Trajectory stale (2861.5s > 2.0s) -- holding at last known position via gravity compensation.
[pinn_controller_node-1] [WARN] [1785307138.750426721] [pinn_franka_controller]: Trajectory stale (2862.5s > 2.0s) -- holding at last known position via gravity compensation.
[pinn_controller_node-1] [WARN] [1785307139.751442657] [pinn_franka_controller]: Trajectory stale (2863.5s > 2.0s) -- holding at last known position via gravity compensation.
[pinn_controller_node-1] [WARN] [1785307140.751490959] [pinn_franka_controller]: Trajectory stale (2864.5s > 2.0s) -- holding at last known position via gravity compensation.
[pinn_controller_node-1] [WARN] [1785307141.752405918] [pinn_franka_controller]: Trajectory stale (2865.5s > 2.0s) -- holding at last known position via gravity compensation.
[pinn_controller_node-1] [WARN] [1785307142.752428450] [pinn_franka_controller]: Trajectory stale (2866.5s > 2.0s) -- holding at last known position via gravity compensation.
[pinn_controller_node-1] [WARN] [1785307143.753415067] [pinn_franka_controller]: Trajectory stale (2867.5s > 2.0s) -- holding at last known position via gravity compensation.
[pinn_controller_node-1] [WARN] [1785307144.753710914] [pinn_franka_controller]: Trajectory stale (2868.5s > 2.0s) -- holding at last known position via gravity compensation.
[pinn_controller_node-1] [WARN] [1785307145.753783367] [pinn_franka_controller]: Trajectory stale (2869.5s > 2.0s) -- holding at last known position via gravity compensation.
[pinn_controller_node-1] [WARN] [1785307146.754235136] [pinn_franka_controller]: Trajectory stale (2870.5s > 2.0s) -- holding at last known position via gravity compensation.
[pinn_controller_node-1] [WARN] [1785307147.754416072] [pinn_franka_controller]: Trajectory stale (2871.5s > 2.0s) -- holding at last known position via gravity compensation.
[pinn_controller_node-1] [WARN] [1785307148.754443058] [pinn_franka_controller]: Trajectory stale (2872.5s > 2.0s) -- holding at last known position via gravity compensation.
[pinn_controller_node-1] [WARN] [1785307149.754625755] [pinn_franka_controller]: Trajectory stale (2873.5s > 2.0s) -- holding at last known position via gravity compensation.
[pinn_controller_node-1] [WARN] [1785307150.755710635] [pinn_franka_controller]: Trajectory stale (2874.5s > 2.0s) -- holding at last known position via gravity compensation.
[pinn_controller_node-1] [WARN] [1785307151.756408941] [pinn_franka_controller]: Trajectory stale (2875.5s > 2.0s) -- holding at last known position via gravity compensation.
[pinn_controller_node-1] [WARN] [1785307152.756543560] [pinn_franka_controller]: Trajectory stale (2876.5s > 2.0s) -- holding at last known position via gravity compensation.
[pinn_controller_node-1] [WARN] [1785307153.756577438] [pinn_franka_controller]: Trajectory stale (2877.5s > 2.0s) -- holding at last known position via gravity compensation.
[pinn_controller_node-1] [WARN] [1785307154.757463878] [pinn_franka_controller]: Trajectory stale (2878.5s > 2.0s) -- holding at last known position via gravity compensation.
[pinn_controller_node-1] [WARN] [1785307155.758135431] [pinn_franka_controller]: Trajectory stale (2879.5s > 2.0s) -- holding at last known position via gravity compensation.
[pinn_controller_node-1] [WARN] [1785307156.758314415] [pinn_franka_controller]: Trajectory stale (2880.5s > 2.0s) -- holding at last known position via gravity compensation.
[pinn_controller_node-1] [WARN] [1785307157.758465658] [pinn_franka_controller]: Trajectory stale (2881.5s > 2.0s) -- holding at last known position via gravity compensation.
[pinn_controller_node-1] [WARN] [1785307158.758857947] [pinn_franka_controller]: Trajectory stale (2882.5s > 2.0s) -- holding at last known position via gravity compensation.
[pinn_controller_node-1] [WARN] [1785307159.759409465] [pinn_franka_controller]: Trajectory stale (2883.5s > 2.0s) -- holding at last known position via gravity compensation.
[pinn_controller_node-1] [WARN] [1785307160.759455520] [pinn_franka_controller]: Trajectory stale (2884.5s > 2.0s) -- holding at last known position via gravity compensation.
[pinn_controller_node-1] [WARN] [1785307161.759671039] [pinn_franka_controller]: Trajectory stale (2885.5s > 2.0s) -- holding at last known position via gravity compensation.
[pinn_controller_node-1] [WARN] [1785307162.760438057] [pinn_franka_controller]: Trajectory stale (2886.5s > 2.0s) -- holding at last known position via gravity compensation.
[pinn_controller_node-1] [WARN] [1785307163.760491121] [pinn_franka_controller]: Trajectory stale (2887.5s > 2.0s) -- holding at last known position via gravity compensation.
[pinn_controller_node-1] [WARN] [1785307164.761412029] [pinn_franka_controller]: Trajectory stale (2888.5s > 2.0s) -- holding at last known position via gravity compensation.
[pinn_controller_node-1] [WARN] [1785307165.761421369] [pinn_franka_controller]: Trajectory stale (2889.5s > 2.0s) -- holding at last known position via gravity compensation.
[pinn_controller_node-1] [WARN] [1785307166.761439564] [pinn_franka_controller]: Trajectory stale (2890.5s > 2.0s) -- holding at last known position via gravity compensation.
[pinn_controller_node-1] [WARN] [1785307167.761485039] [pinn_franka_controller]: Trajectory stale (2891.5s > 2.0s) -- holding at last known position via gravity compensation.
[pinn_controller_node-1] [WARN] [1785307168.762414186] [pinn_franka_controller]: Trajectory stale (2892.5s > 2.0s) -- holding at last known position via gravity compensation.
[pinn_controller_node-1] [WARN] [1785307169.762494616] [pinn_franka_controller]: Trajectory stale (2893.5s > 2.0s) -- holding at last known position via gravity compensation.
[pinn_controller_node-1] [WARN] [1785307170.763405744] [pinn_franka_controller]: Trajectory stale (2894.5s > 2.0s) -- holding at last known position via gravity compensation.
[pinn_controller_node-1] [WARN] [1785307171.763808189] [pinn_franka_controller]: Trajectory stale (2895.5s > 2.0s) -- holding at last known position via gravity compensation.
[pinn_controller_node-1] [WARN] [1785307172.764410586] [pinn_franka_controller]: Trajectory stale (2896.5s > 2.0s) -- holding at last known position via gravity compensation.
[pinn_controller_node-1] [WARN] [1785307173.764989595] [pinn_franka_controller]: Trajectory stale (2897.5s > 2.0s) -- holding at last known position via gravity compensation.
[pinn_controller_node-1] [WARN] [1785307174.765731797] [pinn_franka_controller]: Trajectory stale (2898.5s > 2.0s) -- holding at last known position via gravity compensation.
[pinn_controller_node-1] [WARN] [1785307175.766441239] [pinn_franka_controller]: Trajectory stale (2899.5s > 2.0s) -- holding at last known position via gravity compensation.
[pinn_controller_node-1] [WARN] [1785307176.766516453] [pinn_franka_controller]: Trajectory stale (2900.5s > 2.0s) -- holding at last known position via gravity compensation.
[pinn_controller_node-1] [WARN] [1785307177.766554199] [pinn_franka_controller]: Trajectory stale (2901.5s > 2.0s) -- holding at last known position via gravity compensation.
[pinn_controller_node-1] [WARN] [1785307178.766844270] [pinn_franka_controller]: Trajectory stale (2902.5s > 2.0s) -- holding at last known position via gravity compensation.
[pinn_controller_node-1] [WARN] [1785307179.767407208] [pinn_franka_controller]: Trajectory stale (2903.5s > 2.0s) -- holding at last known position via gravity compensation.
[pinn_controller_node-1] [WARN] [1785307180.767941868] [pinn_franka_controller]: Trajectory stale (2904.5s > 2.0s) -- holding at last known position via gravity compensation.
[pinn_controller_node-1] [WARN] [1785307181.769006534] [pinn_franka_controller]: Trajectory stale (2905.5s > 2.0s) -- holding at last known position via gravity compensation.
[pinn_controller_node-1] [WARN] [1785307182.769284045] [pinn_franka_controller]: Trajectory stale (2906.5s > 2.0s) -- holding at last known position via gravity compensation.
[pinn_controller_node-1] [WARN] [1785307183.769417834] [pinn_franka_controller]: Trajectory stale (2907.5s > 2.0s) -- holding at last known position via gravity compensation.
[pinn_controller_node-1] [WARN] [1785307184.769900961] [pinn_franka_controller]: Trajectory stale (2908.5s > 2.0s) -- holding at last known position via gravity compensation.
[pinn_controller_node-1] [WARN] [1785307185.770460250] [pinn_franka_controller]: Trajectory stale (2909.5s > 2.0s) -- holding at last known position via gravity compensation.
[pinn_controller_node-1] [WARN] [1785307186.771457175] [pinn_franka_controller]: Trajectory stale (2910.5s > 2.0s) -- holding at last known position via gravity compensation.
[pinn_controller_node-1] [WARN] [1785307187.772451230] [pinn_franka_controller]: Trajectory stale (2911.5s > 2.0s) -- holding at last known position via gravity compensation.
[pinn_controller_node-1] [WARN] [1785307188.772931980] [pinn_franka_controller]: Trajectory stale (2912.5s > 2.0s) -- holding at last known position via gravity compensation.
[pinn_controller_node-1] [WARN] [1785307189.773462585] [pinn_franka_controller]: Trajectory stale (2913.5s > 2.0s) -- holding at last known position via gravity compensation.
[pinn_controller_node-1] [WARN] [1785307190.774563703] [pinn_franka_controller]: Trajectory stale (2914.5s > 2.0s) -- holding at last known position via gravity compensation.
[pinn_controller_node-1] [WARN] [1785307191.774791493] [pinn_franka_controller]: Trajectory stale (2915.5s > 2.0s) -- holding at last known position via gravity compensation.
[pinn_controller_node-1] [WARN] [1785307192.775408821] [pinn_franka_controller]: Trajectory stale (2916.5s > 2.0s) -- holding at last known position via gravity compensation.
[pinn_controller_node-1] [WARN] [1785307193.776416425] [pinn_franka_controller]: Trajectory stale (2917.5s > 2.0s) -- holding at last known position via gravity compensation.
[pinn_controller_node-1] [WARN] [1785307194.776669575] [pinn_franka_controller]: Trajectory stale (2918.5s > 2.0s) -- holding at last known position via gravity compensation.
[pinn_controller_node-1] [WARN] [1785307195.777435654] [pinn_franka_controller]: Trajectory stale (2919.5s > 2.0s) -- holding at last known position via gravity compensation.
[pinn_controller_node-1] [WARN] [1785307196.778260617] [pinn_franka_controller]: Trajectory stale (2920.5s > 2.0s) -- holding at last known position via gravity compensation.
[pinn_controller_node-1] [WARN] [1785307197.779201736] [pinn_franka_controller]: Trajectory stale (2921.5s > 2.0s) -- holding at last known position via gravity compensation.
[pinn_controller_node-1] [WARN] [1785307198.779412874] [pinn_franka_controller]: Trajectory stale (2922.5s > 2.0s) -- holding at last known position via gravity compensation.
[pinn_controller_node-1] [WARN] [1785307199.779594383] [pinn_franka_controller]: Trajectory stale (2923.5s > 2.0s) -- holding at last known position via gravity compensation.
[pinn_controller_node-1] [WARN] [1785307200.780584648] [pinn_franka_controller]: Trajectory stale (2924.5s > 2.0s) -- holding at last known position via gravity compensation.
[pinn_controller_node-1] [WARN] [1785307201.781419018] [pinn_franka_controller]: Trajectory stale (2925.5s > 2.0s) -- holding at last known position via gravity compensation.
[pinn_controller_node-1] [WARN] [1785307202.782497499] [pinn_franka_controller]: Trajectory stale (2926.5s > 2.0s) -- holding at last known position via gravity compensation.
[pinn_controller_node-1] [WARN] [1785307203.782643487] [pinn_franka_controller]: Trajectory stale (2927.5s > 2.0s) -- holding at last known position via gravity compensation.
[pinn_controller_node-1] [WARN] [1785307204.783421146] [pinn_franka_controller]: Trajectory stale (2928.5s > 2.0s) -- holding at last known position via gravity compensation.
[pinn_controller_node-1] [WARN] [1785307205.784016933] [pinn_franka_controller]: Trajectory stale (2929.5s > 2.0s) -- holding at last known position via gravity compensation.
[pinn_controller_node-1] [WARN] [1785307206.784462285] [pinn_franka_controller]: Trajectory stale (2930.5s > 2.0s) -- holding at last known position via gravity compensation.
[pinn_controller_node-1] [WARN] [1785307207.785446009] [pinn_franka_controller]: Trajectory stale (2931.5s > 2.0s) -- holding at last known position via gravity compensation.
[pinn_controller_node-1] [WARN] [1785307208.786418796] [pinn_franka_controller]: Trajectory stale (2932.5s > 2.0s) -- holding at last known position via gravity compensation.
[pinn_controller_node-1] [WARN] [1785307209.786711622] [pinn_franka_controller]: Trajectory stale (2933.5s > 2.0s) -- holding at last known position via gravity compensation.
[pinn_controller_node-1] [WARN] [1785307210.787404537] [pinn_franka_controller]: Trajectory stale (2934.5s > 2.0s) -- holding at last known position via gravity compensation.
[pinn_controller_node-1] [WARN] [1785307211.787412718] [pinn_franka_controller]: Trajectory stale (2935.5s > 2.0s) -- holding at last known position via gravity compensation.
[pinn_controller_node-1] [WARN] [1785307212.787529241] [pinn_franka_controller]: Trajectory stale (2936.5s > 2.0s) -- holding at last known position via gravity compensation.
[pinn_controller_node-1] [WARN] [1785307213.787585361] [pinn_franka_controller]: Trajectory stale (2937.5s > 2.0s) -- holding at last known position via gravity compensation.
[pinn_controller_node-1] [WARN] [1785307214.788603834] [pinn_franka_controller]: Trajectory stale (2938.5s > 2.0s) -- holding at last known position via gravity compensation.
[pinn_controller_node-1] [WARN] [1785307215.789404756] [pinn_franka_controller]: Trajectory stale (2939.5s > 2.0s) -- holding at last known position via gravity compensation.
[pinn_controller_node-1] [WARN] [1785307216.789663855] [pinn_franka_controller]: Trajectory stale (2940.5s > 2.0s) -- holding at last known position via gravity compensation.
[pinn_controller_node-1] [WARN] [1785307217.790652114] [pinn_franka_controller]: Trajectory stale (2941.5s > 2.0s) -- holding at last known position via gravity compensation.
[pinn_controller_node-1] [WARN] [1785307218.791405114] [pinn_franka_controller]: Trajectory stale (2942.5s > 2.0s) -- holding at last known position via gravity compensation.
[pinn_controller_node-1] [WARN] [1785307219.792448600] [pinn_franka_controller]: Trajectory stale (2943.5s > 2.0s) -- holding at last known position via gravity compensation.
[pinn_controller_node-1] [WARN] [1785307220.793459835] [pinn_franka_controller]: Trajectory stale (2944.5s > 2.0s) -- holding at last known position via gravity compensation.
[pinn_controller_node-1] [WARN] [1785307221.794438756] [pinn_franka_controller]: Trajectory stale (2945.5s > 2.0s) -- holding at last known position via gravity compensation.
[pinn_controller_node-1] [WARN] [1785307222.795405622] [pinn_franka_controller]: Trajectory stale (2946.5s > 2.0s) -- holding at last known position via gravity compensation.
[pinn_controller_node-1] [WARN] [1785307223.796063149] [pinn_franka_controller]: Trajectory stale (2947.5s > 2.0s) -- holding at last known position via gravity compensation.
[pinn_controller_node-1] [WARN] [1785307224.796458822] [pinn_franka_controller]: Trajectory stale (2948.5s > 2.0s) -- holding at last known position via gravity compensation.
[pinn_controller_node-1] [WARN] [1785307225.796703539] [pinn_franka_controller]: Trajectory stale (2949.5s > 2.0s) -- holding at last known position via gravity compensation.
[pinn_controller_node-1] [WARN] [1785307226.797525771] [pinn_franka_controller]: Trajectory stale (2950.5s > 2.0s) -- holding at last known position via gravity compensation.
[pinn_controller_node-1] [WARN] [1785307227.797552752] [pinn_franka_controller]: Trajectory stale (2951.5s > 2.0s) -- holding at last known position via gravity compensation.
[pinn_controller_node-1] [WARN] [1785307228.798333957] [pinn_franka_controller]: Trajectory stale (2952.5s > 2.0s) -- holding at last known position via gravity compensation.
[pinn_controller_node-1] [WARN] [1785307229.798466571] [pinn_franka_controller]: Trajectory stale (2953.5s > 2.0s) -- holding at last known position via gravity compensation.
[pinn_controller_node-1] [WARN] [1785307230.798559239] [pinn_franka_controller]: Trajectory stale (2954.5s > 2.0s) -- holding at last known position via gravity compensation.
[pinn_controller_node-1] [WARN] [1785307231.799731257] [pinn_franka_controller]: Trajectory stale (2955.5s > 2.0s) -- holding at last known position via gravity compensation.
[pinn_controller_node-1] [WARN] [1785307232.800447604] [pinn_franka_controller]: Trajectory stale (2956.5s > 2.0s) -- holding at last known position via gravity compensation.
[pinn_controller_node-1] [WARN] [1785307233.801401193] [pinn_franka_controller]: Trajectory stale (2957.5s > 2.0s) -- holding at last known position via gravity compensation.
[pinn_controller_node-1] [WARN] [1785307234.801545032] [pinn_franka_controller]: Trajectory stale (2958.5s > 2.0s) -- holding at last known position via gravity compensation.
[pinn_controller_node-1] [WARN] [1785307235.801777240] [pinn_franka_controller]: Trajectory stale (2959.5s > 2.0s) -- holding at last known position via gravity compensation.
[pinn_controller_node-1] [WARN] [1785307236.802402394] [pinn_franka_controller]: Trajectory stale (2960.5s > 2.0s) -- holding at last known position via gravity compensation.
[pinn_controller_node-1] [WARN] [1785307237.802758241] [pinn_franka_controller]: Trajectory stale (2961.5s > 2.0s) -- holding at last known position via gravity compensation.
[pinn_controller_node-1] [WARN] [1785307238.803431762] [pinn_franka_controller]: Trajectory stale (2962.5s > 2.0s) -- holding at last known position via gravity compensation.
[pinn_controller_node-1] [WARN] [1785307239.803499000] [pinn_franka_controller]: Trajectory stale (2963.5s > 2.0s) -- holding at last known position via gravity compensation.
[pinn_controller_node-1] [WARN] [1785307240.804429654] [pinn_franka_controller]: Trajectory stale (2964.5s > 2.0s) -- holding at last known position via gravity compensation.
[pinn_controller_node-1] [WARN] [1785307241.804488918] [pinn_franka_controller]: Trajectory stale (2965.5s > 2.0s) -- holding at last known position via gravity compensation.
[pinn_controller_node-1] [WARN] [1785307242.804554454] [pinn_franka_controller]: Trajectory stale (2966.5s > 2.0s) -- holding at last known position via gravity compensation.
[pinn_controller_node-1] [WARN] [1785307243.804567772] [pinn_franka_controller]: Trajectory stale (2967.5s > 2.0s) -- holding at last known position via gravity compensation.
[pinn_controller_node-1] [WARN] [1785307244.805405124] [pinn_franka_controller]: Trajectory stale (2968.5s > 2.0s) -- holding at last known position via gravity compensation.
[pinn_controller_node-1] [WARN] [1785307245.805534583] [pinn_franka_controller]: Trajectory stale (2969.5s > 2.0s) -- holding at last known position via gravity compensation.
[pinn_controller_node-1] [WARN] [1785307246.805605485] [pinn_franka_controller]: Trajectory stale (2970.5s > 2.0s) -- holding at last known position via gravity compensation.
[pinn_controller_node-1] [WARN] [1785307247.806410748] [pinn_franka_controller]: Trajectory stale (2971.5s > 2.0s) -- holding at last known position via gravity compensation.
[pinn_controller_node-1] [WARN] [1785307248.806657000] [pinn_franka_controller]: Trajectory stale (2972.5s > 2.0s) -- holding at last known position via gravity compensation.
[pinn_controller_node-1] [WARN] [1785307249.807436544] [pinn_franka_controller]: Trajectory stale (2973.5s > 2.0s) -- holding at last known position via gravity compensation.
[pinn_controller_node-1] [WARN] [1785307250.807439128] [pinn_franka_controller]: Trajectory stale (2974.5s > 2.0s) -- holding at last known position via gravity compensation.
[pinn_controller_node-1] [WARN] [1785307251.808437637] [pinn_franka_controller]: Trajectory stale (2975.5s > 2.0s) -- holding at last known position via gravity compensation.
[pinn_controller_node-1] [WARN] [1785307252.808516433] [pinn_franka_controller]: Trajectory stale (2976.5s > 2.0s) -- holding at last known position via gravity compensation.
[pinn_controller_node-1] [WARN] [1785307253.808758663] [pinn_franka_controller]: Trajectory stale (2977.5s > 2.0s) -- holding at last known position via gravity compensation.
[pinn_controller_node-1] [WARN] [1785307254.808780732] [pinn_franka_controller]: Trajectory stale (2978.5s > 2.0s) -- holding at last known position via gravity compensation.
[pinn_controller_node-1] [WARN] [1785307255.809447444] [pinn_franka_controller]: Trajectory stale (2979.5s > 2.0s) -- holding at last known position via gravity compensation.
[pinn_controller_node-1] [WARN] [1785307256.809680525] [pinn_franka_controller]: Trajectory stale (2980.5s > 2.0s) -- holding at last known position via gravity compensation.
[pinn_controller_node-1] [WARN] [1785307257.809903614] [pinn_franka_controller]: Trajectory stale (2981.5s > 2.0s) -- holding at last known position via gravity compensation.
[pinn_controller_node-1] [WARN] [1785307258.810031586] [pinn_franka_controller]: Trajectory stale (2982.5s > 2.0s) -- holding at last known position via gravity compensation.
[pinn_controller_node-1] [WARN] [1785307259.810506049] [pinn_franka_controller]: Trajectory stale (2983.5s > 2.0s) -- holding at last known position via gravity compensation.
[pinn_controller_node-1] [WARN] [1785307260.811454509] [pinn_franka_controller]: Trajectory stale (2984.5s > 2.0s) -- holding at last known position via gravity compensation.
[pinn_controller_node-1] [WARN] [1785307261.811886806] [pinn_franka_controller]: Trajectory stale (2985.5s > 2.0s) -- holding at last known position via gravity compensation.
[pinn_controller_node-1] [WARN] [1785307262.812728595] [pinn_franka_controller]: Trajectory stale (2986.5s > 2.0s) -- holding at last known position via gravity compensation.
[pinn_controller_node-1] [WARN] [1785307263.812990694] [pinn_franka_controller]: Trajectory stale (2987.5s > 2.0s) -- holding at last known position via gravity compensation.
[pinn_controller_node-1] [WARN] [1785307264.813402799] [pinn_franka_controller]: Trajectory stale (2988.5s > 2.0s) -- holding at last known position via gravity compensation.
[pinn_controller_node-1] [WARN] [1785307265.813410717] [pinn_franka_controller]: Trajectory stale (2989.5s > 2.0s) -- holding at last known position via gravity compensation.
[pinn_controller_node-1] [WARN] [1785307266.814400725] [pinn_franka_controller]: Trajectory stale (2990.5s > 2.0s) -- holding at last known position via gravity compensation.
[pinn_controller_node-1] [WARN] [1785307267.814618699] [pinn_franka_controller]: Trajectory stale (2991.5s > 2.0s) -- holding at last known position via gravity compensation.
[pinn_controller_node-1] [WARN] [1785307268.815442711] [pinn_franka_controller]: Trajectory stale (2992.5s > 2.0s) -- holding at last known position via gravity compensation.
[pinn_controller_node-1] [WARN] [1785307269.815466464] [pinn_franka_controller]: Trajectory stale (2993.5s > 2.0s) -- holding at last known position via gravity compensation.
[pinn_controller_node-1] [WARN] [1785307270.815473103] [pinn_franka_controller]: Trajectory stale (2994.5s > 2.0s) -- holding at last known position via gravity compensation.
[pinn_controller_node-1] [WARN] [1785307271.815525421] [pinn_franka_controller]: Trajectory stale (2995.5s > 2.0s) -- holding at last known position via gravity compensation.
[pinn_controller_node-1] [WARN] [1785307272.815558784] [pinn_franka_controller]: Trajectory stale (2996.5s > 2.0s) -- holding at last known position via gravity compensation.
[pinn_controller_node-1] [WARN] [1785307273.815724946] [pinn_franka_controller]: Trajectory stale (2997.5s > 2.0s) -- holding at last known position via gravity compensation.
[pinn_controller_node-1] [WARN] [1785307274.816535191] [pinn_franka_controller]: Trajectory stale (2998.5s > 2.0s) -- holding at last known position via gravity compensation.
[pinn_controller_node-1] [WARN] [1785307275.816554032] [pinn_franka_controller]: Trajectory stale (2999.5s > 2.0s) -- holding at last known position via gravity compensation.
[pinn_controller_node-1] [WARN] [1785307276.817459129] [pinn_franka_controller]: Trajectory stale (3000.5s > 2.0s) -- holding at last known position via gravity compensation.
[pinn_controller_node-1] [WARN] [1785307277.817659791] [pinn_franka_controller]: Trajectory stale (3001.5s > 2.0s) -- holding at last known position via gravity compensation.
[pinn_controller_node-1] [WARN] [1785307278.817755091] [pinn_franka_controller]: Trajectory stale (3002.5s > 2.0s) -- holding at last known position via gravity compensation.
[pinn_controller_node-1] [WARN] [1785307279.818232439] [pinn_franka_controller]: Trajectory stale (3003.5s > 2.0s) -- holding at last known position via gravity compensation.
[pinn_controller_node-1] [WARN] [1785307280.819245257] [pinn_franka_controller]: Trajectory stale (3004.5s > 2.0s) -- holding at last known position via gravity compensation.
[pinn_controller_node-1] [WARN] [1785307281.819725393] [pinn_franka_controller]: Trajectory stale (3005.5s > 2.0s) -- holding at last known position via gravity compensation.
[pinn_controller_node-1] [WARN] [1785307282.820467891] [pinn_franka_controller]: Trajectory stale (3006.5s > 2.0s) -- holding at last known position via gravity compensation.
[pinn_controller_node-1] [WARN] [1785307283.821101756] [pinn_franka_controller]: Trajectory stale (3007.5s > 2.0s) -- holding at last known position via gravity compensation.
[pinn_controller_node-1] [WARN] [1785307284.821443040] [pinn_franka_controller]: Trajectory stale (3008.5s > 2.0s) -- holding at last known position via gravity compensation.
[pinn_controller_node-1] [WARN] [1785307285.821511722] [pinn_franka_controller]: Trajectory stale (3009.5s > 2.0s) -- holding at last known position via gravity compensation.
[pinn_controller_node-1] [WARN] [1785307286.822432217] [pinn_franka_controller]: Trajectory stale (3010.5s > 2.0s) -- holding at last known position via gravity compensation.
[pinn_controller_node-1] [WARN] [1785307287.822501194] [pinn_franka_controller]: Trajectory stale (3011.5s > 2.0s) -- holding at last known position via gravity compensation.
[pinn_controller_node-1] [WARN] [1785307288.823312640] [pinn_franka_controller]: Trajectory stale (3012.5s > 2.0s) -- holding at last known position via gravity compensation.
[pinn_controller_node-1] [WARN] [1785307289.823455140] [pinn_franka_controller]: Trajectory stale (3013.5s > 2.0s) -- holding at last known position via gravity compensation.
[pinn_controller_node-1] [WARN] [1785307290.824408151] [pinn_franka_controller]: Trajectory stale (3014.5s > 2.0s) -- holding at last known position via gravity compensation.
[pinn_controller_node-1] [WARN] [1785307291.824454994] [pinn_franka_controller]: Trajectory stale (3015.5s > 2.0s) -- holding at last known position via gravity compensation.
[pinn_controller_node-1] [WARN] [1785307292.824454933] [pinn_franka_controller]: Trajectory stale (3016.5s > 2.0s) -- holding at last known position via gravity compensation.
[pinn_controller_node-1] [WARN] [1785307293.825412286] [pinn_franka_controller]: Trajectory stale (3017.5s > 2.0s) -- holding at last known position via gravity compensation.
[pinn_controller_node-1] [WARN] [1785307294.826424976] [pinn_franka_controller]: Trajectory stale (3018.5s > 2.0s) -- holding at last known position via gravity compensation.
[pinn_controller_node-1] [WARN] [1785307295.827246620] [pinn_franka_controller]: Trajectory stale (3019.5s > 2.0s) -- holding at last known position via gravity compensation.
[pinn_controller_node-1] [WARN] [1785307296.827420168] [pinn_franka_controller]: Trajectory stale (3020.5s > 2.0s) -- holding at last known position via gravity compensation.
[pinn_controller_node-1] [WARN] [1785307297.828628619] [pinn_franka_controller]: Trajectory stale (3021.5s > 2.0s) -- holding at last known position via gravity compensation.
[pinn_controller_node-1] [WARN] [1785307298.829219415] [pinn_franka_controller]: Trajectory stale (3022.5s > 2.0s) -- holding at last known position via gravity compensation.
[pinn_controller_node-1] [WARN] [1785307299.829954892] [pinn_franka_controller]: Trajectory stale (3023.5s > 2.0s) -- holding at last known position via gravity compensation.
[pinn_controller_node-1] [WARN] [1785307300.830429188] [pinn_franka_controller]: Trajectory stale (3024.5s > 2.0s) -- holding at last known position via gravity compensation.
[pinn_controller_node-1] [WARN] [1785307301.830937242] [pinn_franka_controller]: Trajectory stale (3025.5s > 2.0s) -- holding at last known position via gravity compensation.
[pinn_controller_node-1] [WARN] [1785307302.831469464] [pinn_franka_controller]: Trajectory stale (3026.5s > 2.0s) -- holding at last known position via gravity compensation.
[pinn_controller_node-1] [WARN] [1785307303.832404996] [pinn_franka_controller]: Trajectory stale (3027.5s > 2.0s) -- holding at last known position via gravity compensation.
[pinn_controller_node-1] [WARN] [1785307304.832452739] [pinn_franka_controller]: Trajectory stale (3028.5s > 2.0s) -- holding at last known position via gravity compensation.
[pinn_controller_node-1] [WARN] [1785307305.833289048] [pinn_franka_controller]: Trajectory stale (3029.5s > 2.0s) -- holding at last known position via gravity compensation.
[pinn_controller_node-1] [WARN] [1785307306.833408594] [pinn_franka_controller]: Trajectory stale (3030.5s > 2.0s) -- holding at last known position via gravity compensation.
[pinn_controller_node-1] [WARN] [1785307307.833423406] [pinn_franka_controller]: Trajectory stale (3031.5s > 2.0s) -- holding at last known position via gravity compensation.
[pinn_controller_node-1] [WARN] [1785307308.834088447] [pinn_franka_controller]: Trajectory stale (3032.5s > 2.0s) -- holding at last known position via gravity compensation.
[pinn_controller_node-1] [WARN] [1785307309.834403901] [pinn_franka_controller]: Trajectory stale (3033.5s > 2.0s) -- holding at last known position via gravity compensation.
[pinn_controller_node-1] [WARN] [1785307310.835406152] [pinn_franka_controller]: Trajectory stale (3034.6s > 2.0s) -- holding at last known position via gravity compensation.
[pinn_controller_node-1] [WARN] [1785307311.835502460] [pinn_franka_controller]: Trajectory stale (3035.6s > 2.0s) -- holding at last known position via gravity compensation.
[pinn_controller_node-1] [WARN] [1785307312.835860212] [pinn_franka_controller]: Trajectory stale (3036.6s > 2.0s) -- holding at last known position via gravity compensation.
[pinn_controller_node-1] [WARN] [1785307313.836765980] [pinn_franka_controller]: Trajectory stale (3037.6s > 2.0s) -- holding at last known position via gravity compensation.
[pinn_controller_node-1] [WARN] [1785307314.837432606] [pinn_franka_controller]: Trajectory stale (3038.6s > 2.0s) -- holding at last known position via gravity compensation.
[pinn_controller_node-1] [WARN] [1785307315.837895797] [pinn_franka_controller]: Trajectory stale (3039.6s > 2.0s) -- holding at last known position via gravity compensation.
[pinn_controller_node-1] [WARN] [1785307316.838546441] [pinn_franka_controller]: Trajectory stale (3040.6s > 2.0s) -- holding at last known position via gravity compensation.
[pinn_controller_node-1] [WARN] [1785307317.838951297] [pinn_franka_controller]: Trajectory stale (3041.6s > 2.0s) -- holding at last known position via gravity compensation.
[pinn_controller_node-1] [WARN] [1785307318.839436579] [pinn_franka_controller]: Trajectory stale (3042.6s > 2.0s) -- holding at last known position via gravity compensation.
[pinn_controller_node-1] [WARN] [1785307319.839654970] [pinn_franka_controller]: Trajectory stale (3043.6s > 2.0s) -- holding at last known position via gravity compensation.
[pinn_controller_node-1] [WARN] [1785307320.840485760] [pinn_franka_controller]: Trajectory stale (3044.6s > 2.0s) -- holding at last known position via gravity compensation.
[pinn_controller_node-1] [WARN] [1785307321.841475496] [pinn_franka_controller]: Trajectory stale (3045.6s > 2.0s) -- holding at last known position via gravity compensation.
[pinn_controller_node-1] [WARN] [1785307322.842398164] [pinn_franka_controller]: Trajectory stale (3046.6s > 2.0s) -- holding at last known position via gravity compensation.
[pinn_controller_node-1] [WARN] [1785307323.842517627] [pinn_franka_controller]: Trajectory stale (3047.6s > 2.0s) -- holding at last known position via gravity compensation.
[pinn_controller_node-1] [WARN] [1785307324.842841062] [pinn_franka_controller]: Trajectory stale (3048.6s > 2.0s) -- holding at last known position via gravity compensation.
[pinn_controller_node-1] [WARN] [1785307325.842903241] [pinn_franka_controller]: Trajectory stale (3049.6s > 2.0s) -- holding at last known position via gravity compensation.
[pinn_controller_node-1] [WARN] [1785307326.843459207] [pinn_franka_controller]: Trajectory stale (3050.6s > 2.0s) -- holding at last known position via gravity compensation.
[pinn_controller_node-1] [WARN] [1785307327.844454534] [pinn_franka_controller]: Trajectory stale (3051.6s > 2.0s) -- holding at last known position via gravity compensation.
[pinn_controller_node-1] [WARN] [1785307328.844478062] [pinn_franka_controller]: Trajectory stale (3052.6s > 2.0s) -- holding at last known position via gravity compensation.
[pinn_controller_node-1] [WARN] [1785307329.845440487] [pinn_franka_controller]: Trajectory stale (3053.6s > 2.0s) -- holding at last known position via gravity compensation.
[pinn_controller_node-1] [WARN] [1785307330.845569323] [pinn_franka_controller]: Trajectory stale (3054.6s > 2.0s) -- holding at last known position via gravity compensation.
[pinn_controller_node-1] [WARN] [1785307331.845904188] [pinn_franka_controller]: Trajectory stale (3055.6s > 2.0s) -- holding at last known position via gravity compensation.
[pinn_controller_node-1] [WARN] [1785307332.846586041] [pinn_franka_controller]: Trajectory stale (3056.6s > 2.0s) -- holding at last known position via gravity compensation.
[pinn_controller_node-1] [WARN] [1785307333.846698600] [pinn_franka_controller]: Trajectory stale (3057.6s > 2.0s) -- holding at last known position via gravity compensation.
[pinn_controller_node-1] [WARN] [1785307334.847427482] [pinn_franka_controller]: Trajectory stale (3058.6s > 2.0s) -- holding at last known position via gravity compensation.
[pinn_controller_node-1] [WARN] [1785307335.848402942] [pinn_franka_controller]: Trajectory stale (3059.6s > 2.0s) -- holding at last known position via gravity compensation.
[pinn_controller_node-1] [WARN] [1785307336.848929742] [pinn_franka_controller]: Trajectory stale (3060.6s > 2.0s) -- holding at last known position via gravity compensation.
[pinn_controller_node-1] [WARN] [1785307337.849502378] [pinn_franka_controller]: Trajectory stale (3061.6s > 2.0s) -- holding at last known position via gravity compensation.
[pinn_controller_node-1] [WARN] [1785307338.850051654] [pinn_franka_controller]: Trajectory stale (3062.6s > 2.0s) -- holding at last known position via gravity compensation.
[pinn_controller_node-1] [WARN] [1785307339.850535231] [pinn_franka_controller]: Trajectory stale (3063.6s > 2.0s) -- holding at last known position via gravity compensation.
[pinn_controller_node-1] [WARN] [1785307340.851459081] [pinn_franka_controller]: Trajectory stale (3064.6s > 2.0s) -- holding at last known position via gravity compensation.
[pinn_controller_node-1] [WARN] [1785307341.852439612] [pinn_franka_controller]: Trajectory stale (3065.6s > 2.0s) -- holding at last known position via gravity compensation.
[pinn_controller_node-1] [WARN] [1785307342.852841625] [pinn_franka_controller]: Trajectory stale (3066.6s > 2.0s) -- holding at last known position via gravity compensation.
[pinn_controller_node-1] [WARN] [1785307343.853483701] [pinn_franka_controller]: Trajectory stale (3067.6s > 2.0s) -- holding at last known position via gravity compensation.
[pinn_controller_node-1] [WARN] [1785307344.854390574] [pinn_franka_controller]: Trajectory stale (3068.6s > 2.0s) -- holding at last known position via gravity compensation.
[pinn_controller_node-1] [WARN] [1785307345.855271557] [pinn_franka_controller]: Trajectory stale (3069.6s > 2.0s) -- holding at last known position via gravity compensation.
[pinn_controller_node-1] [WARN] [1785307346.855583895] [pinn_franka_controller]: Trajectory stale (3070.6s > 2.0s) -- holding at last known position via gravity compensation.
[pinn_controller_node-1] [WARN] [1785307347.856084196] [pinn_franka_controller]: Trajectory stale (3071.6s > 2.0s) -- holding at last known position via gravity compensation.
[pinn_controller_node-1] [WARN] [1785307348.856570530] [pinn_franka_controller]: Trajectory stale (3072.6s > 2.0s) -- holding at last known position via gravity compensation.
[pinn_controller_node-1] [WARN] [1785307349.857567431] [pinn_franka_controller]: Trajectory stale (3073.6s > 2.0s) -- holding at last known position via gravity compensation.
[pinn_controller_node-1] [WARN] [1785307350.858481881] [pinn_franka_controller]: Trajectory stale (3074.6s > 2.0s) -- holding at last known position via gravity compensation.
[pinn_controller_node-1] [WARN] [1785307351.858678304] [pinn_franka_controller]: Trajectory stale (3075.6s > 2.0s) -- holding at last known position via gravity compensation.
[pinn_controller_node-1] [WARN] [1785307352.859435706] [pinn_franka_controller]: Trajectory stale (3076.6s > 2.0s) -- holding at last known position via gravity compensation.
[pinn_controller_node-1] [WARN] [1785307353.859997118] [pinn_franka_controller]: Trajectory stale (3077.6s > 2.0s) -- holding at last known position via gravity compensation.
[pinn_controller_node-1] [WARN] [1785307354.860438311] [pinn_franka_controller]: Trajectory stale (3078.6s > 2.0s) -- holding at last known position via gravity compensation.
[pinn_controller_node-1] [WARN] [1785307355.861413666] [pinn_franka_controller]: Trajectory stale (3079.6s > 2.0s) -- holding at last known position via gravity compensation.
[pinn_controller_node-1] [WARN] [1785307356.861875122] [pinn_franka_controller]: Trajectory stale (3080.6s > 2.0s) -- holding at last known position via gravity compensation.
[pinn_controller_node-1] [WARN] [1785307357.862681268] [pinn_franka_controller]: Trajectory stale (3081.6s > 2.0s) -- holding at last known position via gravity compensation.
[pinn_controller_node-1] [WARN] [1785307358.863531712] [pinn_franka_controller]: Trajectory stale (3082.6s > 2.0s) -- holding at last known position via gravity compensation.
[pinn_controller_node-1] [WARN] [1785307359.863579865] [pinn_franka_controller]: Trajectory stale (3083.6s > 2.0s) -- holding at last known position via gravity compensation.
[pinn_controller_node-1] [WARN] [1785307360.864531294] [pinn_franka_controller]: Trajectory stale (3084.6s > 2.0s) -- holding at last known position via gravity compensation.
[pinn_controller_node-1] [WARN] [1785307361.865483816] [pinn_franka_controller]: Trajectory stale (3085.6s > 2.0s) -- holding at last known position via gravity compensation.
[pinn_controller_node-1] [WARN] [1785307362.866415417] [pinn_franka_controller]: Trajectory stale (3086.6s > 2.0s) -- holding at last known position via gravity compensation.
[pinn_controller_node-1] [WARN] [1785307363.866845391] [pinn_franka_controller]: Trajectory stale (3087.6s > 2.0s) -- holding at last known position via gravity compensation.
[pinn_controller_node-1] [WARN] [1785307364.867442417] [pinn_franka_controller]: Trajectory stale (3088.6s > 2.0s) -- holding at last known position via gravity compensation.
[pinn_controller_node-1] [WARN] [1785307365.867638866] [pinn_franka_controller]: Trajectory stale (3089.6s > 2.0s) -- holding at last known position via gravity compensation.
[pinn_controller_node-1] [WARN] [1785307366.867655857] [pinn_franka_controller]: Trajectory stale (3090.6s > 2.0s) -- holding at last known position via gravity compensation.
[pinn_controller_node-1] [WARN] [1785307367.868624243] [pinn_franka_controller]: Trajectory stale (3091.6s > 2.0s) -- holding at last known position via gravity compensation.
[pinn_controller_node-1] [WARN] [1785307368.869411150] [pinn_franka_controller]: Trajectory stale (3092.6s > 2.0s) -- holding at last known position via gravity compensation.
[pinn_controller_node-1] [WARN] [1785307369.869726495] [pinn_franka_controller]: Trajectory stale (3093.6s > 2.0s) -- holding at last known position via gravity compensation.
[pinn_controller_node-1] [WARN] [1785307370.870405553] [pinn_franka_controller]: Trajectory stale (3094.6s > 2.0s) -- holding at last known position via gravity compensation.
[pinn_controller_node-1] [WARN] [1785307371.870431520] [pinn_franka_controller]: Trajectory stale (3095.6s > 2.0s) -- holding at last known position via gravity compensation.
[pinn_controller_node-1] [WARN] [1785307372.871413608] [pinn_franka_controller]: Trajectory stale (3096.6s > 2.0s) -- holding at last known position via gravity compensation.
[pinn_controller_node-1] [WARN] [1785307373.871417833] [pinn_franka_controller]: Trajectory stale (3097.6s > 2.0s) -- holding at last known position via gravity compensation.
[pinn_controller_node-1] [WARN] [1785307374.871497664] [pinn_franka_controller]: Trajectory stale (3098.6s > 2.0s) -- holding at last known position via gravity compensation.
[pinn_controller_node-1] [WARN] [1785307375.872220995] [pinn_franka_controller]: Trajectory stale (3099.6s > 2.0s) -- holding at last known position via gravity compensation.
[pinn_controller_node-1] [WARN] [1785307376.872631079] [pinn_franka_controller]: Trajectory stale (3100.6s > 2.0s) -- holding at last known position via gravity compensation.
[pinn_controller_node-1] [WARN] [1785307377.873414671] [pinn_franka_controller]: Trajectory stale (3101.6s > 2.0s) -- holding at last known position via gravity compensation.
[pinn_controller_node-1] [WARN] [1785307378.873713082] [pinn_franka_controller]: Trajectory stale (3102.6s > 2.0s) -- holding at last known position via gravity compensation.
[pinn_controller_node-1] [WARN] [1785307379.874444942] [pinn_franka_controller]: Trajectory stale (3103.6s > 2.0s) -- holding at last known position via gravity compensation.
[pinn_controller_node-1] [WARN] [1785307380.875403412] [pinn_franka_controller]: Trajectory stale (3104.6s > 2.0s) -- holding at last known position via gravity compensation.
[pinn_controller_node-1] [WARN] [1785307381.875643052] [pinn_franka_controller]: Trajectory stale (3105.6s > 2.0s) -- holding at last known position via gravity compensation.
[pinn_controller_node-1] [WARN] [1785307382.876424797] [pinn_franka_controller]: Trajectory stale (3106.6s > 2.0s) -- holding at last known position via gravity compensation.
[pinn_controller_node-1] [WARN] [1785307383.876461224] [pinn_franka_controller]: Trajectory stale (3107.6s > 2.0s) -- holding at last known position via gravity compensation.
[pinn_controller_node-1] [WARN] [1785307384.877406528] [pinn_franka_controller]: Trajectory stale (3108.6s > 2.0s) -- holding at last known position via gravity compensation.
[pinn_controller_node-1] [WARN] [1785307385.877457687] [pinn_franka_controller]: Trajectory stale (3109.6s > 2.0s) -- holding at last known position via gravity compensation.
[pinn_controller_node-1] [WARN] [1785307386.877745140] [pinn_franka_controller]: Trajectory stale (3110.6s > 2.0s) -- holding at last known position via gravity compensation.
[pinn_controller_node-1] [WARN] [1785307387.878516935] [pinn_franka_controller]: Trajectory stale (3111.6s > 2.0s) -- holding at last known position via gravity compensation.
[pinn_controller_node-1] [INFO] [1785307388.062386636] [pinn_franka_controller]: Safe fallback re-latched after a teleport (world reset?) holding at q=[ 0.      0.      0.     -1.5709 -0.      1.5708 -0.7853] with gravity compensation + damped hold.
[pinn_controller_node-1] [WARN] [1785307388.879446429] [pinn_franka_controller]: Trajectory stale (3112.6s > 2.0s) -- holding at last known position via gravity compensation.
[pinn_controller_node-1] [WARN] [1785307389.879446942] [pinn_franka_controller]: Trajectory stale (3113.6s > 2.0s) -- holding at last known position via gravity compensation.
[pinn_controller_node-1] [WARN] [1785307390.880439011] [pinn_franka_controller]: Trajectory stale (3114.6s > 2.0s) -- holding at last known position via gravity compensation.
[pinn_controller_node-1] [WARN] [1785307391.880668730] [pinn_franka_controller]: Trajectory stale (3115.6s > 2.0s) -- holding at last known position via gravity compensation.
[pinn_controller_node-1] [WARN] [1785307392.881472936] [pinn_franka_controller]: Trajectory stale (3116.6s > 2.0s) -- holding at last known position via gravity compensation.
[pinn_controller_node-1] [WARN] [1785307393.882407606] [pinn_franka_controller]: Trajectory stale (3117.6s > 2.0s) -- holding at last known position via gravity compensation.
[pinn_controller_node-1] [WARN] [1785307394.882581422] [pinn_franka_controller]: Trajectory stale (3118.6s > 2.0s) -- holding at last known position via gravity compensation.
[pinn_controller_node-1] [WARN] [1785307395.882872975] [pinn_franka_controller]: Trajectory stale (3119.6s > 2.0s) -- holding at last known position via gravity compensation.
[pinn_controller_node-1] [WARN] [1785307396.883534870] [pinn_franka_controller]: Trajectory stale (3120.6s > 2.0s) -- holding at last known position via gravity compensation.
[pinn_controller_node-1] [WARN] [1785307397.884412556] [pinn_franka_controller]: Trajectory stale (3121.6s > 2.0s) -- holding at last known position via gravity compensation.
[pinn_controller_node-1] [WARN] [1785307398.885446929] [pinn_franka_controller]: Trajectory stale (3122.6s > 2.0s) -- holding at last known position via gravity compensation.
[pinn_controller_node-1] [WARN] [1785307399.886406593] [pinn_franka_controller]: Trajectory stale (3123.6s > 2.0s) -- holding at last known position via gravity compensation.
[pinn_controller_node-1] [WARN] [1785307400.886659852] [pinn_franka_controller]: Trajectory stale (3124.6s > 2.0s) -- holding at last known position via gravity compensation.
[pinn_controller_node-1] [WARN] [1785307401.887430696] [pinn_franka_controller]: Trajectory stale (3125.6s > 2.0s) -- holding at last known position via gravity compensation.
[pinn_controller_node-1] [WARN] [1785307402.888409195] [pinn_franka_controller]: Trajectory stale (3126.6s > 2.0s) -- holding at last known position via gravity compensation.
[pinn_controller_node-1] [WARN] [1785307403.888471605] [pinn_franka_controller]: Trajectory stale (3127.6s > 2.0s) -- holding at last known position via gravity compensation.
[pinn_controller_node-1] [WARN] [1785307404.889404632] [pinn_franka_controller]: Trajectory stale (3128.6s > 2.0s) -- holding at last known position via gravity compensation.
[pinn_controller_node-1] [WARN] [1785307405.890364816] [pinn_franka_controller]: Trajectory stale (3129.6s > 2.0s) -- holding at last known position via gravity compensation.
[pinn_controller_node-1] [WARN] [1785307406.890419513] [pinn_franka_controller]: Trajectory stale (3130.6s > 2.0s) -- holding at last known position via gravity compensation.
[pinn_controller_node-1] [WARN] [1785307407.890463624] [pinn_franka_controller]: Trajectory stale (3131.6s > 2.0s) -- holding at last known position via gravity compensation.
[pinn_controller_node-1] [WARN] [1785307408.890652506] [pinn_franka_controller]: Trajectory stale (3132.6s > 2.0s) -- holding at last known position via gravity compensation.
[pinn_controller_node-1] [WARN] [1785307409.891421938] [pinn_franka_controller]: Trajectory stale (3133.6s > 2.0s) -- holding at last known position via gravity compensation.
[pinn_controller_node-1] [WARN] [1785307410.892407428] [pinn_franka_controller]: Trajectory stale (3134.6s > 2.0s) -- holding at last known position via gravity compensation.
[pinn_controller_node-1] [WARN] [1785307411.893419978] [pinn_franka_controller]: Trajectory stale (3135.6s > 2.0s) -- holding at last known position via gravity compensation.
[pinn_controller_node-1] [INFO] [1785307411.965002580] [pinn_franka_controller]: New trajectory received with 14 points.
[pinn_controller_node-1] [INFO] [1785307411.965602931] [pinn_franka_controller]: [DEBUG e] j4: q_des=-1.5708 q_meas=-1.5709 e=+0.0000 qdot=-0.00000 | j6: q_des=+1.5708 q_meas=+1.5708 e=-0.0000 qdot=+0.00000 | j7: q_des=-0.7853 q_meas=-0.7853 e=-0.0000 qdot=+0.00000
[pinn_controller_node-1] [INFO] [1785307411.966455868] [pinn_franka_controller]: [DEBUG tau] j4: rnea=+22.543 res=-0.529 pd=+0.022 unclipped=+22.036 clipped=+22.036 | j6: rnea=+2.368 res=+0.181 pd=-0.010 unclipped=+2.539 clipped=+2.539 | j7: rnea=-0.001 res=-0.168 pd=-0.001 unclipped=-0.169 clipped=-0.169
[pinn_controller_node-1] [INFO] [1785307412.965862958] [pinn_franka_controller]: [DEBUG e] j4: q_des=-1.2208 q_meas=-1.2370 e=+0.0162 qdot=+0.27691 | j6: q_des=+1.3150 q_meas=+1.3421 e=-0.0271 qdot=-0.20739 | j7: q_des=-0.8323 q_meas=-0.8383 e=+0.0059 qdot=-0.05446
[pinn_controller_node-1] [INFO] [1785307412.966794150] [pinn_franka_controller]: [DEBUG tau] j4: rnea=+19.775 res=-0.657 pd=+0.807 unclipped=+19.924 clipped=+19.924 | j6: rnea=+2.270 res=+0.354 pd=-0.507 unclipped=+2.116 clipped=+2.116 | j7: rnea=+0.001 res=-0.218 pd=+0.174 unclipped=-0.043 clipped=-0.043
[pinn_controller_node-1] [INFO] [1785307413.256048227] [pinn_franka_controller]: New trajectory received with 1 points.
[pinn_controller_node-1] [INFO] [1785307413.530381425] [pinn_franka_controller]: New trajectory received with 14 points.
[pinn_controller_node-1] [INFO] [1785307413.966882438] [pinn_franka_controller]: [DEBUG e] j4: q_des=-1.1135 q_meas=-1.1292 e=+0.0157 qdot=+0.32703 | j6: q_des=+1.2823 q_meas=+1.2871 e=-0.0047 qdot=-0.10802 | j7: q_des=-0.7045 q_meas=-0.7519 e=+0.0474 qdot=+0.51325
[pinn_controller_node-1] [INFO] [1785307413.967810949] [pinn_franka_controller]: [DEBUG tau] j4: rnea=+19.764 res=-0.838 pd=+1.610 unclipped=+20.536 clipped=+20.536 | j6: rnea=+2.313 res=+0.027 pd=-0.172 unclipped=+2.168 clipped=+2.168 | j7: rnea=+0.010 res=-0.683 pd=+1.356 unclipped=+0.683 clipped=+0.683
[pinn_controller_node-1] [INFO] [1785307414.824022820] [pinn_franka_controller]: New trajectory received with 1 points.
[pinn_controller_node-1] [INFO] [1785307414.967403093] [pinn_franka_controller]: [DEBUG e] j4: q_des=-0.8515 q_meas=-0.8682 e=+0.0166 qdot=+0.00199 | j6: q_des=+1.2017 q_meas=+1.2079 e=-0.0062 qdot=+0.00322 | j7: q_des=-0.2448 q_meas=-0.3209 e=+0.0761 qdot=+0.05639
[pinn_controller_node-1] [INFO] [1785307414.968325205] [pinn_franka_controller]: [DEBUG tau] j4: rnea=+18.704 res=-0.726 pd=+0.931 unclipped=+18.909 clipped=+18.909 | j6: rnea=+2.317 res=+0.186 pd=-0.170 unclipped=+2.333 clipped=+2.333 | j7: rnea=-0.000 res=-0.348 pd=+0.396 unclipped=+0.048 clipped=+0.048
[pinn_controller_node-1] [INFO] [1785307415.967644285] [pinn_franka_controller]: [DEBUG e] j4: q_des=-0.8515 q_meas=-0.8637 e=+0.0121 qdot=-0.00020 | j6: q_des=+1.2017 q_meas=+1.2103 e=-0.0086 qdot=+0.00107 | j7: q_des=-0.2448 q_meas=-0.2890 e=+0.0442 qdot=+0.01578
[pinn_controller_node-1] [INFO] [1785307415.968568775] [pinn_franka_controller]: [DEBUG tau] j4: rnea=+18.642 res=-0.709 pd=+0.704 unclipped=+18.638 clipped=+18.638 | j6: rnea=+2.331 res=+0.205 pd=-0.205 unclipped=+2.331 clipped=+2.331 | j7: rnea=-0.000 res=-0.323 pd=+0.337 unclipped=+0.013 clipped=+0.013
[pinn_controller_node-1] [WARN] [1785307416.825451941] [pinn_franka_controller]: Trajectory stale (2.0s > 2.0s) -- holding at last known position via gravity compensation.
[pinn_controller_node-1] [INFO] [1785307416.826041124] [pinn_franka_controller]: Safe fallback engaged -- holding at q=[ 0.0112  0.3313 -0.0407 -0.8638  0.0106  1.2109 -0.2809] with gravity compensation + damped hold.
[pinn_controller_node-1] [INFO] [1785307417.343852392] [pinn_franka_controller]: New trajectory received with 25 points.
[pinn_controller_node-1] [INFO] [1785307417.344914894] [pinn_franka_controller]: [DEBUG e] j4: q_des=-0.8682 q_meas=-0.8637 e=-0.0044 qdot=-0.00003 | j6: q_des=+1.2074 q_meas=+1.2109 e=-0.0035 qdot=-0.00001 | j7: q_des=-0.3296 q_meas=-0.2808 e=-0.0488 qdot=-0.00010
[pinn_controller_node-1] [INFO] [1785307417.345812129] [pinn_franka_controller]: [DEBUG tau] j4: rnea=+18.519 res=-0.705 pd=-0.250 unclipped=+17.564 clipped=+17.564 | j6: rnea=+2.327 res=+0.216 pd=-0.082 unclipped=+2.461 clipped=+2.461 | j7: rnea=+0.002 res=-0.315 pd=-0.474 unclipped=-0.788 clipped=-0.788
[pinn_controller_node-1] [INFO] [1785307418.346207906] [pinn_franka_controller]: [DEBUG e] j4: q_des=-0.7555 q_meas=-0.7819 e=+0.0263 qdot=+0.19210 | j6: q_des=+1.1448 q_meas=+1.1580 e=-0.0132 qdot=-0.10584 | j7: q_des=-0.0324 q_meas=-0.0809 e=+0.0484 qdot=+0.45959
[pinn_controller_node-1] [INFO] [1785307418.347131335] [pinn_franka_controller]: [DEBUG tau] j4: rnea=+18.775 res=-1.386 pd=+1.622 unclipped=+19.011 clipped=+19.011 | j6: rnea=+2.204 res=+0.242 pd=-0.344 unclipped=+2.102 clipped=+2.102 | j7: rnea=+0.005 res=-0.411 pd=+0.882 unclipped=+0.476 clipped=+0.476
[pinn_controller_node-1] [WARN] [1785307419.345641652] [pinn_franka_controller]: Trajectory stale (2.0s > 2.0s) -- holding at last known position via gravity compensation.
[pinn_controller_node-1] [INFO] [1785307419.346219660] [pinn_franka_controller]: Safe fallback engaged -- holding at q=[-0.3426  0.5885  0.8262 -0.6164 -0.5856  1.0713  0.3347] with gravity compensation + damped hold.
[pinn_controller_node-1] [INFO] [1785307419.672082562] [pinn_franka_controller]: New trajectory received with 1 points.
[pinn_controller_node-1] [INFO] [1785307419.672595936] [pinn_franka_controller]: [DEBUG e] j4: q_des=-0.5788 q_meas=-0.6124 e=+0.0336 qdot=-0.00242 | j6: q_des=+1.0466 q_meas=+1.0711 e=-0.0246 qdot=+0.00016 | j7: q_des=+0.4336 q_meas=+0.3387 e=+0.0948 qdot=-0.00466
[pinn_controller_node-1] [INFO] [1785307419.673571118] [pinn_franka_controller]: [DEBUG tau] j4: rnea=+15.063 res=-1.218 pd=+1.977 unclipped=+15.823 clipped=+15.823 | j6: rnea=+2.255 res=+0.477 pd=-0.558 unclipped=+2.173 clipped=+2.173 | j7: rnea=+0.002 res=-0.402 pd=+0.964 unclipped=+0.565 clipped=+0.565
[pinn_controller_node-1] [INFO] [1785307420.673550655] [pinn_franka_controller]: [DEBUG e] j4: q_des=-0.5788 q_meas=-0.6006 e=+0.0218 qdot=+0.00155 | j6: q_des=+1.0466 q_meas=+1.0686 e=-0.0220 qdot=-0.00121 | j7: q_des=+0.4336 q_meas=+0.3792 e=+0.0544 qdot=+0.01891
[pinn_controller_node-1] [INFO] [1785307420.674476345] [pinn_franka_controller]: [DEBUG tau] j4: rnea=+14.564 res=-1.247 pd=+1.234 unclipped=+14.550 clipped=+14.550 | j6: rnea=+2.274 res=+0.483 pd=-0.487 unclipped=+2.270 clipped=+2.270 | j7: rnea=+0.002 res=-0.401 pd=+0.417 unclipped=+0.018 clipped=+0.018
[pinn_controller_node-1] [WARN] [1785307421.673809838] [pinn_franka_controller]: Trajectory stale (2.0s > 2.0s) -- holding at last known position via gravity compensation.
[pinn_controller_node-1] [INFO] [1785307421.674388492] [pinn_franka_controller]: Safe fallback engaged -- holding at q=[-0.3591  0.5995  0.8762 -0.6004 -0.636   1.0679  0.3896] with gravity compensation + damped hold.
[pinn_controller_node-1] [WARN] [1785307422.674441206] [pinn_franka_controller]: Trajectory stale (3.0s > 2.0s) -- holding at last known position via gravity compensation.
[pinn_controller_node-1] [WARN] [1785307423.674482294] [pinn_franka_controller]: Trajectory stale (4.0s > 2.0s) -- holding at last known position via gravity compensation.
[pinn_controller_node-1] [WARN] [1785307424.675408770] [pinn_franka_controller]: Trajectory stale (5.0s > 2.0s) -- holding at last known position via gravity compensation.
[pinn_controller_node-1] [WARN] [1785307425.675428456] [pinn_franka_controller]: Trajectory stale (6.0s > 2.0s) -- holding at last known position via gravity compensation.
[pinn_controller_node-1] [WARN] [1785307426.675580128] [pinn_franka_controller]: Trajectory stale (7.0s > 2.0s) -- holding at last known position via gravity compensation.
[pinn_controller_node-1] [WARN] [1785307427.676542931] [pinn_franka_controller]: Trajectory stale (8.0s > 2.0s) -- holding at last known position via gravity compensation.
[pinn_controller_node-1] [WARN] [1785307428.677410035] [pinn_franka_controller]: Trajectory stale (9.0s > 2.0s) -- holding at last known position via gravity compensation.
[pinn_controller_node-1] [WARN] [1785307429.677729738] [pinn_franka_controller]: Trajectory stale (10.0s > 2.0s) -- holding at last known position via gravity compensation.
[pinn_controller_node-1] [WARN] [1785307430.678403661] [pinn_franka_controller]: Trajectory stale (11.0s > 2.0s) -- holding at last known position via gravity compensation.
[pinn_controller_node-1] [WARN] [1785307431.678472251] [pinn_franka_controller]: Trajectory stale (12.0s > 2.0s) -- holding at last known position via gravity compensation.
[pinn_controller_node-1] [WARN] [1785307432.679404758] [pinn_franka_controller]: Trajectory stale (13.0s > 2.0s) -- holding at last known position via gravity compensation.
[pinn_controller_node-1] [WARN] [1785307433.679460153] [pinn_franka_controller]: Trajectory stale (14.0s > 2.0s) -- holding at last known position via gravity compensation.
[pinn_controller_node-1] [WARN] [1785307434.680407219] [pinn_franka_controller]: Trajectory stale (15.0s > 2.0s) -- holding at last known position via gravity compensation.
[pinn_controller_node-1] [WARN] [1785307435.680868385] [pinn_franka_controller]: Trajectory stale (16.0s > 2.0s) -- holding at last known position via gravity compensation.
[pinn_controller_node-1] [WARN] [1785307436.681568433] [pinn_franka_controller]: Trajectory stale (17.0s > 2.0s) -- holding at last known position via gravity compensation.
[pinn_controller_node-1] [WARN] [1785307437.681579913] [pinn_franka_controller]: Trajectory stale (18.0s > 2.0s) -- holding at last known position via gravity compensation.
[pinn_controller_node-1] [WARN] [1785307438.682441712] [pinn_franka_controller]: Trajectory stale (19.0s > 2.0s) -- holding at last known position via gravity compensation.
[pinn_controller_node-1] [WARN] [1785307439.682650656] [pinn_franka_controller]: Trajectory stale (20.0s > 2.0s) -- holding at last known position via gravity compensation.
[pinn_controller_node-1] [WARN] [1785307440.682757903] [pinn_franka_controller]: Trajectory stale (21.0s > 2.0s) -- holding at last known position via gravity compensation.
[pinn_controller_node-1] [WARN] [1785307441.683407596] [pinn_franka_controller]: Trajectory stale (22.0s > 2.0s) -- holding at last known position via gravity compensation.
[pinn_controller_node-1] [WARN] [1785307442.684424404] [pinn_franka_controller]: Trajectory stale (23.0s > 2.0s) -- holding at last known position via gravity compensation.
[pinn_controller_node-1] [WARN] [1785307443.684422635] [pinn_franka_controller]: Trajectory stale (24.0s > 2.0s) -- holding at last known position via gravity compensation.
[pinn_controller_node-1] [WARN] [1785307444.684544603] [pinn_franka_controller]: Trajectory stale (25.0s > 2.0s) -- holding at last known position via gravity compensation.
[pinn_controller_node-1] [WARN] [1785307445.685470376] [pinn_franka_controller]: Trajectory stale (26.0s > 2.0s) -- holding at last known position via gravity compensation.
[pinn_controller_node-1] [WARN] [1785307446.685685228] [pinn_franka_controller]: Trajectory stale (27.0s > 2.0s) -- holding at last known position via gravity compensation.
[pinn_controller_node-1] [WARN] [1785307447.686275391] [pinn_franka_controller]: Trajectory stale (28.0s > 2.0s) -- holding at last known position via gravity compensation.
[pinn_controller_node-1] [WARN] [1785307448.686543334] [pinn_franka_controller]: Trajectory stale (29.0s > 2.0s) -- holding at last known position via gravity compensation.
[pinn_controller_node-1] [WARN] [1785307449.687428582] [pinn_franka_controller]: Trajectory stale (30.0s > 2.0s) -- holding at last known position via gravity compensation.
[pinn_controller_node-1] [WARN] [1785307450.687700433] [pinn_franka_controller]: Trajectory stale (31.0s > 2.0s) -- holding at last known position via gravity compensation.
[pinn_controller_node-1] [WARN] [1785307451.688476520] [pinn_franka_controller]: Trajectory stale (32.0s > 2.0s) -- holding at last known position via gravity compensation.
[pinn_controller_node-1] [WARN] [1785307452.688607229] [pinn_franka_controller]: Trajectory stale (33.0s > 2.0s) -- holding at last known position via gravity compensation.
[pinn_controller_node-1] [WARN] [1785307453.689540304] [pinn_franka_controller]: Trajectory stale (34.0s > 2.0s) -- holding at last known position via gravity compensation.
[pinn_controller_node-1] [WARN] [1785307454.690422515] [pinn_franka_controller]: Trajectory stale (35.0s > 2.0s) -- holding at last known position via gravity compensation.
[pinn_controller_node-1] [WARN] [1785307455.690537570] [pinn_franka_controller]: Trajectory stale (36.0s > 2.0s) -- holding at last known position via gravity compensation.
[pinn_controller_node-1] [WARN] [1785307456.691420018] [pinn_franka_controller]: Trajectory stale (37.0s > 2.0s) -- holding at last known position via gravity compensation.
[pinn_controller_node-1] [WARN] [1785307457.692425714] [pinn_franka_controller]: Trajectory stale (38.0s > 2.0s) -- holding at last known position via gravity compensation.
[pinn_controller_node-1] [WARN] [1785307458.692745436] [pinn_franka_controller]: Trajectory stale (39.0s > 2.0s) -- holding at last known position via gravity compensation.
[pinn_controller_node-1] [WARN] [1785307459.693408827] [pinn_franka_controller]: Trajectory stale (40.0s > 2.0s) -- holding at last known position via gravity compensation.
[pinn_controller_node-1] [WARN] [1785307460.693418889] [pinn_franka_controller]: Trajectory stale (41.0s > 2.0s) -- holding at last known position via gravity compensation.
[pinn_controller_node-1] [WARN] [1785307461.694484289] [pinn_franka_controller]: Trajectory stale (42.0s > 2.0s) -- holding at last known position via gravity compensation.
[pinn_controller_node-1] [WARN] [1785307462.695201771] [pinn_franka_controller]: Trajectory stale (43.0s > 2.0s) -- holding at last known position via gravity compensation.
[pinn_controller_node-1] [WARN] [1785307463.695453946] [pinn_franka_controller]: Trajectory stale (44.0s > 2.0s) -- holding at last known position via gravity compensation.
[pinn_controller_node-1] [WARN] [1785307464.695862465] [pinn_franka_controller]: Trajectory stale (45.0s > 2.0s) -- holding at last known position via gravity compensation.
[pinn_controller_node-1] [WARN] [1785307465.696536615] [pinn_franka_controller]: Trajectory stale (46.0s > 2.0s) -- holding at last known position via gravity compensation.
[pinn_controller_node-1] [WARN] [1785307466.697413888] [pinn_franka_controller]: Trajectory stale (47.0s > 2.0s) -- holding at last known position via gravity compensation.
[pinn_controller_node-1] [WARN] [1785307467.697496206] [pinn_franka_controller]: Trajectory stale (48.0s > 2.0s) -- holding at last known position via gravity compensation.
[pinn_controller_node-1] [WARN] [1785307468.697622861] [pinn_franka_controller]: Trajectory stale (49.0s > 2.0s) -- holding at last known position via gravity compensation.
[pinn_controller_node-1] [WARN] [1785307469.698525507] [pinn_franka_controller]: Trajectory stale (50.0s > 2.0s) -- holding at last known position via gravity compensation.
[pinn_controller_node-1] [WARN] [1785307470.699402447] [pinn_franka_controller]: Trajectory stale (51.0s > 2.0s) -- holding at last known position via gravity compensation.
[pinn_controller_node-1] [WARN] [1785307471.699635005] [pinn_franka_controller]: Trajectory stale (52.0s > 2.0s) -- holding at last known position via gravity compensation.
[pinn_controller_node-1] [WARN] [1785307472.700412760] [pinn_franka_controller]: Trajectory stale (53.0s > 2.0s) -- holding at last known position via gravity compensation.
[pinn_controller_node-1] [WARN] [1785307473.700793961] [pinn_franka_controller]: Trajectory stale (54.0s > 2.0s) -- holding at last known position via gravity compensation.
[pinn_controller_node-1] [WARN] [1785307474.701465549] [pinn_franka_controller]: Trajectory stale (55.0s > 2.0s) -- holding at last known position via gravity compensation.
[pinn_controller_node-1] [WARN] [1785307475.702426012] [pinn_franka_controller]: Trajectory stale (56.0s > 2.0s) -- holding at last known position via gravity compensation.
[pinn_controller_node-1] [WARN] [1785307476.702756130] [pinn_franka_controller]: Trajectory stale (57.0s > 2.0s) -- holding at last known position via gravity compensation.
[pinn_controller_node-1] [WARN] [1785307477.703558012] [pinn_franka_controller]: Trajectory stale (58.0s > 2.0s) -- holding at last known position via gravity compensation.
[pinn_controller_node-1] [WARN] [1785307478.704434233] [pinn_franka_controller]: Trajectory stale (59.0s > 2.0s) -- holding at last known position via gravity compensation.
[pinn_controller_node-1] [WARN] [1785307479.704446453] [pinn_franka_controller]: Trajectory stale (60.0s > 2.0s) -- holding at last known position via gravity compensation.
[pinn_controller_node-1] [WARN] [1785307480.704458704] [pinn_franka_controller]: Trajectory stale (61.0s > 2.0s) -- holding at last known position via gravity compensation.
[pinn_controller_node-1] [WARN] [1785307481.705427757] [pinn_franka_controller]: Trajectory stale (62.0s > 2.0s) -- holding at last known position via gravity compensation.
[pinn_controller_node-1] [WARN] [1785307482.706529399] [pinn_franka_controller]: Trajectory stale (63.0s > 2.0s) -- holding at last known position via gravity compensation.
[pinn_controller_node-1] [WARN] [1785307483.706996771] [pinn_franka_controller]: Trajectory stale (64.0s > 2.0s) -- holding at last known position via gravity compensation.
[pinn_controller_node-1] [WARN] [1785307484.707458412] [pinn_franka_controller]: Trajectory stale (65.0s > 2.0s) -- holding at last known position via gravity compensation.
[pinn_controller_node-1] [WARN] [1785307485.708525745] [pinn_franka_controller]: Trajectory stale (66.0s > 2.0s) -- holding at last known position via gravity compensation.
[pinn_controller_node-1] [WARN] [1785307486.708546155] [pinn_franka_controller]: Trajectory stale (67.0s > 2.0s) -- holding at last known position via gravity compensation.
[pinn_controller_node-1] [WARN] [1785307487.708610851] [pinn_franka_controller]: Trajectory stale (68.0s > 2.0s) -- holding at last known position via gravity compensation.
[pinn_controller_node-1] [WARN] [1785307488.709419449] [pinn_franka_controller]: Trajectory stale (69.0s > 2.0s) -- holding at last known position via gravity compensation.
[pinn_controller_node-1] [WARN] [1785307489.709661666] [pinn_franka_controller]: Trajectory stale (70.0s > 2.0s) -- holding at last known position via gravity compensation.
[pinn_controller_node-1] [WARN] [1785307490.710591632] [pinn_franka_controller]: Trajectory stale (71.0s > 2.0s) -- holding at last known position via gravity compensation.
[pinn_controller_node-1] [WARN] [1785307491.711625342] [pinn_franka_controller]: Trajectory stale (72.0s > 2.0s) -- holding at last known position via gravity compensation.
[pinn_controller_node-1] [WARN] [1785307492.712467019] [pinn_franka_controller]: Trajectory stale (73.0s > 2.0s) -- holding at last known position via gravity compensation.
[pinn_controller_node-1] [WARN] [1785307493.713406176] [pinn_franka_controller]: Trajectory stale (74.0s > 2.0s) -- holding at last known position via gravity compensation.
[pinn_controller_node-1] [WARN] [1785307494.713414956] [pinn_franka_controller]: Trajectory stale (75.0s > 2.0s) -- holding at last known position via gravity compensation.
[pinn_controller_node-1] [WARN] [1785307495.713463214] [pinn_franka_controller]: Trajectory stale (76.0s > 2.0s) -- holding at last known position via gravity compensation.
[pinn_controller_node-1] [WARN] [1785307496.713524887] [pinn_franka_controller]: Trajectory stale (77.0s > 2.0s) -- holding at last known position via gravity compensation.
[pinn_controller_node-1] [WARN] [1785307497.714505033] [pinn_franka_controller]: Trajectory stale (78.0s > 2.0s) -- holding at last known position via gravity compensation.
[pinn_controller_node-1] [WARN] [1785307498.715436320] [pinn_franka_controller]: Trajectory stale (79.0s > 2.0s) -- holding at last known position via gravity compensation.
[pinn_controller_node-1] [WARN] [1785307499.716411808] [pinn_franka_controller]: Trajectory stale (80.0s > 2.0s) -- holding at last known position via gravity compensation.
[pinn_controller_node-1] [WARN] [1785307500.716431750] [pinn_franka_controller]: Trajectory stale (81.0s > 2.0s) -- holding at last known position via gravity compensation.
[pinn_controller_node-1] [WARN] [1785307501.716570197] [pinn_franka_controller]: Trajectory stale (82.0s > 2.0s) -- holding at last known position via gravity compensation.
[pinn_controller_node-1] [WARN] [1785307502.717430049] [pinn_franka_controller]: Trajectory stale (83.0s > 2.0s) -- holding at last known position via gravity compensation.
[pinn_controller_node-1] [WARN] [1785307503.717485966] [pinn_franka_controller]: Trajectory stale (84.0s > 2.0s) -- holding at last known position via gravity compensation.
[pinn_controller_node-1] [WARN] [1785307504.717845519] [pinn_franka_controller]: Trajectory stale (85.0s > 2.0s) -- holding at last known position via gravity compensation.
[pinn_controller_node-1] [WARN] [1785307505.718667681] [pinn_franka_controller]: Trajectory stale (86.0s > 2.0s) -- holding at last known position via gravity compensation.
[pinn_controller_node-1] [WARN] [1785307506.719431732] [pinn_franka_controller]: Trajectory stale (87.0s > 2.0s) -- holding at last known position via gravity compensation.
[pinn_controller_node-1] [WARN] [1785307507.719662746] [pinn_franka_controller]: Trajectory stale (88.0s > 2.0s) -- holding at last known position via gravity compensation.
[pinn_controller_node-1] [WARN] [1785307508.720439968] [pinn_franka_controller]: Trajectory stale (89.0s > 2.0s) -- holding at last known position via gravity compensation.
[pinn_controller_node-1] [WARN] [1785307509.720579947] [pinn_franka_controller]: Trajectory stale (90.0s > 2.0s) -- holding at last known position via gravity compensation.
[pinn_controller_node-1] [WARN] [1785307510.721419299] [pinn_franka_controller]: Trajectory stale (91.0s > 2.0s) -- holding at last known position via gravity compensation.
[pinn_controller_node-1] [WARN] [1785307511.721596288] [pinn_franka_controller]: Trajectory stale (92.0s > 2.0s) -- holding at last known position via gravity compensation.
[pinn_controller_node-1] [WARN] [1785307512.722425368] [pinn_franka_controller]: Trajectory stale (93.1s > 2.0s) -- holding at last known position via gravity compensation.
[pinn_controller_node-1] [WARN] [1785307513.723173439] [pinn_franka_controller]: Trajectory stale (94.1s > 2.0s) -- holding at last known position via gravity compensation.
[pinn_controller_node-1] [WARN] [1785307514.723299074] [pinn_franka_controller]: Trajectory stale (95.1s > 2.0s) -- holding at last known position via gravity compensation.
[pinn_controller_node-1] [WARN] [1785307515.723455607] [pinn_franka_controller]: Trajectory stale (96.1s > 2.0s) -- holding at last known position via gravity compensation.
[pinn_controller_node-1] [WARN] [1785307516.723769241] [pinn_franka_controller]: Trajectory stale (97.1s > 2.0s) -- holding at last known position via gravity compensation.
[pinn_controller_node-1] [WARN] [1785307517.724569825] [pinn_franka_controller]: Trajectory stale (98.1s > 2.0s) -- holding at last known position via gravity compensation.
[pinn_controller_node-1] [WARN] [1785307518.725470465] [pinn_franka_controller]: Trajectory stale (99.1s > 2.0s) -- holding at last known position via gravity compensation.
[pinn_controller_node-1] [WARN] [1785307519.725482380] [pinn_franka_controller]: Trajectory stale (100.1s > 2.0s) -- holding at last known position via gravity compensation.
[pinn_controller_node-1] [WARN] [1785307520.726406558] [pinn_franka_controller]: Trajectory stale (101.1s > 2.0s) -- holding at last known position via gravity compensation.
[pinn_controller_node-1] [WARN] [1785307521.727095885] [pinn_franka_controller]: Trajectory stale (102.1s > 2.0s) -- holding at last known position via gravity compensation.
[pinn_controller_node-1] [WARN] [1785307522.727745341] [pinn_franka_controller]: Trajectory stale (103.1s > 2.0s) -- holding at last known position via gravity compensation.
[pinn_controller_node-1] [WARN] [1785307523.728598981] [pinn_franka_controller]: Trajectory stale (104.1s > 2.0s) -- holding at last known position via gravity compensation.
[pinn_controller_node-1] [WARN] [1785307524.728708831] [pinn_franka_controller]: Trajectory stale (105.1s > 2.0s) -- holding at last known position via gravity compensation.
[pinn_controller_node-1] [WARN] [1785307525.729432585] [pinn_franka_controller]: Trajectory stale (106.1s > 2.0s) -- holding at last known position via gravity compensation.
[pinn_controller_node-1] [WARN] [1785307526.729603128] [pinn_franka_controller]: Trajectory stale (107.1s > 2.0s) -- holding at last known position via gravity compensation.
[pinn_controller_node-1] [WARN] [1785307527.730485386] [pinn_franka_controller]: Trajectory stale (108.1s > 2.0s) -- holding at last known position via gravity compensation.
[pinn_controller_node-1] [WARN] [1785307528.730798354] [pinn_franka_controller]: Trajectory stale (109.1s > 2.0s) -- holding at last known position via gravity compensation.
[pinn_controller_node-1] [WARN] [1785307529.731604284] [pinn_franka_controller]: Trajectory stale (110.1s > 2.0s) -- holding at last known position via gravity compensation.
[pinn_controller_node-1] [WARN] [1785307530.732418355] [pinn_franka_controller]: Trajectory stale (111.1s > 2.0s) -- holding at last known position via gravity compensation.
[pinn_controller_node-1] [WARN] [1785307531.732521315] [pinn_franka_controller]: Trajectory stale (112.1s > 2.0s) -- holding at last known position via gravity compensation.
[pinn_controller_node-1] [WARN] [1785307532.732795450] [pinn_franka_controller]: Trajectory stale (113.1s > 2.0s) -- holding at last known position via gravity compensation.
[pinn_controller_node-1] [WARN] [1785307533.733466469] [pinn_franka_controller]: Trajectory stale (114.1s > 2.0s) -- holding at last known position via gravity compensation.
[pinn_controller_node-1] [WARN] [1785307534.734406535] [pinn_franka_controller]: Trajectory stale (115.1s > 2.0s) -- holding at last known position via gravity compensation.
[pinn_controller_node-1] [WARN] [1785307535.734971519] [pinn_franka_controller]: Trajectory stale (116.1s > 2.0s) -- holding at last known position via gravity compensation.
[pinn_controller_node-1] [WARN] [1785307536.735405142] [pinn_franka_controller]: Trajectory stale (117.1s > 2.0s) -- holding at last known position via gravity compensation.
[pinn_controller_node-1] [WARN] [1785307537.736023903] [pinn_franka_controller]: Trajectory stale (118.1s > 2.0s) -- holding at last known position via gravity compensation.
[pinn_controller_node-1] [WARN] [1785307538.737296794] [pinn_franka_controller]: Trajectory stale (119.1s > 2.0s) -- holding at last known position via gravity compensation.
[pinn_controller_node-1] [WARN] [1785307539.737692720] [pinn_franka_controller]: Trajectory stale (120.1s > 2.0s) -- holding at last known position via gravity compensation.
[pinn_controller_node-1] [WARN] [1785307540.737881539] [pinn_franka_controller]: Trajectory stale (121.1s > 2.0s) -- holding at last known position via gravity compensation.
[pinn_controller_node-1] [WARN] [1785307541.737965117] [pinn_franka_controller]: Trajectory stale (122.1s > 2.0s) -- holding at last known position via gravity compensation.
[pinn_controller_node-1] [WARN] [1785307542.738415321] [pinn_franka_controller]: Trajectory stale (123.1s > 2.0s) -- holding at last known position via gravity compensation.
[pinn_controller_node-1] [WARN] [1785307543.739414199] [pinn_franka_controller]: Trajectory stale (124.1s > 2.0s) -- holding at last known position via gravity compensation.
[pinn_controller_node-1] [WARN] [1785307544.739423204] [pinn_franka_controller]: Trajectory stale (125.1s > 2.0s) -- holding at last known position via gravity compensation.
[pinn_controller_node-1] [WARN] [1785307545.739592025] [pinn_franka_controller]: Trajectory stale (126.1s > 2.0s) -- holding at last known position via gravity compensation.
[pinn_controller_node-1] [WARN] [1785307546.739978611] [pinn_franka_controller]: Trajectory stale (127.1s > 2.0s) -- holding at last known position via gravity compensation.
[pinn_controller_node-1] [WARN] [1785307547.740585548] [pinn_franka_controller]: Trajectory stale (128.1s > 2.0s) -- holding at last known position via gravity compensation.
[pinn_controller_node-1] [WARN] [1785307548.740770682] [pinn_franka_controller]: Trajectory stale (129.1s > 2.0s) -- holding at last known position via gravity compensation.
[pinn_controller_node-1] [WARN] [1785307549.741709740] [pinn_franka_controller]: Trajectory stale (130.1s > 2.0s) -- holding at last known position via gravity compensation.
[pinn_controller_node-1] [WARN] [1785307550.742411359] [pinn_franka_controller]: Trajectory stale (131.1s > 2.0s) -- holding at last known position via gravity compensation.
[pinn_controller_node-1] [WARN] [1785307551.742625635] [pinn_franka_controller]: Trajectory stale (132.1s > 2.0s) -- holding at last known position via gravity compensation.
[pinn_controller_node-1] [WARN] [1785307552.743441794] [pinn_franka_controller]: Trajectory stale (133.1s > 2.0s) -- holding at last known position via gravity compensation.
[pinn_controller_node-1] [WARN] [1785307553.743452579] [pinn_franka_controller]: Trajectory stale (134.1s > 2.0s) -- holding at last known position via gravity compensation.
[pinn_controller_node-1] [WARN] [1785307554.743479146] [pinn_franka_controller]: Trajectory stale (135.1s > 2.0s) -- holding at last known position via gravity compensation.
[pinn_controller_node-1] [WARN] [1785307555.744413293] [pinn_franka_controller]: Trajectory stale (136.1s > 2.0s) -- holding at last known position via gravity compensation.
[pinn_controller_node-1] [WARN] [1785307556.744489433] [pinn_franka_controller]: Trajectory stale (137.1s > 2.0s) -- holding at last known position via gravity compensation.
[pinn_controller_node-1] [WARN] [1785307557.745401310] [pinn_franka_controller]: Trajectory stale (138.1s > 2.0s) -- holding at last known position via gravity compensation.
[pinn_controller_node-1] [WARN] [1785307558.745455733] [pinn_franka_controller]: Trajectory stale (139.1s > 2.0s) -- holding at last known position via gravity compensation.
[pinn_controller_node-1] [WARN] [1785307559.746407843] [pinn_franka_controller]: Trajectory stale (140.1s > 2.0s) -- holding at last known position via gravity compensation.
[pinn_controller_node-1] [WARN] [1785307560.746415634] [pinn_franka_controller]: Trajectory stale (141.1s > 2.0s) -- holding at last known position via gravity compensation.
[pinn_controller_node-1] [WARN] [1785307561.747455152] [pinn_franka_controller]: Trajectory stale (142.1s > 2.0s) -- holding at last known position via gravity compensation.
[pinn_controller_node-1] [WARN] [1785307562.748612572] [pinn_franka_controller]: Trajectory stale (143.1s > 2.0s) -- holding at last known position via gravity compensation.
[pinn_controller_node-1] [WARN] [1785307563.748900337] [pinn_franka_controller]: Trajectory stale (144.1s > 2.0s) -- holding at last known position via gravity compensation.
[pinn_controller_node-1] [WARN] [1785307564.749695792] [pinn_franka_controller]: Trajectory stale (145.1s > 2.0s) -- holding at last known position via gravity compensation.
[pinn_controller_node-1] [WARN] [1785307565.750459570] [pinn_franka_controller]: Trajectory stale (146.1s > 2.0s) -- holding at last known position via gravity compensation.
[pinn_controller_node-1] [WARN] [1785307566.751411011] [pinn_franka_controller]: Trajectory stale (147.1s > 2.0s) -- holding at last known position via gravity compensation.
[pinn_controller_node-1] [WARN] [1785307567.751412214] [pinn_franka_controller]: Trajectory stale (148.1s > 2.0s) -- holding at last known position via gravity compensation.
[pinn_controller_node-1] [WARN] [1785307568.751663538] [pinn_franka_controller]: Trajectory stale (149.1s > 2.0s) -- holding at last known position via gravity compensation.
[pinn_controller_node-1] [WARN] [1785307569.751682738] [pinn_franka_controller]: Trajectory stale (150.1s > 2.0s) -- holding at last known position via gravity compensation.
[pinn_controller_node-1] [WARN] [1785307570.752408263] [pinn_franka_controller]: Trajectory stale (151.1s > 2.0s) -- holding at last known position via gravity compensation.
[pinn_controller_node-1] [WARN] [1785307571.753438317] [pinn_franka_controller]: Trajectory stale (152.1s > 2.0s) -- holding at last known position via gravity compensation.
[pinn_controller_node-1] [WARN] [1785307572.753516762] [pinn_franka_controller]: Trajectory stale (153.1s > 2.0s) -- holding at last known position via gravity compensation.
[pinn_controller_node-1] [WARN] [1785307573.754404667] [pinn_franka_controller]: Trajectory stale (154.1s > 2.0s) -- holding at last known position via gravity compensation.
[pinn_controller_node-1] [WARN] [1785307574.754660137] [pinn_franka_controller]: Trajectory stale (155.1s > 2.0s) -- holding at last known position via gravity compensation.
[pinn_controller_node-1] [WARN] [1785307575.755403339] [pinn_franka_controller]: Trajectory stale (156.1s > 2.0s) -- holding at last known position via gravity compensation.
[pinn_controller_node-1] [WARN] [1785307576.755416901] [pinn_franka_controller]: Trajectory stale (157.1s > 2.0s) -- holding at last known position via gravity compensation.
[pinn_controller_node-1] [WARN] [1785307577.755426148] [pinn_franka_controller]: Trajectory stale (158.1s > 2.0s) -- holding at last known position via gravity compensation.
[pinn_controller_node-1] [WARN] [1785307578.756402132] [pinn_franka_controller]: Trajectory stale (159.1s > 2.0s) -- holding at last known position via gravity compensation.
[pinn_controller_node-1] [WARN] [1785307579.756424596] [pinn_franka_controller]: Trajectory stale (160.1s > 2.0s) -- holding at last known position via gravity compensation.
[pinn_controller_node-1] [WARN] [1785307580.757412940] [pinn_franka_controller]: Trajectory stale (161.1s > 2.0s) -- holding at last known position via gravity compensation.
[pinn_controller_node-1] [WARN] [1785307581.758364474] [pinn_franka_controller]: Trajectory stale (162.1s > 2.0s) -- holding at last known position via gravity compensation.
[pinn_controller_node-1] [WARN] [1785307582.758430114] [pinn_franka_controller]: Trajectory stale (163.1s > 2.0s) -- holding at last known position via gravity compensation.
[pinn_controller_node-1] [WARN] [1785307583.758587934] [pinn_franka_controller]: Trajectory stale (164.1s > 2.0s) -- holding at last known position via gravity compensation.
[pinn_controller_node-1] [WARN] [1785307584.758736310] [pinn_franka_controller]: Trajectory stale (165.1s > 2.0s) -- holding at last known position via gravity compensation.
[pinn_controller_node-1] [WARN] [1785307585.759579766] [pinn_franka_controller]: Trajectory stale (166.1s > 2.0s) -- holding at last known position via gravity compensation.
[pinn_controller_node-1] [WARN] [1785307586.760541644] [pinn_franka_controller]: Trajectory stale (167.1s > 2.0s) -- holding at last known position via gravity compensation.
[pinn_controller_node-1] [WARN] [1785307587.760700365] [pinn_franka_controller]: Trajectory stale (168.1s > 2.0s) -- holding at last known position via gravity compensation.
[pinn_controller_node-1] [WARN] [1785307588.761483802] [pinn_franka_controller]: Trajectory stale (169.1s > 2.0s) -- holding at last known position via gravity compensation.
[pinn_controller_node-1] [WARN] [1785307589.761530033] [pinn_franka_controller]: Trajectory stale (170.1s > 2.0s) -- holding at last known position via gravity compensation.
[pinn_controller_node-1] [WARN] [1785307590.761834645] [pinn_franka_controller]: Trajectory stale (171.1s > 2.0s) -- holding at last known position via gravity compensation.
[pinn_controller_node-1] [WARN] [1785307591.762379731] [pinn_franka_controller]: Trajectory stale (172.1s > 2.0s) -- holding at last known position via gravity compensation.
[pinn_controller_node-1] [WARN] [1785307592.762404531] [pinn_franka_controller]: Trajectory stale (173.1s > 2.0s) -- holding at last known position via gravity compensation.
[pinn_controller_node-1] [WARN] [1785307593.762446110] [pinn_franka_controller]: Trajectory stale (174.1s > 2.0s) -- holding at last known position via gravity compensation.
[pinn_controller_node-1] [WARN] [1785307594.763460691] [pinn_franka_controller]: Trajectory stale (175.1s > 2.0s) -- holding at last known position via gravity compensation.
[pinn_controller_node-1] [WARN] [1785307595.764412528] [pinn_franka_controller]: Trajectory stale (176.1s > 2.0s) -- holding at last known position via gravity compensation.
[pinn_controller_node-1] [WARN] [1785307596.765402276] [pinn_franka_controller]: Trajectory stale (177.1s > 2.0s) -- holding at last known position via gravity compensation.
[pinn_controller_node-1] [WARN] [1785307597.765413802] [pinn_franka_controller]: Trajectory stale (178.1s > 2.0s) -- holding at last known position via gravity compensation.
[pinn_controller_node-1] [WARN] [1785307598.765528865] [pinn_franka_controller]: Trajectory stale (179.1s > 2.0s) -- holding at last known position via gravity compensation.
[pinn_controller_node-1] [WARN] [1785307599.766431563] [pinn_franka_controller]: Trajectory stale (180.1s > 2.0s) -- holding at last known position via gravity compensation.
[pinn_controller_node-1] [WARN] [1785307600.766529190] [pinn_franka_controller]: Trajectory stale (181.1s > 2.0s) -- holding at last known position via gravity compensation.
[pinn_controller_node-1] [WARN] [1785307601.767454086] [pinn_franka_controller]: Trajectory stale (182.1s > 2.0s) -- holding at last known position via gravity compensation.
[pinn_controller_node-1] [WARN] [1785307602.767822599] [pinn_franka_controller]: Trajectory stale (183.1s > 2.0s) -- holding at last known position via gravity compensation.
[pinn_controller_node-1] [WARN] [1785307603.768448056] [pinn_franka_controller]: Trajectory stale (184.1s > 2.0s) -- holding at last known position via gravity compensation.
[pinn_controller_node-1] [WARN] [1785307604.768467023] [pinn_franka_controller]: Trajectory stale (185.1s > 2.0s) -- holding at last known position via gravity compensation.
[pinn_controller_node-1] [WARN] [1785307605.769695204] [pinn_franka_controller]: Trajectory stale (186.1s > 2.0s) -- holding at last known position via gravity compensation.
[pinn_controller_node-1] [WARN] [1785307606.770419174] [pinn_franka_controller]: Trajectory stale (187.1s > 2.0s) -- holding at last known position via gravity compensation.
[pinn_controller_node-1] [WARN] [1785307607.770476126] [pinn_franka_controller]: Trajectory stale (188.1s > 2.0s) -- holding at last known position via gravity compensation.
[pinn_controller_node-1] [WARN] [1785307608.771415536] [pinn_franka_controller]: Trajectory stale (189.1s > 2.0s) -- holding at last known position via gravity compensation.
[pinn_controller_node-1] [WARN] [1785307609.771502522] [pinn_franka_controller]: Trajectory stale (190.1s > 2.0s) -- holding at last known position via gravity compensation.
[pinn_controller_node-1] [WARN] [1785307610.772447783] [pinn_franka_controller]: Trajectory stale (191.1s > 2.0s) -- holding at last known position via gravity compensation.
[pinn_controller_node-1] [WARN] [1785307611.773402291] [pinn_franka_controller]: Trajectory stale (192.1s > 2.0s) -- holding at last known position via gravity compensation.
[pinn_controller_node-1] [WARN] [1785307612.773459926] [pinn_franka_controller]: Trajectory stale (193.1s > 2.0s) -- holding at last known position via gravity compensation.
[pinn_controller_node-1] [WARN] [1785307613.774450514] [pinn_franka_controller]: Trajectory stale (194.1s > 2.0s) -- holding at last known position via gravity compensation.
[pinn_controller_node-1] [WARN] [1785307614.774830304] [pinn_franka_controller]: Trajectory stale (195.1s > 2.0s) -- holding at last known position via gravity compensation.
[pinn_controller_node-1] [WARN] [1785307615.775689042] [pinn_franka_controller]: Trajectory stale (196.1s > 2.0s) -- holding at last known position via gravity compensation.
[pinn_controller_node-1] [WARN] [1785307616.776484553] [pinn_franka_controller]: Trajectory stale (197.1s > 2.0s) -- holding at last known position via gravity compensation.
[pinn_controller_node-1] [WARN] [1785307617.776754013] [pinn_franka_controller]: Trajectory stale (198.1s > 2.0s) -- holding at last known position via gravity compensation.
[pinn_controller_node-1] [WARN] [1785307618.777620962] [pinn_franka_controller]: Trajectory stale (199.1s > 2.0s) -- holding at last known position via gravity compensation.
[pinn_controller_node-1] [WARN] [1785307619.777722311] [pinn_franka_controller]: Trajectory stale (200.1s > 2.0s) -- holding at last known position via gravity compensation.
[pinn_controller_node-1] [WARN] [1785307620.778757977] [pinn_franka_controller]: Trajectory stale (201.1s > 2.0s) -- holding at last known position via gravity compensation.
[pinn_controller_node-1] [WARN] [1785307621.778917797] [pinn_franka_controller]: Trajectory stale (202.1s > 2.0s) -- holding at last known position via gravity compensation.
[pinn_controller_node-1] [WARN] [1785307622.779844682] [pinn_franka_controller]: Trajectory stale (203.1s > 2.0s) -- holding at last known position via gravity compensation.
[pinn_controller_node-1] [WARN] [1785307623.780381099] [pinn_franka_controller]: Trajectory stale (204.1s > 2.0s) -- holding at last known position via gravity compensation.
[pinn_controller_node-1] [WARN] [1785307624.780712542] [pinn_franka_controller]: Trajectory stale (205.1s > 2.0s) -- holding at last known position via gravity compensation.
[pinn_controller_node-1] [WARN] [1785307625.781437873] [pinn_franka_controller]: Trajectory stale (206.1s > 2.0s) -- holding at last known position via gravity compensation.
[pinn_controller_node-1] [WARN] [1785307626.782403272] [pinn_franka_controller]: Trajectory stale (207.1s > 2.0s) -- holding at last known position via gravity compensation.
[pinn_controller_node-1] [WARN] [1785307627.782563924] [pinn_franka_controller]: Trajectory stale (208.1s > 2.0s) -- holding at last known position via gravity compensation.
[pinn_controller_node-1] [WARN] [1785307628.783827220] [pinn_franka_controller]: Trajectory stale (209.1s > 2.0s) -- holding at last known position via gravity compensation.
[pinn_controller_node-1] [WARN] [1785307629.784454688] [pinn_franka_controller]: Trajectory stale (210.1s > 2.0s) -- holding at last known position via gravity compensation.
[pinn_controller_node-1] [WARN] [1785307630.785409007] [pinn_franka_controller]: Trajectory stale (211.1s > 2.0s) -- holding at last known position via gravity compensation.
[pinn_controller_node-1] [WARN] [1785307631.785521466] [pinn_franka_controller]: Trajectory stale (212.1s > 2.0s) -- holding at last known position via gravity compensation.
[pinn_controller_node-1] [WARN] [1785307632.786417492] [pinn_franka_controller]: Trajectory stale (213.1s > 2.0s) -- holding at last known position via gravity compensation.
[pinn_controller_node-1] [WARN] [1785307633.786566623] [pinn_franka_controller]: Trajectory stale (214.1s > 2.0s) -- holding at last known position via gravity compensation.
[pinn_controller_node-1] [WARN] [1785307634.787405218] [pinn_franka_controller]: Trajectory stale (215.1s > 2.0s) -- holding at last known position via gravity compensation.
[pinn_controller_node-1] [WARN] [1785307635.788042888] [pinn_franka_controller]: Trajectory stale (216.1s > 2.0s) -- holding at last known position via gravity compensation.
[pinn_controller_node-1] [WARN] [1785307636.788438459] [pinn_franka_controller]: Trajectory stale (217.1s > 2.0s) -- holding at last known position via gravity compensation.
[pinn_controller_node-1] [WARN] [1785307637.788712979] [pinn_franka_controller]: Trajectory stale (218.1s > 2.0s) -- holding at last known position via gravity compensation.
[pinn_controller_node-1] [WARN] [1785307638.789417243] [pinn_franka_controller]: Trajectory stale (219.1s > 2.0s) -- holding at last known position via gravity compensation.
[pinn_controller_node-1] [WARN] [1785307639.789433009] [pinn_franka_controller]: Trajectory stale (220.1s > 2.0s) -- holding at last known position via gravity compensation.
[pinn_controller_node-1] [WARN] [1785307640.789448899] [pinn_franka_controller]: Trajectory stale (221.1s > 2.0s) -- holding at last known position via gravity compensation.
[pinn_controller_node-1] [WARN] [1785307641.790244460] [pinn_franka_controller]: Trajectory stale (222.1s > 2.0s) -- holding at last known position via gravity compensation.
[pinn_controller_node-1] [WARN] [1785307642.790489560] [pinn_franka_controller]: Trajectory stale (223.1s > 2.0s) -- holding at last known position via gravity compensation.
[pinn_controller_node-1] [WARN] [1785307643.790709213] [pinn_franka_controller]: Trajectory stale (224.1s > 2.0s) -- holding at last known position via gravity compensation.
[pinn_controller_node-1] [WARN] [1785307644.791640270] [pinn_franka_controller]: Trajectory stale (225.1s > 2.0s) -- holding at last known position via gravity compensation.
[pinn_controller_node-1] [WARN] [1785307645.792681106] [pinn_franka_controller]: Trajectory stale (226.1s > 2.0s) -- holding at last known position via gravity compensation.
[pinn_controller_node-1] [WARN] [1785307646.793489130] [pinn_franka_controller]: Trajectory stale (227.1s > 2.0s) -- holding at last known position via gravity compensation.
[pinn_controller_node-1] [WARN] [1785307647.793695131] [pinn_franka_controller]: Trajectory stale (228.1s > 2.0s) -- holding at last known position via gravity compensation.
[pinn_controller_node-1] [WARN] [1785307648.793744045] [pinn_franka_controller]: Trajectory stale (229.1s > 2.0s) -- holding at last known position via gravity compensation.
[pinn_controller_node-1] [WARN] [1785307649.794696139] [pinn_franka_controller]: Trajectory stale (230.1s > 2.0s) -- holding at last known position via gravity compensation.
[pinn_controller_node-1] [WARN] [1785307650.795403844] [pinn_franka_controller]: Trajectory stale (231.1s > 2.0s) -- holding at last known position via gravity compensation.
[pinn_controller_node-1] [WARN] [1785307651.795431900] [pinn_franka_controller]: Trajectory stale (232.1s > 2.0s) -- holding at last known position via gravity compensation.
[pinn_controller_node-1] [WARN] [1785307652.795478354] [pinn_franka_controller]: Trajectory stale (233.1s > 2.0s) -- holding at last known position via gravity compensation.
[pinn_controller_node-1] [WARN] [1785307653.795716959] [pinn_franka_controller]: Trajectory stale (234.1s > 2.0s) -- holding at last known position via gravity compensation.
[pinn_controller_node-1] [WARN] [1785307654.796706556] [pinn_franka_controller]: Trajectory stale (235.1s > 2.0s) -- holding at last known position via gravity compensation.
[pinn_controller_node-1] [WARN] [1785307655.797417886] [pinn_franka_controller]: Trajectory stale (236.1s > 2.0s) -- holding at last known position via gravity compensation.
[pinn_controller_node-1] [WARN] [1785307656.797568130] [pinn_franka_controller]: Trajectory stale (237.1s > 2.0s) -- holding at last known position via gravity compensation.
[pinn_controller_node-1] [WARN] [1785307657.798470878] [pinn_franka_controller]: Trajectory stale (238.1s > 2.0s) -- holding at last known position via gravity compensation.
[pinn_controller_node-1] [WARN] [1785307658.799404502] [pinn_franka_controller]: Trajectory stale (239.1s > 2.0s) -- holding at last known position via gravity compensation.
[pinn_controller_node-1] [WARN] [1785307659.799406869] [pinn_franka_controller]: Trajectory stale (240.1s > 2.0s) -- holding at last known position via gravity compensation.
[pinn_controller_node-1] [WARN] [1785307660.799664633] [pinn_franka_controller]: Trajectory stale (241.1s > 2.0s) -- holding at last known position via gravity compensation.
[pinn_controller_node-1] [WARN] [1785307661.799795929] [pinn_franka_controller]: Trajectory stale (242.1s > 2.0s) -- holding at last known position via gravity compensation.
[pinn_controller_node-1] [WARN] [1785307662.800464939] [pinn_franka_controller]: Trajectory stale (243.1s > 2.0s) -- holding at last known position via gravity compensation.
[pinn_controller_node-1] [WARN] [1785307663.801434842] [pinn_franka_controller]: Trajectory stale (244.1s > 2.0s) -- holding at last known position via gravity compensation.
[pinn_controller_node-1] [WARN] [1785307664.801463538] [pinn_franka_controller]: Trajectory stale (245.1s > 2.0s) -- holding at last known position via gravity compensation.
[pinn_controller_node-1] [WARN] [1785307665.801749656] [pinn_franka_controller]: Trajectory stale (246.1s > 2.0s) -- holding at last known position via gravity compensation.
[pinn_controller_node-1] [WARN] [1785307666.801931127] [pinn_franka_controller]: Trajectory stale (247.1s > 2.0s) -- holding at last known position via gravity compensation.
[pinn_controller_node-1] [WARN] [1785307667.802574517] [pinn_franka_controller]: Trajectory stale (248.1s > 2.0s) -- holding at last known position via gravity compensation.
[pinn_controller_node-1] [WARN] [1785307668.802817184] [pinn_franka_controller]: Trajectory stale (249.1s > 2.0s) -- holding at last known position via gravity compensation.
[pinn_controller_node-1] [WARN] [1785307669.803449372] [pinn_franka_controller]: Trajectory stale (250.1s > 2.0s) -- holding at last known position via gravity compensation.
[pinn_controller_node-1] [WARN] [1785307670.803783428] [pinn_franka_controller]: Trajectory stale (251.1s > 2.0s) -- holding at last known position via gravity compensation.
[pinn_controller_node-1] [WARN] [1785307671.804409614] [pinn_franka_controller]: Trajectory stale (252.1s > 2.0s) -- holding at last known position via gravity compensation.
[pinn_controller_node-1] [WARN] [1785307672.804615468] [pinn_franka_controller]: Trajectory stale (253.1s > 2.0s) -- holding at last known position via gravity compensation.
[pinn_controller_node-1] [WARN] [1785307673.805406845] [pinn_franka_controller]: Trajectory stale (254.1s > 2.0s) -- holding at last known position via gravity compensation.
[pinn_controller_node-1] [WARN] [1785307674.805689225] [pinn_franka_controller]: Trajectory stale (255.1s > 2.0s) -- holding at last known position via gravity compensation.
[pinn_controller_node-1] [WARN] [1785307675.806465762] [pinn_franka_controller]: Trajectory stale (256.1s > 2.0s) -- holding at last known position via gravity compensation.
[pinn_controller_node-1] [WARN] [1785307676.807413853] [pinn_franka_controller]: Trajectory stale (257.1s > 2.0s) -- holding at last known position via gravity compensation.
[pinn_controller_node-1] [WARN] [1785307677.808470604] [pinn_franka_controller]: Trajectory stale (258.1s > 2.0s) -- holding at last known position via gravity compensation.
[pinn_controller_node-1] [WARN] [1785307678.809407416] [pinn_franka_controller]: Trajectory stale (259.1s > 2.0s) -- holding at last known position via gravity compensation.
[pinn_controller_node-1] [WARN] [1785307679.810044627] [pinn_franka_controller]: Trajectory stale (260.1s > 2.0s) -- holding at last known position via gravity compensation.
[pinn_controller_node-1] [WARN] [1785307680.810457931] [pinn_franka_controller]: Trajectory stale (261.1s > 2.0s) -- holding at last known position via gravity compensation.
[pinn_controller_node-1] [WARN] [1785307681.810773463] [pinn_franka_controller]: Trajectory stale (262.1s > 2.0s) -- holding at last known position via gravity compensation.
[pinn_controller_node-1] [WARN] [1785307682.811534956] [pinn_franka_controller]: Trajectory stale (263.1s > 2.0s) -- holding at last known position via gravity compensation.
[pinn_controller_node-1] [WARN] [1785307683.811824907] [pinn_franka_controller]: Trajectory stale (264.1s > 2.0s) -- holding at last known position via gravity compensation.
[pinn_controller_node-1] [WARN] [1785307684.812650039] [pinn_franka_controller]: Trajectory stale (265.1s > 2.0s) -- holding at last known position via gravity compensation.
[pinn_controller_node-1] [WARN] [1785307685.813524915] [pinn_franka_controller]: Trajectory stale (266.1s > 2.0s) -- holding at last known position via gravity compensation.
[pinn_controller_node-1] [WARN] [1785307686.814437768] [pinn_franka_controller]: Trajectory stale (267.1s > 2.0s) -- holding at last known position via gravity compensation.
[pinn_controller_node-1] [WARN] [1785307687.814483980] [pinn_franka_controller]: Trajectory stale (268.1s > 2.0s) -- holding at last known position via gravity compensation.
[pinn_controller_node-1] [WARN] [1785307688.814569825] [pinn_franka_controller]: Trajectory stale (269.1s > 2.0s) -- holding at last known position via gravity compensation.
[pinn_controller_node-1] [WARN] [1785307689.815456571] [pinn_franka_controller]: Trajectory stale (270.1s > 2.0s) -- holding at last known position via gravity compensation.
[pinn_controller_node-1] [WARN] [1785307690.815666254] [pinn_franka_controller]: Trajectory stale (271.1s > 2.0s) -- holding at last known position via gravity compensation.
[pinn_controller_node-1] [WARN] [1785307691.816488428] [pinn_franka_controller]: Trajectory stale (272.1s > 2.0s) -- holding at last known position via gravity compensation.
[pinn_controller_node-1] [WARN] [1785307692.817403873] [pinn_franka_controller]: Trajectory stale (273.1s > 2.0s) -- holding at last known position via gravity compensation.
[pinn_controller_node-1] [WARN] [1785307693.817453018] [pinn_franka_controller]: Trajectory stale (274.1s > 2.0s) -- holding at last known position via gravity compensation.
[pinn_controller_node-1] [WARN] [1785307694.817545187] [pinn_franka_controller]: Trajectory stale (275.1s > 2.0s) -- holding at last known position via gravity compensation.
[pinn_controller_node-1] [WARN] [1785307695.818406901] [pinn_franka_controller]: Trajectory stale (276.1s > 2.0s) -- holding at last known position via gravity compensation.
[pinn_controller_node-1] [WARN] [1785307696.819104697] [pinn_franka_controller]: Trajectory stale (277.1s > 2.0s) -- holding at last known position via gravity compensation.
[pinn_controller_node-1] [WARN] [1785307697.819603059] [pinn_franka_controller]: Trajectory stale (278.1s > 2.0s) -- holding at last known position via gravity compensation.
[pinn_controller_node-1] [WARN] [1785307698.820595133] [pinn_franka_controller]: Trajectory stale (279.1s > 2.0s) -- holding at last known position via gravity compensation.
[pinn_controller_node-1] [WARN] [1785307699.821417569] [pinn_franka_controller]: Trajectory stale (280.1s > 2.0s) -- holding at last known position via gravity compensation.
[pinn_controller_node-1] [WARN] [1785307700.821645158] [pinn_franka_controller]: Trajectory stale (281.1s > 2.0s) -- holding at last known position via gravity compensation.
[pinn_controller_node-1] [WARN] [1785307701.822413012] [pinn_franka_controller]: Trajectory stale (282.2s > 2.0s) -- holding at last known position via gravity compensation.
[pinn_controller_node-1] [WARN] [1785307702.822488072] [pinn_franka_controller]: Trajectory stale (283.2s > 2.0s) -- holding at last known position via gravity compensation.
[pinn_controller_node-1] [WARN] [1785307703.822672560] [pinn_franka_controller]: Trajectory stale (284.2s > 2.0s) -- holding at last known position via gravity compensation.
[pinn_controller_node-1] [WARN] [1785307704.823414545] [pinn_franka_controller]: Trajectory stale (285.2s > 2.0s) -- holding at last known position via gravity compensation.
[pinn_controller_node-1] [WARN] [1785307705.823456816] [pinn_franka_controller]: Trajectory stale (286.2s > 2.0s) -- holding at last known position via gravity compensation.
[pinn_controller_node-1] [WARN] [1785307706.823735533] [pinn_franka_controller]: Trajectory stale (287.2s > 2.0s) -- holding at last known position via gravity compensation.
[pinn_controller_node-1] [WARN] [1785307707.824629534] [pinn_franka_controller]: Trajectory stale (288.2s > 2.0s) -- holding at last known position via gravity compensation.
[pinn_controller_node-1] [WARN] [1785307708.825415215] [pinn_franka_controller]: Trajectory stale (289.2s > 2.0s) -- holding at last known position via gravity compensation.
[pinn_controller_node-1] [WARN] [1785307709.825541236] [pinn_franka_controller]: Trajectory stale (290.2s > 2.0s) -- holding at last known position via gravity compensation.
[pinn_controller_node-1] [WARN] [1785307710.826625902] [pinn_franka_controller]: Trajectory stale (291.2s > 2.0s) -- holding at last known position via gravity compensation.
[pinn_controller_node-1] [WARN] [1785307711.827437163] [pinn_franka_controller]: Trajectory stale (292.2s > 2.0s) -- holding at last known position via gravity compensation.
[pinn_controller_node-1] [WARN] [1785307712.827843390] [pinn_franka_controller]: Trajectory stale (293.2s > 2.0s) -- holding at last known position via gravity compensation.
[pinn_controller_node-1] [WARN] [1785307713.828474620] [pinn_franka_controller]: Trajectory stale (294.2s > 2.0s) -- holding at last known position via gravity compensation.
[pinn_controller_node-1] [WARN] [1785307714.829461509] [pinn_franka_controller]: Trajectory stale (295.2s > 2.0s) -- holding at last known position via gravity compensation.
[pinn_controller_node-1] [WARN] [1785307715.829616529] [pinn_franka_controller]: Trajectory stale (296.2s > 2.0s) -- holding at last known position via gravity compensation.
[pinn_controller_node-1] [WARN] [1785307716.830431441] [pinn_franka_controller]: Trajectory stale (297.2s > 2.0s) -- holding at last known position via gravity compensation.
[pinn_controller_node-1] [WARN] [1785307717.830868240] [pinn_franka_controller]: Trajectory stale (298.2s > 2.0s) -- holding at last known position via gravity compensation.
[pinn_controller_node-1] [WARN] [1785307718.831459377] [pinn_franka_controller]: Trajectory stale (299.2s > 2.0s) -- holding at last known position via gravity compensation.
[pinn_controller_node-1] [WARN] [1785307719.832405532] [pinn_franka_controller]: Trajectory stale (300.2s > 2.0s) -- holding at last known position via gravity compensation.
[pinn_controller_node-1] [WARN] [1785307720.832449092] [pinn_franka_controller]: Trajectory stale (301.2s > 2.0s) -- holding at last known position via gravity compensation.
[pinn_controller_node-1] [WARN] [1785307721.832490794] [pinn_franka_controller]: Trajectory stale (302.2s > 2.0s) -- holding at last known position via gravity compensation.
[pinn_controller_node-1] [WARN] [1785307722.832526322] [pinn_franka_controller]: Trajectory stale (303.2s > 2.0s) -- holding at last known position via gravity compensation.
[pinn_controller_node-1] [WARN] [1785307723.833463164] [pinn_franka_controller]: Trajectory stale (304.2s > 2.0s) -- holding at last known position via gravity compensation.
[pinn_controller_node-1] [WARN] [1785307724.834410599] [pinn_franka_controller]: Trajectory stale (305.2s > 2.0s) -- holding at last known position via gravity compensation.
[pinn_controller_node-1] [WARN] [1785307725.834438183] [pinn_franka_controller]: Trajectory stale (306.2s > 2.0s) -- holding at last known position via gravity compensation.
[pinn_controller_node-1] [WARN] [1785307726.835406698] [pinn_franka_controller]: Trajectory stale (307.2s > 2.0s) -- holding at last known position via gravity compensation.
[pinn_controller_node-1] [WARN] [1785307727.835666148] [pinn_franka_controller]: Trajectory stale (308.2s > 2.0s) -- holding at last known position via gravity compensation.
[pinn_controller_node-1] [WARN] [1785307728.836408787] [pinn_franka_controller]: Trajectory stale (309.2s > 2.0s) -- holding at last known position via gravity compensation.
[pinn_controller_node-1] [WARN] [1785307729.836460054] [pinn_franka_controller]: Trajectory stale (310.2s > 2.0s) -- holding at last known position via gravity compensation.
[pinn_controller_node-1] [WARN] [1785307730.836583534] [pinn_franka_controller]: Trajectory stale (311.2s > 2.0s) -- holding at last known position via gravity compensation.
[pinn_controller_node-1] [WARN] [1785307731.837476830] [pinn_franka_controller]: Trajectory stale (312.2s > 2.0s) -- holding at last known position via gravity compensation.
[pinn_controller_node-1] [WARN] [1785307732.838454651] [pinn_franka_controller]: Trajectory stale (313.2s > 2.0s) -- holding at last known position via gravity compensation.
[pinn_controller_node-1] [WARN] [1785307733.838581070] [pinn_franka_controller]: Trajectory stale (314.2s > 2.0s) -- holding at last known position via gravity compensation.
[pinn_controller_node-1] [WARN] [1785307734.839519352] [pinn_franka_controller]: Trajectory stale (315.2s > 2.0s) -- holding at last known position via gravity compensation.
[pinn_controller_node-1] [WARN] [1785307735.840517242] [pinn_franka_controller]: Trajectory stale (316.2s > 2.0s) -- holding at last known position via gravity compensation.
[pinn_controller_node-1] [WARN] [1785307736.841405981] [pinn_franka_controller]: Trajectory stale (317.2s > 2.0s) -- holding at last known position via gravity compensation.
[pinn_controller_node-1] [WARN] [1785307737.841484796] [pinn_franka_controller]: Trajectory stale (318.2s > 2.0s) -- holding at last known position via gravity compensation.
[pinn_controller_node-1] [WARN] [1785307738.842419748] [pinn_franka_controller]: Trajectory stale (319.2s > 2.0s) -- holding at last known position via gravity compensation.
[pinn_controller_node-1] [WARN] [1785307739.842696326] [pinn_franka_controller]: Trajectory stale (320.2s > 2.0s) -- holding at last known position via gravity compensation.
[pinn_controller_node-1] [WARN] [1785307740.843501506] [pinn_franka_controller]: Trajectory stale (321.2s > 2.0s) -- holding at last known position via gravity compensation.
[pinn_controller_node-1] [WARN] [1785307741.844234637] [pinn_franka_controller]: Trajectory stale (322.2s > 2.0s) -- holding at last known position via gravity compensation.
[pinn_controller_node-1] [WARN] [1785307742.844411646] [pinn_franka_controller]: Trajectory stale (323.2s > 2.0s) -- holding at last known position via gravity compensation.
[pinn_controller_node-1] [WARN] [1785307743.845441296] [pinn_franka_controller]: Trajectory stale (324.2s > 2.0s) -- holding at last known position via gravity compensation.
[pinn_controller_node-1] [WARN] [1785307744.846418892] [pinn_franka_controller]: Trajectory stale (325.2s > 2.0s) -- holding at last known position via gravity compensation.
[pinn_controller_node-1] [WARN] [1785307745.846805942] [pinn_franka_controller]: Trajectory stale (326.2s > 2.0s) -- holding at last known position via gravity compensation.
[pinn_controller_node-1] [WARN] [1785307746.847412421] [pinn_franka_controller]: Trajectory stale (327.2s > 2.0s) -- holding at last known position via gravity compensation.
[pinn_controller_node-1] [WARN] [1785307747.847557670] [pinn_franka_controller]: Trajectory stale (328.2s > 2.0s) -- holding at last known position via gravity compensation.
[pinn_controller_node-1] [WARN] [1785307748.848416166] [pinn_franka_controller]: Trajectory stale (329.2s > 2.0s) -- holding at last known position via gravity compensation.
[pinn_controller_node-1] [WARN] [1785307749.848444639] [pinn_franka_controller]: Trajectory stale (330.2s > 2.0s) -- holding at last known position via gravity compensation.
[pinn_controller_node-1] [WARN] [1785307750.848462147] [pinn_franka_controller]: Trajectory stale (331.2s > 2.0s) -- holding at last known position via gravity compensation.
[pinn_controller_node-1] [WARN] [1785307751.848765562] [pinn_franka_controller]: Trajectory stale (332.2s > 2.0s) -- holding at last known position via gravity compensation.
[pinn_controller_node-1] [WARN] [1785307752.849513319] [pinn_franka_controller]: Trajectory stale (333.2s > 2.0s) -- holding at last known position via gravity compensation.
[pinn_controller_node-1] [WARN] [1785307753.849521211] [pinn_franka_controller]: Trajectory stale (334.2s > 2.0s) -- holding at last known position via gravity compensation.
[pinn_controller_node-1] [WARN] [1785307754.850536144] [pinn_franka_controller]: Trajectory stale (335.2s > 2.0s) -- holding at last known position via gravity compensation.
[pinn_controller_node-1] [WARN] [1785307755.850844892] [pinn_franka_controller]: Trajectory stale (336.2s > 2.0s) -- holding at last known position via gravity compensation.
[pinn_controller_node-1] [WARN] [1785307756.851580935] [pinn_franka_controller]: Trajectory stale (337.2s > 2.0s) -- holding at last known position via gravity compensation.
[pinn_controller_node-1] [WARN] [1785307757.852408334] [pinn_franka_controller]: Trajectory stale (338.2s > 2.0s) -- holding at last known position via gravity compensation.
[pinn_controller_node-1] [WARN] [1785307758.852420569] [pinn_franka_controller]: Trajectory stale (339.2s > 2.0s) -- holding at last known position via gravity compensation.
[pinn_controller_node-1] [WARN] [1785307759.852445631] [pinn_franka_controller]: Trajectory stale (340.2s > 2.0s) -- holding at last known position via gravity compensation.
[pinn_controller_node-1] [WARN] [1785307760.853413207] [pinn_franka_controller]: Trajectory stale (341.2s > 2.0s) -- holding at last known position via gravity compensation.
[pinn_controller_node-1] [WARN] [1785307761.853767361] [pinn_franka_controller]: Trajectory stale (342.2s > 2.0s) -- holding at last known position via gravity compensation.
[pinn_controller_node-1] [WARN] [1785307762.854465951] [pinn_franka_controller]: Trajectory stale (343.2s > 2.0s) -- holding at last known position via gravity compensation.
[pinn_controller_node-1] [WARN] [1785307763.854592568] [pinn_franka_controller]: Trajectory stale (344.2s > 2.0s) -- holding at last known position via gravity compensation.
[pinn_controller_node-1] [WARN] [1785307764.855610556] [pinn_franka_controller]: Trajectory stale (345.2s > 2.0s) -- holding at last known position via gravity compensation.
[pinn_controller_node-1] [WARN] [1785307765.855738159] [pinn_franka_controller]: Trajectory stale (346.2s > 2.0s) -- holding at last known position via gravity compensation.
[pinn_controller_node-1] [WARN] [1785307766.855848404] [pinn_franka_controller]: Trajectory stale (347.2s > 2.0s) -- holding at last known position via gravity compensation.
[pinn_controller_node-1] [WARN] [1785307767.856720225] [pinn_franka_controller]: Trajectory stale (348.2s > 2.0s) -- holding at last known position via gravity compensation.
[pinn_controller_node-1] [WARN] [1785307768.857415794] [pinn_franka_controller]: Trajectory stale (349.2s > 2.0s) -- holding at last known position via gravity compensation.
[pinn_controller_node-1] [WARN] [1785307769.857768874] [pinn_franka_controller]: Trajectory stale (350.2s > 2.0s) -- holding at last known position via gravity compensation.
[pinn_controller_node-1] [WARN] [1785307770.857992081] [pinn_franka_controller]: Trajectory stale (351.2s > 2.0s) -- holding at last known position via gravity compensation.
[pinn_controller_node-1] [WARN] [1785307771.858553856] [pinn_franka_controller]: Trajectory stale (352.2s > 2.0s) -- holding at last known position via gravity compensation.
[pinn_controller_node-1] [WARN] [1785307772.859405389] [pinn_franka_controller]: Trajectory stale (353.2s > 2.0s) -- holding at last known position via gravity compensation.
[pinn_controller_node-1] [WARN] [1785307773.859518341] [pinn_franka_controller]: Trajectory stale (354.2s > 2.0s) -- holding at last known position via gravity compensation.
[pinn_controller_node-1] [WARN] [1785307774.860443589] [pinn_franka_controller]: Trajectory stale (355.2s > 2.0s) -- holding at last known position via gravity compensation.
[pinn_controller_node-1] [WARN] [1785307775.860663160] [pinn_franka_controller]: Trajectory stale (356.2s > 2.0s) -- holding at last known position via gravity compensation.
[pinn_controller_node-1] [WARN] [1785307776.861417225] [pinn_franka_controller]: Trajectory stale (357.2s > 2.0s) -- holding at last known position via gravity compensation.
[pinn_controller_node-1] [WARN] [1785307777.862439858] [pinn_franka_controller]: Trajectory stale (358.2s > 2.0s) -- holding at last known position via gravity compensation.
[pinn_controller_node-1] [WARN] [1785307778.862609373] [pinn_franka_controller]: Trajectory stale (359.2s > 2.0s) -- holding at last known position via gravity compensation.
[pinn_controller_node-1] [WARN] [1785307779.862686859] [pinn_franka_controller]: Trajectory stale (360.2s > 2.0s) -- holding at last known position via gravity compensation.
[pinn_controller_node-1] [WARN] [1785307780.862713318] [pinn_franka_controller]: Trajectory stale (361.2s > 2.0s) -- holding at last known position via gravity compensation.
[pinn_controller_node-1] [WARN] [1785307781.863408341] [pinn_franka_controller]: Trajectory stale (362.2s > 2.0s) -- holding at last known position via gravity compensation.
[pinn_controller_node-1] [WARN] [1785307782.863426756] [pinn_franka_controller]: Trajectory stale (363.2s > 2.0s) -- holding at last known position via gravity compensation.
[pinn_controller_node-1] [WARN] [1785307783.864414970] [pinn_franka_controller]: Trajectory stale (364.2s > 2.0s) -- holding at last known position via gravity compensation.
[pinn_controller_node-1] [WARN] [1785307784.864665171] [pinn_franka_controller]: Trajectory stale (365.2s > 2.0s) -- holding at last known position via gravity compensation.
[pinn_controller_node-1] [WARN] [1785307785.865588571] [pinn_franka_controller]: Trajectory stale (366.2s > 2.0s) -- holding at last known position via gravity compensation.
[pinn_controller_node-1] [WARN] [1785307786.866450813] [pinn_franka_controller]: Trajectory stale (367.2s > 2.0s) -- holding at last known position via gravity compensation.
[pinn_controller_node-1] [WARN] [1785307787.866553934] [pinn_franka_controller]: Trajectory stale (368.2s > 2.0s) -- holding at last known position via gravity compensation.
[pinn_controller_node-1] [WARN] [1785307788.867444525] [pinn_franka_controller]: Trajectory stale (369.2s > 2.0s) -- holding at last known position via gravity compensation.
[pinn_controller_node-1] [WARN] [1785307789.867579353] [pinn_franka_controller]: Trajectory stale (370.2s > 2.0s) -- holding at last known position via gravity compensation.
[pinn_controller_node-1] [WARN] [1785307790.868428704] [pinn_franka_controller]: Trajectory stale (371.2s > 2.0s) -- holding at last known position via gravity compensation.
[pinn_controller_node-1] [WARN] [1785307791.868455138] [pinn_franka_controller]: Trajectory stale (372.2s > 2.0s) -- holding at last known position via gravity compensation.
[pinn_controller_node-1] [WARN] [1785307792.869061581] [pinn_franka_controller]: Trajectory stale (373.2s > 2.0s) -- holding at last known position via gravity compensation.
[pinn_controller_node-1] [WARN] [1785307793.869329030] [pinn_franka_controller]: Trajectory stale (374.2s > 2.0s) -- holding at last known position via gravity compensation.
[pinn_controller_node-1] [WARN] [1785307794.869416663] [pinn_franka_controller]: Trajectory stale (375.2s > 2.0s) -- holding at last known position via gravity compensation.
[pinn_controller_node-1] [WARN] [1785307795.870099818] [pinn_franka_controller]: Trajectory stale (376.2s > 2.0s) -- holding at last known position via gravity compensation.
[pinn_controller_node-1] [WARN] [1785307796.870459342] [pinn_franka_controller]: Trajectory stale (377.2s > 2.0s) -- holding at last known position via gravity compensation.
[pinn_controller_node-1] [WARN] [1785307797.870702023] [pinn_franka_controller]: Trajectory stale (378.2s > 2.0s) -- holding at last known position via gravity compensation.
[pinn_controller_node-1] [WARN] [1785307798.871815288] [pinn_franka_controller]: Trajectory stale (379.2s > 2.0s) -- holding at last known position via gravity compensation.
[pinn_controller_node-1] [WARN] [1785307799.872824617] [pinn_franka_controller]: Trajectory stale (380.2s > 2.0s) -- holding at last known position via gravity compensation.
[pinn_controller_node-1] [WARN] [1785307800.873507461] [pinn_franka_controller]: Trajectory stale (381.2s > 2.0s) -- holding at last known position via gravity compensation.
[pinn_controller_node-1] [WARN] [1785307801.873849061] [pinn_franka_controller]: Trajectory stale (382.2s > 2.0s) -- holding at last known position via gravity compensation.
[pinn_controller_node-1] [WARN] [1785307802.874404391] [pinn_franka_controller]: Trajectory stale (383.2s > 2.0s) -- holding at last known position via gravity compensation.
[pinn_controller_node-1] [WARN] [1785307803.874634130] [pinn_franka_controller]: Trajectory stale (384.2s > 2.0s) -- holding at last known position via gravity compensation.
[pinn_controller_node-1] [WARN] [1785307804.875506059] [pinn_franka_controller]: Trajectory stale (385.2s > 2.0s) -- holding at last known position via gravity compensation.
[pinn_controller_node-1] [WARN] [1785307805.876450175] [pinn_franka_controller]: Trajectory stale (386.2s > 2.0s) -- holding at last known position via gravity compensation.
[pinn_controller_node-1] [WARN] [1785307806.876456030] [pinn_franka_controller]: Trajectory stale (387.2s > 2.0s) -- holding at last known position via gravity compensation.
[pinn_controller_node-1] [WARN] [1785307807.876494851] [pinn_franka_controller]: Trajectory stale (388.2s > 2.0s) -- holding at last known position via gravity compensation.
[pinn_controller_node-1] [WARN] [1785307808.876686352] [pinn_franka_controller]: Trajectory stale (389.2s > 2.0s) -- holding at last known position via gravity compensation.
[pinn_controller_node-1] [WARN] [1785307809.877421725] [pinn_franka_controller]: Trajectory stale (390.2s > 2.0s) -- holding at last known position via gravity compensation.
[pinn_controller_node-1] [WARN] [1785307810.878369722] [pinn_franka_controller]: Trajectory stale (391.2s > 2.0s) -- holding at last known position via gravity compensation.
[pinn_controller_node-1] [WARN] [1785307811.878410706] [pinn_franka_controller]: Trajectory stale (392.2s > 2.0s) -- holding at last known position via gravity compensation.
[pinn_controller_node-1] [WARN] [1785307812.878588984] [pinn_franka_controller]: Trajectory stale (393.2s > 2.0s) -- holding at last known position via gravity compensation.
[pinn_controller_node-1] [WARN] [1785307813.878758085] [pinn_franka_controller]: Trajectory stale (394.2s > 2.0s) -- holding at last known position via gravity compensation.
[pinn_controller_node-1] [WARN] [1785307814.879617480] [pinn_franka_controller]: Trajectory stale (395.2s > 2.0s) -- holding at last known position via gravity compensation.
[pinn_controller_node-1] [WARN] [1785307815.880499239] [pinn_franka_controller]: Trajectory stale (396.2s > 2.0s) -- holding at last known position via gravity compensation.
[pinn_controller_node-1] [WARN] [1785307816.881406882] [pinn_franka_controller]: Trajectory stale (397.2s > 2.0s) -- holding at last known position via gravity compensation.
[pinn_controller_node-1] [WARN] [1785307817.882471586] [pinn_franka_controller]: Trajectory stale (398.2s > 2.0s) -- holding at last known position via gravity compensation.
[pinn_controller_node-1] [WARN] [1785307818.882737550] [pinn_franka_controller]: Trajectory stale (399.2s > 2.0s) -- holding at last known position via gravity compensation.
[pinn_controller_node-1] [WARN] [1785307819.882947816] [pinn_franka_controller]: Trajectory stale (400.2s > 2.0s) -- holding at last known position via gravity compensation.
[pinn_controller_node-1] [WARN] [1785307820.883440890] [pinn_franka_controller]: Trajectory stale (401.2s > 2.0s) -- holding at last known position via gravity compensation.
[pinn_controller_node-1] [WARN] [1785307821.884679006] [pinn_franka_controller]: Trajectory stale (402.2s > 2.0s) -- holding at last known position via gravity compensation.
[pinn_controller_node-1] [WARN] [1785307822.885584121] [pinn_franka_controller]: Trajectory stale (403.2s > 2.0s) -- holding at last known position via gravity compensation.
[pinn_controller_node-1] [WARN] [1785307823.885822494] [pinn_franka_controller]: Trajectory stale (404.2s > 2.0s) -- holding at last known position via gravity compensation.
[pinn_controller_node-1] [WARN] [1785307824.886641603] [pinn_franka_controller]: Trajectory stale (405.2s > 2.0s) -- holding at last known position via gravity compensation.
[pinn_controller_node-1] [WARN] [1785307825.887414908] [pinn_franka_controller]: Trajectory stale (406.2s > 2.0s) -- holding at last known position via gravity compensation.
[pinn_controller_node-1] [WARN] [1785307826.888427406] [pinn_franka_controller]: Trajectory stale (407.2s > 2.0s) -- holding at last known position via gravity compensation.
[pinn_controller_node-1] [WARN] [1785307827.888522073] [pinn_franka_controller]: Trajectory stale (408.2s > 2.0s) -- holding at last known position via gravity compensation.
[pinn_controller_node-1] [WARN] [1785307828.889420694] [pinn_franka_controller]: Trajectory stale (409.2s > 2.0s) -- holding at last known position via gravity compensation.
[pinn_controller_node-1] [WARN] [1785307829.889507814] [pinn_franka_controller]: Trajectory stale (410.2s > 2.0s) -- holding at last known position via gravity compensation.
[pinn_controller_node-1] [WARN] [1785307830.890501730] [pinn_franka_controller]: Trajectory stale (411.2s > 2.0s) -- holding at last known position via gravity compensation.
[pinn_controller_node-1] [WARN] [1785307831.891405836] [pinn_franka_controller]: Trajectory stale (412.2s > 2.0s) -- holding at last known position via gravity compensation.
[pinn_controller_node-1] [WARN] [1785307832.892119278] [pinn_franka_controller]: Trajectory stale (413.2s > 2.0s) -- holding at last known position via gravity compensation.
[pinn_controller_node-1] [WARN] [1785307833.892457508] [pinn_franka_controller]: Trajectory stale (414.2s > 2.0s) -- holding at last known position via gravity compensation.
[pinn_controller_node-1] [WARN] [1785307834.892630631] [pinn_franka_controller]: Trajectory stale (415.2s > 2.0s) -- holding at last known position via gravity compensation.
[pinn_controller_node-1] [WARN] [1785307835.893402885] [pinn_franka_controller]: Trajectory stale (416.2s > 2.0s) -- holding at last known position via gravity compensation.
[pinn_controller_node-1] [WARN] [1785307836.893515655] [pinn_franka_controller]: Trajectory stale (417.2s > 2.0s) -- holding at last known position via gravity compensation.
[pinn_controller_node-1] [WARN] [1785307837.894414209] [pinn_franka_controller]: Trajectory stale (418.2s > 2.0s) -- holding at last known position via gravity compensation.
[pinn_controller_node-1] [WARN] [1785307838.895454263] [pinn_franka_controller]: Trajectory stale (419.2s > 2.0s) -- holding at last known position via gravity compensation.
[pinn_controller_node-1] [WARN] [1785307839.895668426] [pinn_franka_controller]: Trajectory stale (420.2s > 2.0s) -- holding at last known position via gravity compensation.
[pinn_controller_node-1] [WARN] [1785307840.896418185] [pinn_franka_controller]: Trajectory stale (421.2s > 2.0s) -- holding at last known position via gravity compensation.
[pinn_controller_node-1] [WARN] [1785307841.896609105] [pinn_franka_controller]: Trajectory stale (422.2s > 2.0s) -- holding at last known position via gravity compensation.
[pinn_controller_node-1] [WARN] [1785307842.897416580] [pinn_franka_controller]: Trajectory stale (423.2s > 2.0s) -- holding at last known position via gravity compensation.
[pinn_controller_node-1] [WARN] [1785307843.897959906] [pinn_franka_controller]: Trajectory stale (424.2s > 2.0s) -- holding at last known position via gravity compensation.
[pinn_controller_node-1] [WARN] [1785307844.898779170] [pinn_franka_controller]: Trajectory stale (425.2s > 2.0s) -- holding at last known position via gravity compensation.
[pinn_controller_node-1] [WARN] [1785307845.899404442] [pinn_franka_controller]: Trajectory stale (426.2s > 2.0s) -- holding at last known position via gravity compensation.
[pinn_controller_node-1] [WARN] [1785307846.899542347] [pinn_franka_controller]: Trajectory stale (427.2s > 2.0s) -- holding at last known position via gravity compensation.
[pinn_controller_node-1] [WARN] [1785307847.900486342] [pinn_franka_controller]: Trajectory stale (428.2s > 2.0s) -- holding at last known position via gravity compensation.
[pinn_controller_node-1] [WARN] [1785307848.901413742] [pinn_franka_controller]: Trajectory stale (429.2s > 2.0s) -- holding at last known position via gravity compensation.
[pinn_controller_node-1] [WARN] [1785307849.901489145] [pinn_franka_controller]: Trajectory stale (430.2s > 2.0s) -- holding at last known position via gravity compensation.
[pinn_controller_node-1] [WARN] [1785307850.901547819] [pinn_franka_controller]: Trajectory stale (431.2s > 2.0s) -- holding at last known position via gravity compensation.
[pinn_controller_node-1] [WARN] [1785307851.902497441] [pinn_franka_controller]: Trajectory stale (432.2s > 2.0s) -- holding at last known position via gravity compensation.
[pinn_controller_node-1] [WARN] [1785307852.903408690] [pinn_franka_controller]: Trajectory stale (433.2s > 2.0s) -- holding at last known position via gravity compensation.
[pinn_controller_node-1] [WARN] [1785307853.903454901] [pinn_franka_controller]: Trajectory stale (434.2s > 2.0s) -- holding at last known position via gravity compensation.
[pinn_controller_node-1] [WARN] [1785307854.904417463] [pinn_franka_controller]: Trajectory stale (435.2s > 2.0s) -- holding at last known position via gravity compensation.
[pinn_controller_node-1] [WARN] [1785307855.904637885] [pinn_franka_controller]: Trajectory stale (436.2s > 2.0s) -- holding at last known position via gravity compensation.
[pinn_controller_node-1] [WARN] [1785307856.905406385] [pinn_franka_controller]: Trajectory stale (437.2s > 2.0s) -- holding at last known position via gravity compensation.
[pinn_controller_node-1] [WARN] [1785307857.906293628] [pinn_franka_controller]: Trajectory stale (438.2s > 2.0s) -- holding at last known position via gravity compensation.
[pinn_controller_node-1] [WARN] [1785307858.906398862] [pinn_franka_controller]: Trajectory stale (439.2s > 2.0s) -- holding at last known position via gravity compensation.
[pinn_controller_node-1] [WARN] [1785307859.906674612] [pinn_franka_controller]: Trajectory stale (440.2s > 2.0s) -- holding at last known position via gravity compensation.
[pinn_controller_node-1] [WARN] [1785307860.906768236] [pinn_franka_controller]: Trajectory stale (441.2s > 2.0s) -- holding at last known position via gravity compensation.
[pinn_controller_node-1] [WARN] [1785307861.907407190] [pinn_franka_controller]: Trajectory stale (442.2s > 2.0s) -- holding at last known position via gravity compensation.
[pinn_controller_node-1] [WARN] [1785307862.907495068] [pinn_franka_controller]: Trajectory stale (443.2s > 2.0s) -- holding at last known position via gravity compensation.
[pinn_controller_node-1] [WARN] [1785307863.908414139] [pinn_franka_controller]: Trajectory stale (444.2s > 2.0s) -- holding at last known position via gravity compensation.
[pinn_controller_node-1] [WARN] [1785307864.909404528] [pinn_franka_controller]: Trajectory stale (445.2s > 2.0s) -- holding at last known position via gravity compensation.
[pinn_controller_node-1] [WARN] [1785307865.909681325] [pinn_franka_controller]: Trajectory stale (446.2s > 2.0s) -- holding at last known position via gravity compensation.
[pinn_controller_node-1] [WARN] [1785307866.910523039] [pinn_franka_controller]: Trajectory stale (447.2s > 2.0s) -- holding at last known position via gravity compensation.
[pinn_controller_node-1] [WARN] [1785307867.910789370] [pinn_franka_controller]: Trajectory stale (448.2s > 2.0s) -- holding at last known position via gravity compensation.
[pinn_controller_node-1] [WARN] [1785307868.911422325] [pinn_franka_controller]: Trajectory stale (449.2s > 2.0s) -- holding at last known position via gravity compensation.
[pinn_controller_node-1] [WARN] [1785307869.911524270] [pinn_franka_controller]: Trajectory stale (450.2s > 2.0s) -- holding at last known position via gravity compensation.
[pinn_controller_node-1] [WARN] [1785307870.912443561] [pinn_franka_controller]: Trajectory stale (451.2s > 2.0s) -- holding at last known position via gravity compensation.
[pinn_controller_node-1] [WARN] [1785307871.913407890] [pinn_franka_controller]: Trajectory stale (452.2s > 2.0s) -- holding at last known position via gravity compensation.
[pinn_controller_node-1] [WARN] [1785307872.175624067] [pinn_franka_controller]: Joint state stale (0.101s > 0.1s) -- holding at last known position via gravity compensation.
[pinn_controller_node-1] [WARN] [1785307873.176438101] [pinn_franka_controller]: Joint state stale (1.102s > 0.1s) -- holding at last known position via gravity compensation.
[pinn_controller_node-1] [WARN] [1785307874.176439934] [pinn_franka_controller]: Joint state stale (2.102s > 0.1s) -- holding at last known position via gravity compensation.
[pinn_controller_node-1] [WARN] [1785307875.177440419] [pinn_franka_controller]: Joint state stale (3.103s > 0.1s) -- holding at last known position via gravity compensation.
[pinn_controller_node-1] [WARN] [1785307876.178444258] [pinn_franka_controller]: Joint state stale (4.104s > 0.1s) -- holding at last known position via gravity compensation.
[pinn_controller_node-1] [WARN] [1785307877.179383418] [pinn_franka_controller]: Joint state stale (5.105s > 0.1s) -- holding at last known position via gravity compensation.
[pinn_controller_node-1] [WARN] [1785307878.179436083] [pinn_franka_controller]: Joint state stale (6.105s > 0.1s) -- holding at last known position via gravity compensation.
[pinn_controller_node-1] [WARN] [1785307879.180449635] [pinn_franka_controller]: Joint state stale (7.106s > 0.1s) -- holding at last known position via gravity compensation.
[pinn_controller_node-1] [WARN] [1785307880.181424163] [pinn_franka_controller]: Joint state stale (8.107s > 0.1s) -- holding at last known position via gravity compensation.
[pinn_controller_node-1] [WARN] [1785307881.181436026] [pinn_franka_controller]: Joint state stale (9.107s > 0.1s) -- holding at last known position via gravity compensation.
[pinn_controller_node-1] [WARN] [1785307882.181440461] [pinn_franka_controller]: Joint state stale (10.107s > 0.1s) -- holding at last known position via gravity compensation.
[pinn_controller_node-1] [WARN] [1785307883.182446869] [pinn_franka_controller]: Joint state stale (11.108s > 0.1s) -- holding at last known position via gravity compensation.
[pinn_controller_node-1] [WARN] [1785307884.182453678] [pinn_franka_controller]: Joint state stale (12.108s > 0.1s) -- holding at last known position via gravity compensation.
[pinn_controller_node-1] [WARN] [1785307885.183445281] [pinn_franka_controller]: Joint state stale (13.109s > 0.1s) -- holding at last known position via gravity compensation.
[pinn_controller_node-1] [WARN] [1785307886.184435345] [pinn_franka_controller]: Joint state stale (14.110s > 0.1s) -- holding at last known position via gravity compensation.
[pinn_controller_node-1] [WARN] [1785307887.184440868] [pinn_franka_controller]: Joint state stale (15.110s > 0.1s) -- holding at last known position via gravity compensation.
[pinn_controller_node-1] [WARN] [1785307888.184448072] [pinn_franka_controller]: Joint state stale (16.110s > 0.1s) -- holding at last known position via gravity compensation.
[pinn_controller_node-1] [WARN] [1785307889.184454585] [pinn_franka_controller]: Joint state stale (17.110s > 0.1s) -- holding at last known position via gravity compensation.
[pinn_controller_node-1] [WARN] [1785307890.185439060] [pinn_franka_controller]: Joint state stale (18.111s > 0.1s) -- holding at last known position via gravity compensation.
[pinn_controller_node-1] [WARN] [1785307891.185579288] [pinn_franka_controller]: Joint state stale (19.111s > 0.1s) -- holding at last known position via gravity compensation.
[pinn_controller_node-1] [WARN] [1785307892.186435513] [pinn_franka_controller]: Joint state stale (20.112s > 0.1s) -- holding at last known position via gravity compensation.
[pinn_controller_node-1] [WARN] [1785307893.187439847] [pinn_franka_controller]: Joint state stale (21.113s > 0.1s) -- holding at last known position via gravity compensation.
[pinn_controller_node-1] [WARN] [1785307894.188433035] [pinn_franka_controller]: Joint state stale (22.114s > 0.1s) -- holding at last known position via gravity compensation.
[pinn_controller_node-1] [WARN] [1785307895.188445100] [pinn_franka_controller]: Joint state stale (23.114s > 0.1s) -- holding at last known position via gravity compensation.
[pinn_controller_node-1] [WARN] [1785307896.189431227] [pinn_franka_controller]: Joint state stale (24.115s > 0.1s) -- holding at last known position via gravity compensation.
[pinn_controller_node-1] [WARN] [1785307897.189447048] [pinn_franka_controller]: Joint state stale (25.115s > 0.1s) -- holding at last known position via gravity compensation.
[pinn_controller_node-1] [WARN] [1785307898.190453351] [pinn_franka_controller]: Joint state stale (26.116s > 0.1s) -- holding at last known position via gravity compensation.
[pinn_controller_node-1] [WARN] [1785307899.191437648] [pinn_franka_controller]: Joint state stale (27.117s > 0.1s) -- holding at last known position via gravity compensation.
[pinn_controller_node-1] [WARN] [1785307900.192436838] [pinn_franka_controller]: Joint state stale (28.118s > 0.1s) -- holding at last known position via gravity compensation.
[pinn_controller_node-1] [WARN] [1785307901.192440658] [pinn_franka_controller]: Joint state stale (29.118s > 0.1s) -- holding at last known position via gravity compensation.
[pinn_controller_node-1] [WARN] [1785307902.193430874] [pinn_franka_controller]: Joint state stale (30.119s > 0.1s) -- holding at last known position via gravity compensation.
[pinn_controller_node-1] [WARN] [1785307903.193433497] [pinn_franka_controller]: Joint state stale (31.119s > 0.1s) -- holding at last known position via gravity compensation.
[pinn_controller_node-1] [WARN] [1785307904.193445445] [pinn_franka_controller]: Joint state stale (32.119s > 0.1s) -- holding at last known position via gravity compensation.
[pinn_controller_node-1] [WARN] [1785307905.194438988] [pinn_franka_controller]: Joint state stale (33.120s > 0.1s) -- holding at last known position via gravity compensation.
[pinn_controller_node-1] [WARN] [1785307906.195439397] [pinn_franka_controller]: Joint state stale (34.121s > 0.1s) -- holding at last known position via gravity compensation.
[pinn_controller_node-1] [WARN] [1785307907.195440783] [pinn_franka_controller]: Joint state stale (35.121s > 0.1s) -- holding at last known position via gravity compensation.
[pinn_controller_node-1] [WARN] [1785307908.196437159] [pinn_franka_controller]: Joint state stale (36.122s > 0.1s) -- holding at last known position via gravity compensation.
[pinn_controller_node-1] [WARN] [1785307909.197437841] [pinn_franka_controller]: Joint state stale (37.123s > 0.1s) -- holding at last known position via gravity compensation.
[pinn_controller_node-1] [WARN] [1785307910.198440685] [pinn_franka_controller]: Joint state stale (38.124s > 0.1s) -- holding at last known position via gravity compensation.
[pinn_controller_node-1] [WARN] [1785307911.198448530] [pinn_franka_controller]: Joint state stale (39.124s > 0.1s) -- holding at last known position via gravity compensation.
[pinn_controller_node-1] [WARN] [1785307912.199438184] [pinn_franka_controller]: Joint state stale (40.125s > 0.1s) -- holding at last known position via gravity compensation.
[pinn_controller_node-1] [WARN] [1785307913.199456623] [pinn_franka_controller]: Joint state stale (41.125s > 0.1s) -- holding at last known position via gravity compensation.
[pinn_controller_node-1] [WARN] [1785307914.200455814] [pinn_franka_controller]: Joint state stale (42.126s > 0.1s) -- holding at last known position via gravity compensation.
[pinn_controller_node-1] [WARN] [1785307915.201431707] [pinn_franka_controller]: Joint state stale (43.127s > 0.1s) -- holding at last known position via gravity compensation.
[pinn_controller_node-1] [WARN] [1785307916.201440664] [pinn_franka_controller]: Joint state stale (44.127s > 0.1s) -- holding at last known position via gravity compensation.
[pinn_controller_node-1] [WARN] [1785307917.202437882] [pinn_franka_controller]: Joint state stale (45.128s > 0.1s) -- holding at last known position via gravity compensation.
[pinn_controller_node-1] [WARN] [1785307918.202447259] [pinn_franka_controller]: Joint state stale (46.128s > 0.1s) -- holding at last known position via gravity compensation.
[pinn_controller_node-1] [WARN] [1785307919.203461947] [pinn_franka_controller]: Joint state stale (47.129s > 0.1s) -- holding at last known position via gravity compensation.
[pinn_controller_node-1] [WARN] [1785307920.204443402] [pinn_franka_controller]: Joint state stale (48.130s > 0.1s) -- holding at last known position via gravity compensation.
[pinn_controller_node-1] [WARN] [1785307921.205438793] [pinn_franka_controller]: Joint state stale (49.131s > 0.1s) -- holding at last known position via gravity compensation.
[pinn_controller_node-1] [WARN] [1785307922.205439605] [pinn_franka_controller]: Joint state stale (50.131s > 0.1s) -- holding at last known position via gravity compensation.
[pinn_controller_node-1] [WARN] [1785307923.205543196] [pinn_franka_controller]: Joint state stale (51.131s > 0.1s) -- holding at last known position via gravity compensation.
[pinn_controller_node-1] [WARN] [1785307924.206435301] [pinn_franka_controller]: Joint state stale (52.132s > 0.1s) -- holding at last known position via gravity compensation.
[pinn_controller_node-1] [WARN] [1785307925.206436835] [pinn_franka_controller]: Joint state stale (53.132s > 0.1s) -- holding at last known position via gravity compensation.
[pinn_controller_node-1] [WARN] [1785307926.207432704] [pinn_franka_controller]: Joint state stale (54.133s > 0.1s) -- holding at last known position via gravity compensation.
[pinn_controller_node-1] [WARN] [1785307927.207451543] [pinn_franka_controller]: Joint state stale (55.133s > 0.1s) -- holding at last known position via gravity compensation.
[pinn_controller_node-1] [WARN] [1785307928.208445137] [pinn_franka_controller]: Joint state stale (56.134s > 0.1s) -- holding at last known position via gravity compensation.
[pinn_controller_node-1] [WARN] [1785307929.209439021] [pinn_franka_controller]: Joint state stale (57.135s > 0.1s) -- holding at last known position via gravity compensation.
[pinn_controller_node-1] [WARN] [1785307930.209443885] [pinn_franka_controller]: Joint state stale (58.135s > 0.1s) -- holding at last known position via gravity compensation.
[pinn_controller_node-1] [WARN] [1785307931.210445688] [pinn_franka_controller]: Joint state stale (59.136s > 0.1s) -- holding at last known position via gravity compensation.
[pinn_controller_node-1] [WARN] [1785307932.211438664] [pinn_franka_controller]: Joint state stale (60.137s > 0.1s) -- holding at last known position via gravity compensation.
[pinn_controller_node-1] [WARN] [1785307933.212426475] [pinn_franka_controller]: Joint state stale (61.138s > 0.1s) -- holding at last known position via gravity compensation.
[pinn_controller_node-1] [WARN] [1785307934.212437719] [pinn_franka_controller]: Joint state stale (62.138s > 0.1s) -- holding at last known position via gravity compensation.
[pinn_controller_node-1] [WARN] [1785307935.213440050] [pinn_franka_controller]: Joint state stale (63.139s > 0.1s) -- holding at last known position via gravity compensation.
[pinn_controller_node-1] [WARN] [1785307936.214434311] [pinn_franka_controller]: Joint state stale (64.140s > 0.1s) -- holding at last known position via gravity compensation.
[pinn_controller_node-1] [WARN] [1785307937.215444588] [pinn_franka_controller]: Joint state stale (65.141s > 0.1s) -- holding at last known position via gravity compensation.
[pinn_controller_node-1] [WARN] [1785307938.216443040] [pinn_franka_controller]: Joint state stale (66.142s > 0.1s) -- holding at last known position via gravity compensation.
[pinn_controller_node-1] [WARN] [1785307939.216448803] [pinn_franka_controller]: Joint state stale (67.142s > 0.1s) -- holding at last known position via gravity compensation.
[pinn_controller_node-1] [WARN] [1785307940.217431183] [pinn_franka_controller]: Joint state stale (68.143s > 0.1s) -- holding at last known position via gravity compensation.
[pinn_controller_node-1] [WARN] [1785307941.217448368] [pinn_franka_controller]: Joint state stale (69.143s > 0.1s) -- holding at last known position via gravity compensation.
[pinn_controller_node-1] [WARN] [1785307942.218430659] [pinn_franka_controller]: Joint state stale (70.144s > 0.1s) -- holding at last known position via gravity compensation.
[pinn_controller_node-1] [WARN] [1785307943.218441980] [pinn_franka_controller]: Joint state stale (71.144s > 0.1s) -- holding at last known position via gravity compensation.
[pinn_controller_node-1] [WARN] [1785307944.219429105] [pinn_franka_controller]: Joint state stale (72.145s > 0.1s) -- holding at last known position via gravity compensation.
[pinn_controller_node-1] [WARN] [1785307945.219431968] [pinn_franka_controller]: Joint state stale (73.145s > 0.1s) -- holding at last known position via gravity compensation.
[pinn_controller_node-1] [WARN] [1785307946.219438027] [pinn_franka_controller]: Joint state stale (74.145s > 0.1s) -- holding at last known position via gravity compensation.
[pinn_controller_node-1] [WARN] [1785307947.220430825] [pinn_franka_controller]: Joint state stale (75.146s > 0.1s) -- holding at last known position via gravity compensation.
[pinn_controller_node-1] [WARN] [1785307948.220442690] [pinn_franka_controller]: Joint state stale (76.146s > 0.1s) -- holding at last known position via gravity compensation.
[pinn_controller_node-1] [WARN] [1785307949.221429205] [pinn_franka_controller]: Joint state stale (77.147s > 0.1s) -- holding at last known position via gravity compensation.
[pinn_controller_node-1] [WARN] [1785307950.222430457] [pinn_franka_controller]: Joint state stale (78.148s > 0.1s) -- holding at last known position via gravity compensation.
[pinn_controller_node-1] [WARN] [1785307951.222433430] [pinn_franka_controller]: Joint state stale (79.148s > 0.1s) -- holding at last known position via gravity compensation.
[pinn_controller_node-1] [WARN] [1785307952.223436435] [pinn_franka_controller]: Joint state stale (80.149s > 0.1s) -- holding at last known position via gravity compensation.
[pinn_controller_node-1] [WARN] [1785307953.223436770] [pinn_franka_controller]: Joint state stale (81.149s > 0.1s) -- holding at last known position via gravity compensation.
[pinn_controller_node-1] [WARN] [1785307954.223446445] [pinn_franka_controller]: Joint state stale (82.149s > 0.1s) -- holding at last known position via gravity compensation.
[pinn_controller_node-1] [WARN] [1785307955.224437141] [pinn_franka_controller]: Joint state stale (83.150s > 0.1s) -- holding at last known position via gravity compensation.
[pinn_controller_node-1] [WARN] [1785307956.224444177] [pinn_franka_controller]: Joint state stale (84.150s > 0.1s) -- holding at last known position via gravity compensation.
[pinn_controller_node-1] [WARN] [1785307957.224446922] [pinn_franka_controller]: Joint state stale (85.150s > 0.1s) -- holding at last known position via gravity compensation.
[pinn_controller_node-1] [WARN] [1785307958.225544127] [pinn_franka_controller]: Joint state stale (86.151s > 0.1s) -- holding at last known position via gravity compensation.
[pinn_controller_node-1] [WARN] [1785307959.226447942] [pinn_franka_controller]: Joint state stale (87.152s > 0.1s) -- holding at last known position via gravity compensation.
[pinn_controller_node-1] [WARN] [1785307960.227458173] [pinn_franka_controller]: Joint state stale (88.153s > 0.1s) -- holding at last known position via gravity compensation.
[pinn_controller_node-1] [WARN] [1785307961.228440742] [pinn_franka_controller]: Joint state stale (89.154s > 0.1s) -- holding at last known position via gravity compensation.
[pinn_controller_node-1] [WARN] [1785307962.228445714] [pinn_franka_controller]: Joint state stale (90.154s > 0.1s) -- holding at last known position via gravity compensation.
[pinn_controller_node-1] [WARN] [1785307963.229456470] [pinn_franka_controller]: Joint state stale (91.155s > 0.1s) -- holding at last known position via gravity compensation.
[pinn_controller_node-1] [WARN] [1785307964.230444682] [pinn_franka_controller]: Joint state stale (92.156s > 0.1s) -- holding at last known position via gravity compensation.
[pinn_controller_node-1] [WARN] [1785307965.231432025] [pinn_franka_controller]: Joint state stale (93.157s > 0.1s) -- holding at last known position via gravity compensation.
[pinn_controller_node-1] [WARN] [1785307966.231437508] [pinn_franka_controller]: Joint state stale (94.157s > 0.1s) -- holding at last known position via gravity compensation.
[pinn_controller_node-1] [WARN] [1785307967.231450758] [pinn_franka_controller]: Joint state stale (95.157s > 0.1s) -- holding at last known position via gravity compensation.
[pinn_controller_node-1] [WARN] [1785307968.232448967] [pinn_franka_controller]: Joint state stale (96.158s > 0.1s) -- holding at last known position via gravity compensation.
[pinn_controller_node-1] [WARN] [1785307969.233439658] [pinn_franka_controller]: Joint state stale (97.159s > 0.1s) -- holding at last known position via gravity compensation.
[pinn_controller_node-1] [WARN] [1785307970.234441930] [pinn_franka_controller]: Joint state stale (98.160s > 0.1s) -- holding at last known position via gravity compensation.
[pinn_controller_node-1] [WARN] [1785307971.234443474] [pinn_franka_controller]: Joint state stale (99.160s > 0.1s) -- holding at last known position via gravity compensation.
[pinn_controller_node-1] [WARN] [1785307972.234444168] [pinn_franka_controller]: Joint state stale (100.160s > 0.1s) -- holding at last known position via gravity compensation.
[pinn_controller_node-1] [WARN] [1785307973.234448289] [pinn_franka_controller]: Joint state stale (101.160s > 0.1s) -- holding at last known position via gravity compensation.
[pinn_controller_node-1] [WARN] [1785307974.235441488] [pinn_franka_controller]: Joint state stale (102.161s > 0.1s) -- holding at last known position via gravity compensation.
[pinn_controller_node-1] [WARN] [1785307975.235442742] [pinn_franka_controller]: Joint state stale (103.161s > 0.1s) -- holding at last known position via gravity compensation.
[pinn_controller_node-1] [WARN] [1785307976.235444525] [pinn_franka_controller]: Joint state stale (104.161s > 0.1s) -- holding at last known position via gravity compensation.
[pinn_controller_node-1] [WARN] [1785307977.236434370] [pinn_franka_controller]: Joint state stale (105.162s > 0.1s) -- holding at last known position via gravity compensation.
[pinn_controller_node-1] [WARN] [1785307978.236437400] [pinn_franka_controller]: Joint state stale (106.162s > 0.1s) -- holding at last known position via gravity compensation.
[pinn_controller_node-1] [WARN] [1785307979.236456274] [pinn_franka_controller]: Joint state stale (107.162s > 0.1s) -- holding at last known position via gravity compensation.
[pinn_controller_node-1] [WARN] [1785307980.237430210] [pinn_franka_controller]: Joint state stale (108.163s > 0.1s) -- holding at last known position via gravity compensation.
[pinn_controller_node-1] [WARN] [1785307981.238437572] [pinn_franka_controller]: Joint state stale (109.164s > 0.1s) -- holding at last known position via gravity compensation.
[pinn_controller_node-1] [WARN] [1785307982.238439663] [pinn_franka_controller]: Joint state stale (110.164s > 0.1s) -- holding at last known position via gravity compensation.
[pinn_controller_node-1] [WARN] [1785307983.239438287] [pinn_franka_controller]: Joint state stale (111.165s > 0.1s) -- holding at last known position via gravity compensation.
[pinn_controller_node-1] [WARN] [1785307984.239443566] [pinn_franka_controller]: Joint state stale (112.165s > 0.1s) -- holding at last known position via gravity compensation.
[pinn_controller_node-1] [WARN] [1785307985.239449334] [pinn_franka_controller]: Joint state stale (113.165s > 0.1s) -- holding at last known position via gravity compensation.
[pinn_controller_node-1] [WARN] [1785307986.239453637] [pinn_franka_controller]: Joint state stale (114.165s > 0.1s) -- holding at last known position via gravity compensation.
[pinn_controller_node-1] [WARN] [1785307987.240443614] [pinn_franka_controller]: Joint state stale (115.166s > 0.1s) -- holding at last known position via gravity compensation.
[pinn_controller_node-1] [WARN] [1785307988.241439057] [pinn_franka_controller]: Joint state stale (116.167s > 0.1s) -- holding at last known position via gravity compensation.
[pinn_controller_node-1] [WARN] [1785307989.241460810] [pinn_franka_controller]: Joint state stale (117.167s > 0.1s) -- holding at last known position via gravity compensation.
[pinn_controller_node-1] [WARN] [1785307990.242445109] [pinn_franka_controller]: Joint state stale (118.168s > 0.1s) -- holding at last known position via gravity compensation.
[pinn_controller_node-1] [WARN] [1785307991.242510926] [pinn_franka_controller]: Joint state stale (119.168s > 0.1s) -- holding at last known position via gravity compensation.
[pinn_controller_node-1] [WARN] [1785307992.242932287] [pinn_franka_controller]: Joint state stale (120.168s > 0.1s) -- holding at last known position via gravity compensation.
[pinn_controller_node-1] [WARN] [1785307993.243691087] [pinn_franka_controller]: Joint state stale (121.169s > 0.1s) -- holding at last known position via gravity compensation.
[pinn_controller_node-1] [WARN] [1785307994.244437934] [pinn_franka_controller]: Joint state stale (122.170s > 0.1s) -- holding at last known position via gravity compensation.
[pinn_controller_node-1] [WARN] [1785307995.244439347] [pinn_franka_controller]: Joint state stale (123.170s > 0.1s) -- holding at last known position via gravity compensation.
[pinn_controller_node-1] [WARN] [1785307996.244447906] [pinn_franka_controller]: Joint state stale (124.170s > 0.1s) -- holding at last known position via gravity compensation.
[pinn_controller_node-1] [WARN] [1785307997.244596816] [pinn_franka_controller]: Joint state stale (125.170s > 0.1s) -- holding at last known position via gravity compensation.
[pinn_controller_node-1] [WARN] [1785307998.245434005] [pinn_franka_controller]: Joint state stale (126.171s > 0.1s) -- holding at last known position via gravity compensation.
[pinn_controller_node-1] [WARN] [1785307999.245445692] [pinn_franka_controller]: Joint state stale (127.171s > 0.1s) -- holding at last known position via gravity compensation.
[pinn_controller_node-1] [WARN] [1785308000.246435079] [pinn_franka_controller]: Joint state stale (128.172s > 0.1s) -- holding at last known position via gravity compensation.
[pinn_controller_node-1] [WARN] [1785308001.246614043] [pinn_franka_controller]: Joint state stale (129.172s > 0.1s) -- holding at last known position via gravity compensation.
[pinn_controller_node-1] [WARN] [1785308002.247443082] [pinn_franka_controller]: Joint state stale (130.173s > 0.1s) -- holding at last known position via gravity compensation.
[pinn_controller_node-1] [WARN] [1785308003.248427204] [pinn_franka_controller]: Joint state stale (131.174s > 0.1s) -- holding at last known position via gravity compensation.
[pinn_controller_node-1] [WARN] [1785308004.248446069] [pinn_franka_controller]: Joint state stale (132.174s > 0.1s) -- holding at last known position via gravity compensation.
[pinn_controller_node-1] [WARN] [1785308005.249434599] [pinn_franka_controller]: Joint state stale (133.175s > 0.1s) -- holding at last known position via gravity compensation.
[pinn_controller_node-1] [WARN] [1785308006.249731925] [pinn_franka_controller]: Joint state stale (134.175s > 0.1s) -- holding at last known position via gravity compensation.
[pinn_controller_node-1] [WARN] [1785308007.250433861] [pinn_franka_controller]: Joint state stale (135.176s > 0.1s) -- holding at last known position via gravity compensation.
[pinn_controller_node-1] [WARN] [1785308008.250440729] [pinn_franka_controller]: Joint state stale (136.176s > 0.1s) -- holding at last known position via gravity compensation.
[pinn_controller_node-1] [WARN] [1785308009.250444206] [pinn_franka_controller]: Joint state stale (137.176s > 0.1s) -- holding at last known position via gravity compensation.
[pinn_controller_node-1] [WARN] [1785308010.251439729] [pinn_franka_controller]: Joint state stale (138.177s > 0.1s) -- holding at last known position via gravity compensation.
[pinn_controller_node-1] [WARN] [1785308011.252434271] [pinn_franka_controller]: Joint state stale (139.178s > 0.1s) -- holding at last known position via gravity compensation.
[pinn_controller_node-1] [WARN] [1785308012.252438645] [pinn_franka_controller]: Joint state stale (140.178s > 0.1s) -- holding at last known position via gravity compensation.
[pinn_controller_node-1] [WARN] [1785308013.253433090] [pinn_franka_controller]: Joint state stale (141.179s > 0.1s) -- holding at last known position via gravity compensation.
[pinn_controller_node-1] [WARN] [1785308014.253448176] [pinn_franka_controller]: Joint state stale (142.179s > 0.1s) -- holding at last known position via gravity compensation.
[pinn_controller_node-1] [WARN] [1785308015.254433636] [pinn_franka_controller]: Joint state stale (143.180s > 0.1s) -- holding at last known position via gravity compensation.
[pinn_controller_node-1] [WARN] [1785308016.254440264] [pinn_franka_controller]: Joint state stale (144.180s > 0.1s) -- holding at last known position via gravity compensation.
[pinn_controller_node-1] [WARN] [1785308017.254443750] [pinn_franka_controller]: Joint state stale (145.180s > 0.1s) -- holding at last known position via gravity compensation.
[pinn_controller_node-1] [WARN] [1785308018.255446881] [pinn_franka_controller]: Joint state stale (146.181s > 0.1s) -- holding at last known position via gravity compensation.
[pinn_controller_node-1] [WARN] [1785308019.256443243] [pinn_franka_controller]: Joint state stale (147.182s > 0.1s) -- holding at last known position via gravity compensation.
[pinn_controller_node-1] [WARN] [1785308020.257451724] [pinn_franka_controller]: Joint state stale (148.183s > 0.1s) -- holding at last known position via gravity compensation.
[pinn_controller_node-1] [WARN] [1785308021.258437148] [pinn_franka_controller]: Joint state stale (149.184s > 0.1s) -- holding at last known position via gravity compensation.
[pinn_controller_node-1] [WARN] [1785308022.258438693] [pinn_franka_controller]: Joint state stale (150.184s > 0.1s) -- holding at last known position via gravity compensation.
[pinn_controller_node-1] [WARN] [1785308023.259444231] [pinn_franka_controller]: Joint state stale (151.185s > 0.1s) -- holding at last known position via gravity compensation.
[pinn_controller_node-1] [WARN] [1785308024.259450926] [pinn_franka_controller]: Joint state stale (152.185s > 0.1s) -- holding at last known position via gravity compensation.
[pinn_controller_node-1] [WARN] [1785308025.260451016] [pinn_franka_controller]: Joint state stale (153.186s > 0.1s) -- holding at last known position via gravity compensation.
[pinn_controller_node-1] [WARN] [1785308026.261439763] [pinn_franka_controller]: Joint state stale (154.187s > 0.1s) -- holding at last known position via gravity compensation.
[pinn_controller_node-1] [WARN] [1785308027.261440806] [pinn_franka_controller]: Joint state stale (155.187s > 0.1s) -- holding at last known position via gravity compensation.
[pinn_controller_node-1] [WARN] [1785308028.261444734] [pinn_franka_controller]: Joint state stale (156.187s > 0.1s) -- holding at last known position via gravity compensation.
[pinn_controller_node-1] [WARN] [1785308029.262438565] [pinn_franka_controller]: Joint state stale (157.188s > 0.1s) -- holding at last known position via gravity compensation.
[pinn_controller_node-1] [WARN] [1785308030.263438030] [pinn_franka_controller]: Joint state stale (158.189s > 0.1s) -- holding at last known position via gravity compensation.
[pinn_controller_node-1] [WARN] [1785308031.264444354] [pinn_franka_controller]: Joint state stale (159.190s > 0.1s) -- holding at last known position via gravity compensation.
[pinn_controller_node-1] [WARN] [1785308032.265446975] [pinn_franka_controller]: Joint state stale (160.191s > 0.1s) -- holding at last known position via gravity compensation.
[pinn_controller_node-1] [WARN] [1785308033.266443004] [pinn_franka_controller]: Joint state stale (161.192s > 0.1s) -- holding at last known position via gravity compensation.
[pinn_controller_node-1] [WARN] [1785308034.267441239] [pinn_franka_controller]: Joint state stale (162.193s > 0.1s) -- holding at last known position via gravity compensation.
[pinn_controller_node-1] [WARN] [1785308035.268431756] [pinn_franka_controller]: Joint state stale (163.194s > 0.1s) -- holding at last known position via gravity compensation.
[pinn_controller_node-1] [WARN] [1785308036.268440062] [pinn_franka_controller]: Joint state stale (164.194s > 0.1s) -- holding at last known position via gravity compensation.
[pinn_controller_node-1] [WARN] [1785308037.268441774] [pinn_franka_controller]: Joint state stale (165.194s > 0.1s) -- holding at last known position via gravity compensation.
[pinn_controller_node-1] [WARN] [1785308038.269440280] [pinn_franka_controller]: Joint state stale (166.195s > 0.1s) -- holding at last known position via gravity compensation.
[pinn_controller_node-1] [WARN] [1785308039.269440284] [pinn_franka_controller]: Joint state stale (167.195s > 0.1s) -- holding at last known position via gravity compensation.
[pinn_controller_node-1] [WARN] [1785308040.270455182] [pinn_franka_controller]: Joint state stale (168.196s > 0.1s) -- holding at last known position via gravity compensation.
[pinn_controller_node-1] [WARN] [1785308041.271442089] [pinn_franka_controller]: Joint state stale (169.197s > 0.1s) -- holding at last known position via gravity compensation.
[pinn_controller_node-1] [WARN] [1785308042.272428688] [pinn_franka_controller]: Joint state stale (170.198s > 0.1s) -- holding at last known position via gravity compensation.
[pinn_controller_node-1] [WARN] [1785308043.272434996] [pinn_franka_controller]: Joint state stale (171.198s > 0.1s) -- holding at last known position via gravity compensation.
[pinn_controller_node-1] [WARN] [1785308044.272438866] [pinn_franka_controller]: Joint state stale (172.198s > 0.1s) -- holding at last known position via gravity compensation.
[pinn_controller_node-1] [WARN] [1785308045.273440928] [pinn_franka_controller]: Joint state stale (173.199s > 0.1s) -- holding at last known position via gravity compensation.
[pinn_controller_node-1] [WARN] [1785308046.274435758] [pinn_franka_controller]: Joint state stale (174.200s > 0.1s) -- holding at last known position via gravity compensation.
[pinn_controller_node-1] [WARN] [1785308047.275446394] [pinn_franka_controller]: Joint state stale (175.201s > 0.1s) -- holding at last known position via gravity compensation.
[pinn_controller_node-1] [WARN] [1785308048.275451974] [pinn_franka_controller]: Joint state stale (176.201s > 0.1s) -- holding at last known position via gravity compensation.
[pinn_controller_node-1] [WARN] [1785308049.276439227] [pinn_franka_controller]: Joint state stale (177.202s > 0.1s) -- holding at last known position via gravity compensation.
[pinn_controller_node-1] [WARN] [1785308050.276444562] [pinn_franka_controller]: Joint state stale (178.202s > 0.1s) -- holding at last known position via gravity compensation.
[pinn_controller_node-1] [WARN] [1785308051.277430360] [pinn_franka_controller]: Joint state stale (179.203s > 0.1s) -- holding at last known position via gravity compensation.
[pinn_controller_node-1] [WARN] [1785308052.277446279] [pinn_franka_controller]: Joint state stale (180.203s > 0.1s) -- holding at last known position via gravity compensation.
[pinn_controller_node-1] [WARN] [1785308053.278472655] [pinn_franka_controller]: Joint state stale (181.204s > 0.1s) -- holding at last known position via gravity compensation.
[pinn_controller_node-1] [WARN] [1785308054.279430443] [pinn_franka_controller]: Joint state stale (182.205s > 0.1s) -- holding at last known position via gravity compensation.
[pinn_controller_node-1] [WARN] [1785308055.279443310] [pinn_franka_controller]: Joint state stale (183.205s > 0.1s) -- holding at last known position via gravity compensation.
[pinn_controller_node-1] [WARN] [1785308056.280431256] [pinn_franka_controller]: Joint state stale (184.206s > 0.1s) -- holding at last known position via gravity compensation.
[pinn_controller_node-1] [WARN] [1785308057.280437056] [pinn_franka_controller]: Joint state stale (185.206s > 0.1s) -- holding at last known position via gravity compensation.
[pinn_controller_node-1] [WARN] [1785308058.280528936] [pinn_franka_controller]: Joint state stale (186.206s > 0.1s) -- holding at last known position via gravity compensation.
[pinn_controller_node-1] [WARN] [1785308059.281441693] [pinn_franka_controller]: Joint state stale (187.207s > 0.1s) -- holding at last known position via gravity compensation.
[pinn_controller_node-1] [WARN] [1785308060.282435085] [pinn_franka_controller]: Joint state stale (188.208s > 0.1s) -- holding at last known position via gravity compensation.
[pinn_controller_node-1] [WARN] [1785308061.282435887] [pinn_franka_controller]: Joint state stale (189.208s > 0.1s) -- holding at last known position via gravity compensation.
[pinn_controller_node-1] [WARN] [1785308062.283434269] [pinn_franka_controller]: Joint state stale (190.209s > 0.1s) -- holding at last known position via gravity compensation.
[pinn_controller_node-1] [WARN] [1785308063.284434352] [pinn_franka_controller]: Joint state stale (191.210s > 0.1s) -- holding at last known position via gravity compensation.
[pinn_controller_node-1] [WARN] [1785308064.285438382] [pinn_franka_controller]: Joint state stale (192.211s > 0.1s) -- holding at last known position via gravity compensation.
[pinn_controller_node-1] [WARN] [1785308065.286449574] [pinn_franka_controller]: Joint state stale (193.212s > 0.1s) -- holding at last known position via gravity compensation.
[pinn_controller_node-1] [WARN] [1785308066.287439003] [pinn_franka_controller]: Joint state stale (194.213s > 0.1s) -- holding at last known position via gravity compensation.
[pinn_controller_node-1] [WARN] [1785308067.287449338] [pinn_franka_controller]: Joint state stale (195.213s > 0.1s) -- holding at last known position via gravity compensation.
[pinn_controller_node-1] [WARN] [1785308068.288444359] [pinn_franka_controller]: Joint state stale (196.214s > 0.1s) -- holding at last known position via gravity compensation.
[pinn_controller_node-1] [WARN] [1785308069.288455377] [pinn_franka_controller]: Joint state stale (197.214s > 0.1s) -- holding at last known position via gravity compensation.
[pinn_controller_node-1] [WARN] [1785308070.289435903] [pinn_franka_controller]: Joint state stale (198.215s > 0.1s) -- holding at last known position via gravity compensation.
[pinn_controller_node-1] [WARN] [1785308071.289439787] [pinn_franka_controller]: Joint state stale (199.215s > 0.1s) -- holding at last known position via gravity compensation.
[pinn_controller_node-1] [WARN] [1785308072.290440831] [pinn_franka_controller]: Joint state stale (200.216s > 0.1s) -- holding at last known position via gravity compensation.
[pinn_controller_node-1] [WARN] [1785308073.291452719] [pinn_franka_controller]: Joint state stale (201.217s > 0.1s) -- holding at last known position via gravity compensation.
[pinn_controller_node-1] [WARN] [1785308074.292432317] [pinn_franka_controller]: Joint state stale (202.218s > 0.1s) -- holding at last known position via gravity compensation.
[pinn_controller_node-1] [WARN] [1785308075.292432509] [pinn_franka_controller]: Joint state stale (203.218s > 0.1s) -- holding at last known position via gravity compensation.
[pinn_controller_node-1] [WARN] [1785308076.292435207] [pinn_franka_controller]: Joint state stale (204.218s > 0.1s) -- holding at last known position via gravity compensation.
[pinn_controller_node-1] [WARN] [1785308077.292443541] [pinn_franka_controller]: Joint state stale (205.218s > 0.1s) -- holding at last known position via gravity compensation.
[pinn_controller_node-1] [WARN] [1785308078.292445209] [pinn_franka_controller]: Joint state stale (206.218s > 0.1s) -- holding at last known position via gravity compensation.
[pinn_controller_node-1] [WARN] [1785308079.293441511] [pinn_franka_controller]: Joint state stale (207.219s > 0.1s) -- holding at last known position via gravity compensation.
[pinn_controller_node-1] [WARN] [1785308080.294437799] [pinn_franka_controller]: Joint state stale (208.220s > 0.1s) -- holding at last known position via gravity compensation.
[pinn_controller_node-1] [WARN] [1785308081.295452617] [pinn_franka_controller]: Joint state stale (209.221s > 0.1s) -- holding at last known position via gravity compensation.
[pinn_controller_node-1] [WARN] [1785308082.296452271] [pinn_franka_controller]: Joint state stale (210.222s > 0.1s) -- holding at last known position via gravity compensation.
[pinn_controller_node-1] [WARN] [1785308083.297435561] [pinn_franka_controller]: Joint state stale (211.223s > 0.1s) -- holding at last known position via gravity compensation.
[pinn_controller_node-1] [WARN] [1785308084.297437946] [pinn_franka_controller]: Joint state stale (212.223s > 0.1s) -- holding at last known position via gravity compensation.
[pinn_controller_node-1] [WARN] [1785308085.298438634] [pinn_franka_controller]: Joint state stale (213.224s > 0.1s) -- holding at last known position via gravity compensation.
[pinn_controller_node-1] [WARN] [1785308086.298444981] [pinn_franka_controller]: Joint state stale (214.224s > 0.1s) -- holding at last known position via gravity compensation.
[pinn_controller_node-1] [WARN] [1785308087.298450453] [pinn_franka_controller]: Joint state stale (215.224s > 0.1s) -- holding at last known position via gravity compensation.
[pinn_controller_node-1] [WARN] [1785308088.299444548] [pinn_franka_controller]: Joint state stale (216.225s > 0.1s) -- holding at last known position via gravity compensation.
[pinn_controller_node-1] [WARN] [1785308089.300443165] [pinn_franka_controller]: Joint state stale (217.226s > 0.1s) -- holding at last known position via gravity compensation.
[pinn_controller_node-1] [WARN] [1785308090.301455879] [pinn_franka_controller]: Joint state stale (218.227s > 0.1s) -- holding at last known position via gravity compensation.
[pinn_controller_node-1] [WARN] [1785308091.302442802] [pinn_franka_controller]: Joint state stale (219.228s > 0.1s) -- holding at last known position via gravity compensation.
[pinn_controller_node-1] [WARN] [1785308092.303443795] [pinn_franka_controller]: Joint state stale (220.229s > 0.1s) -- holding at last known position via gravity compensation.
[pinn_controller_node-1] [WARN] [1785308093.304436937] [pinn_franka_controller]: Joint state stale (221.230s > 0.1s) -- holding at last known position via gravity compensation.
[pinn_controller_node-1] [WARN] [1785308094.305440934] [pinn_franka_controller]: Joint state stale (222.231s > 0.1s) -- holding at last known position via gravity compensation.
[pinn_controller_node-1] [WARN] [1785308095.306451747] [pinn_franka_controller]: Joint state stale (223.232s > 0.1s) -- holding at last known position via gravity compensation.
[pinn_controller_node-1] [WARN] [1785308096.306453878] [pinn_franka_controller]: Joint state stale (224.232s > 0.1s) -- holding at last known position via gravity compensation.
[pinn_controller_node-1] [WARN] [1785308097.307450430] [pinn_franka_controller]: Joint state stale (225.233s > 0.1s) -- holding at last known position via gravity compensation.
[pinn_controller_node-1] [WARN] [1785308098.308438019] [pinn_franka_controller]: Joint state stale (226.234s > 0.1s) -- holding at last known position via gravity compensation.
[pinn_controller_node-1] [WARN] [1785308099.309439953] [pinn_franka_controller]: Joint state stale (227.235s > 0.1s) -- holding at last known position via gravity compensation.
[pinn_controller_node-1] [WARN] [1785308100.310440055] [pinn_franka_controller]: Joint state stale (228.236s > 0.1s) -- holding at last known position via gravity compensation.
[pinn_controller_node-1] [WARN] [1785308101.310449071] [pinn_franka_controller]: Joint state stale (229.236s > 0.1s) -- holding at last known position via gravity compensation.
[pinn_controller_node-1] [WARN] [1785308102.311440178] [pinn_franka_controller]: Joint state stale (230.237s > 0.1s) -- holding at last known position via gravity compensation.
[pinn_controller_node-1] [WARN] [1785308103.312447187] [pinn_franka_controller]: Joint state stale (231.238s > 0.1s) -- holding at last known position via gravity compensation.
[pinn_controller_node-1] [WARN] [1785308104.313449277] [pinn_franka_controller]: Joint state stale (232.239s > 0.1s) -- holding at last known position via gravity compensation.
[pinn_controller_node-1] [WARN] [1785308105.314453092] [pinn_franka_controller]: Joint state stale (233.240s > 0.1s) -- holding at last known position via gravity compensation.
[pinn_controller_node-1] [WARN] [1785308106.315441050] [pinn_franka_controller]: Joint state stale (234.241s > 0.1s) -- holding at last known position via gravity compensation.
[pinn_controller_node-1] [WARN] [1785308107.315450403] [pinn_franka_controller]: Joint state stale (235.241s > 0.1s) -- holding at last known position via gravity compensation.
[pinn_controller_node-1] [WARN] [1785308108.316433233] [pinn_franka_controller]: Joint state stale (236.242s > 0.1s) -- holding at last known position via gravity compensation.
[pinn_controller_node-1] [WARN] [1785308109.316441937] [pinn_franka_controller]: Joint state stale (237.242s > 0.1s) -- holding at last known position via gravity compensation.
[pinn_controller_node-1] [WARN] [1785308110.317437690] [pinn_franka_controller]: Joint state stale (238.243s > 0.1s) -- holding at last known position via gravity compensation.
[pinn_controller_node-1] [WARN] [1785308111.318394879] [pinn_franka_controller]: Joint state stale (239.244s > 0.1s) -- holding at last known position via gravity compensation.
[pinn_controller_node-1] [WARN] [1785308112.318427987] [pinn_franka_controller]: Joint state stale (240.244s > 0.1s) -- holding at last known position via gravity compensation.
[pinn_controller_node-1] [WARN] [1785308113.318447154] [pinn_franka_controller]: Joint state stale (241.244s > 0.1s) -- holding at last known position via gravity compensation.
[pinn_controller_node-1] [WARN] [1785308114.319440459] [pinn_franka_controller]: Joint state stale (242.245s > 0.1s) -- holding at last known position via gravity compensation.
[pinn_controller_node-1] [WARN] [1785308115.320430213] [pinn_franka_controller]: Joint state stale (243.246s > 0.1s) -- holding at last known position via gravity compensation.
[pinn_controller_node-1] [WARN] [1785308116.320447567] [pinn_franka_controller]: Joint state stale (244.246s > 0.1s) -- holding at last known position via gravity compensation.
[pinn_controller_node-1] [WARN] [1785308117.320484891] [pinn_franka_controller]: Joint state stale (245.246s > 0.1s) -- holding at last known position via gravity compensation.
[pinn_controller_node-1] [WARN] [1785308118.321440569] [pinn_franka_controller]: Joint state stale (246.247s > 0.1s) -- holding at last known position via gravity compensation.
