[INFO] [launch]: All log files can be found below /home/hci-student/.ros/log/2026-07-24-12-04-36-039074-hci-student-15023
[INFO] [launch]: Default logging verbosity is set to INFO
[INFO] [pinn_controller_node-1]: process started with pid [15026]
[pinn_controller_node-1] [INFO] [1784858677.131157944] [pinn_franka_controller]: Stage 3 controller loaded (urdf=/home/hci-student/projects/pinn_franka/pinocchio_baseline/panda.urdf, checkpoint=/home/hci-student/projects/pinn_franka/models/run_20260716_121302/greybox_best.pt, gains=lyapunov).
[pinn_controller_node-1] [INFO] [1784858677.135214717] [pinn_franka_controller]: PinnControllerNode started (rate=1000 Hz, delta=0.00, lyapunov_gains=True)
[pinn_controller_node-1] [INFO] [1784858688.467312071] [pinn_franka_controller]: New trajectory received with 13 points.
[pinn_controller_node-1] [INFO] [1784858688.468113539] [pinn_franka_controller]: [DEBUG e] j4: q_des=-1.6154 q_meas=-1.6154 e=-0.0000 qdot=+0.00450 | j6: q_des=+1.5569 q_meas=+1.5569 e=+0.0000 qdot=-0.00485 | j7: q_des=-0.7853 q_meas=-0.7853 e=+0.0000 qdot=+0.00891
[pinn_controller_node-1] [INFO] [1784858688.469386847] [pinn_franka_controller]: [DEBUG tau] j4: rnea=+21.846 res=-1.134 pd=-0.046 unclipped=+20.666 clipped=+20.666 | j6: rnea=+2.035 res=+0.361 pd=+0.030 unclipped=+2.426 clipped=+2.426 | j7: rnea=+0.006 res=-0.033 pd=-0.023 unclipped=-0.050 clipped=-0.050
[pinn_controller_node-1] [INFO] [1784858689.468252307] [pinn_franka_controller]: [DEBUG e] j4: q_des=-1.9058 q_meas=-1.6154 e=-0.2903 qdot=-0.00459 | j6: q_des=+1.8505 q_meas=+1.5569 e=+0.2935 qdot=+0.00493 | j7: q_des=-0.4870 q_meas=-0.7853 e=+0.2983 qdot=-0.00891
[pinn_controller_node-1] [INFO] [1784858689.469686135] [pinn_franka_controller]: [DEBUG tau] j4: rnea=+22.857 res=+0.030 pd=-5.049 unclipped=+17.838 clipped=+17.838 | j6: rnea=+2.135 res=+0.068 pd=+2.203 unclipped=+4.407 clipped=+4.407 | j7: rnea=-0.007 res=-0.098 pd=+1.141 unclipped=+1.037 clipped=+1.037
[pinn_controller_node-1] [INFO] [1784858690.134029017] [pinn_franka_controller]: New trajectory received with 1 points.
[pinn_controller_node-1] [INFO] [1784858690.469605842] [pinn_franka_controller]: [DEBUG e] j4: q_des=-1.9133 q_meas=-1.6154 e=-0.2979 qdot=-0.00465 | j6: q_des=+1.8581 q_meas=+1.5569 e=+0.3012 qdot=+0.00499 | j7: q_des=-0.4793 q_meas=-0.7853 e=+0.3060 qdot=-0.00891
[pinn_controller_node-1] [INFO] [1784858690.470409680] [pinn_franka_controller]: [DEBUG tau] j4: rnea=+22.352 res=+0.026 pd=-4.266 unclipped=+18.112 clipped=+18.112 | j6: rnea=+2.085 res=+0.070 pd=+1.682 unclipped=+3.837 clipped=+3.837 | j7: rnea=-0.000 res=-0.095 pd=+0.782 unclipped=+0.687 clipped=+0.687
[pinn_controller_node-1] [INFO] [1784858691.470684466] [pinn_franka_controller]: [DEBUG e] j4: q_des=-1.9133 q_meas=-1.6154 e=-0.2979 qdot=-0.00468 | j6: q_des=+1.8581 q_meas=+1.5569 e=+0.3012 qdot=+0.00502 | j7: q_des=-0.4793 q_meas=-0.7853 e=+0.3060 qdot=-0.00891
[pinn_controller_node-1] [INFO] [1784858691.471491850] [pinn_franka_controller]: [DEBUG tau] j4: rnea=+22.352 res=+0.024 pd=-4.266 unclipped=+18.110 clipped=+18.110 | j6: rnea=+2.085 res=+0.071 pd=+1.682 unclipped=+3.838 clipped=+3.838 | j7: rnea=-0.000 res=-0.093 pd=+0.782 unclipped=+0.689 clipped=+0.689
[pinn_controller_node-1] [INFO] [1784858691.634421904] [pinn_franka_controller]: New trajectory received with 1 points.
[pinn_controller_node-1] [INFO] [1784858692.471886464] [pinn_franka_controller]: [DEBUG e] j4: q_des=-1.9133 q_meas=-1.6154 e=-0.2979 qdot=+0.00470 | j6: q_des=+1.8581 q_meas=+1.5569 e=+0.3012 qdot=-0.00503 | j7: q_des=-0.4793 q_meas=-0.7853 e=+0.3060 qdot=+0.00893
[pinn_controller_node-1] [INFO] [1784858692.472726777] [pinn_franka_controller]: [DEBUG tau] j4: rnea=+22.351 res=-1.133 pd=-4.337 unclipped=+16.882 clipped=+16.882 | j6: rnea=+2.085 res=+0.351 pd=+1.730 unclipped=+4.165 clipped=+4.165 | j7: rnea=-0.000 res=-0.034 pd=+0.726 unclipped=+0.692 clipped=+0.692
[pinn_controller_node-1] [INFO] [1784858693.136509748] [pinn_franka_controller]: New trajectory received with 1 points.
[pinn_controller_node-1] [INFO] [1784858693.473385974] [pinn_franka_controller]: [DEBUG e] j4: q_des=-1.9133 q_meas=-1.6154 e=-0.2979 qdot=-0.00470 | j6: q_des=+1.8581 q_meas=+1.5569 e=+0.3012 qdot=+0.00504 | j7: q_des=-0.4793 q_meas=-0.7853 e=+0.3060 qdot=-0.00891
[pinn_controller_node-1] [INFO] [1784858693.474189939] [pinn_franka_controller]: [DEBUG tau] j4: rnea=+22.351 res=+0.024 pd=-4.265 unclipped=+18.109 clipped=+18.109 | j6: rnea=+2.085 res=+0.071 pd=+1.682 unclipped=+3.838 clipped=+3.838 | j7: rnea=-0.000 res=-0.093 pd=+0.782 unclipped=+0.689 clipped=+0.689
[pinn_controller_node-1] [INFO] [1784858694.473776010] [pinn_franka_controller]: [DEBUG e] j4: q_des=-1.9133 q_meas=-1.6154 e=-0.2979 qdot=-0.00471 | j6: q_des=+1.8581 q_meas=+1.5569 e=+0.3012 qdot=+0.00504 | j7: q_des=-0.4793 q_meas=-0.7853 e=+0.3060 qdot=-0.00891
[pinn_controller_node-1] [INFO] [1784858694.474566603] [pinn_franka_controller]: [DEBUG tau] j4: rnea=+22.351 res=+0.023 pd=-4.265 unclipped=+18.109 clipped=+18.109 | j6: rnea=+2.085 res=+0.071 pd=+1.682 unclipped=+3.838 clipped=+3.838 | j7: rnea=-0.000 res=-0.092 pd=+0.782 unclipped=+0.690 clipped=+0.690
[pinn_controller_node-1] [INFO] [1784858694.637509812] [pinn_franka_controller]: New trajectory received with 1 points.
[pinn_controller_node-1] [INFO] [1784858695.474845228] [pinn_franka_controller]: [DEBUG e] j4: q_des=-1.9133 q_meas=-1.6154 e=-0.2979 qdot=-0.00471 | j6: q_des=+1.8581 q_meas=+1.5569 e=+0.3012 qdot=+0.00505 | j7: q_des=-0.4793 q_meas=-0.7853 e=+0.3060 qdot=-0.00891
[pinn_controller_node-1] [INFO] [1784858695.475641189] [pinn_franka_controller]: [DEBUG tau] j4: rnea=+22.351 res=+0.023 pd=-4.265 unclipped=+18.109 clipped=+18.109 | j6: rnea=+2.085 res=+0.071 pd=+1.682 unclipped=+3.838 clipped=+3.838 | j7: rnea=-0.000 res=-0.092 pd=+0.782 unclipped=+0.690 clipped=+0.690
[pinn_controller_node-1] [INFO] [1784858696.139627708] [pinn_franka_controller]: New trajectory received with 1 points.
[pinn_controller_node-1] [INFO] [1784858696.475337415] [pinn_franka_controller]: [DEBUG e] j4: q_des=-1.9133 q_meas=-1.6154 e=-0.2979 qdot=-0.00471 | j6: q_des=+1.8581 q_meas=+1.5569 e=+0.3012 qdot=+0.00505 | j7: q_des=-0.4793 q_meas=-0.7853 e=+0.3060 qdot=-0.00891
[pinn_controller_node-1] [INFO] [1784858696.476142683] [pinn_franka_controller]: [DEBUG tau] j4: rnea=+22.351 res=+0.024 pd=-4.265 unclipped=+18.110 clipped=+18.110 | j6: rnea=+2.085 res=+0.071 pd=+1.682 unclipped=+3.838 clipped=+3.838 | j7: rnea=-0.000 res=-0.092 pd=+0.782 unclipped=+0.690 clipped=+0.690
[pinn_controller_node-1] [INFO] [1784858697.476146387] [pinn_franka_controller]: [DEBUG e] j4: q_des=-1.9133 q_meas=-1.6154 e=-0.2979 qdot=+0.00471 | j6: q_des=+1.8581 q_meas=+1.5569 e=+0.3012 qdot=-0.00505 | j7: q_des=-0.4793 q_meas=-0.7853 e=+0.3060 qdot=+0.00891
[pinn_controller_node-1] [INFO] [1784858697.476991046] [pinn_franka_controller]: [DEBUG tau] j4: rnea=+22.351 res=-1.133 pd=-4.337 unclipped=+16.882 clipped=+16.882 | j6: rnea=+2.085 res=+0.350 pd=+1.730 unclipped=+4.165 clipped=+4.165 | j7: rnea=-0.000 res=-0.034 pd=+0.726 unclipped=+0.692 clipped=+0.692
[pinn_controller_node-1] [INFO] [1784858697.640035657] [pinn_franka_controller]: New trajectory received with 1 points.
[pinn_controller_node-1] [INFO] [1784858698.477249849] [pinn_franka_controller]: [DEBUG e] j4: q_des=-1.9133 q_meas=-1.6154 e=-0.2979 qdot=+0.00471 | j6: q_des=+1.8581 q_meas=+1.5569 e=+0.3012 qdot=-0.00504 | j7: q_des=-0.4793 q_meas=-0.7853 e=+0.3060 qdot=+0.00891
[pinn_controller_node-1] [INFO] [1784858698.478098466] [pinn_franka_controller]: [DEBUG tau] j4: rnea=+22.351 res=-1.133 pd=-4.337 unclipped=+16.882 clipped=+16.882 | j6: rnea=+2.085 res=+0.350 pd=+1.730 unclipped=+4.165 clipped=+4.165 | j7: rnea=-0.000 res=-0.034 pd=+0.726 unclipped=+0.692 clipped=+0.692
[pinn_controller_node-1] [INFO] [1784858699.477960185] [pinn_franka_controller]: [DEBUG e] j4: q_des=-1.9133 q_meas=-1.6154 e=-0.2979 qdot=-0.00471 | j6: q_des=+1.8581 q_meas=+1.5569 e=+0.3012 qdot=+0.00504 | j7: q_des=-0.4793 q_meas=-0.7853 e=+0.3060 qdot=-0.00891
[pinn_controller_node-1] [INFO] [1784858699.478756395] [pinn_franka_controller]: [DEBUG tau] j4: rnea=+22.351 res=+0.024 pd=-4.265 unclipped=+18.110 clipped=+18.110 | j6: rnea=+2.085 res=+0.071 pd=+1.682 unclipped=+3.838 clipped=+3.838 | j7: rnea=-0.000 res=-0.093 pd=+0.782 unclipped=+0.689 clipped=+0.689
[pinn_controller_node-1] [WARN] [1784858699.641531350] [pinn_franka_controller]: Trajectory stale (2.0s > 2.0s) -- holding at last known position via gravity compensation.
[pinn_controller_node-1] [WARN] [1784858700.641708528] [pinn_franka_controller]: Trajectory stale (3.0s > 2.0s) -- holding at last known position via gravity compensation.
[pinn_controller_node-1] [WARN] [1784858701.642448647] [pinn_franka_controller]: Trajectory stale (4.0s > 2.0s) -- holding at last known position via gravity compensation.
[pinn_controller_node-1] [WARN] [1784858702.643262604] [pinn_franka_controller]: Trajectory stale (5.0s > 2.0s) -- holding at last known position via gravity compensation.
[pinn_controller_node-1] [WARN] [1784858703.643787011] [pinn_franka_controller]: Trajectory stale (6.0s > 2.0s) -- holding at last known position via gravity compensation.
[pinn_controller_node-1] [WARN] [1784858704.643922397] [pinn_franka_controller]: Trajectory stale (7.0s > 2.0s) -- holding at last known position via gravity compensation.
[pinn_controller_node-1] [WARN] [1784858705.644226270] [pinn_franka_controller]: Trajectory stale (8.0s > 2.0s) -- holding at last known position via gravity compensation.
[pinn_controller_node-1] [WARN] [1784858706.644233037] [pinn_franka_controller]: Trajectory stale (9.0s > 2.0s) -- holding at last known position via gravity compensation.
[pinn_controller_node-1] [WARN] [1784858707.645067172] [pinn_franka_controller]: Trajectory stale (10.0s > 2.0s) -- holding at last known position via gravity compensation.
[pinn_controller_node-1] [WARN] [1784858708.645200571] [pinn_franka_controller]: Trajectory stale (11.0s > 2.0s) -- holding at last known position via gravity compensation.
[pinn_controller_node-1] [WARN] [1784858709.645217252] [pinn_franka_controller]: Trajectory stale (12.0s > 2.0s) -- holding at last known position via gravity compensation.
[pinn_controller_node-1] [WARN] [1784858710.645265494] [pinn_franka_controller]: Trajectory stale (13.0s > 2.0s) -- holding at last known position via gravity compensation.
[pinn_controller_node-1] [WARN] [1784858711.646197762] [pinn_franka_controller]: Trajectory stale (14.0s > 2.0s) -- holding at last known position via gravity compensation.
[pinn_controller_node-1] [WARN] [1784858712.646203745] [pinn_franka_controller]: Trajectory stale (15.0s > 2.0s) -- holding at last known position via gravity compensation.
[pinn_controller_node-1] [WARN] [1784858713.647197077] [pinn_franka_controller]: Trajectory stale (16.0s > 2.0s) -- holding at last known position via gravity compensation.
[pinn_controller_node-1] [WARN] [1784858714.647199636] [pinn_franka_controller]: Trajectory stale (17.0s > 2.0s) -- holding at last known position via gravity compensation.
[pinn_controller_node-1] [WARN] [1784858715.647610478] [pinn_franka_controller]: Trajectory stale (18.0s > 2.0s) -- holding at last known position via gravity compensation.
[pinn_controller_node-1] [WARN] [1784858716.648427620] [pinn_franka_controller]: Trajectory stale (19.0s > 2.0s) -- holding at last known position via gravity compensation.
[pinn_controller_node-1] [WARN] [1784858717.649210086] [pinn_franka_controller]: Trajectory stale (20.0s > 2.0s) -- holding at last known position via gravity compensation.
[pinn_controller_node-1] [WARN] [1784858718.650018424] [pinn_franka_controller]: Trajectory stale (21.0s > 2.0s) -- holding at last known position via gravity compensation.
[pinn_controller_node-1] [WARN] [1784858719.650196636] [pinn_franka_controller]: Trajectory stale (22.0s > 2.0s) -- holding at last known position via gravity compensation.
[pinn_controller_node-1] [WARN] [1784858720.650373744] [pinn_franka_controller]: Trajectory stale (23.0s > 2.0s) -- holding at last known position via gravity compensation.
[pinn_controller_node-1] [WARN] [1784858721.651218321] [pinn_franka_controller]: Trajectory stale (24.0s > 2.0s) -- holding at last known position via gravity compensation.
[pinn_controller_node-1] [WARN] [1784858722.651231409] [pinn_franka_controller]: Trajectory stale (25.0s > 2.0s) -- holding at last known position via gravity compensation.
[pinn_controller_node-1] [WARN] [1784858723.652198489] [pinn_franka_controller]: Trajectory stale (26.0s > 2.0s) -- holding at last known position via gravity compensation.
[pinn_controller_node-1] [WARN] [1784858724.652278670] [pinn_franka_controller]: Trajectory stale (27.0s > 2.0s) -- holding at last known position via gravity compensation.
[pinn_controller_node-1] [WARN] [1784858725.653244628] [pinn_franka_controller]: Trajectory stale (28.0s > 2.0s) -- holding at last known position via gravity compensation.
[pinn_controller_node-1] [WARN] [1784858726.653326701] [pinn_franka_controller]: Trajectory stale (29.0s > 2.0s) -- holding at last known position via gravity compensation.
[pinn_controller_node-1] [WARN] [1784858727.654245179] [pinn_franka_controller]: Trajectory stale (30.0s > 2.0s) -- holding at last known position via gravity compensation.
[pinn_controller_node-1] [WARN] [1784858728.655205360] [pinn_franka_controller]: Trajectory stale (31.0s > 2.0s) -- holding at last known position via gravity compensation.
[pinn_controller_node-1] [WARN] [1784858729.656229629] [pinn_franka_controller]: Trajectory stale (32.0s > 2.0s) -- holding at last known position via gravity compensation.
[pinn_controller_node-1] [WARN] [1784858730.656229263] [pinn_franka_controller]: Trajectory stale (33.0s > 2.0s) -- holding at last known position via gravity compensation.
[pinn_controller_node-1] [WARN] [1784858731.656624795] [pinn_franka_controller]: Trajectory stale (34.0s > 2.0s) -- holding at last known position via gravity compensation.
[pinn_controller_node-1] [WARN] [1784858732.657212936] [pinn_franka_controller]: Trajectory stale (35.0s > 2.0s) -- holding at last known position via gravity compensation.
[pinn_controller_node-1] [WARN] [1784858733.657390541] [pinn_franka_controller]: Trajectory stale (36.0s > 2.0s) -- holding at last known position via gravity compensation.
[pinn_controller_node-1] [WARN] [1784858734.657586046] [pinn_franka_controller]: Trajectory stale (37.0s > 2.0s) -- holding at last known position via gravity compensation.
[pinn_controller_node-1] [WARN] [1784858735.658308266] [pinn_franka_controller]: Trajectory stale (38.0s > 2.0s) -- holding at last known position via gravity compensation.
[pinn_controller_node-1] [WARN] [1784858736.659192900] [pinn_franka_controller]: Trajectory stale (39.0s > 2.0s) -- holding at last known position via gravity compensation.
[pinn_controller_node-1] [WARN] [1784858737.660196267] [pinn_franka_controller]: Trajectory stale (40.0s > 2.0s) -- holding at last known position via gravity compensation.
[pinn_controller_node-1] [WARN] [1784858738.660557094] [pinn_franka_controller]: Trajectory stale (41.0s > 2.0s) -- holding at last known position via gravity compensation.
[pinn_controller_node-1] [WARN] [1784858739.661552693] [pinn_franka_controller]: Trajectory stale (42.0s > 2.0s) -- holding at last known position via gravity compensation.
[pinn_controller_node-1] [WARN] [1784858740.661587343] [pinn_franka_controller]: Trajectory stale (43.0s > 2.0s) -- holding at last known position via gravity compensation.
[pinn_controller_node-1] [WARN] [1784858741.662215975] [pinn_franka_controller]: Trajectory stale (44.0s > 2.0s) -- holding at last known position via gravity compensation.
[pinn_controller_node-1] [WARN] [1784858742.663193984] [pinn_franka_controller]: Trajectory stale (45.0s > 2.0s) -- holding at last known position via gravity compensation.
[pinn_controller_node-1] [WARN] [1784858743.663203248] [pinn_franka_controller]: Trajectory stale (46.0s > 2.0s) -- holding at last known position via gravity compensation.
[pinn_controller_node-1] [WARN] [1784858744.664210320] [pinn_franka_controller]: Trajectory stale (47.0s > 2.0s) -- holding at last known position via gravity compensation.
[pinn_controller_node-1] [WARN] [1784858745.664231112] [pinn_franka_controller]: Trajectory stale (48.0s > 2.0s) -- holding at last known position via gravity compensation.
[pinn_controller_node-1] [WARN] [1784858746.665196376] [pinn_franka_controller]: Trajectory stale (49.0s > 2.0s) -- holding at last known position via gravity compensation.
[pinn_controller_node-1] [WARN] [1784858747.665234618] [pinn_franka_controller]: Trajectory stale (50.0s > 2.0s) -- holding at last known position via gravity compensation.
[pinn_controller_node-1] [WARN] [1784858748.666230889] [pinn_franka_controller]: Trajectory stale (51.0s > 2.0s) -- holding at last known position via gravity compensation.
[pinn_controller_node-1] [WARN] [1784858749.666425462] [pinn_franka_controller]: Trajectory stale (52.0s > 2.0s) -- holding at last known position via gravity compensation.
[pinn_controller_node-1] [WARN] [1784858750.666648183] [pinn_franka_controller]: Trajectory stale (53.0s > 2.0s) -- holding at last known position via gravity compensation.
[pinn_controller_node-1] [WARN] [1784858751.667101623] [pinn_franka_controller]: Trajectory stale (54.0s > 2.0s) -- holding at last known position via gravity compensation.
[pinn_controller_node-1] [WARN] [1784858752.667325691] [pinn_franka_controller]: Trajectory stale (55.0s > 2.0s) -- holding at last known position via gravity compensation.
[pinn_controller_node-1] [WARN] [1784858753.668213046] [pinn_franka_controller]: Trajectory stale (56.0s > 2.0s) -- holding at last known position via gravity compensation.
[pinn_controller_node-1] [WARN] [1784858754.668238708] [pinn_franka_controller]: Trajectory stale (57.0s > 2.0s) -- holding at last known position via gravity compensation.
[pinn_controller_node-1] [WARN] [1784858755.669068964] [pinn_franka_controller]: Trajectory stale (58.0s > 2.0s) -- holding at last known position via gravity compensation.
[pinn_controller_node-1] [WARN] [1784858756.669502877] [pinn_franka_controller]: Trajectory stale (59.0s > 2.0s) -- holding at last known position via gravity compensation.
[pinn_controller_node-1] [WARN] [1784858757.669675361] [pinn_franka_controller]: Trajectory stale (60.0s > 2.0s) -- holding at last known position via gravity compensation.
[pinn_controller_node-1] [WARN] [1784858758.670177119] [pinn_franka_controller]: Trajectory stale (61.0s > 2.0s) -- holding at last known position via gravity compensation.
[pinn_controller_node-1] [WARN] [1784858759.670443723] [pinn_franka_controller]: Trajectory stale (62.0s > 2.0s) -- holding at last known position via gravity compensation.
[pinn_controller_node-1] [WARN] [1784858760.671399345] [pinn_franka_controller]: Trajectory stale (63.0s > 2.0s) -- holding at last known position via gravity compensation.
[pinn_controller_node-1] [WARN] [1784858761.672249747] [pinn_franka_controller]: Trajectory stale (64.0s > 2.0s) -- holding at last known position via gravity compensation.
[pinn_controller_node-1] [WARN] [1784858762.672998079] [pinn_franka_controller]: Trajectory stale (65.0s > 2.0s) -- holding at last known position via gravity compensation.
[pinn_controller_node-1] [WARN] [1784858763.673947573] [pinn_franka_controller]: Trajectory stale (66.0s > 2.0s) -- holding at last known position via gravity compensation.
[pinn_controller_node-1] [WARN] [1784858764.674160644] [pinn_franka_controller]: Trajectory stale (67.0s > 2.0s) -- holding at last known position via gravity compensation.
[pinn_controller_node-1] [WARN] [1784858765.674229469] [pinn_franka_controller]: Trajectory stale (68.0s > 2.0s) -- holding at last known position via gravity compensation.
[pinn_controller_node-1] [WARN] [1784858766.674349866] [pinn_franka_controller]: Trajectory stale (69.0s > 2.0s) -- holding at last known position via gravity compensation.
[pinn_controller_node-1] [WARN] [1784858767.675183674] [pinn_franka_controller]: Trajectory stale (70.0s > 2.0s) -- holding at last known position via gravity compensation.
[pinn_controller_node-1] [WARN] [1784858768.675358032] [pinn_franka_controller]: Trajectory stale (71.0s > 2.0s) -- holding at last known position via gravity compensation.
[pinn_controller_node-1] [WARN] [1784858769.676228692] [pinn_franka_controller]: Trajectory stale (72.0s > 2.0s) -- holding at last known position via gravity compensation.
[pinn_controller_node-1] [WARN] [1784858770.676639789] [pinn_franka_controller]: Trajectory stale (73.0s > 2.0s) -- holding at last known position via gravity compensation.
[pinn_controller_node-1] [WARN] [1784858771.677357774] [pinn_franka_controller]: Trajectory stale (74.0s > 2.0s) -- holding at last known position via gravity compensation.
[pinn_controller_node-1] [WARN] [1784858772.678231529] [pinn_franka_controller]: Trajectory stale (75.0s > 2.0s) -- holding at last known position via gravity compensation.
[pinn_controller_node-1] [WARN] [1784858773.679192536] [pinn_franka_controller]: Trajectory stale (76.0s > 2.0s) -- holding at last known position via gravity compensation.
[pinn_controller_node-1] [WARN] [1784858774.679302474] [pinn_franka_controller]: Trajectory stale (77.0s > 2.0s) -- holding at last known position via gravity compensation.
[pinn_controller_node-1] [WARN] [1784858775.680223514] [pinn_franka_controller]: Trajectory stale (78.0s > 2.0s) -- holding at last known position via gravity compensation.
[pinn_controller_node-1] [WARN] [1784858776.680714516] [pinn_franka_controller]: Trajectory stale (79.0s > 2.0s) -- holding at last known position via gravity compensation.
[pinn_controller_node-1] [WARN] [1784858777.681476619] [pinn_franka_controller]: Trajectory stale (80.0s > 2.0s) -- holding at last known position via gravity compensation.
[pinn_controller_node-1] [WARN] [1784858778.682267471] [pinn_franka_controller]: Trajectory stale (81.0s > 2.0s) -- holding at last known position via gravity compensation.
[pinn_controller_node-1] [WARN] [1784858779.683189849] [pinn_franka_controller]: Trajectory stale (82.0s > 2.0s) -- holding at last known position via gravity compensation.
[pinn_controller_node-1] [WARN] [1784858780.683192906] [pinn_franka_controller]: Trajectory stale (83.0s > 2.0s) -- holding at last known position via gravity compensation.
[pinn_controller_node-1] [WARN] [1784858781.683227590] [pinn_franka_controller]: Trajectory stale (84.0s > 2.0s) -- holding at last known position via gravity compensation.
[pinn_controller_node-1] [WARN] [1784858782.683228459] [pinn_franka_controller]: Trajectory stale (85.0s > 2.0s) -- holding at last known position via gravity compensation.
[pinn_controller_node-1] [WARN] [1784858783.683310035] [pinn_franka_controller]: Trajectory stale (86.0s > 2.0s) -- holding at last known position via gravity compensation.
[pinn_controller_node-1] [WARN] [1784858784.683328176] [pinn_franka_controller]: Trajectory stale (87.0s > 2.0s) -- holding at last known position via gravity compensation.
[pinn_controller_node-1] [WARN] [1784858785.683537060] [pinn_franka_controller]: Trajectory stale (88.0s > 2.0s) -- holding at last known position via gravity compensation.
[pinn_controller_node-1] [WARN] [1784858786.684259719] [pinn_franka_controller]: Trajectory stale (89.0s > 2.0s) -- holding at last known position via gravity compensation.
[pinn_controller_node-1] [WARN] [1784858787.685193177] [pinn_franka_controller]: Trajectory stale (90.0s > 2.0s) -- holding at last known position via gravity compensation.
[pinn_controller_node-1] [WARN] [1784858788.685510519] [pinn_franka_controller]: Trajectory stale (91.0s > 2.0s) -- holding at last known position via gravity compensation.
[pinn_controller_node-1] [WARN] [1784858789.686485171] [pinn_franka_controller]: Trajectory stale (92.0s > 2.0s) -- holding at last known position via gravity compensation.
[pinn_controller_node-1] [WARN] [1784858790.686710979] [pinn_franka_controller]: Trajectory stale (93.0s > 2.0s) -- holding at last known position via gravity compensation.
[pinn_controller_node-1] [WARN] [1784858791.687472709] [pinn_franka_controller]: Trajectory stale (94.0s > 2.0s) -- holding at last known position via gravity compensation.
[pinn_controller_node-1] [WARN] [1784858792.688151080] [pinn_franka_controller]: Trajectory stale (95.0s > 2.0s) -- holding at last known position via gravity compensation.
[pinn_controller_node-1] [WARN] [1784858793.688188628] [pinn_franka_controller]: Trajectory stale (96.0s > 2.0s) -- holding at last known position via gravity compensation.
[pinn_controller_node-1] [WARN] [1784858794.688228135] [pinn_franka_controller]: Trajectory stale (97.0s > 2.0s) -- holding at last known position via gravity compensation.
[pinn_controller_node-1] [WARN] [1784858795.689211484] [pinn_franka_controller]: Trajectory stale (98.0s > 2.0s) -- holding at last known position via gravity compensation.
[pinn_controller_node-1] [WARN] [1784858796.689212711] [pinn_franka_controller]: Trajectory stale (99.0s > 2.0s) -- holding at last known position via gravity compensation.
[pinn_controller_node-1] [WARN] [1784858797.689603069] [pinn_franka_controller]: Trajectory stale (100.0s > 2.0s) -- holding at last known position via gravity compensation.
[pinn_controller_node-1] [WARN] [1784858798.690179169] [pinn_franka_controller]: Trajectory stale (101.1s > 2.0s) -- holding at last known position via gravity compensation.
[pinn_controller_node-1] [WARN] [1784858799.690340737] [pinn_franka_controller]: Trajectory stale (102.1s > 2.0s) -- holding at last known position via gravity compensation.
[pinn_controller_node-1] [WARN] [1784858800.690360459] [pinn_franka_controller]: Trajectory stale (103.1s > 2.0s) -- holding at last known position via gravity compensation.
[pinn_controller_node-1] [WARN] [1784858801.691359872] [pinn_franka_controller]: Trajectory stale (104.1s > 2.0s) -- holding at last known position via gravity compensation.
[pinn_controller_node-1] [WARN] [1784858802.691552714] [pinn_franka_controller]: Trajectory stale (105.1s > 2.0s) -- holding at last known position via gravity compensation.
[pinn_controller_node-1] [WARN] [1784858803.692461321] [pinn_franka_controller]: Trajectory stale (106.1s > 2.0s) -- holding at last known position via gravity compensation.
[pinn_controller_node-1] [WARN] [1784858804.693051995] [pinn_franka_controller]: Trajectory stale (107.1s > 2.0s) -- holding at last known position via gravity compensation.
[pinn_controller_node-1] [WARN] [1784858805.693577975] [pinn_franka_controller]: Trajectory stale (108.1s > 2.0s) -- holding at last known position via gravity compensation.
[pinn_controller_node-1] [WARN] [1784858806.694337093] [pinn_franka_controller]: Trajectory stale (109.1s > 2.0s) -- holding at last known position via gravity compensation.
[pinn_controller_node-1] [WARN] [1784858807.695198500] [pinn_franka_controller]: Trajectory stale (110.1s > 2.0s) -- holding at last known position via gravity compensation.
[pinn_controller_node-1] [WARN] [1784858808.695417047] [pinn_franka_controller]: Trajectory stale (111.1s > 2.0s) -- holding at last known position via gravity compensation.
[pinn_controller_node-1] [WARN] [1784858809.696205721] [pinn_franka_controller]: Trajectory stale (112.1s > 2.0s) -- holding at last known position via gravity compensation.
[pinn_controller_node-1] [WARN] [1784858810.696540277] [pinn_franka_controller]: Trajectory stale (113.1s > 2.0s) -- holding at last known position via gravity compensation.
[pinn_controller_node-1] [WARN] [1784858811.697258521] [pinn_franka_controller]: Trajectory stale (114.1s > 2.0s) -- holding at last known position via gravity compensation.
[pinn_controller_node-1] [WARN] [1784858812.697331638] [pinn_franka_controller]: Trajectory stale (115.1s > 2.0s) -- holding at last known position via gravity compensation.
[pinn_controller_node-1] [WARN] [1784858813.698196431] [pinn_franka_controller]: Trajectory stale (116.1s > 2.0s) -- holding at last known position via gravity compensation.
[pinn_controller_node-1] [WARN] [1784858814.698960971] [pinn_franka_controller]: Trajectory stale (117.1s > 2.0s) -- holding at last known position via gravity compensation.
[pinn_controller_node-1] [WARN] [1784858815.699324464] [pinn_franka_controller]: Trajectory stale (118.1s > 2.0s) -- holding at last known position via gravity compensation.
[pinn_controller_node-1] [WARN] [1784858816.700214786] [pinn_franka_controller]: Trajectory stale (119.1s > 2.0s) -- holding at last known position via gravity compensation.
[pinn_controller_node-1] [WARN] [1784858817.700249200] [pinn_franka_controller]: Trajectory stale (120.1s > 2.0s) -- holding at last known position via gravity compensation.
[pinn_controller_node-1] [WARN] [1784858818.700613065] [pinn_franka_controller]: Trajectory stale (121.1s > 2.0s) -- holding at last known position via gravity compensation.
[pinn_controller_node-1] [WARN] [1784858819.701447207] [pinn_franka_controller]: Trajectory stale (122.1s > 2.0s) -- holding at last known position via gravity compensation.
[pinn_controller_node-1] [WARN] [1784858820.702249002] [pinn_franka_controller]: Trajectory stale (123.1s > 2.0s) -- holding at last known position via gravity compensation.
[pinn_controller_node-1] [WARN] [1784858821.702928085] [pinn_franka_controller]: Trajectory stale (124.1s > 2.0s) -- holding at last known position via gravity compensation.
[pinn_controller_node-1] [WARN] [1784858822.703228219] [pinn_franka_controller]: Trajectory stale (125.1s > 2.0s) -- holding at last known position via gravity compensation.
[pinn_controller_node-1] [WARN] [1784858823.703331632] [pinn_franka_controller]: Trajectory stale (126.1s > 2.0s) -- holding at last known position via gravity compensation.
[pinn_controller_node-1] [WARN] [1784858824.704239702] [pinn_franka_controller]: Trajectory stale (127.1s > 2.0s) -- holding at last known position via gravity compensation.
[pinn_controller_node-1] [WARN] [1784858825.705188084] [pinn_franka_controller]: Trajectory stale (128.1s > 2.0s) -- holding at last known position via gravity compensation.
[pinn_controller_node-1] [WARN] [1784858826.705321228] [pinn_franka_controller]: Trajectory stale (129.1s > 2.0s) -- holding at last known position via gravity compensation.
[pinn_controller_node-1] [WARN] [1784858827.706216850] [pinn_franka_controller]: Trajectory stale (130.1s > 2.0s) -- holding at last known position via gravity compensation.
[pinn_controller_node-1] [WARN] [1784858828.706312088] [pinn_franka_controller]: Trajectory stale (131.1s > 2.0s) -- holding at last known position via gravity compensation.
[pinn_controller_node-1] [WARN] [1784858829.706819329] [pinn_franka_controller]: Trajectory stale (132.1s > 2.0s) -- holding at last known position via gravity compensation.
[pinn_controller_node-1] [WARN] [1784858830.707281919] [pinn_franka_controller]: Trajectory stale (133.1s > 2.0s) -- holding at last known position via gravity compensation.
[pinn_controller_node-1] [WARN] [1784858831.707339381] [pinn_franka_controller]: Trajectory stale (134.1s > 2.0s) -- holding at last known position via gravity compensation.
[pinn_controller_node-1] [WARN] [1784858832.707858987] [pinn_franka_controller]: Trajectory stale (135.1s > 2.0s) -- holding at last known position via gravity compensation.
[pinn_controller_node-1] [WARN] [1784858833.708443399] [pinn_franka_controller]: Trajectory stale (136.1s > 2.0s) -- holding at last known position via gravity compensation.
[pinn_controller_node-1] [WARN] [1784858834.709213175] [pinn_franka_controller]: Trajectory stale (137.1s > 2.0s) -- holding at last known position via gravity compensation.
[pinn_controller_node-1] [WARN] [1784858835.709473657] [pinn_franka_controller]: Trajectory stale (138.1s > 2.0s) -- holding at last known position via gravity compensation.
[pinn_controller_node-1] [WARN] [1784858836.710204898] [pinn_franka_controller]: Trajectory stale (139.1s > 2.0s) -- holding at last known position via gravity compensation.
[pinn_controller_node-1] [WARN] [1784858837.710472101] [pinn_franka_controller]: Trajectory stale (140.1s > 2.0s) -- holding at last known position via gravity compensation.
[pinn_controller_node-1] [WARN] [1784858838.710531963] [pinn_franka_controller]: Trajectory stale (141.1s > 2.0s) -- holding at last known position via gravity compensation.
[pinn_controller_node-1] [WARN] [1784858839.711195556] [pinn_franka_controller]: Trajectory stale (142.1s > 2.0s) -- holding at last known position via gravity compensation.
[pinn_controller_node-1] [WARN] [1784858840.712247889] [pinn_franka_controller]: Trajectory stale (143.1s > 2.0s) -- holding at last known position via gravity compensation.
[pinn_controller_node-1] [WARN] [1784858841.713212740] [pinn_franka_controller]: Trajectory stale (144.1s > 2.0s) -- holding at last known position via gravity compensation.
[pinn_controller_node-1] [WARN] [1784858842.713388567] [pinn_franka_controller]: Trajectory stale (145.1s > 2.0s) -- holding at last known position via gravity compensation.
[pinn_controller_node-1] [WARN] [1784858843.714509450] [pinn_franka_controller]: Trajectory stale (146.1s > 2.0s) -- holding at last known position via gravity compensation.
[pinn_controller_node-1] [WARN] [1784858844.715394195] [pinn_franka_controller]: Trajectory stale (147.1s > 2.0s) -- holding at last known position via gravity compensation.
[pinn_controller_node-1] [WARN] [1784858845.716206128] [pinn_franka_controller]: Trajectory stale (148.1s > 2.0s) -- holding at last known position via gravity compensation.
[pinn_controller_node-1] [WARN] [1784858846.716231458] [pinn_franka_controller]: Trajectory stale (149.1s > 2.0s) -- holding at last known position via gravity compensation.
[pinn_controller_node-1] [WARN] [1784858847.716359340] [pinn_franka_controller]: Trajectory stale (150.1s > 2.0s) -- holding at last known position via gravity compensation.
[pinn_controller_node-1] [WARN] [1784858848.716383375] [pinn_franka_controller]: Trajectory stale (151.1s > 2.0s) -- holding at last known position via gravity compensation.
[pinn_controller_node-1] [WARN] [1784858849.717295189] [pinn_franka_controller]: Trajectory stale (152.1s > 2.0s) -- holding at last known position via gravity compensation.
[pinn_controller_node-1] [WARN] [1784858850.718198151] [pinn_franka_controller]: Trajectory stale (153.1s > 2.0s) -- holding at last known position via gravity compensation.
[pinn_controller_node-1] [WARN] [1784858851.718465307] [pinn_franka_controller]: Trajectory stale (154.1s > 2.0s) -- holding at last known position via gravity compensation.
[pinn_controller_node-1] [WARN] [1784858852.719194138] [pinn_franka_controller]: Trajectory stale (155.1s > 2.0s) -- holding at last known position via gravity compensation.
[pinn_controller_node-1] [WARN] [1784858853.719309893] [pinn_franka_controller]: Trajectory stale (156.1s > 2.0s) -- holding at last known position via gravity compensation.
[pinn_controller_node-1] [WARN] [1784858854.719447658] [pinn_franka_controller]: Trajectory stale (157.1s > 2.0s) -- holding at last known position via gravity compensation.
[pinn_controller_node-1] [WARN] [1784858855.720188881] [pinn_franka_controller]: Trajectory stale (158.1s > 2.0s) -- holding at last known position via gravity compensation.
[pinn_controller_node-1] [WARN] [1784858856.720350688] [pinn_franka_controller]: Trajectory stale (159.1s > 2.0s) -- holding at last known position via gravity compensation.
[pinn_controller_node-1] [WARN] [1784858857.720523587] [pinn_franka_controller]: Trajectory stale (160.1s > 2.0s) -- holding at last known position via gravity compensation.
[pinn_controller_node-1] [WARN] [1784858858.721373126] [pinn_franka_controller]: Trajectory stale (161.1s > 2.0s) -- holding at last known position via gravity compensation.
[pinn_controller_node-1] [WARN] [1784858859.721612590] [pinn_franka_controller]: Trajectory stale (162.1s > 2.0s) -- holding at last known position via gravity compensation.
[pinn_controller_node-1] [WARN] [1784858860.722686015] [pinn_franka_controller]: Trajectory stale (163.1s > 2.0s) -- holding at last known position via gravity compensation.
[pinn_controller_node-1] [WARN] [1784858861.723238813] [pinn_franka_controller]: Trajectory stale (164.1s > 2.0s) -- holding at last known position via gravity compensation.
[pinn_controller_node-1] [WARN] [1784858862.724020467] [pinn_franka_controller]: Trajectory stale (165.1s > 2.0s) -- holding at last known position via gravity compensation.
[pinn_controller_node-1] [WARN] [1784858863.724194963] [pinn_franka_controller]: Trajectory stale (166.1s > 2.0s) -- holding at last known position via gravity compensation.
[pinn_controller_node-1] [WARN] [1784858864.724238274] [pinn_franka_controller]: Trajectory stale (167.1s > 2.0s) -- holding at last known position via gravity compensation.
[pinn_controller_node-1] [WARN] [1784858865.724862977] [pinn_franka_controller]: Trajectory stale (168.1s > 2.0s) -- holding at last known position via gravity compensation.
[pinn_controller_node-1] [WARN] [1784858866.725353091] [pinn_franka_controller]: Trajectory stale (169.1s > 2.0s) -- holding at last known position via gravity compensation.
[pinn_controller_node-1] [WARN] [1784858867.726285589] [pinn_franka_controller]: Trajectory stale (170.1s > 2.0s) -- holding at last known position via gravity compensation.
[pinn_controller_node-1] [WARN] [1784858868.726484221] [pinn_franka_controller]: Trajectory stale (171.1s > 2.0s) -- holding at last known position via gravity compensation.
[pinn_controller_node-1] [WARN] [1784858869.727192396] [pinn_franka_controller]: Trajectory stale (172.1s > 2.0s) -- holding at last known position via gravity compensation.
[pinn_controller_node-1] [WARN] [1784858870.727305343] [pinn_franka_controller]: Trajectory stale (173.1s > 2.0s) -- holding at last known position via gravity compensation.
[pinn_controller_node-1] [WARN] [1784858871.728210960] [pinn_franka_controller]: Trajectory stale (174.1s > 2.0s) -- holding at last known position via gravity compensation.
[pinn_controller_node-1] [WARN] [1784858872.729236829] [pinn_franka_controller]: Trajectory stale (175.1s > 2.0s) -- holding at last known position via gravity compensation.
[pinn_controller_node-1] [WARN] [1784858873.729542065] [pinn_franka_controller]: Trajectory stale (176.1s > 2.0s) -- holding at last known position via gravity compensation.
[pinn_controller_node-1] [WARN] [1784858874.730643346] [pinn_franka_controller]: Trajectory stale (177.1s > 2.0s) -- holding at last known position via gravity compensation.
[pinn_controller_node-1] [WARN] [1784858875.731038516] [pinn_franka_controller]: Trajectory stale (178.1s > 2.0s) -- holding at last known position via gravity compensation.
[pinn_controller_node-1] [WARN] [1784858876.731192776] [pinn_franka_controller]: Trajectory stale (179.1s > 2.0s) -- holding at last known position via gravity compensation.
[pinn_controller_node-1] [WARN] [1784858877.731239489] [pinn_franka_controller]: Trajectory stale (180.1s > 2.0s) -- holding at last known position via gravity compensation.
[pinn_controller_node-1] [WARN] [1784858878.731272446] [pinn_franka_controller]: Trajectory stale (181.1s > 2.0s) -- holding at last known position via gravity compensation.
[pinn_controller_node-1] [WARN] [1784858879.731422985] [pinn_franka_controller]: Trajectory stale (182.1s > 2.0s) -- holding at last known position via gravity compensation.
[pinn_controller_node-1] [WARN] [1784858880.732200552] [pinn_franka_controller]: Trajectory stale (183.1s > 2.0s) -- holding at last known position via gravity compensation.
[pinn_controller_node-1] [WARN] [1784858881.732818550] [pinn_franka_controller]: Trajectory stale (184.1s > 2.0s) -- holding at last known position via gravity compensation.
[pinn_controller_node-1] [WARN] [1784858882.733223159] [pinn_franka_controller]: Trajectory stale (185.1s > 2.0s) -- holding at last known position via gravity compensation.
[pinn_controller_node-1] [WARN] [1784858883.733396972] [pinn_franka_controller]: Trajectory stale (186.1s > 2.0s) -- holding at last known position via gravity compensation.
[pinn_controller_node-1] [WARN] [1784858884.734285027] [pinn_franka_controller]: Trajectory stale (187.1s > 2.0s) -- holding at last known position via gravity compensation.
[pinn_controller_node-1] [WARN] [1784858885.735212844] [pinn_franka_controller]: Trajectory stale (188.1s > 2.0s) -- holding at last known position via gravity compensation.
[pinn_controller_node-1] [WARN] [1784858886.736190275] [pinn_franka_controller]: Trajectory stale (189.1s > 2.0s) -- holding at last known position via gravity compensation.
[pinn_controller_node-1] [WARN] [1784858887.736744260] [pinn_franka_controller]: Trajectory stale (190.1s > 2.0s) -- holding at last known position via gravity compensation.
[pinn_controller_node-1] [WARN] [1784858888.737202662] [pinn_franka_controller]: Trajectory stale (191.1s > 2.0s) -- holding at last known position via gravity compensation.
[pinn_controller_node-1] [WARN] [1784858889.738229507] [pinn_franka_controller]: Trajectory stale (192.1s > 2.0s) -- holding at last known position via gravity compensation.
[pinn_controller_node-1] [WARN] [1784858890.739212227] [pinn_franka_controller]: Trajectory stale (193.1s > 2.0s) -- holding at last known position via gravity compensation.
[pinn_controller_node-1] [WARN] [1784858891.740212474] [pinn_franka_controller]: Trajectory stale (194.1s > 2.0s) -- holding at last known position via gravity compensation.
[pinn_controller_node-1] [WARN] [1784858892.741577871] [pinn_franka_controller]: Trajectory stale (195.1s > 2.0s) -- holding at last known position via gravity compensation.
[pinn_controller_node-1] [WARN] [1784858893.742281779] [pinn_franka_controller]: Trajectory stale (196.1s > 2.0s) -- holding at last known position via gravity compensation.
[pinn_controller_node-1] [WARN] [1784858894.742596663] [pinn_franka_controller]: Trajectory stale (197.1s > 2.0s) -- holding at last known position via gravity compensation.
[pinn_controller_node-1] [WARN] [1784858895.743191581] [pinn_franka_controller]: Trajectory stale (198.1s > 2.0s) -- holding at last known position via gravity compensation.
[pinn_controller_node-1] [WARN] [1784858896.743249704] [pinn_franka_controller]: Trajectory stale (199.1s > 2.0s) -- holding at last known position via gravity compensation.
[pinn_controller_node-1] [WARN] [1784858897.744253159] [pinn_franka_controller]: Trajectory stale (200.1s > 2.0s) -- holding at last known position via gravity compensation.
[pinn_controller_node-1] [WARN] [1784858898.744313776] [pinn_franka_controller]: Trajectory stale (201.1s > 2.0s) -- holding at last known position via gravity compensation.
[pinn_controller_node-1] [WARN] [1784858899.745204673] [pinn_franka_controller]: Trajectory stale (202.1s > 2.0s) -- holding at last known position via gravity compensation.
[pinn_controller_node-1] [WARN] [1784858900.745646833] [pinn_franka_controller]: Trajectory stale (203.1s > 2.0s) -- holding at last known position via gravity compensation.
[pinn_controller_node-1] [WARN] [1784858901.746283943] [pinn_franka_controller]: Trajectory stale (204.1s > 2.0s) -- holding at last known position via gravity compensation.
[pinn_controller_node-1] [WARN] [1784858902.746407383] [pinn_franka_controller]: Trajectory stale (205.1s > 2.0s) -- holding at last known position via gravity compensation.
[pinn_controller_node-1] [WARN] [1784858903.747184724] [pinn_franka_controller]: Trajectory stale (206.1s > 2.0s) -- holding at last known position via gravity compensation.
[pinn_controller_node-1] [WARN] [1784858904.747236804] [pinn_franka_controller]: Trajectory stale (207.1s > 2.0s) -- holding at last known position via gravity compensation.
[pinn_controller_node-1] [WARN] [1784858905.747296881] [pinn_franka_controller]: Trajectory stale (208.1s > 2.0s) -- holding at last known position via gravity compensation.
[pinn_controller_node-1] [WARN] [1784858906.748201486] [pinn_franka_controller]: Trajectory stale (209.1s > 2.0s) -- holding at last known position via gravity compensation.
[pinn_controller_node-1] [WARN] [1784858907.748296921] [pinn_franka_controller]: Trajectory stale (210.1s > 2.0s) -- holding at last known position via gravity compensation.
[pinn_controller_node-1] [WARN] [1784858908.748449562] [pinn_franka_controller]: Trajectory stale (211.1s > 2.0s) -- holding at last known position via gravity compensation.
[pinn_controller_node-1] [WARN] [1784858909.748612084] [pinn_franka_controller]: Trajectory stale (212.1s > 2.0s) -- holding at last known position via gravity compensation.
[pinn_controller_node-1] [WARN] [1784858910.749377229] [pinn_franka_controller]: Trajectory stale (213.1s > 2.0s) -- holding at last known position via gravity compensation.
[pinn_controller_node-1] [WARN] [1784858911.750262165] [pinn_franka_controller]: Trajectory stale (214.1s > 2.0s) -- holding at last known position via gravity compensation.
[pinn_controller_node-1] [WARN] [1784858912.751195803] [pinn_franka_controller]: Trajectory stale (215.1s > 2.0s) -- holding at last known position via gravity compensation.
[pinn_controller_node-1] [WARN] [1784858913.751590706] [pinn_franka_controller]: Trajectory stale (216.1s > 2.0s) -- holding at last known position via gravity compensation.
[pinn_controller_node-1] [WARN] [1784858914.752468070] [pinn_franka_controller]: Trajectory stale (217.1s > 2.0s) -- holding at last known position via gravity compensation.
[pinn_controller_node-1] [WARN] [1784858915.752890391] [pinn_franka_controller]: Trajectory stale (218.1s > 2.0s) -- holding at last known position via gravity compensation.
[pinn_controller_node-1] [WARN] [1784858916.753215073] [pinn_franka_controller]: Trajectory stale (219.1s > 2.0s) -- holding at last known position via gravity compensation.
[pinn_controller_node-1] [WARN] [1784858917.753667025] [pinn_franka_controller]: Trajectory stale (220.1s > 2.0s) -- holding at last known position via gravity compensation.
[pinn_controller_node-1] [WARN] [1784858918.754195066] [pinn_franka_controller]: Trajectory stale (221.1s > 2.0s) -- holding at last known position via gravity compensation.
[pinn_controller_node-1] [WARN] [1784858919.754673508] [pinn_franka_controller]: Trajectory stale (222.1s > 2.0s) -- holding at last known position via gravity compensation.
[pinn_controller_node-1] [WARN] [1784858920.755226473] [pinn_franka_controller]: Trajectory stale (223.1s > 2.0s) -- holding at last known position via gravity compensation.
[pinn_controller_node-1] [WARN] [1784858921.755446965] [pinn_franka_controller]: Trajectory stale (224.1s > 2.0s) -- holding at last known position via gravity compensation.
[pinn_controller_node-1] [WARN] [1784858922.755925022] [pinn_franka_controller]: Trajectory stale (225.1s > 2.0s) -- holding at last known position via gravity compensation.
[pinn_controller_node-1] [WARN] [1784858923.756726412] [pinn_franka_controller]: Trajectory stale (226.1s > 2.0s) -- holding at last known position via gravity compensation.
[pinn_controller_node-1] [WARN] [1784858924.757467056] [pinn_franka_controller]: Trajectory stale (227.1s > 2.0s) -- holding at last known position via gravity compensation.
[pinn_controller_node-1] [WARN] [1784858925.758073012] [pinn_franka_controller]: Trajectory stale (228.1s > 2.0s) -- holding at last known position via gravity compensation.
[pinn_controller_node-1] [WARN] [1784858926.758197875] [pinn_franka_controller]: Trajectory stale (229.1s > 2.0s) -- holding at last known position via gravity compensation.
[pinn_controller_node-1] [WARN] [1784858927.758233178] [pinn_franka_controller]: Trajectory stale (230.1s > 2.0s) -- holding at last known position via gravity compensation.
[pinn_controller_node-1] [WARN] [1784858928.759232705] [pinn_franka_controller]: Trajectory stale (231.1s > 2.0s) -- holding at last known position via gravity compensation.
[pinn_controller_node-1] [WARN] [1784858929.760231665] [pinn_franka_controller]: Trajectory stale (232.1s > 2.0s) -- holding at last known position via gravity compensation.
[pinn_controller_node-1] [WARN] [1784858930.760643908] [pinn_franka_controller]: Trajectory stale (233.1s > 2.0s) -- holding at last known position via gravity compensation.
[pinn_controller_node-1] [WARN] [1784858931.761594359] [pinn_franka_controller]: Trajectory stale (234.1s > 2.0s) -- holding at last known position via gravity compensation.
[pinn_controller_node-1] [WARN] [1784858932.762230445] [pinn_franka_controller]: Trajectory stale (235.1s > 2.0s) -- holding at last known position via gravity compensation.
[pinn_controller_node-1] [WARN] [1784858933.762245284] [pinn_franka_controller]: Trajectory stale (236.1s > 2.0s) -- holding at last known position via gravity compensation.
[pinn_controller_node-1] [WARN] [1784858934.763230109] [pinn_franka_controller]: Trajectory stale (237.1s > 2.0s) -- holding at last known position via gravity compensation.
[pinn_controller_node-1] [WARN] [1784858935.764242617] [pinn_franka_controller]: Trajectory stale (238.1s > 2.0s) -- holding at last known position via gravity compensation.
[pinn_controller_node-1] [WARN] [1784858936.764523379] [pinn_franka_controller]: Trajectory stale (239.1s > 2.0s) -- holding at last known position via gravity compensation.
[pinn_controller_node-1] [WARN] [1784858937.765715636] [pinn_franka_controller]: Trajectory stale (240.1s > 2.0s) -- holding at last known position via gravity compensation.
[pinn_controller_node-1] [WARN] [1784858938.766235129] [pinn_franka_controller]: Trajectory stale (241.1s > 2.0s) -- holding at last known position via gravity compensation.
[pinn_controller_node-1] [WARN] [1784858939.766248058] [pinn_franka_controller]: Trajectory stale (242.1s > 2.0s) -- holding at last known position via gravity compensation.
[pinn_controller_node-1] [WARN] [1784858940.766486752] [pinn_franka_controller]: Trajectory stale (243.1s > 2.0s) -- holding at last known position via gravity compensation.
[pinn_controller_node-1] [WARN] [1784858941.767528345] [pinn_franka_controller]: Trajectory stale (244.1s > 2.0s) -- holding at last known position via gravity compensation.
[pinn_controller_node-1] [WARN] [1784858942.768209952] [pinn_franka_controller]: Trajectory stale (245.1s > 2.0s) -- holding at last known position via gravity compensation.
[pinn_controller_node-1] [WARN] [1784858943.769194398] [pinn_franka_controller]: Trajectory stale (246.1s > 2.0s) -- holding at last known position via gravity compensation.
[pinn_controller_node-1] [WARN] [1784858944.770195745] [pinn_franka_controller]: Trajectory stale (247.1s > 2.0s) -- holding at last known position via gravity compensation.
[pinn_controller_node-1] [WARN] [1784858945.770454178] [pinn_franka_controller]: Trajectory stale (248.1s > 2.0s) -- holding at last known position via gravity compensation.
[pinn_controller_node-1] [WARN] [1784858946.770570288] [pinn_franka_controller]: Trajectory stale (249.1s > 2.0s) -- holding at last known position via gravity compensation.
[pinn_controller_node-1] [WARN] [1784858947.771205109] [pinn_franka_controller]: Trajectory stale (250.1s > 2.0s) -- holding at last known position via gravity compensation.
[pinn_controller_node-1] [WARN] [1784858948.772169466] [pinn_franka_controller]: Trajectory stale (251.1s > 2.0s) -- holding at last known position via gravity compensation.
[pinn_controller_node-1] [WARN] [1784858949.772180941] [pinn_franka_controller]: Trajectory stale (252.1s > 2.0s) -- holding at last known position via gravity compensation.
[pinn_controller_node-1] [WARN] [1784858950.772760406] [pinn_franka_controller]: Trajectory stale (253.1s > 2.0s) -- holding at last known position via gravity compensation.
[pinn_controller_node-1] [WARN] [1784858951.773430424] [pinn_franka_controller]: Trajectory stale (254.1s > 2.0s) -- holding at last known position via gravity compensation.
[pinn_controller_node-1] [WARN] [1784858952.774266199] [pinn_franka_controller]: Trajectory stale (255.1s > 2.0s) -- holding at last known position via gravity compensation.
[pinn_controller_node-1] [WARN] [1784858953.775234610] [pinn_franka_controller]: Trajectory stale (256.1s > 2.0s) -- holding at last known position via gravity compensation.
[pinn_controller_node-1] [WARN] [1784858954.776196007] [pinn_franka_controller]: Trajectory stale (257.1s > 2.0s) -- holding at last known position via gravity compensation.
[pinn_controller_node-1] [WARN] [1784858955.776310660] [pinn_franka_controller]: Trajectory stale (258.1s > 2.0s) -- holding at last known position via gravity compensation.
[pinn_controller_node-1] [WARN] [1784858956.776426662] [pinn_franka_controller]: Trajectory stale (259.1s > 2.0s) -- holding at last known position via gravity compensation.
[pinn_controller_node-1] [WARN] [1784858957.776531781] [pinn_franka_controller]: Trajectory stale (260.1s > 2.0s) -- holding at last known position via gravity compensation.
[pinn_controller_node-1] [WARN] [1784858958.776798725] [pinn_franka_controller]: Trajectory stale (261.1s > 2.0s) -- holding at last known position via gravity compensation.
[pinn_controller_node-1] [WARN] [1784858959.777280925] [pinn_franka_controller]: Trajectory stale (262.1s > 2.0s) -- holding at last known position via gravity compensation.
[pinn_controller_node-1] [WARN] [1784858960.778204568] [pinn_franka_controller]: Trajectory stale (263.1s > 2.0s) -- holding at last known position via gravity compensation.
[pinn_controller_node-1] [WARN] [1784858961.778332026] [pinn_franka_controller]: Trajectory stale (264.1s > 2.0s) -- holding at last known position via gravity compensation.
[pinn_controller_node-1] [WARN] [1784858962.779208028] [pinn_franka_controller]: Trajectory stale (265.1s > 2.0s) -- holding at last known position via gravity compensation.
[pinn_controller_node-1] [WARN] [1784858963.779734675] [pinn_franka_controller]: Trajectory stale (266.1s > 2.0s) -- holding at last known position via gravity compensation.
[pinn_controller_node-1] [WARN] [1784858964.780644556] [pinn_franka_controller]: Trajectory stale (267.1s > 2.0s) -- holding at last known position via gravity compensation.
[pinn_controller_node-1] [WARN] [1784858965.781190883] [pinn_franka_controller]: Trajectory stale (268.1s > 2.0s) -- holding at last known position via gravity compensation.
[pinn_controller_node-1] [WARN] [1784858966.781263750] [pinn_franka_controller]: Trajectory stale (269.1s > 2.0s) -- holding at last known position via gravity compensation.
[pinn_controller_node-1] [WARN] [1784858967.781519394] [pinn_franka_controller]: Trajectory stale (270.1s > 2.0s) -- holding at last known position via gravity compensation.
[pinn_controller_node-1] [WARN] [1784858968.782197924] [pinn_franka_controller]: Trajectory stale (271.1s > 2.0s) -- holding at last known position via gravity compensation.
[pinn_controller_node-1] [WARN] [1784858969.782253633] [pinn_franka_controller]: Trajectory stale (272.1s > 2.0s) -- holding at last known position via gravity compensation.
[pinn_controller_node-1] [WARN] [1784858970.783193317] [pinn_franka_controller]: Trajectory stale (273.1s > 2.0s) -- holding at last known position via gravity compensation.
[pinn_controller_node-1] [WARN] [1784858971.783245141] [pinn_franka_controller]: Trajectory stale (274.1s > 2.0s) -- holding at last known position via gravity compensation.
[pinn_controller_node-1] [WARN] [1784858972.783557892] [pinn_franka_controller]: Trajectory stale (275.1s > 2.0s) -- holding at last known position via gravity compensation.
[pinn_controller_node-1] [WARN] [1784858973.784205881] [pinn_franka_controller]: Trajectory stale (276.1s > 2.0s) -- holding at last known position via gravity compensation.
[pinn_controller_node-1] [WARN] [1784858974.784643012] [pinn_franka_controller]: Trajectory stale (277.1s > 2.0s) -- holding at last known position via gravity compensation.
[pinn_controller_node-1] [WARN] [1784858975.785202463] [pinn_franka_controller]: Trajectory stale (278.1s > 2.0s) -- holding at last known position via gravity compensation.
[pinn_controller_node-1] [WARN] [1784858976.785290260] [pinn_franka_controller]: Trajectory stale (279.1s > 2.0s) -- holding at last known position via gravity compensation.
[pinn_controller_node-1] [WARN] [1784858977.786193701] [pinn_franka_controller]: Trajectory stale (280.1s > 2.0s) -- holding at last known position via gravity compensation.
[pinn_controller_node-1] [WARN] [1784858978.786374295] [pinn_franka_controller]: Trajectory stale (281.1s > 2.0s) -- holding at last known position via gravity compensation.
[pinn_controller_node-1] [WARN] [1784858979.787167943] [pinn_franka_controller]: Trajectory stale (282.1s > 2.0s) -- holding at last known position via gravity compensation.
[pinn_controller_node-1] [WARN] [1784858980.787206352] [pinn_franka_controller]: Trajectory stale (283.1s > 2.0s) -- holding at last known position via gravity compensation.
[pinn_controller_node-1] [WARN] [1784858981.787635043] [pinn_franka_controller]: Trajectory stale (284.1s > 2.0s) -- holding at last known position via gravity compensation.
[pinn_controller_node-1] [WARN] [1784858982.788326737] [pinn_franka_controller]: Trajectory stale (285.1s > 2.0s) -- holding at last known position via gravity compensation.
[pinn_controller_node-1] [WARN] [1784858983.788747941] [pinn_franka_controller]: Trajectory stale (286.1s > 2.0s) -- holding at last known position via gravity compensation.
[pinn_controller_node-1] [WARN] [1784858984.789225515] [pinn_franka_controller]: Trajectory stale (287.1s > 2.0s) -- holding at last known position via gravity compensation.
[pinn_controller_node-1] [WARN] [1784858985.789759326] [pinn_franka_controller]: Trajectory stale (288.1s > 2.0s) -- holding at last known position via gravity compensation.
[pinn_controller_node-1] [WARN] [1784858986.790284506] [pinn_franka_controller]: Trajectory stale (289.1s > 2.0s) -- holding at last known position via gravity compensation.
[pinn_controller_node-1] [WARN] [1784858987.790777308] [pinn_franka_controller]: Trajectory stale (290.2s > 2.0s) -- holding at last known position via gravity compensation.
[pinn_controller_node-1] [WARN] [1784858988.791278680] [pinn_franka_controller]: Trajectory stale (291.2s > 2.0s) -- holding at last known position via gravity compensation.
[pinn_controller_node-1] [WARN] [1784858989.791323245] [pinn_franka_controller]: Trajectory stale (292.2s > 2.0s) -- holding at last known position via gravity compensation.
[pinn_controller_node-1] [WARN] [1784858990.791459666] [pinn_franka_controller]: Trajectory stale (293.2s > 2.0s) -- holding at last known position via gravity compensation.
[pinn_controller_node-1] [WARN] [1784858991.792331457] [pinn_franka_controller]: Trajectory stale (294.2s > 2.0s) -- holding at last known position via gravity compensation.
[pinn_controller_node-1] [WARN] [1784858992.792915652] [pinn_franka_controller]: Trajectory stale (295.2s > 2.0s) -- holding at last known position via gravity compensation.
[pinn_controller_node-1] [WARN] [1784858993.793866802] [pinn_franka_controller]: Trajectory stale (296.2s > 2.0s) -- holding at last known position via gravity compensation.
[pinn_controller_node-1] [WARN] [1784858994.794214824] [pinn_franka_controller]: Trajectory stale (297.2s > 2.0s) -- holding at last known position via gravity compensation.
[pinn_controller_node-1] [WARN] [1784858995.794405483] [pinn_franka_controller]: Trajectory stale (298.2s > 2.0s) -- holding at last known position via gravity compensation.
[pinn_controller_node-1] [WARN] [1784858996.795418070] [pinn_franka_controller]: Trajectory stale (299.2s > 2.0s) -- holding at last known position via gravity compensation.
[pinn_controller_node-1] [WARN] [1784858997.795479765] [pinn_franka_controller]: Trajectory stale (300.2s > 2.0s) -- holding at last known position via gravity compensation.
[pinn_controller_node-1] [WARN] [1784858998.796290324] [pinn_franka_controller]: Trajectory stale (301.2s > 2.0s) -- holding at last known position via gravity compensation.
[pinn_controller_node-1] [WARN] [1784858999.797242506] [pinn_franka_controller]: Trajectory stale (302.2s > 2.0s) -- holding at last known position via gravity compensation.
[pinn_controller_node-1] [WARN] [1784859000.797448924] [pinn_franka_controller]: Trajectory stale (303.2s > 2.0s) -- holding at last known position via gravity compensation.
[pinn_controller_node-1] [WARN] [1784859001.798199454] [pinn_franka_controller]: Trajectory stale (304.2s > 2.0s) -- holding at last known position via gravity compensation.
[pinn_controller_node-1] [WARN] [1784859002.799188024] [pinn_franka_controller]: Trajectory stale (305.2s > 2.0s) -- holding at last known position via gravity compensation.
[pinn_controller_node-1] [WARN] [1784859003.800181995] [pinn_franka_controller]: Trajectory stale (306.2s > 2.0s) -- holding at last known position via gravity compensation.
[pinn_controller_node-1] [WARN] [1784859004.800237824] [pinn_franka_controller]: Trajectory stale (307.2s > 2.0s) -- holding at last known position via gravity compensation.
[pinn_controller_node-1] [WARN] [1784859005.800785570] [pinn_franka_controller]: Trajectory stale (308.2s > 2.0s) -- holding at last known position via gravity compensation.
[pinn_controller_node-1] [WARN] [1784859006.801217019] [pinn_franka_controller]: Trajectory stale (309.2s > 2.0s) -- holding at last known position via gravity compensation.
[pinn_controller_node-1] [WARN] [1784859007.802217849] [pinn_franka_controller]: Trajectory stale (310.2s > 2.0s) -- holding at last known position via gravity compensation.
[pinn_controller_node-1] [WARN] [1784859008.802608338] [pinn_franka_controller]: Trajectory stale (311.2s > 2.0s) -- holding at last known position via gravity compensation.
[pinn_controller_node-1] [WARN] [1784859009.803225174] [pinn_franka_controller]: Trajectory stale (312.2s > 2.0s) -- holding at last known position via gravity compensation.
[pinn_controller_node-1] [WARN] [1784859010.804164238] [pinn_franka_controller]: Trajectory stale (313.2s > 2.0s) -- holding at last known position via gravity compensation.
[pinn_controller_node-1] [WARN] [1784859011.804211610] [pinn_franka_controller]: Trajectory stale (314.2s > 2.0s) -- holding at last known position via gravity compensation.
[pinn_controller_node-1] [WARN] [1784859012.805200663] [pinn_franka_controller]: Trajectory stale (315.2s > 2.0s) -- holding at last known position via gravity compensation.
[pinn_controller_node-1] [WARN] [1784859013.805217501] [pinn_franka_controller]: Trajectory stale (316.2s > 2.0s) -- holding at last known position via gravity compensation.
[pinn_controller_node-1] [WARN] [1784859014.805219789] [pinn_franka_controller]: Trajectory stale (317.2s > 2.0s) -- holding at last known position via gravity compensation.
[pinn_controller_node-1] [WARN] [1784859015.805261918] [pinn_franka_controller]: Trajectory stale (318.2s > 2.0s) -- holding at last known position via gravity compensation.
[pinn_controller_node-1] [WARN] [1784859016.806182143] [pinn_franka_controller]: Trajectory stale (319.2s > 2.0s) -- holding at last known position via gravity compensation.
[pinn_controller_node-1] [WARN] [1784859017.806733000] [pinn_franka_controller]: Trajectory stale (320.2s > 2.0s) -- holding at last known position via gravity compensation.
[pinn_controller_node-1] [WARN] [1784859018.807294186] [pinn_franka_controller]: Trajectory stale (321.2s > 2.0s) -- holding at last known position via gravity compensation.
[pinn_controller_node-1] [WARN] [1784859019.808237008] [pinn_franka_controller]: Trajectory stale (322.2s > 2.0s) -- holding at last known position via gravity compensation.
[pinn_controller_node-1] [WARN] [1784859020.809221371] [pinn_franka_controller]: Trajectory stale (323.2s > 2.0s) -- holding at last known position via gravity compensation.
[pinn_controller_node-1] [WARN] [1784859021.810190955] [pinn_franka_controller]: Trajectory stale (324.2s > 2.0s) -- holding at last known position via gravity compensation.
[pinn_controller_node-1] [WARN] [1784859022.810389647] [pinn_franka_controller]: Trajectory stale (325.2s > 2.0s) -- holding at last known position via gravity compensation.
[pinn_controller_node-1] [WARN] [1784859023.810510385] [pinn_franka_controller]: Trajectory stale (326.2s > 2.0s) -- holding at last known position via gravity compensation.
[pinn_controller_node-1] [WARN] [1784859024.811214329] [pinn_franka_controller]: Trajectory stale (327.2s > 2.0s) -- holding at last known position via gravity compensation.
[pinn_controller_node-1] [WARN] [1784859025.811292950] [pinn_franka_controller]: Trajectory stale (328.2s > 2.0s) -- holding at last known position via gravity compensation.
[pinn_controller_node-1] [WARN] [1784859026.811647720] [pinn_franka_controller]: Trajectory stale (329.2s > 2.0s) -- holding at last known position via gravity compensation.
[pinn_controller_node-1] [WARN] [1784859027.812193661] [pinn_franka_controller]: Trajectory stale (330.2s > 2.0s) -- holding at last known position via gravity compensation.
[pinn_controller_node-1] [WARN] [1784859028.812824754] [pinn_franka_controller]: Trajectory stale (331.2s > 2.0s) -- holding at last known position via gravity compensation.
[pinn_controller_node-1] [WARN] [1784859029.813392346] [pinn_franka_controller]: Trajectory stale (332.2s > 2.0s) -- holding at last known position via gravity compensation.
[pinn_controller_node-1] [WARN] [1784859030.814250553] [pinn_franka_controller]: Trajectory stale (333.2s > 2.0s) -- holding at last known position via gravity compensation.
[pinn_controller_node-1] [WARN] [1784859031.815238435] [pinn_franka_controller]: Trajectory stale (334.2s > 2.0s) -- holding at last known position via gravity compensation.
[pinn_controller_node-1] [WARN] [1784859032.816244626] [pinn_franka_controller]: Trajectory stale (335.2s > 2.0s) -- holding at last known position via gravity compensation.
[pinn_controller_node-1] [WARN] [1784859033.816356336] [pinn_franka_controller]: Trajectory stale (336.2s > 2.0s) -- holding at last known position via gravity compensation.
[pinn_controller_node-1] [WARN] [1784859034.817251018] [pinn_franka_controller]: Trajectory stale (337.2s > 2.0s) -- holding at last known position via gravity compensation.
[pinn_controller_node-1] [WARN] [1784859035.818226173] [pinn_franka_controller]: Trajectory stale (338.2s > 2.0s) -- holding at last known position via gravity compensation.
[pinn_controller_node-1] [WARN] [1784859036.818229288] [pinn_franka_controller]: Trajectory stale (339.2s > 2.0s) -- holding at last known position via gravity compensation.
[pinn_controller_node-1] [WARN] [1784859037.818362283] [pinn_franka_controller]: Trajectory stale (340.2s > 2.0s) -- holding at last known position via gravity compensation.
[pinn_controller_node-1] [WARN] [1784859038.819219349] [pinn_franka_controller]: Trajectory stale (341.2s > 2.0s) -- holding at last known position via gravity compensation.
[pinn_controller_node-1] [WARN] [1784859039.820219850] [pinn_franka_controller]: Trajectory stale (342.2s > 2.0s) -- holding at last known position via gravity compensation.
[pinn_controller_node-1] [WARN] [1784859040.820941543] [pinn_franka_controller]: Trajectory stale (343.2s > 2.0s) -- holding at last known position via gravity compensation.
[pinn_controller_node-1] [WARN] [1784859041.821585592] [pinn_franka_controller]: Trajectory stale (344.2s > 2.0s) -- holding at last known position via gravity compensation.
[pinn_controller_node-1] [WARN] [1784859042.821734822] [pinn_franka_controller]: Trajectory stale (345.2s > 2.0s) -- holding at last known position via gravity compensation.
[pinn_controller_node-1] [WARN] [1784859043.822546143] [pinn_franka_controller]: Trajectory stale (346.2s > 2.0s) -- holding at last known position via gravity compensation.
[pinn_controller_node-1] [WARN] [1784859044.822548402] [pinn_franka_controller]: Trajectory stale (347.2s > 2.0s) -- holding at last known position via gravity compensation.
[pinn_controller_node-1] [WARN] [1784859045.823240055] [pinn_franka_controller]: Trajectory stale (348.2s > 2.0s) -- holding at last known position via gravity compensation.
[pinn_controller_node-1] [WARN] [1784859046.824195012] [pinn_franka_controller]: Trajectory stale (349.2s > 2.0s) -- holding at last known position via gravity compensation.
[pinn_controller_node-1] [WARN] [1784859047.824313385] [pinn_franka_controller]: Trajectory stale (350.2s > 2.0s) -- holding at last known position via gravity compensation.
[pinn_controller_node-1] [WARN] [1784859048.824830853] [pinn_franka_controller]: Trajectory stale (351.2s > 2.0s) -- holding at last known position via gravity compensation.
[pinn_controller_node-1] [WARN] [1784859049.825115871] [pinn_franka_controller]: Trajectory stale (352.2s > 2.0s) -- holding at last known position via gravity compensation.
[pinn_controller_node-1] [WARN] [1784859050.825467463] [pinn_franka_controller]: Trajectory stale (353.2s > 2.0s) -- holding at last known position via gravity compensation.
[pinn_controller_node-1] [WARN] [1784859051.826332970] [pinn_franka_controller]: Trajectory stale (354.2s > 2.0s) -- holding at last known position via gravity compensation.
[pinn_controller_node-1] [WARN] [1784859052.826377519] [pinn_franka_controller]: Trajectory stale (355.2s > 2.0s) -- holding at last known position via gravity compensation.
[pinn_controller_node-1] [WARN] [1784859053.827191418] [pinn_franka_controller]: Trajectory stale (356.2s > 2.0s) -- holding at last known position via gravity compensation.
[pinn_controller_node-1] [WARN] [1784859054.827229699] [pinn_franka_controller]: Trajectory stale (357.2s > 2.0s) -- holding at last known position via gravity compensation.
[pinn_controller_node-1] [WARN] [1784859055.828233922] [pinn_franka_controller]: Trajectory stale (358.2s > 2.0s) -- holding at last known position via gravity compensation.
[pinn_controller_node-1] [WARN] [1784859056.828246082] [pinn_franka_controller]: Trajectory stale (359.2s > 2.0s) -- holding at last known position via gravity compensation.
[pinn_controller_node-1] [WARN] [1784859057.829209139] [pinn_franka_controller]: Trajectory stale (360.2s > 2.0s) -- holding at last known position via gravity compensation.
[pinn_controller_node-1] [WARN] [1784859058.829270829] [pinn_franka_controller]: Trajectory stale (361.2s > 2.0s) -- holding at last known position via gravity compensation.
[pinn_controller_node-1] [WARN] [1784859059.829449644] [pinn_franka_controller]: Trajectory stale (362.2s > 2.0s) -- holding at last known position via gravity compensation.
[pinn_controller_node-1] [WARN] [1784859060.829478153] [pinn_franka_controller]: Trajectory stale (363.2s > 2.0s) -- holding at last known position via gravity compensation.
[pinn_controller_node-1] [WARN] [1784859061.830192221] [pinn_franka_controller]: Trajectory stale (364.2s > 2.0s) -- holding at last known position via gravity compensation.
[pinn_controller_node-1] [WARN] [1784859062.831196696] [pinn_franka_controller]: Trajectory stale (365.2s > 2.0s) -- holding at last known position via gravity compensation.
[pinn_controller_node-1] [WARN] [1784859063.831193951] [pinn_franka_controller]: Trajectory stale (366.2s > 2.0s) -- holding at last known position via gravity compensation.
[pinn_controller_node-1] [WARN] [1784859064.831885413] [pinn_franka_controller]: Trajectory stale (367.2s > 2.0s) -- holding at last known position via gravity compensation.
[pinn_controller_node-1] [WARN] [1784859065.832354516] [pinn_franka_controller]: Trajectory stale (368.2s > 2.0s) -- holding at last known position via gravity compensation.
[pinn_controller_node-1] [WARN] [1784859066.833195636] [pinn_franka_controller]: Trajectory stale (369.2s > 2.0s) -- holding at last known position via gravity compensation.
[pinn_controller_node-1] [WARN] [1784859067.833256679] [pinn_franka_controller]: Trajectory stale (370.2s > 2.0s) -- holding at last known position via gravity compensation.
[pinn_controller_node-1] [WARN] [1784859068.834207533] [pinn_franka_controller]: Trajectory stale (371.2s > 2.0s) -- holding at last known position via gravity compensation.
[pinn_controller_node-1] [WARN] [1784859069.835195780] [pinn_franka_controller]: Trajectory stale (372.2s > 2.0s) -- holding at last known position via gravity compensation.
[pinn_controller_node-1] [WARN] [1784859070.835256271] [pinn_franka_controller]: Trajectory stale (373.2s > 2.0s) -- holding at last known position via gravity compensation.
[pinn_controller_node-1] [WARN] [1784859071.836195534] [pinn_franka_controller]: Trajectory stale (374.2s > 2.0s) -- holding at last known position via gravity compensation.
[pinn_controller_node-1] [WARN] [1784859072.836365238] [pinn_franka_controller]: Trajectory stale (375.2s > 2.0s) -- holding at last known position via gravity compensation.
[pinn_controller_node-1] [WARN] [1784859073.837372873] [pinn_franka_controller]: Trajectory stale (376.2s > 2.0s) -- holding at last known position via gravity compensation.
[pinn_controller_node-1] [WARN] [1784859074.838337071] [pinn_franka_controller]: Trajectory stale (377.2s > 2.0s) -- holding at last known position via gravity compensation.
[pinn_controller_node-1] [WARN] [1784859075.838340683] [pinn_franka_controller]: Trajectory stale (378.2s > 2.0s) -- holding at last known position via gravity compensation.
[pinn_controller_node-1] [WARN] [1784859076.839194172] [pinn_franka_controller]: Trajectory stale (379.2s > 2.0s) -- holding at last known position via gravity compensation.
[pinn_controller_node-1] [WARN] [1784859077.840188603] [pinn_franka_controller]: Trajectory stale (380.2s > 2.0s) -- holding at last known position via gravity compensation.
[pinn_controller_node-1] [WARN] [1784859078.840548274] [pinn_franka_controller]: Trajectory stale (381.2s > 2.0s) -- holding at last known position via gravity compensation.
[pinn_controller_node-1] [WARN] [1784859079.841221915] [pinn_franka_controller]: Trajectory stale (382.2s > 2.0s) -- holding at last known position via gravity compensation.
[pinn_controller_node-1] [WARN] [1784859080.841501909] [pinn_franka_controller]: Trajectory stale (383.2s > 2.0s) -- holding at last known position via gravity compensation.
[pinn_controller_node-1] [WARN] [1784859081.842294987] [pinn_franka_controller]: Trajectory stale (384.2s > 2.0s) -- holding at last known position via gravity compensation.
[pinn_controller_node-1] [WARN] [1784859082.843155875] [pinn_franka_controller]: Trajectory stale (385.2s > 2.0s) -- holding at last known position via gravity compensation.
[pinn_controller_node-1] [WARN] [1784859083.843206802] [pinn_franka_controller]: Trajectory stale (386.2s > 2.0s) -- holding at last known position via gravity compensation.
[pinn_controller_node-1] [WARN] [1784859084.843328208] [pinn_franka_controller]: Trajectory stale (387.2s > 2.0s) -- holding at last known position via gravity compensation.
[pinn_controller_node-1] [WARN] [1784859085.844178011] [pinn_franka_controller]: Trajectory stale (388.2s > 2.0s) -- holding at last known position via gravity compensation.
[pinn_controller_node-1] [WARN] [1784859086.844791916] [pinn_franka_controller]: Trajectory stale (389.2s > 2.0s) -- holding at last known position via gravity compensation.
[pinn_controller_node-1] [WARN] [1784859087.845330538] [pinn_franka_controller]: Trajectory stale (390.2s > 2.0s) -- holding at last known position via gravity compensation.
[pinn_controller_node-1] [WARN] [1784859088.846202584] [pinn_franka_controller]: Trajectory stale (391.2s > 2.0s) -- holding at last known position via gravity compensation.
[pinn_controller_node-1] [WARN] [1784859089.846623704] [pinn_franka_controller]: Trajectory stale (392.2s > 2.0s) -- holding at last known position via gravity compensation.
[pinn_controller_node-1] [WARN] [1784859090.847271287] [pinn_franka_controller]: Trajectory stale (393.2s > 2.0s) -- holding at last known position via gravity compensation.
[pinn_controller_node-1] [WARN] [1784859091.848195400] [pinn_franka_controller]: Trajectory stale (394.2s > 2.0s) -- holding at last known position via gravity compensation.
[pinn_controller_node-1] [WARN] [1784859092.848445453] [pinn_franka_controller]: Trajectory stale (395.2s > 2.0s) -- holding at last known position via gravity compensation.
[pinn_controller_node-1] [WARN] [1784859093.849373179] [pinn_franka_controller]: Trajectory stale (396.2s > 2.0s) -- holding at last known position via gravity compensation.
[pinn_controller_node-1] [WARN] [1784859094.850155195] [pinn_franka_controller]: Trajectory stale (397.2s > 2.0s) -- holding at last known position via gravity compensation.
[pinn_controller_node-1] [WARN] [1784859095.850267566] [pinn_franka_controller]: Trajectory stale (398.2s > 2.0s) -- holding at last known position via gravity compensation.
[pinn_controller_node-1] [WARN] [1784859096.851047913] [pinn_franka_controller]: Trajectory stale (399.2s > 2.0s) -- holding at last known position via gravity compensation.
[pinn_controller_node-1] [WARN] [1784859097.851990185] [pinn_franka_controller]: Trajectory stale (400.2s > 2.0s) -- holding at last known position via gravity compensation.
[pinn_controller_node-1] [WARN] [1784859098.852660511] [pinn_franka_controller]: Trajectory stale (401.2s > 2.0s) -- holding at last known position via gravity compensation.
[pinn_controller_node-1] [WARN] [1784859099.853191222] [pinn_franka_controller]: Trajectory stale (402.2s > 2.0s) -- holding at last known position via gravity compensation.
[pinn_controller_node-1] [WARN] [1784859100.853233589] [pinn_franka_controller]: Trajectory stale (403.2s > 2.0s) -- holding at last known position via gravity compensation.
[pinn_controller_node-1] [WARN] [1784859101.853439000] [pinn_franka_controller]: Trajectory stale (404.2s > 2.0s) -- holding at last known position via gravity compensation.
[pinn_controller_node-1] [WARN] [1784859102.854273788] [pinn_franka_controller]: Trajectory stale (405.2s > 2.0s) -- holding at last known position via gravity compensation.
[pinn_controller_node-1] [WARN] [1784859103.854602282] [pinn_franka_controller]: Trajectory stale (406.2s > 2.0s) -- holding at last known position via gravity compensation.
[pinn_controller_node-1] [WARN] [1784859104.855501152] [pinn_franka_controller]: Trajectory stale (407.2s > 2.0s) -- holding at last known position via gravity compensation.
[pinn_controller_node-1] [WARN] [1784859105.856236412] [pinn_franka_controller]: Trajectory stale (408.2s > 2.0s) -- holding at last known position via gravity compensation.
[pinn_controller_node-1] [WARN] [1784859106.856467069] [pinn_franka_controller]: Trajectory stale (409.2s > 2.0s) -- holding at last known position via gravity compensation.
[pinn_controller_node-1] [WARN] [1784859107.857395007] [pinn_franka_controller]: Trajectory stale (410.2s > 2.0s) -- holding at last known position via gravity compensation.
[pinn_controller_node-1] [WARN] [1784859108.858193519] [pinn_franka_controller]: Trajectory stale (411.2s > 2.0s) -- holding at last known position via gravity compensation.
[pinn_controller_node-1] [WARN] [1784859109.858195093] [pinn_franka_controller]: Trajectory stale (412.2s > 2.0s) -- holding at last known position via gravity compensation.
[pinn_controller_node-1] [WARN] [1784859110.858518999] [pinn_franka_controller]: Trajectory stale (413.2s > 2.0s) -- holding at last known position via gravity compensation.
[pinn_controller_node-1] [WARN] [1784859111.859292272] [pinn_franka_controller]: Trajectory stale (414.2s > 2.0s) -- holding at last known position via gravity compensation.
[pinn_controller_node-1] [WARN] [1784859112.860195316] [pinn_franka_controller]: Trajectory stale (415.2s > 2.0s) -- holding at last known position via gravity compensation.
[pinn_controller_node-1] [WARN] [1784859113.860730194] [pinn_franka_controller]: Trajectory stale (416.2s > 2.0s) -- holding at last known position via gravity compensation.
[pinn_controller_node-1] [WARN] [1784859114.861347951] [pinn_franka_controller]: Trajectory stale (417.2s > 2.0s) -- holding at last known position via gravity compensation.
[pinn_controller_node-1] [WARN] [1784859115.862191336] [pinn_franka_controller]: Trajectory stale (418.2s > 2.0s) -- holding at last known position via gravity compensation.
[pinn_controller_node-1] [WARN] [1784859116.862805569] [pinn_franka_controller]: Trajectory stale (419.2s > 2.0s) -- holding at last known position via gravity compensation.
[pinn_controller_node-1] [WARN] [1784859117.863245175] [pinn_franka_controller]: Trajectory stale (420.2s > 2.0s) -- holding at last known position via gravity compensation.
[pinn_controller_node-1] [WARN] [1784859118.864196176] [pinn_franka_controller]: Trajectory stale (421.2s > 2.0s) -- holding at last known position via gravity compensation.
[pinn_controller_node-1] [WARN] [1784859119.865198504] [pinn_franka_controller]: Trajectory stale (422.2s > 2.0s) -- holding at last known position via gravity compensation.
[pinn_controller_node-1] [WARN] [1784859120.865448974] [pinn_franka_controller]: Trajectory stale (423.2s > 2.0s) -- holding at last known position via gravity compensation.
[pinn_controller_node-1] [WARN] [1784859121.866203577] [pinn_franka_controller]: Trajectory stale (424.2s > 2.0s) -- holding at last known position via gravity compensation.
[pinn_controller_node-1] [WARN] [1784859122.866466303] [pinn_franka_controller]: Trajectory stale (425.2s > 2.0s) -- holding at last known position via gravity compensation.
[pinn_controller_node-1] [WARN] [1784859123.867220168] [pinn_franka_controller]: Trajectory stale (426.2s > 2.0s) -- holding at last known position via gravity compensation.
[pinn_controller_node-1] [WARN] [1784859124.868191911] [pinn_franka_controller]: Trajectory stale (427.2s > 2.0s) -- holding at last known position via gravity compensation.
[pinn_controller_node-1] [WARN] [1784859125.868364423] [pinn_franka_controller]: Trajectory stale (428.2s > 2.0s) -- holding at last known position via gravity compensation.
[pinn_controller_node-1] [WARN] [1784859126.869261645] [pinn_franka_controller]: Trajectory stale (429.2s > 2.0s) -- holding at last known position via gravity compensation.
[pinn_controller_node-1] [WARN] [1784859127.869438713] [pinn_franka_controller]: Trajectory stale (430.2s > 2.0s) -- holding at last known position via gravity compensation.
[pinn_controller_node-1] [WARN] [1784859128.870202234] [pinn_franka_controller]: Trajectory stale (431.2s > 2.0s) -- holding at last known position via gravity compensation.
[pinn_controller_node-1] [WARN] [1784859129.870307209] [pinn_franka_controller]: Trajectory stale (432.2s > 2.0s) -- holding at last known position via gravity compensation.
[pinn_controller_node-1] [WARN] [1784859130.871351609] [pinn_franka_controller]: Trajectory stale (433.2s > 2.0s) -- holding at last known position via gravity compensation.
[pinn_controller_node-1] [WARN] [1784859131.872194636] [pinn_franka_controller]: Trajectory stale (434.2s > 2.0s) -- holding at last known position via gravity compensation.
[pinn_controller_node-1] [WARN] [1784859132.872258956] [pinn_franka_controller]: Trajectory stale (435.2s > 2.0s) -- holding at last known position via gravity compensation.
[pinn_controller_node-1] [WARN] [1784859133.873260490] [pinn_franka_controller]: Trajectory stale (436.2s > 2.0s) -- holding at last known position via gravity compensation.
[pinn_controller_node-1] [WARN] [1784859134.873488443] [pinn_franka_controller]: Trajectory stale (437.2s > 2.0s) -- holding at last known position via gravity compensation.
[pinn_controller_node-1] [WARN] [1784859135.874214367] [pinn_franka_controller]: Trajectory stale (438.2s > 2.0s) -- holding at last known position via gravity compensation.
[pinn_controller_node-1] [WARN] [1784859136.874234658] [pinn_franka_controller]: Trajectory stale (439.2s > 2.0s) -- holding at last known position via gravity compensation.
[pinn_controller_node-1] [WARN] [1784859137.874326364] [pinn_franka_controller]: Trajectory stale (440.2s > 2.0s) -- holding at last known position via gravity compensation.
[pinn_controller_node-1] [WARN] [1784859138.874653125] [pinn_franka_controller]: Trajectory stale (441.2s > 2.0s) -- holding at last known position via gravity compensation.
[pinn_controller_node-1] [WARN] [1784859139.875237647] [pinn_franka_controller]: Trajectory stale (442.2s > 2.0s) -- holding at last known position via gravity compensation.
[pinn_controller_node-1] [WARN] [1784859140.876173197] [pinn_franka_controller]: Trajectory stale (443.2s > 2.0s) -- holding at last known position via gravity compensation.
[pinn_controller_node-1] [WARN] [1784859141.876215415] [pinn_franka_controller]: Trajectory stale (444.2s > 2.0s) -- holding at last known position via gravity compensation.
[pinn_controller_node-1] [WARN] [1784859142.876341606] [pinn_franka_controller]: Trajectory stale (445.2s > 2.0s) -- holding at last known position via gravity compensation.
[pinn_controller_node-1] [WARN] [1784859143.877288039] [pinn_franka_controller]: Trajectory stale (446.2s > 2.0s) -- holding at last known position via gravity compensation.
[pinn_controller_node-1] [WARN] [1784859144.878272910] [pinn_franka_controller]: Trajectory stale (447.2s > 2.0s) -- holding at last known position via gravity compensation.
[pinn_controller_node-1] [WARN] [1784859145.878696991] [pinn_franka_controller]: Trajectory stale (448.2s > 2.0s) -- holding at last known position via gravity compensation.
[pinn_controller_node-1] [WARN] [1784859146.879214611] [pinn_franka_controller]: Trajectory stale (449.2s > 2.0s) -- holding at last known position via gravity compensation.
[pinn_controller_node-1] [WARN] [1784859147.879398180] [pinn_franka_controller]: Trajectory stale (450.2s > 2.0s) -- holding at last known position via gravity compensation.
[pinn_controller_node-1] [WARN] [1784859148.880425883] [pinn_franka_controller]: Trajectory stale (451.2s > 2.0s) -- holding at last known position via gravity compensation.
[pinn_controller_node-1] [WARN] [1784859149.881204246] [pinn_franka_controller]: Trajectory stale (452.2s > 2.0s) -- holding at last known position via gravity compensation.
[pinn_controller_node-1] [WARN] [1784859150.881459906] [pinn_franka_controller]: Trajectory stale (453.2s > 2.0s) -- holding at last known position via gravity compensation.
[pinn_controller_node-1] [WARN] [1784859151.882203659] [pinn_franka_controller]: Trajectory stale (454.2s > 2.0s) -- holding at last known position via gravity compensation.
[pinn_controller_node-1] [WARN] [1784859152.882509532] [pinn_franka_controller]: Trajectory stale (455.2s > 2.0s) -- holding at last known position via gravity compensation.
[pinn_controller_node-1] [WARN] [1784859153.883472167] [pinn_franka_controller]: Trajectory stale (456.2s > 2.0s) -- holding at last known position via gravity compensation.
[pinn_controller_node-1] [WARN] [1784859154.884195667] [pinn_franka_controller]: Trajectory stale (457.2s > 2.0s) -- holding at last known position via gravity compensation.
[pinn_controller_node-1] [WARN] [1784859155.884315543] [pinn_franka_controller]: Trajectory stale (458.2s > 2.0s) -- holding at last known position via gravity compensation.
[pinn_controller_node-1] [WARN] [1784859156.884351969] [pinn_franka_controller]: Trajectory stale (459.2s > 2.0s) -- holding at last known position via gravity compensation.
[pinn_controller_node-1] [WARN] [1784859157.885250667] [pinn_franka_controller]: Trajectory stale (460.2s > 2.0s) -- holding at last known position via gravity compensation.
[pinn_controller_node-1] [WARN] [1784859158.885642013] [pinn_franka_controller]: Trajectory stale (461.2s > 2.0s) -- holding at last known position via gravity compensation.
[pinn_controller_node-1] [WARN] [1784859159.886197986] [pinn_franka_controller]: Trajectory stale (462.2s > 2.0s) -- holding at last known position via gravity compensation.
[pinn_controller_node-1] [WARN] [1784859160.886265675] [pinn_franka_controller]: Trajectory stale (463.2s > 2.0s) -- holding at last known position via gravity compensation.
[pinn_controller_node-1] [WARN] [1784859161.887188800] [pinn_franka_controller]: Trajectory stale (464.2s > 2.0s) -- holding at last known position via gravity compensation.
[pinn_controller_node-1] [WARN] [1784859162.887431120] [pinn_franka_controller]: Trajectory stale (465.2s > 2.0s) -- holding at last known position via gravity compensation.
[pinn_controller_node-1] [WARN] [1784859163.888202524] [pinn_franka_controller]: Trajectory stale (466.2s > 2.0s) -- holding at last known position via gravity compensation.
[pinn_controller_node-1] [WARN] [1784859164.889036636] [pinn_franka_controller]: Trajectory stale (467.2s > 2.0s) -- holding at last known position via gravity compensation.
[pinn_controller_node-1] [WARN] [1784859165.889227410] [pinn_franka_controller]: Trajectory stale (468.2s > 2.0s) -- holding at last known position via gravity compensation.
[pinn_controller_node-1] [WARN] [1784859166.890194221] [pinn_franka_controller]: Trajectory stale (469.3s > 2.0s) -- holding at last known position via gravity compensation.
[pinn_controller_node-1] [WARN] [1784859167.890399298] [pinn_franka_controller]: Trajectory stale (470.3s > 2.0s) -- holding at last known position via gravity compensation.
[pinn_controller_node-1] [WARN] [1784859168.890585305] [pinn_franka_controller]: Trajectory stale (471.3s > 2.0s) -- holding at last known position via gravity compensation.
[pinn_controller_node-1] [WARN] [1784859169.891188567] [pinn_franka_controller]: Trajectory stale (472.3s > 2.0s) -- holding at last known position via gravity compensation.
[pinn_controller_node-1] [WARN] [1784859170.891405441] [pinn_franka_controller]: Trajectory stale (473.3s > 2.0s) -- holding at last known position via gravity compensation.
[pinn_controller_node-1] [WARN] [1784859171.892259486] [pinn_franka_controller]: Trajectory stale (474.3s > 2.0s) -- holding at last known position via gravity compensation.
[pinn_controller_node-1] [WARN] [1784859172.892397292] [pinn_franka_controller]: Trajectory stale (475.3s > 2.0s) -- holding at last known position via gravity compensation.
[pinn_controller_node-1] [WARN] [1784859173.892800192] [pinn_franka_controller]: Trajectory stale (476.3s > 2.0s) -- holding at last known position via gravity compensation.
[pinn_controller_node-1] [WARN] [1784859174.893355936] [pinn_franka_controller]: Trajectory stale (477.3s > 2.0s) -- holding at last known position via gravity compensation.
[pinn_controller_node-1] [WARN] [1784859175.894203245] [pinn_franka_controller]: Trajectory stale (478.3s > 2.0s) -- holding at last known position via gravity compensation.
[pinn_controller_node-1] [WARN] [1784859176.894297728] [pinn_franka_controller]: Trajectory stale (479.3s > 2.0s) -- holding at last known position via gravity compensation.
[pinn_controller_node-1] [WARN] [1784859177.894723225] [pinn_franka_controller]: Trajectory stale (480.3s > 2.0s) -- holding at last known position via gravity compensation.
[pinn_controller_node-1] [WARN] [1784859178.895513223] [pinn_franka_controller]: Trajectory stale (481.3s > 2.0s) -- holding at last known position via gravity compensation.
[pinn_controller_node-1] [WARN] [1784859179.896352173] [pinn_franka_controller]: Trajectory stale (482.3s > 2.0s) -- holding at last known position via gravity compensation.
[pinn_controller_node-1] [WARN] [1784859180.896377885] [pinn_franka_controller]: Trajectory stale (483.3s > 2.0s) -- holding at last known position via gravity compensation.
[pinn_controller_node-1] [WARN] [1784859181.896744599] [pinn_franka_controller]: Trajectory stale (484.3s > 2.0s) -- holding at last known position via gravity compensation.
[pinn_controller_node-1] [WARN] [1784859182.897253251] [pinn_franka_controller]: Trajectory stale (485.3s > 2.0s) -- holding at last known position via gravity compensation.
[pinn_controller_node-1] [WARN] [1784859183.898196420] [pinn_franka_controller]: Trajectory stale (486.3s > 2.0s) -- holding at last known position via gravity compensation.
[pinn_controller_node-1] [WARN] [1784859184.898653767] [pinn_franka_controller]: Trajectory stale (487.3s > 2.0s) -- holding at last known position via gravity compensation.
[pinn_controller_node-1] [WARN] [1784859185.899524778] [pinn_franka_controller]: Trajectory stale (488.3s > 2.0s) -- holding at last known position via gravity compensation.
[pinn_controller_node-1] [WARN] [1784859186.900208334] [pinn_franka_controller]: Trajectory stale (489.3s > 2.0s) -- holding at last known position via gravity compensation.
[pinn_controller_node-1] [WARN] [1784859187.900350662] [pinn_franka_controller]: Trajectory stale (490.3s > 2.0s) -- holding at last known position via gravity compensation.
[pinn_controller_node-1] [WARN] [1784859188.901334251] [pinn_franka_controller]: Trajectory stale (491.3s > 2.0s) -- holding at last known position via gravity compensation.
[pinn_controller_node-1] [WARN] [1784859189.901487266] [pinn_franka_controller]: Trajectory stale (492.3s > 2.0s) -- holding at last known position via gravity compensation.
[pinn_controller_node-1] [WARN] [1784859190.902197764] [pinn_franka_controller]: Trajectory stale (493.3s > 2.0s) -- holding at last known position via gravity compensation.
[pinn_controller_node-1] [WARN] [1784859191.902205026] [pinn_franka_controller]: Trajectory stale (494.3s > 2.0s) -- holding at last known position via gravity compensation.
[pinn_controller_node-1] [WARN] [1784859192.902240742] [pinn_franka_controller]: Trajectory stale (495.3s > 2.0s) -- holding at last known position via gravity compensation.
[pinn_controller_node-1] [WARN] [1784859193.902250445] [pinn_franka_controller]: Trajectory stale (496.3s > 2.0s) -- holding at last known position via gravity compensation.
[pinn_controller_node-1] [WARN] [1784859194.903230428] [pinn_franka_controller]: Trajectory stale (497.3s > 2.0s) -- holding at last known position via gravity compensation.
[pinn_controller_node-1] [WARN] [1784859195.904267921] [pinn_franka_controller]: Trajectory stale (498.3s > 2.0s) -- holding at last known position via gravity compensation.
[pinn_controller_node-1] [WARN] [1784859196.904715516] [pinn_franka_controller]: Trajectory stale (499.3s > 2.0s) -- holding at last known position via gravity compensation.
[pinn_controller_node-1] [WARN] [1784859197.905282651] [pinn_franka_controller]: Trajectory stale (500.3s > 2.0s) -- holding at last known position via gravity compensation.
[pinn_controller_node-1] [WARN] [1784859198.906186200] [pinn_franka_controller]: Trajectory stale (501.3s > 2.0s) -- holding at last known position via gravity compensation.
[pinn_controller_node-1] [WARN] [1784859199.906463712] [pinn_franka_controller]: Trajectory stale (502.3s > 2.0s) -- holding at last known position via gravity compensation.
[pinn_controller_node-1] [WARN] [1784859200.907250767] [pinn_franka_controller]: Trajectory stale (503.3s > 2.0s) -- holding at last known position via gravity compensation.
[pinn_controller_node-1] [WARN] [1784859201.907353675] [pinn_franka_controller]: Trajectory stale (504.3s > 2.0s) -- holding at last known position via gravity compensation.
[pinn_controller_node-1] [WARN] [1784859202.908203214] [pinn_franka_controller]: Trajectory stale (505.3s > 2.0s) -- holding at last known position via gravity compensation.
[pinn_controller_node-1] [WARN] [1784859203.908295165] [pinn_franka_controller]: Trajectory stale (506.3s > 2.0s) -- holding at last known position via gravity compensation.
[pinn_controller_node-1] [WARN] [1784859204.909213763] [pinn_franka_controller]: Trajectory stale (507.3s > 2.0s) -- holding at last known position via gravity compensation.
[pinn_controller_node-1] [WARN] [1784859205.909696413] [pinn_franka_controller]: Trajectory stale (508.3s > 2.0s) -- holding at last known position via gravity compensation.
[pinn_controller_node-1] [WARN] [1784859206.910210855] [pinn_franka_controller]: Trajectory stale (509.3s > 2.0s) -- holding at last known position via gravity compensation.
[pinn_controller_node-1] [WARN] [1784859207.910261131] [pinn_franka_controller]: Trajectory stale (510.3s > 2.0s) -- holding at last known position via gravity compensation.
[pinn_controller_node-1] [WARN] [1784859208.911211115] [pinn_franka_controller]: Trajectory stale (511.3s > 2.0s) -- holding at last known position via gravity compensation.
[pinn_controller_node-1] [WARN] [1784859209.912854892] [pinn_franka_controller]: Trajectory stale (512.3s > 2.0s) -- holding at last known position via gravity compensation.
[pinn_controller_node-1] [WARN] [1784859210.913200235] [pinn_franka_controller]: Trajectory stale (513.3s > 2.0s) -- holding at last known position via gravity compensation.
[pinn_controller_node-1] [WARN] [1784859211.913428019] [pinn_franka_controller]: Trajectory stale (514.3s > 2.0s) -- holding at last known position via gravity compensation.
[pinn_controller_node-1] [WARN] [1784859212.914237794] [pinn_franka_controller]: Trajectory stale (515.3s > 2.0s) -- holding at last known position via gravity compensation.
[pinn_controller_node-1] [WARN] [1784859213.914436882] [pinn_franka_controller]: Trajectory stale (516.3s > 2.0s) -- holding at last known position via gravity compensation.
[pinn_controller_node-1] [WARN] [1784859214.914526026] [pinn_franka_controller]: Trajectory stale (517.3s > 2.0s) -- holding at last known position via gravity compensation.
[pinn_controller_node-1] [WARN] [1784859215.914936157] [pinn_franka_controller]: Trajectory stale (518.3s > 2.0s) -- holding at last known position via gravity compensation.
[pinn_controller_node-1] [WARN] [1784859216.915335713] [pinn_franka_controller]: Trajectory stale (519.3s > 2.0s) -- holding at last known position via gravity compensation.
[pinn_controller_node-1] [WARN] [1784859217.915641755] [pinn_franka_controller]: Trajectory stale (520.3s > 2.0s) -- holding at last known position via gravity compensation.
[pinn_controller_node-1] [WARN] [1784859218.916433731] [pinn_franka_controller]: Trajectory stale (521.3s > 2.0s) -- holding at last known position via gravity compensation.
[pinn_controller_node-1] [WARN] [1784859219.917379028] [pinn_franka_controller]: Trajectory stale (522.3s > 2.0s) -- holding at last known position via gravity compensation.
[pinn_controller_node-1] [WARN] [1784859220.918254169] [pinn_franka_controller]: Trajectory stale (523.3s > 2.0s) -- holding at last known position via gravity compensation.
[pinn_controller_node-1] [WARN] [1784859221.918744180] [pinn_franka_controller]: Trajectory stale (524.3s > 2.0s) -- holding at last known position via gravity compensation.
[pinn_controller_node-1] [WARN] [1784859222.919283601] [pinn_franka_controller]: Trajectory stale (525.3s > 2.0s) -- holding at last known position via gravity compensation.
[pinn_controller_node-1] [WARN] [1784859223.919386192] [pinn_franka_controller]: Trajectory stale (526.3s > 2.0s) -- holding at last known position via gravity compensation.
[pinn_controller_node-1] [WARN] [1784859224.920278064] [pinn_franka_controller]: Trajectory stale (527.3s > 2.0s) -- holding at last known position via gravity compensation.
[pinn_controller_node-1] [WARN] [1784859225.921203116] [pinn_franka_controller]: Trajectory stale (528.3s > 2.0s) -- holding at last known position via gravity compensation.
[pinn_controller_node-1] [WARN] [1784859226.922206770] [pinn_franka_controller]: Trajectory stale (529.3s > 2.0s) -- holding at last known position via gravity compensation.
[pinn_controller_node-1] [WARN] [1784859227.922462084] [pinn_franka_controller]: Trajectory stale (530.3s > 2.0s) -- holding at last known position via gravity compensation.
[pinn_controller_node-1] [WARN] [1784859228.923261310] [pinn_franka_controller]: Trajectory stale (531.3s > 2.0s) -- holding at last known position via gravity compensation.
[pinn_controller_node-1] [WARN] [1784859229.923360374] [pinn_franka_controller]: Trajectory stale (532.3s > 2.0s) -- holding at last known position via gravity compensation.
[pinn_controller_node-1] [WARN] [1784859230.924253639] [pinn_franka_controller]: Trajectory stale (533.3s > 2.0s) -- holding at last known position via gravity compensation.
[pinn_controller_node-1] [WARN] [1784859231.924316125] [pinn_franka_controller]: Trajectory stale (534.3s > 2.0s) -- holding at last known position via gravity compensation.
[pinn_controller_node-1] [WARN] [1784859232.925105236] [pinn_franka_controller]: Trajectory stale (535.3s > 2.0s) -- holding at last known position via gravity compensation.
[pinn_controller_node-1] [WARN] [1784859233.925517486] [pinn_franka_controller]: Trajectory stale (536.3s > 2.0s) -- holding at last known position via gravity compensation.
[pinn_controller_node-1] [WARN] [1784859234.926343443] [pinn_franka_controller]: Trajectory stale (537.3s > 2.0s) -- holding at last known position via gravity compensation.
[pinn_controller_node-1] [WARN] [1784859235.927222089] [pinn_franka_controller]: Trajectory stale (538.3s > 2.0s) -- holding at last known position via gravity compensation.
[pinn_controller_node-1] [WARN] [1784859236.927366313] [pinn_franka_controller]: Trajectory stale (539.3s > 2.0s) -- holding at last known position via gravity compensation.
[pinn_controller_node-1] [WARN] [1784859237.928293240] [pinn_franka_controller]: Trajectory stale (540.3s > 2.0s) -- holding at last known position via gravity compensation.
[pinn_controller_node-1] [WARN] [1784859238.929233254] [pinn_franka_controller]: Trajectory stale (541.3s > 2.0s) -- holding at last known position via gravity compensation.
[pinn_controller_node-1] [WARN] [1784859239.929352915] [pinn_franka_controller]: Trajectory stale (542.3s > 2.0s) -- holding at last known position via gravity compensation.
[pinn_controller_node-1] [WARN] [1784859240.930260114] [pinn_franka_controller]: Trajectory stale (543.3s > 2.0s) -- holding at last known position via gravity compensation.
[pinn_controller_node-1] [WARN] [1784859241.931255050] [pinn_franka_controller]: Trajectory stale (544.3s > 2.0s) -- holding at last known position via gravity compensation.
[pinn_controller_node-1] [WARN] [1784859242.932164577] [pinn_franka_controller]: Trajectory stale (545.3s > 2.0s) -- holding at last known position via gravity compensation.
[pinn_controller_node-1] [WARN] [1784859243.932629773] [pinn_franka_controller]: Trajectory stale (546.3s > 2.0s) -- holding at last known position via gravity compensation.
[pinn_controller_node-1] [WARN] [1784859244.933477309] [pinn_franka_controller]: Trajectory stale (547.3s > 2.0s) -- holding at last known position via gravity compensation.
[pinn_controller_node-1] [WARN] [1784859245.934228929] [pinn_franka_controller]: Trajectory stale (548.3s > 2.0s) -- holding at last known position via gravity compensation.
[pinn_controller_node-1] [WARN] [1784859246.935208797] [pinn_franka_controller]: Trajectory stale (549.3s > 2.0s) -- holding at last known position via gravity compensation.
[pinn_controller_node-1] [WARN] [1784859247.936274700] [pinn_franka_controller]: Trajectory stale (550.3s > 2.0s) -- holding at last known position via gravity compensation.
[pinn_controller_node-1] [WARN] [1784859248.936577878] [pinn_franka_controller]: Trajectory stale (551.3s > 2.0s) -- holding at last known position via gravity compensation.
[pinn_controller_node-1] [WARN] [1784859249.937430582] [pinn_franka_controller]: Trajectory stale (552.3s > 2.0s) -- holding at last known position via gravity compensation.
[pinn_controller_node-1] [WARN] [1784859250.938248043] [pinn_franka_controller]: Trajectory stale (553.3s > 2.0s) -- holding at last known position via gravity compensation.
[pinn_controller_node-1] [WARN] [1784859251.938361627] [pinn_franka_controller]: Trajectory stale (554.3s > 2.0s) -- holding at last known position via gravity compensation.
[pinn_controller_node-1] [WARN] [1784859252.939290302] [pinn_franka_controller]: Trajectory stale (555.3s > 2.0s) -- holding at last known position via gravity compensation.
[pinn_controller_node-1] [WARN] [1784859253.940213652] [pinn_franka_controller]: Trajectory stale (556.3s > 2.0s) -- holding at last known position via gravity compensation.
[pinn_controller_node-1] [WARN] [1784859254.940345264] [pinn_franka_controller]: Trajectory stale (557.3s > 2.0s) -- holding at last known position via gravity compensation.
[pinn_controller_node-1] [WARN] [1784859255.941189345] [pinn_franka_controller]: Trajectory stale (558.3s > 2.0s) -- holding at last known position via gravity compensation.
[pinn_controller_node-1] [WARN] [1784859256.941206043] [pinn_franka_controller]: Trajectory stale (559.3s > 2.0s) -- holding at last known position via gravity compensation.
[pinn_controller_node-1] [WARN] [1784859257.941508222] [pinn_franka_controller]: Trajectory stale (560.3s > 2.0s) -- holding at last known position via gravity compensation.
[pinn_controller_node-1] [WARN] [1784859258.942223443] [pinn_franka_controller]: Trajectory stale (561.3s > 2.0s) -- holding at last known position via gravity compensation.
[pinn_controller_node-1] [WARN] [1784859259.942685559] [pinn_franka_controller]: Trajectory stale (562.3s > 2.0s) -- holding at last known position via gravity compensation.
[pinn_controller_node-1] [WARN] [1784859260.943288945] [pinn_franka_controller]: Trajectory stale (563.3s > 2.0s) -- holding at last known position via gravity compensation.
[pinn_controller_node-1] [WARN] [1784859261.944233862] [pinn_franka_controller]: Trajectory stale (564.3s > 2.0s) -- holding at last known position via gravity compensation.
[pinn_controller_node-1] [WARN] [1784859262.944258711] [pinn_franka_controller]: Trajectory stale (565.3s > 2.0s) -- holding at last known position via gravity compensation.
[pinn_controller_node-1] [WARN] [1784859263.945192051] [pinn_franka_controller]: Trajectory stale (566.3s > 2.0s) -- holding at last known position via gravity compensation.
[pinn_controller_node-1] [WARN] [1784859264.945366627] [pinn_franka_controller]: Trajectory stale (567.3s > 2.0s) -- holding at last known position via gravity compensation.
[pinn_controller_node-1] [WARN] [1784859265.946340620] [pinn_franka_controller]: Trajectory stale (568.3s > 2.0s) -- holding at last known position via gravity compensation.
[pinn_controller_node-1] [WARN] [1784859266.947220028] [pinn_franka_controller]: Trajectory stale (569.3s > 2.0s) -- holding at last known position via gravity compensation.
[pinn_controller_node-1] [WARN] [1784859267.948236935] [pinn_franka_controller]: Trajectory stale (570.3s > 2.0s) -- holding at last known position via gravity compensation.
[pinn_controller_node-1] [WARN] [1784859268.949195828] [pinn_franka_controller]: Trajectory stale (571.3s > 2.0s) -- holding at last known position via gravity compensation.
[pinn_controller_node-1] [WARN] [1784859269.949226944] [pinn_franka_controller]: Trajectory stale (572.3s > 2.0s) -- holding at last known position via gravity compensation.
[pinn_controller_node-1] [WARN] [1784859270.950224467] [pinn_franka_controller]: Trajectory stale (573.3s > 2.0s) -- holding at last known position via gravity compensation.
[pinn_controller_node-1] [WARN] [1784859271.950301640] [pinn_franka_controller]: Trajectory stale (574.3s > 2.0s) -- holding at last known position via gravity compensation.
[pinn_controller_node-1] [WARN] [1784859272.951231468] [pinn_franka_controller]: Trajectory stale (575.3s > 2.0s) -- holding at last known position via gravity compensation.
[pinn_controller_node-1] [WARN] [1784859273.951306424] [pinn_franka_controller]: Trajectory stale (576.3s > 2.0s) -- holding at last known position via gravity compensation.
[pinn_controller_node-1] [WARN] [1784859274.952272140] [pinn_franka_controller]: Trajectory stale (577.3s > 2.0s) -- holding at last known position via gravity compensation.
[pinn_controller_node-1] [WARN] [1784859275.953225027] [pinn_franka_controller]: Trajectory stale (578.3s > 2.0s) -- holding at last known position via gravity compensation.
[pinn_controller_node-1] [WARN] [1784859276.953520541] [pinn_franka_controller]: Trajectory stale (579.3s > 2.0s) -- holding at last known position via gravity compensation.
[pinn_controller_node-1] [WARN] [1784859277.954295254] [pinn_franka_controller]: Trajectory stale (580.3s > 2.0s) -- holding at last known position via gravity compensation.
[pinn_controller_node-1] [WARN] [1784859278.955290845] [pinn_franka_controller]: Trajectory stale (581.3s > 2.0s) -- holding at last known position via gravity compensation.
[pinn_controller_node-1] [WARN] [1784859279.956198042] [pinn_franka_controller]: Trajectory stale (582.3s > 2.0s) -- holding at last known position via gravity compensation.
[pinn_controller_node-1] [WARN] [1784859280.956285134] [pinn_franka_controller]: Trajectory stale (583.3s > 2.0s) -- holding at last known position via gravity compensation.
[pinn_controller_node-1] [WARN] [1784859281.956353243] [pinn_franka_controller]: Trajectory stale (584.3s > 2.0s) -- holding at last known position via gravity compensation.
[pinn_controller_node-1] [WARN] [1784859282.957214331] [pinn_franka_controller]: Trajectory stale (585.3s > 2.0s) -- holding at last known position via gravity compensation.
[pinn_controller_node-1] [WARN] [1784859283.957527414] [pinn_franka_controller]: Trajectory stale (586.3s > 2.0s) -- holding at last known position via gravity compensation.
[pinn_controller_node-1] [WARN] [1784859284.958184615] [pinn_franka_controller]: Trajectory stale (587.3s > 2.0s) -- holding at last known position via gravity compensation.
[pinn_controller_node-1] [WARN] [1784859285.958493541] [pinn_franka_controller]: Trajectory stale (588.3s > 2.0s) -- holding at last known position via gravity compensation.
[pinn_controller_node-1] [WARN] [1784859286.958892107] [pinn_franka_controller]: Trajectory stale (589.3s > 2.0s) -- holding at last known position via gravity compensation.
[pinn_controller_node-1] [WARN] [1784859287.959324609] [pinn_franka_controller]: Trajectory stale (590.3s > 2.0s) -- holding at last known position via gravity compensation.
[pinn_controller_node-1] [WARN] [1784859288.959942370] [pinn_franka_controller]: Trajectory stale (591.3s > 2.0s) -- holding at last known position via gravity compensation.
[pinn_controller_node-1] [WARN] [1784859289.960719424] [pinn_franka_controller]: Trajectory stale (592.3s > 2.0s) -- holding at last known position via gravity compensation.
[pinn_controller_node-1] [WARN] [1784859290.961363622] [pinn_franka_controller]: Trajectory stale (593.3s > 2.0s) -- holding at last known position via gravity compensation.
[pinn_controller_node-1] [WARN] [1784859291.962220949] [pinn_franka_controller]: Trajectory stale (594.3s > 2.0s) -- holding at last known position via gravity compensation.
[pinn_controller_node-1] [WARN] [1784859292.962232037] [pinn_franka_controller]: Trajectory stale (595.3s > 2.0s) -- holding at last known position via gravity compensation.
[pinn_controller_node-1] [WARN] [1784859293.962314049] [pinn_franka_controller]: Trajectory stale (596.3s > 2.0s) -- holding at last known position via gravity compensation.
[pinn_controller_node-1] [WARN] [1784859294.963198214] [pinn_franka_controller]: Trajectory stale (597.3s > 2.0s) -- holding at last known position via gravity compensation.
[pinn_controller_node-1] [WARN] [1784859295.964192190] [pinn_franka_controller]: Trajectory stale (598.3s > 2.0s) -- holding at last known position via gravity compensation.
[pinn_controller_node-1] [WARN] [1784859296.964438473] [pinn_franka_controller]: Trajectory stale (599.3s > 2.0s) -- holding at last known position via gravity compensation.
[pinn_controller_node-1] [WARN] [1784859297.965207593] [pinn_franka_controller]: Trajectory stale (600.3s > 2.0s) -- holding at last known position via gravity compensation.
[pinn_controller_node-1] [WARN] [1784859298.966207310] [pinn_franka_controller]: Trajectory stale (601.3s > 2.0s) -- holding at last known position via gravity compensation.
[pinn_controller_node-1] [WARN] [1784859299.966477491] [pinn_franka_controller]: Trajectory stale (602.3s > 2.0s) -- holding at last known position via gravity compensation.
[pinn_controller_node-1] [WARN] [1784859300.966688035] [pinn_franka_controller]: Trajectory stale (603.3s > 2.0s) -- holding at last known position via gravity compensation.
[pinn_controller_node-1] [WARN] [1784859301.967505311] [pinn_franka_controller]: Trajectory stale (604.3s > 2.0s) -- holding at last known position via gravity compensation.
[pinn_controller_node-1] [WARN] [1784859302.968668311] [pinn_franka_controller]: Trajectory stale (605.3s > 2.0s) -- holding at last known position via gravity compensation.
[pinn_controller_node-1] [WARN] [1784859303.969181357] [pinn_franka_controller]: Trajectory stale (606.3s > 2.0s) -- holding at last known position via gravity compensation.
[pinn_controller_node-1] [WARN] [1784859304.969396563] [pinn_franka_controller]: Trajectory stale (607.3s > 2.0s) -- holding at last known position via gravity compensation.
[pinn_controller_node-1] [WARN] [1784859305.970342506] [pinn_franka_controller]: Trajectory stale (608.3s > 2.0s) -- holding at last known position via gravity compensation.
[pinn_controller_node-1] [WARN] [1784859306.971189879] [pinn_franka_controller]: Trajectory stale (609.3s > 2.0s) -- holding at last known position via gravity compensation.
[pinn_controller_node-1] [WARN] [1784859307.971313165] [pinn_franka_controller]: Trajectory stale (610.3s > 2.0s) -- holding at last known position via gravity compensation.
[pinn_controller_node-1] [WARN] [1784859308.971369665] [pinn_franka_controller]: Trajectory stale (611.3s > 2.0s) -- holding at last known position via gravity compensation.
[pinn_controller_node-1] [WARN] [1784859309.972242591] [pinn_franka_controller]: Trajectory stale (612.3s > 2.0s) -- holding at last known position via gravity compensation.
[pinn_controller_node-1] [WARN] [1784859310.973187211] [pinn_franka_controller]: Trajectory stale (613.3s > 2.0s) -- holding at last known position via gravity compensation.
[pinn_controller_node-1] [WARN] [1784859311.973399718] [pinn_franka_controller]: Trajectory stale (614.3s > 2.0s) -- holding at last known position via gravity compensation.
[pinn_controller_node-1] [WARN] [1784859312.974197039] [pinn_franka_controller]: Trajectory stale (615.3s > 2.0s) -- holding at last known position via gravity compensation.
[pinn_controller_node-1] [WARN] [1784859313.974271345] [pinn_franka_controller]: Trajectory stale (616.3s > 2.0s) -- holding at last known position via gravity compensation.
[pinn_controller_node-1] [WARN] [1784859314.975274320] [pinn_franka_controller]: Trajectory stale (617.3s > 2.0s) -- holding at last known position via gravity compensation.
[pinn_controller_node-1] [WARN] [1784859315.975454696] [pinn_franka_controller]: Trajectory stale (618.3s > 2.0s) -- holding at last known position via gravity compensation.
[pinn_controller_node-1] [WARN] [1784859316.976420434] [pinn_franka_controller]: Trajectory stale (619.3s > 2.0s) -- holding at last known position via gravity compensation.
[pinn_controller_node-1] [WARN] [1784859317.977331050] [pinn_franka_controller]: Trajectory stale (620.3s > 2.0s) -- holding at last known position via gravity compensation.
[pinn_controller_node-1] [WARN] [1784859318.978200121] [pinn_franka_controller]: Trajectory stale (621.3s > 2.0s) -- holding at last known position via gravity compensation.
[pinn_controller_node-1] [WARN] [1784859319.978288642] [pinn_franka_controller]: Trajectory stale (622.3s > 2.0s) -- holding at last known position via gravity compensation.
[pinn_controller_node-1] [WARN] [1784859320.979243039] [pinn_franka_controller]: Trajectory stale (623.3s > 2.0s) -- holding at last known position via gravity compensation.
[pinn_controller_node-1] [WARN] [1784859321.979421460] [pinn_franka_controller]: Trajectory stale (624.3s > 2.0s) -- holding at last known position via gravity compensation.
[pinn_controller_node-1] [WARN] [1784859322.980216381] [pinn_franka_controller]: Trajectory stale (625.3s > 2.0s) -- holding at last known position via gravity compensation.
[pinn_controller_node-1] [WARN] [1784859323.980284000] [pinn_franka_controller]: Trajectory stale (626.3s > 2.0s) -- holding at last known position via gravity compensation.
[pinn_controller_node-1] [WARN] [1784859324.981188244] [pinn_franka_controller]: Trajectory stale (627.3s > 2.0s) -- holding at last known position via gravity compensation.
[pinn_controller_node-1] [WARN] [1784859325.981350373] [pinn_franka_controller]: Trajectory stale (628.3s > 2.0s) -- holding at last known position via gravity compensation.
[pinn_controller_node-1] [WARN] [1784859326.981440740] [pinn_franka_controller]: Trajectory stale (629.3s > 2.0s) -- holding at last known position via gravity compensation.
[pinn_controller_node-1] [WARN] [1784859327.982214305] [pinn_franka_controller]: Trajectory stale (630.3s > 2.0s) -- holding at last known position via gravity compensation.
[pinn_controller_node-1] [WARN] [1784859328.982436968] [pinn_franka_controller]: Trajectory stale (631.3s > 2.0s) -- holding at last known position via gravity compensation.
[pinn_controller_node-1] [WARN] [1784859329.982481860] [pinn_franka_controller]: Trajectory stale (632.3s > 2.0s) -- holding at last known position via gravity compensation.
[pinn_controller_node-1] [WARN] [1784859330.982492913] [pinn_franka_controller]: Trajectory stale (633.3s > 2.0s) -- holding at last known position via gravity compensation.
[pinn_controller_node-1] [WARN] [1784859331.983401286] [pinn_franka_controller]: Trajectory stale (634.3s > 2.0s) -- holding at last known position via gravity compensation.
[pinn_controller_node-1] [WARN] [1784859332.984853421] [pinn_franka_controller]: Trajectory stale (635.3s > 2.0s) -- holding at last known position via gravity compensation.
[pinn_controller_node-1] [WARN] [1784859333.985268692] [pinn_franka_controller]: Trajectory stale (636.3s > 2.0s) -- holding at last known position via gravity compensation.
[pinn_controller_node-1] [WARN] [1784859334.985804355] [pinn_franka_controller]: Trajectory stale (637.3s > 2.0s) -- holding at last known position via gravity compensation.
[pinn_controller_node-1] [WARN] [1784859335.986242268] [pinn_franka_controller]: Trajectory stale (638.3s > 2.0s) -- holding at last known position via gravity compensation.
[pinn_controller_node-1] [WARN] [1784859336.987260166] [pinn_franka_controller]: Trajectory stale (639.3s > 2.0s) -- holding at last known position via gravity compensation.
[pinn_controller_node-1] [WARN] [1784859337.988195170] [pinn_franka_controller]: Trajectory stale (640.3s > 2.0s) -- holding at last known position via gravity compensation.
[pinn_controller_node-1] [WARN] [1784859338.988218894] [pinn_franka_controller]: Trajectory stale (641.3s > 2.0s) -- holding at last known position via gravity compensation.
[pinn_controller_node-1] [WARN] [1784859339.988373675] [pinn_franka_controller]: Trajectory stale (642.3s > 2.0s) -- holding at last known position via gravity compensation.
[pinn_controller_node-1] [WARN] [1784859340.989235123] [pinn_franka_controller]: Trajectory stale (643.3s > 2.0s) -- holding at last known position via gravity compensation.
[pinn_controller_node-1] [WARN] [1784859341.990278560] [pinn_franka_controller]: Trajectory stale (644.4s > 2.0s) -- holding at last known position via gravity compensation.
[pinn_controller_node-1] [WARN] [1784859342.990538066] [pinn_franka_controller]: Trajectory stale (645.4s > 2.0s) -- holding at last known position via gravity compensation.
[pinn_controller_node-1] [WARN] [1784859343.991376248] [pinn_franka_controller]: Trajectory stale (646.4s > 2.0s) -- holding at last known position via gravity compensation.
[pinn_controller_node-1] [WARN] [1784859344.991486164] [pinn_franka_controller]: Trajectory stale (647.4s > 2.0s) -- holding at last known position via gravity compensation.
[pinn_controller_node-1] [WARN] [1784859345.992583438] [pinn_franka_controller]: Trajectory stale (648.4s > 2.0s) -- holding at last known position via gravity compensation.
[pinn_controller_node-1] [WARN] [1784859346.993393888] [pinn_franka_controller]: Trajectory stale (649.4s > 2.0s) -- holding at last known position via gravity compensation.
[pinn_controller_node-1] [WARN] [1784859347.994283885] [pinn_franka_controller]: Trajectory stale (650.4s > 2.0s) -- holding at last known position via gravity compensation.
[pinn_controller_node-1] [WARN] [1784859348.994632669] [pinn_franka_controller]: Trajectory stale (651.4s > 2.0s) -- holding at last known position via gravity compensation.
[pinn_controller_node-1] [WARN] [1784859349.995441690] [pinn_franka_controller]: Trajectory stale (652.4s > 2.0s) -- holding at last known position via gravity compensation.
[pinn_controller_node-1] [WARN] [1784859350.996208902] [pinn_franka_controller]: Trajectory stale (653.4s > 2.0s) -- holding at last known position via gravity compensation.
[pinn_controller_node-1] [WARN] [1784859351.996257579] [pinn_franka_controller]: Trajectory stale (654.4s > 2.0s) -- holding at last known position via gravity compensation.
[pinn_controller_node-1] [WARN] [1784859352.996315945] [pinn_franka_controller]: Trajectory stale (655.4s > 2.0s) -- holding at last known position via gravity compensation.
[pinn_controller_node-1] [WARN] [1784859353.997286047] [pinn_franka_controller]: Trajectory stale (656.4s > 2.0s) -- holding at last known position via gravity compensation.
[pinn_controller_node-1] [WARN] [1784859354.998193802] [pinn_franka_controller]: Trajectory stale (657.4s > 2.0s) -- holding at last known position via gravity compensation.
[pinn_controller_node-1] [WARN] [1784859355.998284725] [pinn_franka_controller]: Trajectory stale (658.4s > 2.0s) -- holding at last known position via gravity compensation.
[pinn_controller_node-1] [WARN] [1784859356.999190240] [pinn_franka_controller]: Trajectory stale (659.4s > 2.0s) -- holding at last known position via gravity compensation.
[pinn_controller_node-1] [WARN] [1784859357.999200611] [pinn_franka_controller]: Trajectory stale (660.4s > 2.0s) -- holding at last known position via gravity compensation.
[pinn_controller_node-1] [WARN] [1784859358.999403147] [pinn_franka_controller]: Trajectory stale (661.4s > 2.0s) -- holding at last known position via gravity compensation.
[pinn_controller_node-1] [WARN] [1784859360.000296516] [pinn_franka_controller]: Trajectory stale (662.4s > 2.0s) -- holding at last known position via gravity compensation.
[pinn_controller_node-1] [WARN] [1784859361.000372415] [pinn_franka_controller]: Trajectory stale (663.4s > 2.0s) -- holding at last known position via gravity compensation.
[pinn_controller_node-1] [WARN] [1784859362.001090122] [pinn_franka_controller]: Trajectory stale (664.4s > 2.0s) -- holding at last known position via gravity compensation.
[pinn_controller_node-1] [WARN] [1784859363.001223025] [pinn_franka_controller]: Trajectory stale (665.4s > 2.0s) -- holding at last known position via gravity compensation.
[pinn_controller_node-1] [WARN] [1784859364.001517918] [pinn_franka_controller]: Trajectory stale (666.4s > 2.0s) -- holding at last known position via gravity compensation.
[pinn_controller_node-1] [WARN] [1784859365.002358250] [pinn_franka_controller]: Trajectory stale (667.4s > 2.0s) -- holding at last known position via gravity compensation.
[pinn_controller_node-1] [WARN] [1784859366.003311363] [pinn_franka_controller]: Trajectory stale (668.4s > 2.0s) -- holding at last known position via gravity compensation.
[pinn_controller_node-1] [WARN] [1784859367.004255813] [pinn_franka_controller]: Trajectory stale (669.4s > 2.0s) -- holding at last known position via gravity compensation.
[pinn_controller_node-1] [WARN] [1784859368.004257336] [pinn_franka_controller]: Trajectory stale (670.4s > 2.0s) -- holding at last known position via gravity compensation.
[pinn_controller_node-1] [WARN] [1784859369.004690387] [pinn_franka_controller]: Trajectory stale (671.4s > 2.0s) -- holding at last known position via gravity compensation.
[pinn_controller_node-1] [WARN] [1784859370.005406507] [pinn_franka_controller]: Trajectory stale (672.4s > 2.0s) -- holding at last known position via gravity compensation.
[pinn_controller_node-1] [WARN] [1784859371.006478472] [pinn_franka_controller]: Trajectory stale (673.4s > 2.0s) -- holding at last known position via gravity compensation.
[pinn_controller_node-1] [WARN] [1784859372.007361933] [pinn_franka_controller]: Trajectory stale (674.4s > 2.0s) -- holding at last known position via gravity compensation.
[pinn_controller_node-1] [WARN] [1784859373.008182467] [pinn_franka_controller]: Trajectory stale (675.4s > 2.0s) -- holding at last known position via gravity compensation.
[pinn_controller_node-1] [WARN] [1784859374.008203760] [pinn_franka_controller]: Trajectory stale (676.4s > 2.0s) -- holding at last known position via gravity compensation.
[pinn_controller_node-1] [WARN] [1784859375.008593096] [pinn_franka_controller]: Trajectory stale (677.4s > 2.0s) -- holding at last known position via gravity compensation.
[pinn_controller_node-1] [WARN] [1784859376.009427004] [pinn_franka_controller]: Trajectory stale (678.4s > 2.0s) -- holding at last known position via gravity compensation.
[pinn_controller_node-1] [WARN] [1784859377.009457019] [pinn_franka_controller]: Trajectory stale (679.4s > 2.0s) -- holding at last known position via gravity compensation.
[pinn_controller_node-1] [WARN] [1784859378.009930450] [pinn_franka_controller]: Trajectory stale (680.4s > 2.0s) -- holding at last known position via gravity compensation.
[pinn_controller_node-1] [WARN] [1784859379.010262012] [pinn_franka_controller]: Trajectory stale (681.4s > 2.0s) -- holding at last known position via gravity compensation.
[pinn_controller_node-1] [WARN] [1784859380.010441027] [pinn_franka_controller]: Trajectory stale (682.4s > 2.0s) -- holding at last known position via gravity compensation.
[pinn_controller_node-1] [WARN] [1784859381.010436063] [pinn_franka_controller]: Trajectory stale (683.4s > 2.0s) -- holding at last known position via gravity compensation.
[pinn_controller_node-1] [WARN] [1784859382.011360798] [pinn_franka_controller]: Trajectory stale (684.4s > 2.0s) -- holding at last known position via gravity compensation.
[pinn_controller_node-1] [WARN] [1784859383.012196800] [pinn_franka_controller]: Trajectory stale (685.4s > 2.0s) -- holding at last known position via gravity compensation.
[pinn_controller_node-1] [WARN] [1784859384.012397190] [pinn_franka_controller]: Trajectory stale (686.4s > 2.0s) -- holding at last known position via gravity compensation.
[pinn_controller_node-1] [WARN] [1784859385.012866378] [pinn_franka_controller]: Trajectory stale (687.4s > 2.0s) -- holding at last known position via gravity compensation.
[pinn_controller_node-1] [WARN] [1784859386.013320174] [pinn_franka_controller]: Trajectory stale (688.4s > 2.0s) -- holding at last known position via gravity compensation.
[pinn_controller_node-1] [WARN] [1784859387.014438492] [pinn_franka_controller]: Trajectory stale (689.4s > 2.0s) -- holding at last known position via gravity compensation.
[pinn_controller_node-1] [WARN] [1784859388.015200490] [pinn_franka_controller]: Trajectory stale (690.4s > 2.0s) -- holding at last known position via gravity compensation.
[pinn_controller_node-1] [WARN] [1784859389.015338863] [pinn_franka_controller]: Trajectory stale (691.4s > 2.0s) -- holding at last known position via gravity compensation.
[pinn_controller_node-1] [WARN] [1784859390.016252458] [pinn_franka_controller]: Trajectory stale (692.4s > 2.0s) -- holding at last known position via gravity compensation.
[pinn_controller_node-1] [WARN] [1784859391.016280980] [pinn_franka_controller]: Trajectory stale (693.4s > 2.0s) -- holding at last known position via gravity compensation.
[pinn_controller_node-1] [WARN] [1784859392.017282322] [pinn_franka_controller]: Trajectory stale (694.4s > 2.0s) -- holding at last known position via gravity compensation.
[pinn_controller_node-1] [WARN] [1784859393.018221793] [pinn_franka_controller]: Trajectory stale (695.4s > 2.0s) -- holding at last known position via gravity compensation.
[pinn_controller_node-1] [WARN] [1784859394.018244316] [pinn_franka_controller]: Trajectory stale (696.4s > 2.0s) -- holding at last known position via gravity compensation.
[pinn_controller_node-1] [WARN] [1784859395.019216206] [pinn_franka_controller]: Trajectory stale (697.4s > 2.0s) -- holding at last known position via gravity compensation.
[pinn_controller_node-1] [WARN] [1784859396.019621130] [pinn_franka_controller]: Trajectory stale (698.4s > 2.0s) -- holding at last known position via gravity compensation.
[pinn_controller_node-1] [WARN] [1784859397.020620440] [pinn_franka_controller]: Trajectory stale (699.4s > 2.0s) -- holding at last known position via gravity compensation.
[pinn_controller_node-1] [WARN] [1784859398.021254653] [pinn_franka_controller]: Trajectory stale (700.4s > 2.0s) -- holding at last known position via gravity compensation.
[pinn_controller_node-1] [WARN] [1784859399.021290810] [pinn_franka_controller]: Trajectory stale (701.4s > 2.0s) -- holding at last known position via gravity compensation.
[pinn_controller_node-1] [WARN] [1784859400.022197873] [pinn_franka_controller]: Trajectory stale (702.4s > 2.0s) -- holding at last known position via gravity compensation.
[pinn_controller_node-1] [WARN] [1784859401.023209750] [pinn_franka_controller]: Trajectory stale (703.4s > 2.0s) -- holding at last known position via gravity compensation.
[pinn_controller_node-1] [WARN] [1784859402.024194507] [pinn_franka_controller]: Trajectory stale (704.4s > 2.0s) -- holding at last known position via gravity compensation.
[pinn_controller_node-1] [WARN] [1784859403.024201048] [pinn_franka_controller]: Trajectory stale (705.4s > 2.0s) -- holding at last known position via gravity compensation.
[pinn_controller_node-1] [WARN] [1784859404.024209797] [pinn_franka_controller]: Trajectory stale (706.4s > 2.0s) -- holding at last known position via gravity compensation.
[pinn_controller_node-1] [WARN] [1784859405.024447086] [pinn_franka_controller]: Trajectory stale (707.4s > 2.0s) -- holding at last known position via gravity compensation.
[pinn_controller_node-1] [WARN] [1784859406.024651020] [pinn_franka_controller]: Trajectory stale (708.4s > 2.0s) -- holding at last known position via gravity compensation.
[pinn_controller_node-1] [WARN] [1784859407.025237086] [pinn_franka_controller]: Trajectory stale (709.4s > 2.0s) -- holding at last known position via gravity compensation.
[pinn_controller_node-1] [WARN] [1784859408.026151358] [pinn_franka_controller]: Trajectory stale (710.4s > 2.0s) -- holding at last known position via gravity compensation.
[pinn_controller_node-1] [WARN] [1784859409.026499164] [pinn_franka_controller]: Trajectory stale (711.4s > 2.0s) -- holding at last known position via gravity compensation.
[pinn_controller_node-1] [WARN] [1784859410.027295790] [pinn_franka_controller]: Trajectory stale (712.4s > 2.0s) -- holding at last known position via gravity compensation.
[pinn_controller_node-1] [WARN] [1784859411.028213297] [pinn_franka_controller]: Trajectory stale (713.4s > 2.0s) -- holding at last known position via gravity compensation.
[pinn_controller_node-1] [WARN] [1784859412.028984013] [pinn_franka_controller]: Trajectory stale (714.4s > 2.0s) -- holding at last known position via gravity compensation.
[pinn_controller_node-1] [WARN] [1784859413.030227284] [pinn_franka_controller]: Trajectory stale (715.4s > 2.0s) -- holding at last known position via gravity compensation.
[pinn_controller_node-1] [WARN] [1784859414.030364709] [pinn_franka_controller]: Trajectory stale (716.4s > 2.0s) -- holding at last known position via gravity compensation.
[pinn_controller_node-1] [WARN] [1784859415.031189944] [pinn_franka_controller]: Trajectory stale (717.4s > 2.0s) -- holding at last known position via gravity compensation.
[pinn_controller_node-1] [WARN] [1784859416.032267344] [pinn_franka_controller]: Trajectory stale (718.4s > 2.0s) -- holding at last known position via gravity compensation.
[pinn_controller_node-1] [WARN] [1784859417.033215515] [pinn_franka_controller]: Trajectory stale (719.4s > 2.0s) -- holding at last known position via gravity compensation.
[pinn_controller_node-1] [WARN] [1784859418.033232587] [pinn_franka_controller]: Trajectory stale (720.4s > 2.0s) -- holding at last known position via gravity compensation.
[pinn_controller_node-1] [WARN] [1784859419.033367620] [pinn_franka_controller]: Trajectory stale (721.4s > 2.0s) -- holding at last known position via gravity compensation.
[pinn_controller_node-1] [WARN] [1784859420.034247604] [pinn_franka_controller]: Trajectory stale (722.4s > 2.0s) -- holding at last known position via gravity compensation.
[pinn_controller_node-1] [WARN] [1784859421.034360201] [pinn_franka_controller]: Trajectory stale (723.4s > 2.0s) -- holding at last known position via gravity compensation.
[pinn_controller_node-1] [WARN] [1784859422.034375696] [pinn_franka_controller]: Trajectory stale (724.4s > 2.0s) -- holding at last known position via gravity compensation.
[pinn_controller_node-1] [WARN] [1784859423.035208661] [pinn_franka_controller]: Trajectory stale (725.4s > 2.0s) -- holding at last known position via gravity compensation.
[pinn_controller_node-1] [WARN] [1784859424.035255402] [pinn_franka_controller]: Trajectory stale (726.4s > 2.0s) -- holding at last known position via gravity compensation.
[pinn_controller_node-1] [WARN] [1784859425.036254700] [pinn_franka_controller]: Trajectory stale (727.4s > 2.0s) -- holding at last known position via gravity compensation.
[pinn_controller_node-1] [WARN] [1784859426.037224473] [pinn_franka_controller]: Trajectory stale (728.4s > 2.0s) -- holding at last known position via gravity compensation.
[pinn_controller_node-1] [WARN] [1784859427.038211453] [pinn_franka_controller]: Trajectory stale (729.4s > 2.0s) -- holding at last known position via gravity compensation.
[pinn_controller_node-1] [WARN] [1784859428.038236813] [pinn_franka_controller]: Trajectory stale (730.4s > 2.0s) -- holding at last known position via gravity compensation.
[pinn_controller_node-1] [WARN] [1784859429.039156280] [pinn_franka_controller]: Trajectory stale (731.4s > 2.0s) -- holding at last known position via gravity compensation.
[pinn_controller_node-1] [WARN] [1784859430.039707714] [pinn_franka_controller]: Trajectory stale (732.4s > 2.0s) -- holding at last known position via gravity compensation.
[pinn_controller_node-1] [WARN] [1784859431.039733930] [pinn_franka_controller]: Trajectory stale (733.4s > 2.0s) -- holding at last known position via gravity compensation.
[pinn_controller_node-1] [WARN] [1784859432.040190901] [pinn_franka_controller]: Trajectory stale (734.4s > 2.0s) -- holding at last known position via gravity compensation.
[pinn_controller_node-1] [WARN] [1784859433.040197097] [pinn_franka_controller]: Trajectory stale (735.4s > 2.0s) -- holding at last known position via gravity compensation.
[pinn_controller_node-1] [WARN] [1784859434.040356982] [pinn_franka_controller]: Trajectory stale (736.4s > 2.0s) -- holding at last known position via gravity compensation.
[pinn_controller_node-1] [WARN] [1784859435.041212879] [pinn_franka_controller]: Trajectory stale (737.4s > 2.0s) -- holding at last known position via gravity compensation.
[pinn_controller_node-1] [WARN] [1784859436.042196324] [pinn_franka_controller]: Trajectory stale (738.4s > 2.0s) -- holding at last known position via gravity compensation.
[pinn_controller_node-1] [WARN] [1784859437.042273722] [pinn_franka_controller]: Trajectory stale (739.4s > 2.0s) -- holding at last known position via gravity compensation.
[pinn_controller_node-1] [WARN] [1784859438.042815370] [pinn_franka_controller]: Trajectory stale (740.4s > 2.0s) -- holding at last known position via gravity compensation.
[pinn_controller_node-1] [WARN] [1784859439.043194098] [pinn_franka_controller]: Trajectory stale (741.4s > 2.0s) -- holding at last known position via gravity compensation.
[pinn_controller_node-1] [WARN] [1784859440.043210477] [pinn_franka_controller]: Trajectory stale (742.4s > 2.0s) -- holding at last known position via gravity compensation.
[pinn_controller_node-1] [WARN] [1784859441.043399836] [pinn_franka_controller]: Trajectory stale (743.4s > 2.0s) -- holding at last known position via gravity compensation.
[pinn_controller_node-1] [WARN] [1784859442.044198419] [pinn_franka_controller]: Trajectory stale (744.4s > 2.0s) -- holding at last known position via gravity compensation.
[pinn_controller_node-1] [WARN] [1784859443.044974668] [pinn_franka_controller]: Trajectory stale (745.4s > 2.0s) -- holding at last known position via gravity compensation.
[pinn_controller_node-1] [WARN] [1784859444.045243173] [pinn_franka_controller]: Trajectory stale (746.4s > 2.0s) -- holding at last known position via gravity compensation.
[pinn_controller_node-1] [WARN] [1784859445.045441796] [pinn_franka_controller]: Trajectory stale (747.4s > 2.0s) -- holding at last known position via gravity compensation.
[pinn_controller_node-1] [WARN] [1784859446.046323334] [pinn_franka_controller]: Trajectory stale (748.4s > 2.0s) -- holding at last known position via gravity compensation.
[pinn_controller_node-1] [WARN] [1784859447.046561503] [pinn_franka_controller]: Trajectory stale (749.4s > 2.0s) -- holding at last known position via gravity compensation.
[pinn_controller_node-1] [WARN] [1784859448.046800367] [pinn_franka_controller]: Trajectory stale (750.4s > 2.0s) -- holding at last known position via gravity compensation.
[pinn_controller_node-1] [WARN] [1784859449.047611608] [pinn_franka_controller]: Trajectory stale (751.4s > 2.0s) -- holding at last known position via gravity compensation.
[pinn_controller_node-1] [WARN] [1784859450.048199173] [pinn_franka_controller]: Trajectory stale (752.4s > 2.0s) -- holding at last known position via gravity compensation.
[pinn_controller_node-1] [WARN] [1784859451.048203526] [pinn_franka_controller]: Trajectory stale (753.4s > 2.0s) -- holding at last known position via gravity compensation.
[pinn_controller_node-1] [WARN] [1784859452.048266238] [pinn_franka_controller]: Trajectory stale (754.4s > 2.0s) -- holding at last known position via gravity compensation.
[pinn_controller_node-1] [WARN] [1784859453.048369661] [pinn_franka_controller]: Trajectory stale (755.4s > 2.0s) -- holding at last known position via gravity compensation.
[pinn_controller_node-1] [WARN] [1784859454.048689116] [pinn_franka_controller]: Trajectory stale (756.4s > 2.0s) -- holding at last known position via gravity compensation.
[pinn_controller_node-1] [WARN] [1784859455.049225188] [pinn_franka_controller]: Trajectory stale (757.4s > 2.0s) -- holding at last known position via gravity compensation.
[pinn_controller_node-1] [WARN] [1784859456.050233314] [pinn_franka_controller]: Trajectory stale (758.4s > 2.0s) -- holding at last known position via gravity compensation.
[pinn_controller_node-1] [WARN] [1784859457.050427783] [pinn_franka_controller]: Trajectory stale (759.4s > 2.0s) -- holding at last known position via gravity compensation.
[pinn_controller_node-1] [WARN] [1784859458.051224617] [pinn_franka_controller]: Trajectory stale (760.4s > 2.0s) -- holding at last known position via gravity compensation.
[pinn_controller_node-1] [WARN] [1784859459.051286817] [pinn_franka_controller]: Trajectory stale (761.4s > 2.0s) -- holding at last known position via gravity compensation.
[pinn_controller_node-1] [WARN] [1784859460.052134765] [pinn_franka_controller]: Trajectory stale (762.4s > 2.0s) -- holding at last known position via gravity compensation.
[pinn_controller_node-1] [WARN] [1784859461.052190791] [pinn_franka_controller]: Trajectory stale (763.4s > 2.0s) -- holding at last known position via gravity compensation.
[pinn_controller_node-1] [WARN] [1784859462.052206992] [pinn_franka_controller]: Trajectory stale (764.4s > 2.0s) -- holding at last known position via gravity compensation.
[pinn_controller_node-1] [WARN] [1784859463.052276399] [pinn_franka_controller]: Trajectory stale (765.4s > 2.0s) -- holding at last known position via gravity compensation.
[pinn_controller_node-1] [WARN] [1784859464.053224694] [pinn_franka_controller]: Trajectory stale (766.4s > 2.0s) -- holding at last known position via gravity compensation.
[pinn_controller_node-1] [WARN] [1784859465.054233964] [pinn_franka_controller]: Trajectory stale (767.4s > 2.0s) -- holding at last known position via gravity compensation.
[pinn_controller_node-1] [WARN] [1784859466.055186884] [pinn_franka_controller]: Trajectory stale (768.4s > 2.0s) -- holding at last known position via gravity compensation.
[pinn_controller_node-1] [WARN] [1784859467.055214626] [pinn_franka_controller]: Trajectory stale (769.4s > 2.0s) -- holding at last known position via gravity compensation.
[pinn_controller_node-1] [WARN] [1784859468.056213874] [pinn_franka_controller]: Trajectory stale (770.4s > 2.0s) -- holding at last known position via gravity compensation.
[pinn_controller_node-1] [WARN] [1784859469.057216685] [pinn_franka_controller]: Trajectory stale (771.4s > 2.0s) -- holding at last known position via gravity compensation.
[pinn_controller_node-1] [WARN] [1784859470.058251082] [pinn_franka_controller]: Trajectory stale (772.4s > 2.0s) -- holding at last known position via gravity compensation.
[pinn_controller_node-1] [WARN] [1784859471.058486106] [pinn_franka_controller]: Trajectory stale (773.4s > 2.0s) -- holding at last known position via gravity compensation.
[pinn_controller_node-1] [WARN] [1784859472.059193306] [pinn_franka_controller]: Trajectory stale (774.4s > 2.0s) -- holding at last known position via gravity compensation.
[pinn_controller_node-1] [WARN] [1784859473.059503855] [pinn_franka_controller]: Trajectory stale (775.4s > 2.0s) -- holding at last known position via gravity compensation.
[pinn_controller_node-1] [WARN] [1784859474.060355561] [pinn_franka_controller]: Trajectory stale (776.4s > 2.0s) -- holding at last known position via gravity compensation.
[pinn_controller_node-1] [WARN] [1784859475.061333601] [pinn_franka_controller]: Trajectory stale (777.4s > 2.0s) -- holding at last known position via gravity compensation.
[pinn_controller_node-1] [WARN] [1784859476.062254131] [pinn_franka_controller]: Trajectory stale (778.4s > 2.0s) -- holding at last known position via gravity compensation.
[pinn_controller_node-1] [WARN] [1784859477.062262754] [pinn_franka_controller]: Trajectory stale (779.4s > 2.0s) -- holding at last known position via gravity compensation.
[pinn_controller_node-1] [WARN] [1784859478.063191346] [pinn_franka_controller]: Trajectory stale (780.4s > 2.0s) -- holding at last known position via gravity compensation.
[pinn_controller_node-1] [WARN] [1784859479.063206887] [pinn_franka_controller]: Trajectory stale (781.4s > 2.0s) -- holding at last known position via gravity compensation.
[pinn_controller_node-1] [WARN] [1784859480.063538088] [pinn_franka_controller]: Trajectory stale (782.4s > 2.0s) -- holding at last known position via gravity compensation.
[pinn_controller_node-1] [WARN] [1784859481.064274002] [pinn_franka_controller]: Trajectory stale (783.4s > 2.0s) -- holding at last known position via gravity compensation.
[pinn_controller_node-1] [WARN] [1784859482.064432796] [pinn_franka_controller]: Trajectory stale (784.4s > 2.0s) -- holding at last known position via gravity compensation.
[pinn_controller_node-1] [WARN] [1784859483.065316809] [pinn_franka_controller]: Trajectory stale (785.4s > 2.0s) -- holding at last known position via gravity compensation.
[pinn_controller_node-1] [WARN] [1784859484.065326164] [pinn_franka_controller]: Trajectory stale (786.4s > 2.0s) -- holding at last known position via gravity compensation.
[pinn_controller_node-1] [WARN] [1784859485.066270522] [pinn_franka_controller]: Trajectory stale (787.4s > 2.0s) -- holding at last known position via gravity compensation.
[pinn_controller_node-1] [WARN] [1784859486.067234598] [pinn_franka_controller]: Trajectory stale (788.4s > 2.0s) -- holding at last known position via gravity compensation.
[pinn_controller_node-1] [WARN] [1784859487.068279858] [pinn_franka_controller]: Trajectory stale (789.4s > 2.0s) -- holding at last known position via gravity compensation.
[pinn_controller_node-1] [WARN] [1784859487.352172280] [pinn_franka_controller]: Joint state stale (0.100s > 0.1s) -- holding at last known position via gravity compensation.
[pinn_controller_node-1] [WARN] [1784859488.352241168] [pinn_franka_controller]: Joint state stale (1.100s > 0.1s) -- holding at last known position via gravity compensation.
[pinn_controller_node-1] [WARN] [1784859489.352242675] [pinn_franka_controller]: Joint state stale (2.100s > 0.1s) -- holding at last known position via gravity compensation.
[pinn_controller_node-1] [WARN] [1784859490.352281016] [pinn_franka_controller]: Joint state stale (3.100s > 0.1s) -- holding at last known position via gravity compensation.
[pinn_controller_node-1] [WARN] [1784859491.353252421] [pinn_franka_controller]: Joint state stale (4.101s > 0.1s) -- holding at last known position via gravity compensation.
[pinn_controller_node-1] [WARN] [1784859492.353339791] [pinn_franka_controller]: Joint state stale (5.101s > 0.1s) -- holding at last known position via gravity compensation.
[pinn_controller_node-1] [WARN] [1784859493.354251881] [pinn_franka_controller]: Joint state stale (6.102s > 0.1s) -- holding at last known position via gravity compensation.
[pinn_controller_node-1] [WARN] [1784859494.355245740] [pinn_franka_controller]: Joint state stale (7.103s > 0.1s) -- holding at last known position via gravity compensation.
[pinn_controller_node-1] [WARN] [1784859495.356243803] [pinn_franka_controller]: Joint state stale (8.104s > 0.1s) -- holding at last known position via gravity compensation.
[pinn_controller_node-1] [WARN] [1784859496.356246532] [pinn_franka_controller]: Joint state stale (9.104s > 0.1s) -- holding at last known position via gravity compensation.
[pinn_controller_node-1] [WARN] [1784859497.356249117] [pinn_franka_controller]: Joint state stale (10.104s > 0.1s) -- holding at last known position via gravity compensation.
[pinn_controller_node-1] [WARN] [1784859498.357238770] [pinn_franka_controller]: Joint state stale (11.105s > 0.1s) -- holding at last known position via gravity compensation.
[pinn_controller_node-1] [WARN] [1784859499.357557393] [pinn_franka_controller]: Joint state stale (12.105s > 0.1s) -- holding at last known position via gravity compensation.
[pinn_controller_node-1] [WARN] [1784859500.358247096] [pinn_franka_controller]: Joint state stale (13.106s > 0.1s) -- holding at last known position via gravity compensation.
[pinn_controller_node-1] [WARN] [1784859501.359256447] [pinn_franka_controller]: Joint state stale (14.107s > 0.1s) -- holding at last known position via gravity compensation.
[pinn_controller_node-1] [WARN] [1784859502.360236174] [pinn_franka_controller]: Joint state stale (15.108s > 0.1s) -- holding at last known position via gravity compensation.
[pinn_controller_node-1] [WARN] [1784859503.360247726] [pinn_franka_controller]: Joint state stale (16.108s > 0.1s) -- holding at last known position via gravity compensation.
[pinn_controller_node-1] [WARN] [1784859504.360251871] [pinn_franka_controller]: Joint state stale (17.108s > 0.1s) -- holding at last known position via gravity compensation.
[pinn_controller_node-1] [WARN] [1784859505.361279742] [pinn_franka_controller]: Joint state stale (18.109s > 0.1s) -- holding at last known position via gravity compensation.
[pinn_controller_node-1] [WARN] [1784859506.362259775] [pinn_franka_controller]: Joint state stale (19.110s > 0.1s) -- holding at last known position via gravity compensation.
[pinn_controller_node-1] [WARN] [1784859507.363246712] [pinn_franka_controller]: Joint state stale (20.111s > 0.1s) -- holding at last known position via gravity compensation.
[pinn_controller_node-1] [WARN] [1784859508.364242690] [pinn_franka_controller]: Joint state stale (21.112s > 0.1s) -- holding at last known position via gravity compensation.
[pinn_controller_node-1] [WARN] [1784859509.364251827] [pinn_franka_controller]: Joint state stale (22.112s > 0.1s) -- holding at last known position via gravity compensation.
[pinn_controller_node-1] [WARN] [1784859510.364255713] [pinn_franka_controller]: Joint state stale (23.112s > 0.1s) -- holding at last known position via gravity compensation.
[pinn_controller_node-1] [WARN] [1784859511.364350672] [pinn_franka_controller]: Joint state stale (24.112s > 0.1s) -- holding at last known position via gravity compensation.
[pinn_controller_node-1] [WARN] [1784859512.364468066] [pinn_franka_controller]: Joint state stale (25.112s > 0.1s) -- holding at last known position via gravity compensation.
[pinn_controller_node-1] [WARN] [1784859513.365239614] [pinn_franka_controller]: Joint state stale (26.113s > 0.1s) -- holding at last known position via gravity compensation.
[pinn_controller_node-1] [WARN] [1784859514.365242034] [pinn_franka_controller]: Joint state stale (27.113s > 0.1s) -- holding at last known position via gravity compensation.
[pinn_controller_node-1] [WARN] [1784859515.365244429] [pinn_franka_controller]: Joint state stale (28.113s > 0.1s) -- holding at last known position via gravity compensation.
[pinn_controller_node-1] [WARN] [1784859516.366242675] [pinn_franka_controller]: Joint state stale (29.114s > 0.1s) -- holding at last known position via gravity compensation.
[pinn_controller_node-1] [WARN] [1784859517.367256128] [pinn_franka_controller]: Joint state stale (30.115s > 0.1s) -- holding at last known position via gravity compensation.
[pinn_controller_node-1] [WARN] [1784859518.368245667] [pinn_franka_controller]: Joint state stale (31.116s > 0.1s) -- holding at last known position via gravity compensation.
[pinn_controller_node-1] [WARN] [1784859519.368256113] [pinn_franka_controller]: Joint state stale (32.116s > 0.1s) -- holding at last known position via gravity compensation.
[pinn_controller_node-1] [WARN] [1784859520.368480449] [pinn_franka_controller]: Joint state stale (33.116s > 0.1s) -- holding at last known position via gravity compensation.
[pinn_controller_node-1] [WARN] [1784859521.369242507] [pinn_franka_controller]: Joint state stale (34.117s > 0.1s) -- holding at last known position via gravity compensation.
[pinn_controller_node-1] [WARN] [1784859522.369242887] [pinn_franka_controller]: Joint state stale (35.117s > 0.1s) -- holding at last known position via gravity compensation.
[pinn_controller_node-1] [WARN] [1784859523.369259753] [pinn_franka_controller]: Joint state stale (36.117s > 0.1s) -- holding at last known position via gravity compensation.
[pinn_controller_node-1] [WARN] [1784859524.370242673] [pinn_franka_controller]: Joint state stale (37.118s > 0.1s) -- holding at last known position via gravity compensation.
[pinn_controller_node-1] [WARN] [1784859525.371246293] [pinn_franka_controller]: Joint state stale (38.119s > 0.1s) -- holding at last known position via gravity compensation.
[pinn_controller_node-1] [WARN] [1784859526.371250747] [pinn_franka_controller]: Joint state stale (39.119s > 0.1s) -- holding at last known position via gravity compensation.
[pinn_controller_node-1] [WARN] [1784859527.372244571] [pinn_franka_controller]: Joint state stale (40.120s > 0.1s) -- holding at last known position via gravity compensation.
[pinn_controller_node-1] [WARN] [1784859528.372246216] [pinn_franka_controller]: Joint state stale (41.120s > 0.1s) -- holding at last known position via gravity compensation.
[pinn_controller_node-1] [WARN] [1784859529.373246085] [pinn_franka_controller]: Joint state stale (42.121s > 0.1s) -- holding at last known position via gravity compensation.
[pinn_controller_node-1] [WARN] [1784859530.373249740] [pinn_franka_controller]: Joint state stale (43.121s > 0.1s) -- holding at last known position via gravity compensation.
[pinn_controller_node-1] [WARN] [1784859531.374248344] [pinn_franka_controller]: Joint state stale (44.122s > 0.1s) -- holding at last known position via gravity compensation.
[pinn_controller_node-1] [WARN] [1784859532.375239953] [pinn_franka_controller]: Joint state stale (45.123s > 0.1s) -- holding at last known position via gravity compensation.
[pinn_controller_node-1] [WARN] [1784859533.376246300] [pinn_franka_controller]: Joint state stale (46.124s > 0.1s) -- holding at last known position via gravity compensation.
[pinn_controller_node-1] [WARN] [1784859534.377247519] [pinn_franka_controller]: Joint state stale (47.125s > 0.1s) -- holding at last known position via gravity compensation.
[pinn_controller_node-1] [WARN] [1784859535.378240252] [pinn_franka_controller]: Joint state stale (48.126s > 0.1s) -- holding at last known position via gravity compensation.
[pinn_controller_node-1] [WARN] [1784859536.378247329] [pinn_franka_controller]: Joint state stale (49.126s > 0.1s) -- holding at last known position via gravity compensation.
[pinn_controller_node-1] [WARN] [1784859537.379241016] [pinn_franka_controller]: Joint state stale (50.127s > 0.1s) -- holding at last known position via gravity compensation.
[pinn_controller_node-1] [WARN] [1784859538.379251512] [pinn_franka_controller]: Joint state stale (51.127s > 0.1s) -- holding at last known position via gravity compensation.
[pinn_controller_node-1] [WARN] [1784859539.380248817] [pinn_franka_controller]: Joint state stale (52.128s > 0.1s) -- holding at last known position via gravity compensation.
[pinn_controller_node-1] [WARN] [1784859540.381244074] [pinn_franka_controller]: Joint state stale (53.129s > 0.1s) -- holding at last known position via gravity compensation.
[pinn_controller_node-1] [WARN] [1784859541.381252734] [pinn_franka_controller]: Joint state stale (54.129s > 0.1s) -- holding at last known position via gravity compensation.
[pinn_controller_node-1] [WARN] [1784859542.382250500] [pinn_franka_controller]: Joint state stale (55.130s > 0.1s) -- holding at last known position via gravity compensation.
[pinn_controller_node-1] [WARN] [1784859543.383245110] [pinn_franka_controller]: Joint state stale (56.131s > 0.1s) -- holding at last known position via gravity compensation.
[pinn_controller_node-1] [WARN] [1784859544.384254574] [pinn_franka_controller]: Joint state stale (57.132s > 0.1s) -- holding at last known position via gravity compensation.
[pinn_controller_node-1] [WARN] [1784859545.385233478] [pinn_franka_controller]: Joint state stale (58.133s > 0.1s) -- holding at last known position via gravity compensation.
[pinn_controller_node-1] [WARN] [1784859546.385240963] [pinn_franka_controller]: Joint state stale (59.133s > 0.1s) -- holding at last known position via gravity compensation.
[pinn_controller_node-1] [WARN] [1784859547.385254766] [pinn_franka_controller]: Joint state stale (60.133s > 0.1s) -- holding at last known position via gravity compensation.
[pinn_controller_node-1] [WARN] [1784859548.386242430] [pinn_franka_controller]: Joint state stale (61.134s > 0.1s) -- holding at last known position via gravity compensation.
[pinn_controller_node-1] [WARN] [1784859549.387239129] [pinn_franka_controller]: Joint state stale (62.135s > 0.1s) -- holding at last known position via gravity compensation.
[pinn_controller_node-1] [WARN] [1784859550.387250655] [pinn_franka_controller]: Joint state stale (63.135s > 0.1s) -- holding at last known position via gravity compensation.
[pinn_controller_node-1] [WARN] [1784859551.388236804] [pinn_franka_controller]: Joint state stale (64.136s > 0.1s) -- holding at last known position via gravity compensation.
[pinn_controller_node-1] [WARN] [1784859552.388243982] [pinn_franka_controller]: Joint state stale (65.136s > 0.1s) -- holding at last known position via gravity compensation.
[pinn_controller_node-1] [WARN] [1784859553.389203688] [pinn_franka_controller]: Joint state stale (66.137s > 0.1s) -- holding at last known position via gravity compensation.
[pinn_controller_node-1] [WARN] [1784859554.389246965] [pinn_franka_controller]: Joint state stale (67.137s > 0.1s) -- holding at last known position via gravity compensation.
[pinn_controller_node-1] [WARN] [1784859555.389248370] [pinn_franka_controller]: Joint state stale (68.137s > 0.1s) -- holding at last known position via gravity compensation.
[pinn_controller_node-1] [WARN] [1784859556.390242102] [pinn_franka_controller]: Joint state stale (69.138s > 0.1s) -- holding at last known position via gravity compensation.
[pinn_controller_node-1] [WARN] [1784859557.391248014] [pinn_franka_controller]: Joint state stale (70.139s > 0.1s) -- holding at last known position via gravity compensation.
[pinn_controller_node-1] [WARN] [1784859558.392249963] [pinn_franka_controller]: Joint state stale (71.140s > 0.1s) -- holding at last known position via gravity compensation.
[pinn_controller_node-1] [WARN] [1784859559.393240368] [pinn_franka_controller]: Joint state stale (72.141s > 0.1s) -- holding at last known position via gravity compensation.
[pinn_controller_node-1] [WARN] [1784859560.394248030] [pinn_franka_controller]: Joint state stale (73.142s > 0.1s) -- holding at last known position via gravity compensation.
[pinn_controller_node-1] [WARN] [1784859561.395245314] [pinn_franka_controller]: Joint state stale (74.143s > 0.1s) -- holding at last known position via gravity compensation.
[pinn_controller_node-1] [WARN] [1784859562.396249893] [pinn_franka_controller]: Joint state stale (75.144s > 0.1s) -- holding at last known position via gravity compensation.
[pinn_controller_node-1] [WARN] [1784859563.397235754] [pinn_franka_controller]: Joint state stale (76.145s > 0.1s) -- holding at last known position via gravity compensation.
[pinn_controller_node-1] [WARN] [1784859564.397237792] [pinn_franka_controller]: Joint state stale (77.145s > 0.1s) -- holding at last known position via gravity compensation.
[pinn_controller_node-1] [WARN] [1784859565.398249593] [pinn_franka_controller]: Joint state stale (78.146s > 0.1s) -- holding at last known position via gravity compensation.
[pinn_controller_node-1] [WARN] [1784859566.399241177] [pinn_franka_controller]: Joint state stale (79.147s > 0.1s) -- holding at last known position via gravity compensation.
[pinn_controller_node-1] [WARN] [1784859567.399243327] [pinn_franka_controller]: Joint state stale (80.147s > 0.1s) -- holding at last known position via gravity compensation.
[pinn_controller_node-1] [WARN] [1784859568.400242934] [pinn_franka_controller]: Joint state stale (81.148s > 0.1s) -- holding at last known position via gravity compensation.
[pinn_controller_node-1] [WARN] [1784859569.401242913] [pinn_franka_controller]: Joint state stale (82.149s > 0.1s) -- holding at last known position via gravity compensation.
[pinn_controller_node-1] [WARN] [1784859570.402237035] [pinn_franka_controller]: Joint state stale (83.150s > 0.1s) -- holding at last known position via gravity compensation.
[pinn_controller_node-1] [WARN] [1784859571.402244117] [pinn_franka_controller]: Joint state stale (84.150s > 0.1s) -- holding at last known position via gravity compensation.
[pinn_controller_node-1] [WARN] [1784859572.402251023] [pinn_franka_controller]: Joint state stale (85.150s > 0.1s) -- holding at last known position via gravity compensation.
[pinn_controller_node-1] [WARN] [1784859573.403243654] [pinn_franka_controller]: Joint state stale (86.151s > 0.1s) -- holding at last known position via gravity compensation.
[pinn_controller_node-1] [WARN] [1784859574.403245937] [pinn_franka_controller]: Joint state stale (87.151s > 0.1s) -- holding at last known position via gravity compensation.
[pinn_controller_node-1] [WARN] [1784859575.403246792] [pinn_franka_controller]: Joint state stale (88.151s > 0.1s) -- holding at last known position via gravity compensation.
[pinn_controller_node-1] [WARN] [1784859576.404246526] [pinn_franka_controller]: Joint state stale (89.152s > 0.1s) -- holding at last known position via gravity compensation.
[pinn_controller_node-1] [WARN] [1784859577.405246314] [pinn_franka_controller]: Joint state stale (90.153s > 0.1s) -- holding at last known position via gravity compensation.
[pinn_controller_node-1] [WARN] [1784859578.406243071] [pinn_franka_controller]: Joint state stale (91.154s > 0.1s) -- holding at last known position via gravity compensation.
[pinn_controller_node-1] [WARN] [1784859579.406249885] [pinn_franka_controller]: Joint state stale (92.154s > 0.1s) -- holding at last known position via gravity compensation.
[pinn_controller_node-1] [WARN] [1784859580.407241842] [pinn_franka_controller]: Joint state stale (93.155s > 0.1s) -- holding at last known position via gravity compensation.
[pinn_controller_node-1] [WARN] [1784859581.407246218] [pinn_franka_controller]: Joint state stale (94.155s > 0.1s) -- holding at last known position via gravity compensation.
[pinn_controller_node-1] [WARN] [1784859582.408251516] [pinn_franka_controller]: Joint state stale (95.156s > 0.1s) -- holding at last known position via gravity compensation.
[pinn_controller_node-1] [WARN] [1784859583.409248950] [pinn_franka_controller]: Joint state stale (96.157s > 0.1s) -- holding at last known position via gravity compensation.
[pinn_controller_node-1] [WARN] [1784859584.410251781] [pinn_franka_controller]: Joint state stale (97.158s > 0.1s) -- holding at last known position via gravity compensation.
[pinn_controller_node-1] [WARN] [1784859585.411232749] [pinn_franka_controller]: Joint state stale (98.159s > 0.1s) -- holding at last known position via gravity compensation.
[pinn_controller_node-1] [WARN] [1784859586.411256036] [pinn_franka_controller]: Joint state stale (99.159s > 0.1s) -- holding at last known position via gravity compensation.
[pinn_controller_node-1] [WARN] [1784859587.412246156] [pinn_franka_controller]: Joint state stale (100.160s > 0.1s) -- holding at last known position via gravity compensation.
[pinn_controller_node-1] [WARN] [1784859588.413236237] [pinn_franka_controller]: Joint state stale (101.161s > 0.1s) -- holding at last known position via gravity compensation.
[pinn_controller_node-1] [WARN] [1784859589.413238391] [pinn_franka_controller]: Joint state stale (102.161s > 0.1s) -- holding at last known position via gravity compensation.
[pinn_controller_node-1] [WARN] [1784859590.413258262] [pinn_franka_controller]: Joint state stale (103.161s > 0.1s) -- holding at last known position via gravity compensation.
[pinn_controller_node-1] [WARN] [1784859591.414250873] [pinn_franka_controller]: Joint state stale (104.162s > 0.1s) -- holding at last known position via gravity compensation.
[pinn_controller_node-1] [WARN] [1784859592.415243617] [pinn_franka_controller]: Joint state stale (105.163s > 0.1s) -- holding at last known position via gravity compensation.
[pinn_controller_node-1] [WARN] [1784859593.416250239] [pinn_franka_controller]: Joint state stale (106.164s > 0.1s) -- holding at last known position via gravity compensation.
[pinn_controller_node-1] [WARN] [1784859594.417242753] [pinn_franka_controller]: Joint state stale (107.165s > 0.1s) -- holding at last known position via gravity compensation.
[pinn_controller_node-1] [WARN] [1784859595.418234393] [pinn_franka_controller]: Joint state stale (108.166s > 0.1s) -- holding at last known position via gravity compensation.
[pinn_controller_node-1] [WARN] [1784859596.418242547] [pinn_franka_controller]: Joint state stale (109.166s > 0.1s) -- holding at last known position via gravity compensation.
[pinn_controller_node-1] [WARN] [1784859597.418254626] [pinn_franka_controller]: Joint state stale (110.166s > 0.1s) -- holding at last known position via gravity compensation.
[pinn_controller_node-1] [WARN] [1784859598.418256435] [pinn_franka_controller]: Joint state stale (111.166s > 0.1s) -- holding at last known position via gravity compensation.
[pinn_controller_node-1] [WARN] [1784859599.419245330] [pinn_franka_controller]: Joint state stale (112.167s > 0.1s) -- holding at last known position via gravity compensation.
[pinn_controller_node-1] [WARN] [1784859600.420244424] [pinn_franka_controller]: Joint state stale (113.168s > 0.1s) -- holding at last known position via gravity compensation.
[pinn_controller_node-1] [WARN] [1784859601.420252080] [pinn_franka_controller]: Joint state stale (114.168s > 0.1s) -- holding at last known position via gravity compensation.
[pinn_controller_node-1] [WARN] [1784859602.421241687] [pinn_franka_controller]: Joint state stale (115.169s > 0.1s) -- holding at last known position via gravity compensation.
[pinn_controller_node-1] [WARN] [1784859603.421250978] [pinn_franka_controller]: Joint state stale (116.169s > 0.1s) -- holding at last known position via gravity compensation.
[pinn_controller_node-1] [WARN] [1784859604.422250556] [pinn_franka_controller]: Joint state stale (117.170s > 0.1s) -- holding at last known position via gravity compensation.
[pinn_controller_node-1] [WARN] [1784859605.422251833] [pinn_franka_controller]: Joint state stale (118.170s > 0.1s) -- holding at last known position via gravity compensation.
[pinn_controller_node-1] [WARN] [1784859606.423246358] [pinn_franka_controller]: Joint state stale (119.171s > 0.1s) -- holding at last known position via gravity compensation.
[pinn_controller_node-1] [WARN] [1784859607.423254919] [pinn_franka_controller]: Joint state stale (120.171s > 0.1s) -- holding at last known position via gravity compensation.
[pinn_controller_node-1] [WARN] [1784859608.423257360] [pinn_franka_controller]: Joint state stale (121.171s > 0.1s) -- holding at last known position via gravity compensation.
[pinn_controller_node-1] [WARN] [1784859609.424244894] [pinn_franka_controller]: Joint state stale (122.172s > 0.1s) -- holding at last known position via gravity compensation.
[pinn_controller_node-1] [WARN] [1784859610.425246755] [pinn_franka_controller]: Joint state stale (123.173s > 0.1s) -- holding at last known position via gravity compensation.
[pinn_controller_node-1] [WARN] [1784859611.426236025] [pinn_franka_controller]: Joint state stale (124.174s > 0.1s) -- holding at last known position via gravity compensation.
[pinn_controller_node-1] [WARN] [1784859612.426248283] [pinn_franka_controller]: Joint state stale (125.174s > 0.1s) -- holding at last known position via gravity compensation.
[pinn_controller_node-1] [WARN] [1784859613.427241923] [pinn_franka_controller]: Joint state stale (126.175s > 0.1s) -- holding at last known position via gravity compensation.
[pinn_controller_node-1] [WARN] [1784859614.427249361] [pinn_franka_controller]: Joint state stale (127.175s > 0.1s) -- holding at last known position via gravity compensation.
[pinn_controller_node-1] [WARN] [1784859615.427251491] [pinn_franka_controller]: Joint state stale (128.175s > 0.1s) -- holding at last known position via gravity compensation.
[pinn_controller_node-1] [WARN] [1784859616.428257164] [pinn_franka_controller]: Joint state stale (129.176s > 0.1s) -- holding at last known position via gravity compensation.
[pinn_controller_node-1] [WARN] [1784859617.429247354] [pinn_franka_controller]: Joint state stale (130.177s > 0.1s) -- holding at last known position via gravity compensation.
[pinn_controller_node-1] [WARN] [1784859618.430243254] [pinn_franka_controller]: Joint state stale (131.178s > 0.1s) -- holding at last known position via gravity compensation.
[pinn_controller_node-1] [WARN] [1784859619.430242359] [pinn_franka_controller]: Joint state stale (132.178s > 0.1s) -- holding at last known position via gravity compensation.
[pinn_controller_node-1] [WARN] [1784859620.430247419] [pinn_franka_controller]: Joint state stale (133.178s > 0.1s) -- holding at last known position via gravity compensation.
[pinn_controller_node-1] [WARN] [1784859621.431242710] [pinn_franka_controller]: Joint state stale (134.179s > 0.1s) -- holding at last known position via gravity compensation.
[pinn_controller_node-1] [WARN] [1784859622.431247167] [pinn_franka_controller]: Joint state stale (135.179s > 0.1s) -- holding at last known position via gravity compensation.
[pinn_controller_node-1] [WARN] [1784859623.432240552] [pinn_franka_controller]: Joint state stale (136.180s > 0.1s) -- holding at last known position via gravity compensation.
[pinn_controller_node-1] [WARN] [1784859624.432244152] [pinn_franka_controller]: Joint state stale (137.180s > 0.1s) -- holding at last known position via gravity compensation.
[pinn_controller_node-1] [WARN] [1784859625.432251752] [pinn_franka_controller]: Joint state stale (138.180s > 0.1s) -- holding at last known position via gravity compensation.
[pinn_controller_node-1] [WARN] [1784859626.432254199] [pinn_franka_controller]: Joint state stale (139.180s > 0.1s) -- holding at last known position via gravity compensation.
[pinn_controller_node-1] [WARN] [1784859627.433252627] [pinn_franka_controller]: Joint state stale (140.181s > 0.1s) -- holding at last known position via gravity compensation.
[pinn_controller_node-1] [WARN] [1784859628.434246601] [pinn_franka_controller]: Joint state stale (141.182s > 0.1s) -- holding at last known position via gravity compensation.
[pinn_controller_node-1] [WARN] [1784859629.435243982] [pinn_franka_controller]: Joint state stale (142.183s > 0.1s) -- holding at last known position via gravity compensation.
[pinn_controller_node-1] [WARN] [1784859630.436238718] [pinn_franka_controller]: Joint state stale (143.184s > 0.1s) -- holding at last known position via gravity compensation.
[pinn_controller_node-1] [WARN] [1784859631.436254268] [pinn_franka_controller]: Joint state stale (144.184s > 0.1s) -- holding at last known position via gravity compensation.
[pinn_controller_node-1] [WARN] [1784859632.437244037] [pinn_franka_controller]: Joint state stale (145.185s > 0.1s) -- holding at last known position via gravity compensation.
[pinn_controller_node-1] [WARN] [1784859633.437244217] [pinn_franka_controller]: Joint state stale (146.185s > 0.1s) -- holding at last known position via gravity compensation.
[pinn_controller_node-1] [WARN] [1784859634.437250761] [pinn_franka_controller]: Joint state stale (147.185s > 0.1s) -- holding at last known position via gravity compensation.
[pinn_controller_node-1] [WARN] [1784859635.438237753] [pinn_franka_controller]: Joint state stale (148.186s > 0.1s) -- holding at last known position via gravity compensation.
[pinn_controller_node-1] [WARN] [1784859636.439241738] [pinn_franka_controller]: Joint state stale (149.187s > 0.1s) -- holding at last known position via gravity compensation.
[pinn_controller_node-1] [WARN] [1784859637.439249750] [pinn_franka_controller]: Joint state stale (150.187s > 0.1s) -- holding at last known position via gravity compensation.
[pinn_controller_node-1] [WARN] [1784859638.440244421] [pinn_franka_controller]: Joint state stale (151.188s > 0.1s) -- holding at last known position via gravity compensation.
[pinn_controller_node-1] [WARN] [1784859639.440247250] [pinn_franka_controller]: Joint state stale (152.188s > 0.1s) -- holding at last known position via gravity compensation.
[pinn_controller_node-1] [WARN] [1784859640.440260883] [pinn_franka_controller]: Joint state stale (153.188s > 0.1s) -- holding at last known position via gravity compensation.
[pinn_controller_node-1] [WARN] [1784859641.441245578] [pinn_franka_controller]: Joint state stale (154.189s > 0.1s) -- holding at last known position via gravity compensation.
[pinn_controller_node-1] [WARN] [1784859642.442256323] [pinn_franka_controller]: Joint state stale (155.190s > 0.1s) -- holding at last known position via gravity compensation.
[pinn_controller_node-1] [WARN] [1784859643.443152145] [pinn_franka_controller]: Joint state stale (156.191s > 0.1s) -- holding at last known position via gravity compensation.
[pinn_controller_node-1] [WARN] [1784859644.443241607] [pinn_franka_controller]: Joint state stale (157.191s > 0.1s) -- holding at last known position via gravity compensation.
[pinn_controller_node-1] [WARN] [1784859645.443248613] [pinn_franka_controller]: Joint state stale (158.191s > 0.1s) -- holding at last known position via gravity compensation.
[pinn_controller_node-1] [WARN] [1784859646.444225888] [pinn_franka_controller]: Joint state stale (159.192s > 0.1s) -- holding at last known position via gravity compensation.
[pinn_controller_node-1] [WARN] [1784859647.444245226] [pinn_franka_controller]: Joint state stale (160.192s > 0.1s) -- holding at last known position via gravity compensation.
[pinn_controller_node-1] [WARN] [1784859648.445252915] [pinn_franka_controller]: Joint state stale (161.193s > 0.1s) -- holding at last known position via gravity compensation.
[pinn_controller_node-1] [WARN] [1784859649.446248023] [pinn_franka_controller]: Joint state stale (162.194s > 0.1s) -- holding at last known position via gravity compensation.
[pinn_controller_node-1] [WARN] [1784859650.447243696] [pinn_franka_controller]: Joint state stale (163.195s > 0.1s) -- holding at last known position via gravity compensation.
[pinn_controller_node-1] [WARN] [1784859651.447256480] [pinn_franka_controller]: Joint state stale (164.195s > 0.1s) -- holding at last known position via gravity compensation.
[pinn_controller_node-1] [WARN] [1784859652.448245300] [pinn_franka_controller]: Joint state stale (165.196s > 0.1s) -- holding at last known position via gravity compensation.
[pinn_controller_node-1] [WARN] [1784859653.449242077] [pinn_franka_controller]: Joint state stale (166.197s > 0.1s) -- holding at last known position via gravity compensation.
[pinn_controller_node-1] [WARN] [1784859654.449257955] [pinn_franka_controller]: Joint state stale (167.197s > 0.1s) -- holding at last known position via gravity compensation.
[pinn_controller_node-1] [WARN] [1784859655.450244551] [pinn_franka_controller]: Joint state stale (168.198s > 0.1s) -- holding at last known position via gravity compensation.
[pinn_controller_node-1] [WARN] [1784859656.451240540] [pinn_franka_controller]: Joint state stale (169.199s > 0.1s) -- holding at last known position via gravity compensation.
[pinn_controller_node-1] [WARN] [1784859657.451247011] [pinn_franka_controller]: Joint state stale (170.199s > 0.1s) -- holding at last known position via gravity compensation.
[pinn_controller_node-1] [WARN] [1784859658.452303042] [pinn_franka_controller]: Joint state stale (171.200s > 0.1s) -- holding at last known position via gravity compensation.
[pinn_controller_node-1] [WARN] [1784859659.453250749] [pinn_franka_controller]: Joint state stale (172.201s > 0.1s) -- holding at last known position via gravity compensation.
[pinn_controller_node-1] [WARN] [1784859660.453257860] [pinn_franka_controller]: Joint state stale (173.201s > 0.1s) -- holding at last known position via gravity compensation.
[pinn_controller_node-1] [WARN] [1784859661.453265558] [pinn_franka_controller]: Joint state stale (174.201s > 0.1s) -- holding at last known position via gravity compensation.
[pinn_controller_node-1] [WARN] [1784859662.454249355] [pinn_franka_controller]: Joint state stale (175.202s > 0.1s) -- holding at last known position via gravity compensation.
[pinn_controller_node-1] [WARN] [1784859663.455241595] [pinn_franka_controller]: Joint state stale (176.203s > 0.1s) -- holding at last known position via gravity compensation.
[pinn_controller_node-1] [WARN] [1784859664.455245864] [pinn_franka_controller]: Joint state stale (177.203s > 0.1s) -- holding at last known position via gravity compensation.
[pinn_controller_node-1] [WARN] [1784859665.456239443] [pinn_franka_controller]: Joint state stale (178.204s > 0.1s) -- holding at last known position via gravity compensation.
[pinn_controller_node-1] [WARN] [1784859666.456245907] [pinn_franka_controller]: Joint state stale (179.204s > 0.1s) -- holding at last known position via gravity compensation.
[pinn_controller_node-1] [WARN] [1784859667.457250291] [pinn_franka_controller]: Joint state stale (180.205s > 0.1s) -- holding at last known position via gravity compensation.
[pinn_controller_node-1] [WARN] [1784859668.458249600] [pinn_franka_controller]: Joint state stale (181.206s > 0.1s) -- holding at last known position via gravity compensation.
[pinn_controller_node-1] [WARN] [1784859669.459244220] [pinn_franka_controller]: Joint state stale (182.207s > 0.1s) -- holding at last known position via gravity compensation.
[pinn_controller_node-1] [WARN] [1784859670.459250047] [pinn_franka_controller]: Joint state stale (183.207s > 0.1s) -- holding at last known position via gravity compensation.
[pinn_controller_node-1] [WARN] [1784859671.459257386] [pinn_franka_controller]: Joint state stale (184.207s > 0.1s) -- holding at last known position via gravity compensation.
[pinn_controller_node-1] [WARN] [1784859672.460244504] [pinn_franka_controller]: Joint state stale (185.208s > 0.1s) -- holding at last known position via gravity compensation.
[pinn_controller_node-1] [WARN] [1784859673.461258950] [pinn_franka_controller]: Joint state stale (186.209s > 0.1s) -- holding at last known position via gravity compensation.
[pinn_controller_node-1] [WARN] [1784859674.462243536] [pinn_franka_controller]: Joint state stale (187.210s > 0.1s) -- holding at last known position via gravity compensation.
[pinn_controller_node-1] [WARN] [1784859675.463244815] [pinn_franka_controller]: Joint state stale (188.211s > 0.1s) -- holding at last known position via gravity compensation.
[pinn_controller_node-1] [WARN] [1784859676.464248715] [pinn_franka_controller]: Joint state stale (189.212s > 0.1s) -- holding at last known position via gravity compensation.
[pinn_controller_node-1] [WARN] [1784859677.465241494] [pinn_franka_controller]: Joint state stale (190.213s > 0.1s) -- holding at last known position via gravity compensation.
[pinn_controller_node-1] [WARN] [1784859678.466240491] [pinn_franka_controller]: Joint state stale (191.214s > 0.1s) -- holding at last known position via gravity compensation.
[pinn_controller_node-1] [WARN] [1784859679.466250207] [pinn_franka_controller]: Joint state stale (192.214s > 0.1s) -- holding at last known position via gravity compensation.
[pinn_controller_node-1] [WARN] [1784859680.467241846] [pinn_franka_controller]: Joint state stale (193.215s > 0.1s) -- holding at last known position via gravity compensation.
[pinn_controller_node-1] [WARN] [1784859681.468247141] [pinn_franka_controller]: Joint state stale (194.216s > 0.1s) -- holding at last known position via gravity compensation.
[pinn_controller_node-1] [WARN] [1784859682.469240013] [pinn_franka_controller]: Joint state stale (195.217s > 0.1s) -- holding at last known position via gravity compensation.
[pinn_controller_node-1] [WARN] [1784859683.469241819] [pinn_franka_controller]: Joint state stale (196.217s > 0.1s) -- holding at last known position via gravity compensation.
[pinn_controller_node-1] [WARN] [1784859684.469254515] [pinn_franka_controller]: Joint state stale (197.217s > 0.1s) -- holding at last known position via gravity compensation.
[pinn_controller_node-1] [WARN] [1784859685.470237235] [pinn_franka_controller]: Joint state stale (198.218s > 0.1s) -- holding at last known position via gravity compensation.
[pinn_controller_node-1] [WARN] [1784859686.471240901] [pinn_franka_controller]: Joint state stale (199.219s > 0.1s) -- holding at last known position via gravity compensation.
[pinn_controller_node-1] [WARN] [1784859687.471245477] [pinn_franka_controller]: Joint state stale (200.219s > 0.1s) -- holding at last known position via gravity compensation.
[pinn_controller_node-1] [WARN] [1784859688.472241493] [pinn_franka_controller]: Joint state stale (201.220s > 0.1s) -- holding at last known position via gravity compensation.
[pinn_controller_node-1] [WARN] [1784859689.473226444] [pinn_franka_controller]: Joint state stale (202.221s > 0.1s) -- holding at last known position via gravity compensation.
[pinn_controller_node-1] [WARN] [1784859690.473249510] [pinn_franka_controller]: Joint state stale (203.221s > 0.1s) -- holding at last known position via gravity compensation.
[pinn_controller_node-1] [WARN] [1784859691.474252325] [pinn_franka_controller]: Joint state stale (204.222s > 0.1s) -- holding at last known position via gravity compensation.
[pinn_controller_node-1] [WARN] [1784859692.475243257] [pinn_franka_controller]: Joint state stale (205.223s > 0.1s) -- holding at last known position via gravity compensation.
[pinn_controller_node-1] [WARN] [1784859693.476250029] [pinn_franka_controller]: Joint state stale (206.224s > 0.1s) -- holding at last known position via gravity compensation.
[pinn_controller_node-1] [WARN] [1784859694.477245012] [pinn_franka_controller]: Joint state stale (207.225s > 0.1s) -- holding at last known position via gravity compensation.
[pinn_controller_node-1] [WARN] [1784859695.477249980] [pinn_franka_controller]: Joint state stale (208.225s > 0.1s) -- holding at last known position via gravity compensation.
[pinn_controller_node-1] [WARN] [1784859696.477250427] [pinn_franka_controller]: Joint state stale (209.225s > 0.1s) -- holding at last known position via gravity compensation.
[pinn_controller_node-1] [WARN] [1784859697.478246469] [pinn_franka_controller]: Joint state stale (210.226s > 0.1s) -- holding at last known position via gravity compensation.
[pinn_controller_node-1] [WARN] [1784859698.479249907] [pinn_franka_controller]: Joint state stale (211.227s > 0.1s) -- holding at last known position via gravity compensation.
[pinn_controller_node-1] [WARN] [1784859699.480237019] [pinn_franka_controller]: Joint state stale (212.228s > 0.1s) -- holding at last known position via gravity compensation.
[pinn_controller_node-1] [WARN] [1784859700.481186350] [pinn_franka_controller]: Joint state stale (213.229s > 0.1s) -- holding at last known position via gravity compensation.
[pinn_controller_node-1] [WARN] [1784859701.481234284] [pinn_franka_controller]: Joint state stale (214.229s > 0.1s) -- holding at last known position via gravity compensation.
[pinn_controller_node-1] [WARN] [1784859702.481243234] [pinn_franka_controller]: Joint state stale (215.229s > 0.1s) -- holding at last known position via gravity compensation.
[pinn_controller_node-1] [WARN] [1784859703.482240945] [pinn_franka_controller]: Joint state stale (216.230s > 0.1s) -- holding at last known position via gravity compensation.
[pinn_controller_node-1] [WARN] [1784859704.483167350] [pinn_franka_controller]: Joint state stale (217.231s > 0.1s) -- holding at last known position via gravity compensation.
[pinn_controller_node-1] [WARN] [1784859705.483248114] [pinn_franka_controller]: Joint state stale (218.231s > 0.1s) -- holding at last known position via gravity compensation.
[pinn_controller_node-1] [WARN] [1784859706.484241011] [pinn_franka_controller]: Joint state stale (219.232s > 0.1s) -- holding at last known position via gravity compensation.
[pinn_controller_node-1] [WARN] [1784859707.485245313] [pinn_franka_controller]: Joint state stale (220.233s > 0.1s) -- holding at last known position via gravity compensation.
[pinn_controller_node-1] [WARN] [1784859708.486270434] [pinn_franka_controller]: Joint state stale (221.234s > 0.1s) -- holding at last known position via gravity compensation.
[pinn_controller_node-1] [WARN] [1784859709.487239432] [pinn_franka_controller]: Joint state stale (222.235s > 0.1s) -- holding at last known position via gravity compensation.
[pinn_controller_node-1] [WARN] [1784859710.488251502] [pinn_franka_controller]: Joint state stale (223.236s > 0.1s) -- holding at last known position via gravity compensation.
[pinn_controller_node-1] [WARN] [1784859711.489244385] [pinn_franka_controller]: Joint state stale (224.237s > 0.1s) -- holding at last known position via gravity compensation.
[pinn_controller_node-1] [WARN] [1784859712.489251513] [pinn_franka_controller]: Joint state stale (225.237s > 0.1s) -- holding at last known position via gravity compensation.
[pinn_controller_node-1] [WARN] [1784859713.490247017] [pinn_franka_controller]: Joint state stale (226.238s > 0.1s) -- holding at last known position via gravity compensation.
[pinn_controller_node-1] [WARN] [1784859714.490247301] [pinn_franka_controller]: Joint state stale (227.238s > 0.1s) -- holding at last known position via gravity compensation.
[pinn_controller_node-1] [WARN] [1784859715.491239335] [pinn_franka_controller]: Joint state stale (228.239s > 0.1s) -- holding at last known position via gravity compensation.
[pinn_controller_node-1] [WARN] [1784859716.492234457] [pinn_franka_controller]: Joint state stale (229.240s > 0.1s) -- holding at last known position via gravity compensation.
[pinn_controller_node-1] [WARN] [1784859717.492240739] [pinn_franka_controller]: Joint state stale (230.240s > 0.1s) -- holding at last known position via gravity compensation.
[pinn_controller_node-1] [WARN] [1784859718.493239759] [pinn_franka_controller]: Joint state stale (231.241s > 0.1s) -- holding at last known position via gravity compensation.
[pinn_controller_node-1] [WARN] [1784859719.493254176] [pinn_franka_controller]: Joint state stale (232.241s > 0.1s) -- holding at last known position via gravity compensation.
[pinn_controller_node-1] [WARN] [1784859720.494247078] [pinn_franka_controller]: Joint state stale (233.242s > 0.1s) -- holding at last known position via gravity compensation.
[pinn_controller_node-1] [WARN] [1784859721.495246170] [pinn_franka_controller]: Joint state stale (234.243s > 0.1s) -- holding at last known position via gravity compensation.
[pinn_controller_node-1] [WARN] [1784859722.496242993] [pinn_franka_controller]: Joint state stale (235.244s > 0.1s) -- holding at last known position via gravity compensation.
[pinn_controller_node-1] [WARN] [1784859723.497238141] [pinn_franka_controller]: Joint state stale (236.245s > 0.1s) -- holding at last known position via gravity compensation.
[pinn_controller_node-1] [WARN] [1784859724.497244264] [pinn_franka_controller]: Joint state stale (237.245s > 0.1s) -- holding at last known position via gravity compensation.
[pinn_controller_node-1] [WARN] [1784859725.497246021] [pinn_franka_controller]: Joint state stale (238.245s > 0.1s) -- holding at last known position via gravity compensation.
[pinn_controller_node-1] [WARN] [1784859726.498246114] [pinn_franka_controller]: Joint state stale (239.246s > 0.1s) -- holding at last known position via gravity compensation.
[pinn_controller_node-1] [WARN] [1784859727.498250051] [pinn_franka_controller]: Joint state stale (240.246s > 0.1s) -- holding at last known position via gravity compensation.
[pinn_controller_node-1] [WARN] [1784859728.499258718] [pinn_franka_controller]: Joint state stale (241.247s > 0.1s) -- holding at last known position via gravity compensation.
[pinn_controller_node-1] [WARN] [1784859729.499267416] [pinn_franka_controller]: Joint state stale (242.247s > 0.1s) -- holding at last known position via gravity compensation.
[pinn_controller_node-1] [WARN] [1784859730.500255535] [pinn_franka_controller]: Joint state stale (243.248s > 0.1s) -- holding at last known position via gravity compensation.
[pinn_controller_node-1] [WARN] [1784859731.500262711] [pinn_franka_controller]: Joint state stale (244.248s > 0.1s) -- holding at last known position via gravity compensation.
[pinn_controller_node-1] [WARN] [1784859732.501253249] [pinn_franka_controller]: Joint state stale (245.249s > 0.1s) -- holding at last known position via gravity compensation.
[pinn_controller_node-1] [WARN] [1784859733.502242345] [pinn_franka_controller]: Joint state stale (246.250s > 0.1s) -- holding at last known position via gravity compensation.
[pinn_controller_node-1] [WARN] [1784859734.503238023] [pinn_franka_controller]: Joint state stale (247.251s > 0.1s) -- holding at last known position via gravity compensation.
[pinn_controller_node-1] [WARN] [1784859735.503243473] [pinn_franka_controller]: Joint state stale (248.251s > 0.1s) -- holding at last known position via gravity compensation.
[pinn_controller_node-1] [WARN] [1784859736.504243147] [pinn_franka_controller]: Joint state stale (249.252s > 0.1s) -- holding at last known position via gravity compensation.
[pinn_controller_node-1] [WARN] [1784859737.505312689] [pinn_franka_controller]: Joint state stale (250.253s > 0.1s) -- holding at last known position via gravity compensation.
[pinn_controller_node-1] [WARN] [1784859738.506241814] [pinn_franka_controller]: Joint state stale (251.254s > 0.1s) -- holding at last known position via gravity compensation.
[pinn_controller_node-1] [WARN] [1784859739.507254443] [pinn_franka_controller]: Joint state stale (252.255s > 0.1s) -- holding at last known position via gravity compensation.
[pinn_controller_node-1] [WARN] [1784859740.508239658] [pinn_franka_controller]: Joint state stale (253.256s > 0.1s) -- holding at last known position via gravity compensation.
[pinn_controller_node-1] [WARN] [1784859741.509237254] [pinn_franka_controller]: Joint state stale (254.257s > 0.1s) -- holding at last known position via gravity compensation.
[pinn_controller_node-1] [WARN] [1784859742.509253728] [pinn_franka_controller]: Joint state stale (255.257s > 0.1s) -- holding at last known position via gravity compensation.
[pinn_controller_node-1] [WARN] [1784859743.510244017] [pinn_franka_controller]: Joint state stale (256.258s > 0.1s) -- holding at last known position via gravity compensation.
[pinn_controller_node-1] [WARN] [1784859744.511237154] [pinn_franka_controller]: Joint state stale (257.259s > 0.1s) -- holding at last known position via gravity compensation.
[pinn_controller_node-1] [WARN] [1784859745.511243099] [pinn_franka_controller]: Joint state stale (258.259s > 0.1s) -- holding at last known position via gravity compensation.
[pinn_controller_node-1] [WARN] [1784859746.512242271] [pinn_franka_controller]: Joint state stale (259.260s > 0.1s) -- holding at last known position via gravity compensation.
[pinn_controller_node-1] [WARN] [1784859747.512252458] [pinn_franka_controller]: Joint state stale (260.260s > 0.1s) -- holding at last known position via gravity compensation.
[pinn_controller_node-1] [WARN] [1784859748.513240787] [pinn_franka_controller]: Joint state stale (261.261s > 0.1s) -- holding at last known position via gravity compensation.
[pinn_controller_node-1] [WARN] [1784859749.514244778] [pinn_franka_controller]: Joint state stale (262.262s > 0.1s) -- holding at last known position via gravity compensation.
[pinn_controller_node-1] [WARN] [1784859750.515240422] [pinn_franka_controller]: Joint state stale (263.263s > 0.1s) -- holding at last known position via gravity compensation.
[pinn_controller_node-1] [WARN] [1784859751.516241861] [pinn_franka_controller]: Joint state stale (264.264s > 0.1s) -- holding at last known position via gravity compensation.
[pinn_controller_node-1] [WARN] [1784859752.517242796] [pinn_franka_controller]: Joint state stale (265.265s > 0.1s) -- holding at last known position via gravity compensation.
[pinn_controller_node-1] [WARN] [1784859753.517246756] [pinn_franka_controller]: Joint state stale (266.265s > 0.1s) -- holding at last known position via gravity compensation.
[pinn_controller_node-1] [WARN] [1784859754.518251024] [pinn_franka_controller]: Joint state stale (267.266s > 0.1s) -- holding at last known position via gravity compensation.
[pinn_controller_node-1] [WARN] [1784859755.519238770] [pinn_franka_controller]: Joint state stale (268.267s > 0.1s) -- holding at last known position via gravity compensation.
[pinn_controller_node-1] [WARN] [1784859756.519258336] [pinn_franka_controller]: Joint state stale (269.267s > 0.1s) -- holding at last known position via gravity compensation.
[pinn_controller_node-1] [WARN] [1784859757.520239422] [pinn_franka_controller]: Joint state stale (270.268s > 0.1s) -- holding at last known position via gravity compensation.
[pinn_controller_node-1] [WARN] [1784859758.520246502] [pinn_franka_controller]: Joint state stale (271.268s > 0.1s) -- holding at last known position via gravity compensation.
[pinn_controller_node-1] [WARN] [1784859759.521234348] [pinn_franka_controller]: Joint state stale (272.269s > 0.1s) -- holding at last known position via gravity compensation.
[pinn_controller_node-1] [WARN] [1784859760.522189194] [pinn_franka_controller]: Joint state stale (273.270s > 0.1s) -- holding at last known position via gravity compensation.
[pinn_controller_node-1] [WARN] [1784859761.522241466] [pinn_franka_controller]: Joint state stale (274.270s > 0.1s) -- holding at last known position via gravity compensation.
[pinn_controller_node-1] [WARN] [1784859762.523242270] [pinn_franka_controller]: Joint state stale (275.271s > 0.1s) -- holding at last known position via gravity compensation.
[pinn_controller_node-1] [WARN] [1784859763.524244091] [pinn_franka_controller]: Joint state stale (276.272s > 0.1s) -- holding at last known position via gravity compensation.
[pinn_controller_node-1] [WARN] [1784859764.524243929] [pinn_franka_controller]: Joint state stale (277.272s > 0.1s) -- holding at last known position via gravity compensation.
[pinn_controller_node-1] [WARN] [1784859765.524246016] [pinn_franka_controller]: Joint state stale (278.272s > 0.1s) -- holding at last known position via gravity compensation.
[pinn_controller_node-1] [WARN] [1784859766.525311506] [pinn_franka_controller]: Joint state stale (279.273s > 0.1s) -- holding at last known position via gravity compensation.
[pinn_controller_node-1] [WARN] [1784859767.526244309] [pinn_franka_controller]: Joint state stale (280.274s > 0.1s) -- holding at last known position via gravity compensation.
[pinn_controller_node-1] [WARN] [1784859768.526258551] [pinn_franka_controller]: Joint state stale (281.274s > 0.1s) -- holding at last known position via gravity compensation.
[pinn_controller_node-1] [WARN] [1784859769.527239834] [pinn_franka_controller]: Joint state stale (282.275s > 0.1s) -- holding at last known position via gravity compensation.
[pinn_controller_node-1] [WARN] [1784859770.527239890] [pinn_franka_controller]: Joint state stale (283.275s > 0.1s) -- holding at last known position via gravity compensation.
[pinn_controller_node-1] [WARN] [1784859771.527249995] [pinn_franka_controller]: Joint state stale (284.275s > 0.1s) -- holding at last known position via gravity compensation.
[pinn_controller_node-1] [WARN] [1784859772.528239427] [pinn_franka_controller]: Joint state stale (285.276s > 0.1s) -- holding at last known position via gravity compensation.
[pinn_controller_node-1] [WARN] [1784859773.529245958] [pinn_franka_controller]: Joint state stale (286.277s > 0.1s) -- holding at last known position via gravity compensation.
[pinn_controller_node-1] [WARN] [1784859774.530234795] [pinn_franka_controller]: Joint state stale (287.278s > 0.1s) -- holding at last known position via gravity compensation.
[pinn_controller_node-1] [WARN] [1784859775.531238372] [pinn_franka_controller]: Joint state stale (288.279s > 0.1s) -- holding at last known position via gravity compensation.
[pinn_controller_node-1] [WARN] [1784859776.531246770] [pinn_franka_controller]: Joint state stale (289.279s > 0.1s) -- holding at last known position via gravity compensation.
[pinn_controller_node-1] [WARN] [1784859777.532241604] [pinn_franka_controller]: Joint state stale (290.280s > 0.1s) -- holding at last known position via gravity compensation.
[pinn_controller_node-1] [WARN] [1784859778.532247465] [pinn_franka_controller]: Joint state stale (291.280s > 0.1s) -- holding at last known position via gravity compensation.
[pinn_controller_node-1] [WARN] [1784859779.533241387] [pinn_franka_controller]: Joint state stale (292.281s > 0.1s) -- holding at last known position via gravity compensation.
[pinn_controller_node-1] [WARN] [1784859780.533245685] [pinn_franka_controller]: Joint state stale (293.281s > 0.1s) -- holding at last known position via gravity compensation.
[pinn_controller_node-1] [WARN] [1784859781.534251018] [pinn_franka_controller]: Joint state stale (294.282s > 0.1s) -- holding at last known position via gravity compensation.
[pinn_controller_node-1] [WARN] [1784859782.535235392] [pinn_franka_controller]: Joint state stale (295.283s > 0.1s) -- holding at last known position via gravity compensation.
[pinn_controller_node-1] [WARN] [1784859783.535246685] [pinn_franka_controller]: Joint state stale (296.283s > 0.1s) -- holding at last known position via gravity compensation.
[pinn_controller_node-1] [WARN] [1784859784.535250201] [pinn_franka_controller]: Joint state stale (297.283s > 0.1s) -- holding at last known position via gravity compensation.
[pinn_controller_node-1] [WARN] [1784859785.536254661] [pinn_franka_controller]: Joint state stale (298.284s > 0.1s) -- holding at last known position via gravity compensation.
[pinn_controller_node-1] [WARN] [1784859786.537231058] [pinn_franka_controller]: Joint state stale (299.285s > 0.1s) -- holding at last known position via gravity compensation.
[pinn_controller_node-1] [WARN] [1784859787.537237262] [pinn_franka_controller]: Joint state stale (300.285s > 0.1s) -- holding at last known position via gravity compensation.
[pinn_controller_node-1] [WARN] [1784859788.537242140] [pinn_franka_controller]: Joint state stale (301.285s > 0.1s) -- holding at last known position via gravity compensation.
[pinn_controller_node-1] [WARN] [1784859789.538242741] [pinn_franka_controller]: Joint state stale (302.286s > 0.1s) -- holding at last known position via gravity compensation.
[pinn_controller_node-1] [WARN] [1784859790.539241852] [pinn_franka_controller]: Joint state stale (303.287s > 0.1s) -- holding at last known position via gravity compensation.
[pinn_controller_node-1] [WARN] [1784859791.539245833] [pinn_franka_controller]: Joint state stale (304.287s > 0.1s) -- holding at last known position via gravity compensation.
[pinn_controller_node-1] [WARN] [1784859792.540244915] [pinn_franka_controller]: Joint state stale (305.288s > 0.1s) -- holding at last known position via gravity compensation.
[pinn_controller_node-1] [WARN] [1784859793.541244639] [pinn_franka_controller]: Joint state stale (306.289s > 0.1s) -- holding at last known position via gravity compensation.
[pinn_controller_node-1] [WARN] [1784859794.542243758] [pinn_franka_controller]: Joint state stale (307.290s > 0.1s) -- holding at last known position via gravity compensation.
[pinn_controller_node-1] [WARN] [1784859795.543240500] [pinn_franka_controller]: Joint state stale (308.291s > 0.1s) -- holding at last known position via gravity compensation.
[pinn_controller_node-1] [WARN] [1784859796.544236771] [pinn_franka_controller]: Joint state stale (309.292s > 0.1s) -- holding at last known position via gravity compensation.
[pinn_controller_node-1] [WARN] [1784859797.545236115] [pinn_franka_controller]: Joint state stale (310.293s > 0.1s) -- holding at last known position via gravity compensation.
[pinn_controller_node-1] [WARN] [1784859798.546227731] [pinn_franka_controller]: Joint state stale (311.294s > 0.1s) -- holding at last known position via gravity compensation.
[pinn_controller_node-1] [WARN] [1784859799.546233091] [pinn_franka_controller]: Joint state stale (312.294s > 0.1s) -- holding at last known position via gravity compensation.
[pinn_controller_node-1] [WARN] [1784859800.546235707] [pinn_franka_controller]: Joint state stale (313.294s > 0.1s) -- holding at last known position via gravity compensation.
[pinn_controller_node-1] [WARN] [1784859801.546240325] [pinn_franka_controller]: Joint state stale (314.294s > 0.1s) -- holding at last known position via gravity compensation.
[pinn_controller_node-1] [WARN] [1784859802.546241185] [pinn_franka_controller]: Joint state stale (315.294s > 0.1s) -- holding at last known position via gravity compensation.
[pinn_controller_node-1] [WARN] [1784859803.547249397] [pinn_franka_controller]: Joint state stale (316.295s > 0.1s) -- holding at last known position via gravity compensation.
[pinn_controller_node-1] [WARN] [1784859804.548238517] [pinn_franka_controller]: Joint state stale (317.296s > 0.1s) -- holding at last known position via gravity compensation.
[pinn_controller_node-1] [WARN] [1784859805.549244040] [pinn_franka_controller]: Joint state stale (318.297s > 0.1s) -- holding at last known position via gravity compensation.
[pinn_controller_node-1] [WARN] [1784859806.550244046] [pinn_franka_controller]: Joint state stale (319.298s > 0.1s) -- holding at last known position via gravity compensation.
[pinn_controller_node-1] [WARN] [1784859807.551221529] [pinn_franka_controller]: Joint state stale (320.299s > 0.1s) -- holding at last known position via gravity compensation.
[pinn_controller_node-1] [WARN] [1784859808.551263793] [pinn_franka_controller]: Joint state stale (321.299s > 0.1s) -- holding at last known position via gravity compensation.
[pinn_controller_node-1] [WARN] [1784859809.552253432] [pinn_franka_controller]: Joint state stale (322.300s > 0.1s) -- holding at last known position via gravity compensation.
[pinn_controller_node-1] [WARN] [1784859810.553242403] [pinn_franka_controller]: Joint state stale (323.301s > 0.1s) -- holding at last known position via gravity compensation.
[pinn_controller_node-1] [WARN] [1784859811.553251326] [pinn_franka_controller]: Joint state stale (324.301s > 0.1s) -- holding at last known position via gravity compensation.
[pinn_controller_node-1] [WARN] [1784859812.554252377] [pinn_franka_controller]: Joint state stale (325.302s > 0.1s) -- holding at last known position via gravity compensation.
[pinn_controller_node-1] [WARN] [1784859813.555240653] [pinn_franka_controller]: Joint state stale (326.303s > 0.1s) -- holding at last known position via gravity compensation.
[pinn_controller_node-1] [WARN] [1784859814.556235714] [pinn_franka_controller]: Joint state stale (327.304s > 0.1s) -- holding at last known position via gravity compensation.
[pinn_controller_node-1] [WARN] [1784859815.557207254] [pinn_franka_controller]: Joint state stale (328.305s > 0.1s) -- holding at last known position via gravity compensation.
[pinn_controller_node-1] [WARN] [1784859816.557255285] [pinn_franka_controller]: Joint state stale (329.305s > 0.1s) -- holding at last known position via gravity compensation.
[pinn_controller_node-1] [WARN] [1784859817.035265991] [pinn_franka_controller]: Trajectory stale (1119.4s > 2.0s) -- holding at last known position via gravity compensation.
[pinn_controller_node-1] [WARN] [1784859818.035486270] [pinn_franka_controller]: Trajectory stale (1120.4s > 2.0s) -- holding at last known position via gravity compensation.
[pinn_controller_node-1] [WARN] [1784859819.036233362] [pinn_franka_controller]: Trajectory stale (1121.4s > 2.0s) -- holding at last known position via gravity compensation.
[pinn_controller_node-1] [WARN] [1784859820.036351425] [pinn_franka_controller]: Trajectory stale (1122.4s > 2.0s) -- holding at last known position via gravity compensation.
[pinn_controller_node-1] [WARN] [1784859821.036522660] [pinn_franka_controller]: Trajectory stale (1123.4s > 2.0s) -- holding at last known position via gravity compensation.
[pinn_controller_node-1] [WARN] [1784859822.037245452] [pinn_franka_controller]: Trajectory stale (1124.4s > 2.0s) -- holding at last known position via gravity compensation.
[pinn_controller_node-1] [WARN] [1784859823.037326914] [pinn_franka_controller]: Trajectory stale (1125.4s > 2.0s) -- holding at last known position via gravity compensation.
[pinn_controller_node-1] [WARN] [1784859824.038226795] [pinn_franka_controller]: Trajectory stale (1126.4s > 2.0s) -- holding at last known position via gravity compensation.
[pinn_controller_node-1] [WARN] [1784859825.038235930] [pinn_franka_controller]: Trajectory stale (1127.4s > 2.0s) -- holding at last known position via gravity compensation.
[pinn_controller_node-1] [WARN] [1784859826.039187418] [pinn_franka_controller]: Trajectory stale (1128.4s > 2.0s) -- holding at last known position via gravity compensation.
[pinn_controller_node-1] [WARN] [1784859827.039205154] [pinn_franka_controller]: Trajectory stale (1129.4s > 2.0s) -- holding at last known position via gravity compensation.
[pinn_controller_node-1] [WARN] [1784859828.039568419] [pinn_franka_controller]: Trajectory stale (1130.4s > 2.0s) -- holding at last known position via gravity compensation.
[pinn_controller_node-1] [WARN] [1784859829.040214183] [pinn_franka_controller]: Trajectory stale (1131.4s > 2.0s) -- holding at last known position via gravity compensation.
[pinn_controller_node-1] [WARN] [1784859830.041194863] [pinn_franka_controller]: Trajectory stale (1132.4s > 2.0s) -- holding at last known position via gravity compensation.
[pinn_controller_node-1] [WARN] [1784859831.041392348] [pinn_franka_controller]: Trajectory stale (1133.4s > 2.0s) -- holding at last known position via gravity compensation.
[pinn_controller_node-1] [WARN] [1784859832.042254040] [pinn_franka_controller]: Trajectory stale (1134.4s > 2.0s) -- holding at last known position via gravity compensation.
[pinn_controller_node-1] [WARN] [1784859833.043197306] [pinn_franka_controller]: Trajectory stale (1135.4s > 2.0s) -- holding at last known position via gravity compensation.
[pinn_controller_node-1] [WARN] [1784859834.043229792] [pinn_franka_controller]: Trajectory stale (1136.4s > 2.0s) -- holding at last known position via gravity compensation.
