[INFO] [launch]: All log files can be found below /home/hci-student/.ros/log/2026-07-24-10-43-12-435078-hci-student-5251
[INFO] [launch]: Default logging verbosity is set to INFO
[INFO] [pinn_controller_node-1]: process started with pid [5254]
[pinn_controller_node-1] [INFO] [1784853804.307418268] [pinn_franka_controller]: Stage 3 controller loaded (urdf=/home/hci-student/projects/pinn_franka/pinocchio_baseline/panda.urdf, checkpoint=/home/hci-student/projects/pinn_franka/models/run_20260716_121302/greybox_best.pt, gains=lyapunov).
[pinn_controller_node-1] [INFO] [1784853804.461792039] [pinn_franka_controller]: PinnControllerNode started (rate=1000 Hz, delta=0.00, lyapunov_gains=True)
[pinn_controller_node-1] [INFO] [1784853863.449046863] [pinn_franka_controller]: New trajectory received with 20 points.
[pinn_controller_node-1] [WARN] [1784853865.449450526] [pinn_franka_controller]: Trajectory stale (2.0s > 2.0s) -- holding at last known position via gravity compensation.
[pinn_controller_node-1] [INFO] [1784853865.804786202] [pinn_franka_controller]: New trajectory received with 1 points.
[pinn_controller_node-1] [INFO] [1784853867.305805225] [pinn_franka_controller]: New trajectory received with 1 points.
[pinn_controller_node-1] [INFO] [1784853868.809281731] [pinn_franka_controller]: New trajectory received with 1 points.
[pinn_controller_node-1] [INFO] [1784853870.309671381] [pinn_franka_controller]: New trajectory received with 1 points.
[pinn_controller_node-1] [INFO] [1784853871.809779911] [pinn_franka_controller]: New trajectory received with 1 points.
[pinn_controller_node-1] [INFO] [1784853873.310226907] [pinn_franka_controller]: New trajectory received with 1 points.
[pinn_controller_node-1] [WARN] [1784853875.310445137] [pinn_franka_controller]: Trajectory stale (2.0s > 2.0s) -- holding at last known position via gravity compensation.
[pinn_controller_node-1] [WARN] [1784853876.311350141] [pinn_franka_controller]: Trajectory stale (3.0s > 2.0s) -- holding at last known position via gravity compensation.
[pinn_controller_node-1] [WARN] [1784853877.312351827] [pinn_franka_controller]: Trajectory stale (4.0s > 2.0s) -- holding at last known position via gravity compensation.
[pinn_controller_node-1] [WARN] [1784853878.312418766] [pinn_franka_controller]: Trajectory stale (5.0s > 2.0s) -- holding at last known position via gravity compensation.
[pinn_controller_node-1] [WARN] [1784853879.313834328] [pinn_franka_controller]: Trajectory stale (6.0s > 2.0s) -- holding at last known position via gravity compensation.
[pinn_controller_node-1] [WARN] [1784853880.314390355] [pinn_franka_controller]: Trajectory stale (7.0s > 2.0s) -- holding at last known position via gravity compensation.
[pinn_controller_node-1] [WARN] [1784853881.314455340] [pinn_franka_controller]: Trajectory stale (8.0s > 2.0s) -- holding at last known position via gravity compensation.
[pinn_controller_node-1] [WARN] [1784853882.315266749] [pinn_franka_controller]: Trajectory stale (9.0s > 2.0s) -- holding at last known position via gravity compensation.
[pinn_controller_node-1] [WARN] [1784853883.315566032] [pinn_franka_controller]: Trajectory stale (10.0s > 2.0s) -- holding at last known position via gravity compensation.
[pinn_controller_node-1] [WARN] [1784853884.315835611] [pinn_franka_controller]: Trajectory stale (11.0s > 2.0s) -- holding at last known position via gravity compensation.
[pinn_controller_node-1] [WARN] [1784853885.316412001] [pinn_franka_controller]: Trajectory stale (12.0s > 2.0s) -- holding at last known position via gravity compensation.
[pinn_controller_node-1] [WARN] [1784853886.316640367] [pinn_franka_controller]: Trajectory stale (13.0s > 2.0s) -- holding at last known position via gravity compensation.
[pinn_controller_node-1] [WARN] [1784853887.317281396] [pinn_franka_controller]: Trajectory stale (14.0s > 2.0s) -- holding at last known position via gravity compensation.
[pinn_controller_node-1] [WARN] [1784853888.317483347] [pinn_franka_controller]: Trajectory stale (15.0s > 2.0s) -- holding at last known position via gravity compensation.
[pinn_controller_node-1] [WARN] [1784853889.317520913] [pinn_franka_controller]: Trajectory stale (16.0s > 2.0s) -- holding at last known position via gravity compensation.
[pinn_controller_node-1] [WARN] [1784853890.318359413] [pinn_franka_controller]: Trajectory stale (17.0s > 2.0s) -- holding at last known position via gravity compensation.
[pinn_controller_node-1] [WARN] [1784853891.318424421] [pinn_franka_controller]: Trajectory stale (18.0s > 2.0s) -- holding at last known position via gravity compensation.
[pinn_controller_node-1] [WARN] [1784853892.319415171] [pinn_franka_controller]: Trajectory stale (19.0s > 2.0s) -- holding at last known position via gravity compensation.
[pinn_controller_node-1] [WARN] [1784853893.320167338] [pinn_franka_controller]: Trajectory stale (20.0s > 2.0s) -- holding at last known position via gravity compensation.
[pinn_controller_node-1] [WARN] [1784853894.320455324] [pinn_franka_controller]: Trajectory stale (21.0s > 2.0s) -- holding at last known position via gravity compensation.
[pinn_controller_node-1] [WARN] [1784853895.321487398] [pinn_franka_controller]: Trajectory stale (22.0s > 2.0s) -- holding at last known position via gravity compensation.
[pinn_controller_node-1] [WARN] [1784853896.322784997] [pinn_franka_controller]: Trajectory stale (23.0s > 2.0s) -- holding at last known position via gravity compensation.
[pinn_controller_node-1] [WARN] [1784853897.323352272] [pinn_franka_controller]: Trajectory stale (24.0s > 2.0s) -- holding at last known position via gravity compensation.
[pinn_controller_node-1] [WARN] [1784853898.323374208] [pinn_franka_controller]: Trajectory stale (25.0s > 2.0s) -- holding at last known position via gravity compensation.
[pinn_controller_node-1] [WARN] [1784853899.324224337] [pinn_franka_controller]: Trajectory stale (26.0s > 2.0s) -- holding at last known position via gravity compensation.
[pinn_controller_node-1] [WARN] [1784853900.324289437] [pinn_franka_controller]: Trajectory stale (27.0s > 2.0s) -- holding at last known position via gravity compensation.
[pinn_controller_node-1] [WARN] [1784853901.324380736] [pinn_franka_controller]: Trajectory stale (28.0s > 2.0s) -- holding at last known position via gravity compensation.
[pinn_controller_node-1] [WARN] [1784853902.325335470] [pinn_franka_controller]: Trajectory stale (29.0s > 2.0s) -- holding at last known position via gravity compensation.
[pinn_controller_node-1] [WARN] [1784853903.325341830] [pinn_franka_controller]: Trajectory stale (30.0s > 2.0s) -- holding at last known position via gravity compensation.
[pinn_controller_node-1] [WARN] [1784853904.326767462] [pinn_franka_controller]: Trajectory stale (31.0s > 2.0s) -- holding at last known position via gravity compensation.
[pinn_controller_node-1] [WARN] [1784853905.327368066] [pinn_franka_controller]: Trajectory stale (32.0s > 2.0s) -- holding at last known position via gravity compensation.
[pinn_controller_node-1] [WARN] [1784853906.327431950] [pinn_franka_controller]: Trajectory stale (33.0s > 2.0s) -- holding at last known position via gravity compensation.
[pinn_controller_node-1] [WARN] [1784853907.328403997] [pinn_franka_controller]: Trajectory stale (34.0s > 2.0s) -- holding at last known position via gravity compensation.
[pinn_controller_node-1] [WARN] [1784853908.328406724] [pinn_franka_controller]: Trajectory stale (35.0s > 2.0s) -- holding at last known position via gravity compensation.
[pinn_controller_node-1] [WARN] [1784853909.328421812] [pinn_franka_controller]: Trajectory stale (36.0s > 2.0s) -- holding at last known position via gravity compensation.
[pinn_controller_node-1] [WARN] [1784853910.328556019] [pinn_franka_controller]: Trajectory stale (37.0s > 2.0s) -- holding at last known position via gravity compensation.
[pinn_controller_node-1] [WARN] [1784853911.328570447] [pinn_franka_controller]: Trajectory stale (38.0s > 2.0s) -- holding at last known position via gravity compensation.
[pinn_controller_node-1] [WARN] [1784853912.328844694] [pinn_franka_controller]: Trajectory stale (39.0s > 2.0s) -- holding at last known position via gravity compensation.
[pinn_controller_node-1] [WARN] [1784853913.329373689] [pinn_franka_controller]: Trajectory stale (40.0s > 2.0s) -- holding at last known position via gravity compensation.
[pinn_controller_node-1] [WARN] [1784853914.329508759] [pinn_franka_controller]: Trajectory stale (41.0s > 2.0s) -- holding at last known position via gravity compensation.
[pinn_controller_node-1] [WARN] [1784853915.330361450] [pinn_franka_controller]: Trajectory stale (42.0s > 2.0s) -- holding at last known position via gravity compensation.
[pinn_controller_node-1] [WARN] [1784853916.331350828] [pinn_franka_controller]: Trajectory stale (43.0s > 2.0s) -- holding at last known position via gravity compensation.
[pinn_controller_node-1] [WARN] [1784853917.332353794] [pinn_franka_controller]: Trajectory stale (44.0s > 2.0s) -- holding at last known position via gravity compensation.
[pinn_controller_node-1] [WARN] [1784853918.332501581] [pinn_franka_controller]: Trajectory stale (45.0s > 2.0s) -- holding at last known position via gravity compensation.
[pinn_controller_node-1] [WARN] [1784853919.333356389] [pinn_franka_controller]: Trajectory stale (46.0s > 2.0s) -- holding at last known position via gravity compensation.
[pinn_controller_node-1] [WARN] [1784853920.334351956] [pinn_franka_controller]: Trajectory stale (47.0s > 2.0s) -- holding at last known position via gravity compensation.
[pinn_controller_node-1] [WARN] [1784853921.334353774] [pinn_franka_controller]: Trajectory stale (48.0s > 2.0s) -- holding at last known position via gravity compensation.
[pinn_controller_node-1] [WARN] [1784853922.334490850] [pinn_franka_controller]: Trajectory stale (49.0s > 2.0s) -- holding at last known position via gravity compensation.
[pinn_controller_node-1] [WARN] [1784853923.335337842] [pinn_franka_controller]: Trajectory stale (50.0s > 2.0s) -- holding at last known position via gravity compensation.
[pinn_controller_node-1] [WARN] [1784853924.335381780] [pinn_franka_controller]: Trajectory stale (51.0s > 2.0s) -- holding at last known position via gravity compensation.
[pinn_controller_node-1] [WARN] [1784853925.336396542] [pinn_franka_controller]: Trajectory stale (52.0s > 2.0s) -- holding at last known position via gravity compensation.
[pinn_controller_node-1] [WARN] [1784853926.336920710] [pinn_franka_controller]: Trajectory stale (53.0s > 2.0s) -- holding at last known position via gravity compensation.
[pinn_controller_node-1] [WARN] [1784853927.337353868] [pinn_franka_controller]: Trajectory stale (54.0s > 2.0s) -- holding at last known position via gravity compensation.
[pinn_controller_node-1] [WARN] [1784853928.337799556] [pinn_franka_controller]: Trajectory stale (55.0s > 2.0s) -- holding at last known position via gravity compensation.
[pinn_controller_node-1] [WARN] [1784853929.338360792] [pinn_franka_controller]: Trajectory stale (56.0s > 2.0s) -- holding at last known position via gravity compensation.
[pinn_controller_node-1] [WARN] [1784853930.339355663] [pinn_franka_controller]: Trajectory stale (57.0s > 2.0s) -- holding at last known position via gravity compensation.
[pinn_controller_node-1] [WARN] [1784853931.340313851] [pinn_franka_controller]: Trajectory stale (58.0s > 2.0s) -- holding at last known position via gravity compensation.
[pinn_controller_node-1] [WARN] [1784853932.340363464] [pinn_franka_controller]: Trajectory stale (59.0s > 2.0s) -- holding at last known position via gravity compensation.
[pinn_controller_node-1] [WARN] [1784853933.341284495] [pinn_franka_controller]: Trajectory stale (60.0s > 2.0s) -- holding at last known position via gravity compensation.
[pinn_controller_node-1] [WARN] [1784853934.341355630] [pinn_franka_controller]: Trajectory stale (61.0s > 2.0s) -- holding at last known position via gravity compensation.
[pinn_controller_node-1] [WARN] [1784853935.341732260] [pinn_franka_controller]: Trajectory stale (62.0s > 2.0s) -- holding at last known position via gravity compensation.
[pinn_controller_node-1] [WARN] [1784853936.342345490] [pinn_franka_controller]: Trajectory stale (63.0s > 2.0s) -- holding at last known position via gravity compensation.
[pinn_controller_node-1] [WARN] [1784853937.342683153] [pinn_franka_controller]: Trajectory stale (64.0s > 2.0s) -- holding at last known position via gravity compensation.
[pinn_controller_node-1] [WARN] [1784853938.343499879] [pinn_franka_controller]: Trajectory stale (65.0s > 2.0s) -- holding at last known position via gravity compensation.
[pinn_controller_node-1] [WARN] [1784853939.344455613] [pinn_franka_controller]: Trajectory stale (66.0s > 2.0s) -- holding at last known position via gravity compensation.
[pinn_controller_node-1] [WARN] [1784853940.344623244] [pinn_franka_controller]: Trajectory stale (67.0s > 2.0s) -- holding at last known position via gravity compensation.
[pinn_controller_node-1] [WARN] [1784853941.345477503] [pinn_franka_controller]: Trajectory stale (68.0s > 2.0s) -- holding at last known position via gravity compensation.
[pinn_controller_node-1] [WARN] [1784853942.346370787] [pinn_franka_controller]: Trajectory stale (69.0s > 2.0s) -- holding at last known position via gravity compensation.
[pinn_controller_node-1] [WARN] [1784853943.346504779] [pinn_franka_controller]: Trajectory stale (70.0s > 2.0s) -- holding at last known position via gravity compensation.
[pinn_controller_node-1] [WARN] [1784853944.346534313] [pinn_franka_controller]: Trajectory stale (71.0s > 2.0s) -- holding at last known position via gravity compensation.
[pinn_controller_node-1] [WARN] [1784853945.347369048] [pinn_franka_controller]: Trajectory stale (72.0s > 2.0s) -- holding at last known position via gravity compensation.
[pinn_controller_node-1] [WARN] [1784853946.347443411] [pinn_franka_controller]: Trajectory stale (73.0s > 2.0s) -- holding at last known position via gravity compensation.
[pinn_controller_node-1] [WARN] [1784853947.347479450] [pinn_franka_controller]: Trajectory stale (74.0s > 2.0s) -- holding at last known position via gravity compensation.
[pinn_controller_node-1] [WARN] [1784853948.348346288] [pinn_franka_controller]: Trajectory stale (75.0s > 2.0s) -- holding at last known position via gravity compensation.
[pinn_controller_node-1] [WARN] [1784853949.348652646] [pinn_franka_controller]: Trajectory stale (76.0s > 2.0s) -- holding at last known position via gravity compensation.
[pinn_controller_node-1] [WARN] [1784853950.349418663] [pinn_franka_controller]: Trajectory stale (77.0s > 2.0s) -- holding at last known position via gravity compensation.
[pinn_controller_node-1] [WARN] [1784853951.349525031] [pinn_franka_controller]: Trajectory stale (78.0s > 2.0s) -- holding at last known position via gravity compensation.
[pinn_controller_node-1] [WARN] [1784853952.350369090] [pinn_franka_controller]: Trajectory stale (79.0s > 2.0s) -- holding at last known position via gravity compensation.
[pinn_controller_node-1] [WARN] [1784853953.351370514] [pinn_franka_controller]: Trajectory stale (80.0s > 2.0s) -- holding at last known position via gravity compensation.
[pinn_controller_node-1] [WARN] [1784853954.351847137] [pinn_franka_controller]: Trajectory stale (81.0s > 2.0s) -- holding at last known position via gravity compensation.
[pinn_controller_node-1] [WARN] [1784853955.352459473] [pinn_franka_controller]: Trajectory stale (82.0s > 2.0s) -- holding at last known position via gravity compensation.
[pinn_controller_node-1] [WARN] [1784853956.353325811] [pinn_franka_controller]: Trajectory stale (83.0s > 2.0s) -- holding at last known position via gravity compensation.
[pinn_controller_node-1] [WARN] [1784853957.354383260] [pinn_franka_controller]: Trajectory stale (84.0s > 2.0s) -- holding at last known position via gravity compensation.
[pinn_controller_node-1] [WARN] [1784853958.354388078] [pinn_franka_controller]: Trajectory stale (85.0s > 2.0s) -- holding at last known position via gravity compensation.
[pinn_controller_node-1] [WARN] [1784853959.355319306] [pinn_franka_controller]: Trajectory stale (86.0s > 2.0s) -- holding at last known position via gravity compensation.
[pinn_controller_node-1] [WARN] [1784853960.355443773] [pinn_franka_controller]: Trajectory stale (87.0s > 2.0s) -- holding at last known position via gravity compensation.
[pinn_controller_node-1] [WARN] [1784853961.356380558] [pinn_franka_controller]: Trajectory stale (88.0s > 2.0s) -- holding at last known position via gravity compensation.
[pinn_controller_node-1] [WARN] [1784853962.357392197] [pinn_franka_controller]: Trajectory stale (89.0s > 2.0s) -- holding at last known position via gravity compensation.
[pinn_controller_node-1] [WARN] [1784853963.357460466] [pinn_franka_controller]: Trajectory stale (90.0s > 2.0s) -- holding at last known position via gravity compensation.
[pinn_controller_node-1] [WARN] [1784853964.358378189] [pinn_franka_controller]: Trajectory stale (91.0s > 2.0s) -- holding at last known position via gravity compensation.
[pinn_controller_node-1] [WARN] [1784853965.358582932] [pinn_franka_controller]: Trajectory stale (92.0s > 2.0s) -- holding at last known position via gravity compensation.
[pinn_controller_node-1] [WARN] [1784853966.359363899] [pinn_franka_controller]: Trajectory stale (93.0s > 2.0s) -- holding at last known position via gravity compensation.
[pinn_controller_node-1] [WARN] [1784853967.360172081] [pinn_franka_controller]: Trajectory stale (94.0s > 2.0s) -- holding at last known position via gravity compensation.
[pinn_controller_node-1] [WARN] [1784853968.360438629] [pinn_franka_controller]: Trajectory stale (95.1s > 2.0s) -- holding at last known position via gravity compensation.
[pinn_controller_node-1] [WARN] [1784853969.361352651] [pinn_franka_controller]: Trajectory stale (96.1s > 2.0s) -- holding at last known position via gravity compensation.
[pinn_controller_node-1] [WARN] [1784853970.361783848] [pinn_franka_controller]: Trajectory stale (97.1s > 2.0s) -- holding at last known position via gravity compensation.
[pinn_controller_node-1] [WARN] [1784853971.362365649] [pinn_franka_controller]: Trajectory stale (98.1s > 2.0s) -- holding at last known position via gravity compensation.
[pinn_controller_node-1] [WARN] [1784853972.362837180] [pinn_franka_controller]: Trajectory stale (99.1s > 2.0s) -- holding at last known position via gravity compensation.
[pinn_controller_node-1] [WARN] [1784853973.363607341] [pinn_franka_controller]: Trajectory stale (100.1s > 2.0s) -- holding at last known position via gravity compensation.
[pinn_controller_node-1] [WARN] [1784853974.364352927] [pinn_franka_controller]: Trajectory stale (101.1s > 2.0s) -- holding at last known position via gravity compensation.
[pinn_controller_node-1] [WARN] [1784853975.364353843] [pinn_franka_controller]: Trajectory stale (102.1s > 2.0s) -- holding at last known position via gravity compensation.
[pinn_controller_node-1] [WARN] [1784853976.365235873] [pinn_franka_controller]: Trajectory stale (103.1s > 2.0s) -- holding at last known position via gravity compensation.
[pinn_controller_node-1] [WARN] [1784853977.365535728] [pinn_franka_controller]: Trajectory stale (104.1s > 2.0s) -- holding at last known position via gravity compensation.
[pinn_controller_node-1] [WARN] [1784853978.366391777] [pinn_franka_controller]: Trajectory stale (105.1s > 2.0s) -- holding at last known position via gravity compensation.
[pinn_controller_node-1] [WARN] [1784853979.367287128] [pinn_franka_controller]: Trajectory stale (106.1s > 2.0s) -- holding at last known position via gravity compensation.
[pinn_controller_node-1] [WARN] [1784853980.367636210] [pinn_franka_controller]: Trajectory stale (107.1s > 2.0s) -- holding at last known position via gravity compensation.
[pinn_controller_node-1] [WARN] [1784853981.368414513] [pinn_franka_controller]: Trajectory stale (108.1s > 2.0s) -- holding at last known position via gravity compensation.
[pinn_controller_node-1] [WARN] [1784853982.369354300] [pinn_franka_controller]: Trajectory stale (109.1s > 2.0s) -- holding at last known position via gravity compensation.
[pinn_controller_node-1] [WARN] [1784853983.369554523] [pinn_franka_controller]: Trajectory stale (110.1s > 2.0s) -- holding at last known position via gravity compensation.
[pinn_controller_node-1] [WARN] [1784853984.370361130] [pinn_franka_controller]: Trajectory stale (111.1s > 2.0s) -- holding at last known position via gravity compensation.
[pinn_controller_node-1] [WARN] [1784853985.371373783] [pinn_franka_controller]: Trajectory stale (112.1s > 2.0s) -- holding at last known position via gravity compensation.
[pinn_controller_node-1] [WARN] [1784853986.371687923] [pinn_franka_controller]: Trajectory stale (113.1s > 2.0s) -- holding at last known position via gravity compensation.
[pinn_controller_node-1] [WARN] [1784853987.372353631] [pinn_franka_controller]: Trajectory stale (114.1s > 2.0s) -- holding at last known position via gravity compensation.
[pinn_controller_node-1] [WARN] [1784853988.372411365] [pinn_franka_controller]: Trajectory stale (115.1s > 2.0s) -- holding at last known position via gravity compensation.
[pinn_controller_node-1] [WARN] [1784853989.372414422] [pinn_franka_controller]: Trajectory stale (116.1s > 2.0s) -- holding at last known position via gravity compensation.
[pinn_controller_node-1] [WARN] [1784853990.373365872] [pinn_franka_controller]: Trajectory stale (117.1s > 2.0s) -- holding at last known position via gravity compensation.
[pinn_controller_node-1] [WARN] [1784853991.374368418] [pinn_franka_controller]: Trajectory stale (118.1s > 2.0s) -- holding at last known position via gravity compensation.
[pinn_controller_node-1] [WARN] [1784853992.374639345] [pinn_franka_controller]: Trajectory stale (119.1s > 2.0s) -- holding at last known position via gravity compensation.
[pinn_controller_node-1] [WARN] [1784853993.375408467] [pinn_franka_controller]: Trajectory stale (120.1s > 2.0s) -- holding at last known position via gravity compensation.
[pinn_controller_node-1] [WARN] [1784853994.375457590] [pinn_franka_controller]: Trajectory stale (121.1s > 2.0s) -- holding at last known position via gravity compensation.
[pinn_controller_node-1] [WARN] [1784853995.376005482] [pinn_franka_controller]: Trajectory stale (122.1s > 2.0s) -- holding at last known position via gravity compensation.
[pinn_controller_node-1] [WARN] [1784853996.376470034] [pinn_franka_controller]: Trajectory stale (123.1s > 2.0s) -- holding at last known position via gravity compensation.
[pinn_controller_node-1] [WARN] [1784853997.376564220] [pinn_franka_controller]: Trajectory stale (124.1s > 2.0s) -- holding at last known position via gravity compensation.
[pinn_controller_node-1] [WARN] [1784853998.377402962] [pinn_franka_controller]: Trajectory stale (125.1s > 2.0s) -- holding at last known position via gravity compensation.
[pinn_controller_node-1] [WARN] [1784853999.377623108] [pinn_franka_controller]: Trajectory stale (126.1s > 2.0s) -- holding at last known position via gravity compensation.
[pinn_controller_node-1] [WARN] [1784854000.378536188] [pinn_franka_controller]: Trajectory stale (127.1s > 2.0s) -- holding at last known position via gravity compensation.
[pinn_controller_node-1] [WARN] [1784854001.379468431] [pinn_franka_controller]: Trajectory stale (128.1s > 2.0s) -- holding at last known position via gravity compensation.
[pinn_controller_node-1] [WARN] [1784854002.379489443] [pinn_franka_controller]: Trajectory stale (129.1s > 2.0s) -- holding at last known position via gravity compensation.
[pinn_controller_node-1] [WARN] [1784854003.380348238] [pinn_franka_controller]: Trajectory stale (130.1s > 2.0s) -- holding at last known position via gravity compensation.
[pinn_controller_node-1] [WARN] [1784854004.381206622] [pinn_franka_controller]: Trajectory stale (131.1s > 2.0s) -- holding at last known position via gravity compensation.
[pinn_controller_node-1] [WARN] [1784854005.381446067] [pinn_franka_controller]: Trajectory stale (132.1s > 2.0s) -- holding at last known position via gravity compensation.
[pinn_controller_node-1] [WARN] [1784854006.381493980] [pinn_franka_controller]: Trajectory stale (133.1s > 2.0s) -- holding at last known position via gravity compensation.
[pinn_controller_node-1] [WARN] [1784854007.382373657] [pinn_franka_controller]: Trajectory stale (134.1s > 2.0s) -- holding at last known position via gravity compensation.
[pinn_controller_node-1] [WARN] [1784854008.382568625] [pinn_franka_controller]: Trajectory stale (135.1s > 2.0s) -- holding at last known position via gravity compensation.
[pinn_controller_node-1] [WARN] [1784854009.383323489] [pinn_franka_controller]: Trajectory stale (136.1s > 2.0s) -- holding at last known position via gravity compensation.
[pinn_controller_node-1] [WARN] [1784854010.383346502] [pinn_franka_controller]: Trajectory stale (137.1s > 2.0s) -- holding at last known position via gravity compensation.
[pinn_controller_node-1] [WARN] [1784854011.383560934] [pinn_franka_controller]: Trajectory stale (138.1s > 2.0s) -- holding at last known position via gravity compensation.
[pinn_controller_node-1] [WARN] [1784854012.383961390] [pinn_franka_controller]: Trajectory stale (139.1s > 2.0s) -- holding at last known position via gravity compensation.
[pinn_controller_node-1] [WARN] [1784854013.384149919] [pinn_franka_controller]: Trajectory stale (140.1s > 2.0s) -- holding at last known position via gravity compensation.
[pinn_controller_node-1] [WARN] [1784854014.384375056] [pinn_franka_controller]: Trajectory stale (141.1s > 2.0s) -- holding at last known position via gravity compensation.
[pinn_controller_node-1] [WARN] [1784854014.686365897] [pinn_franka_controller]: Joint state stale (0.100s > 0.1s) -- holding at last known position via gravity compensation.
[pinn_controller_node-1] [WARN] [1784854015.554632916] [pinn_franka_controller]: Trajectory stale (142.2s > 2.0s) -- holding at last known position via gravity compensation.
[pinn_controller_node-1] [WARN] [1784854016.555355216] [pinn_franka_controller]: Trajectory stale (143.2s > 2.0s) -- holding at last known position via gravity compensation.
[pinn_controller_node-1] [WARN] [1784854017.556205880] [pinn_franka_controller]: Trajectory stale (144.2s > 2.0s) -- holding at last known position via gravity compensation.
[pinn_controller_node-1] [WARN] [1784854018.556581941] [pinn_franka_controller]: Trajectory stale (145.2s > 2.0s) -- holding at last known position via gravity compensation.
[pinn_controller_node-1] [WARN] [1784854019.556882982] [pinn_franka_controller]: Trajectory stale (146.2s > 2.0s) -- holding at last known position via gravity compensation.
[pinn_controller_node-1] [WARN] [1784854020.557334049] [pinn_franka_controller]: Trajectory stale (147.2s > 2.0s) -- holding at last known position via gravity compensation.
[pinn_controller_node-1] [WARN] [1784854021.557372992] [pinn_franka_controller]: Trajectory stale (148.2s > 2.0s) -- holding at last known position via gravity compensation.
[pinn_controller_node-1] [WARN] [1784854022.558350228] [pinn_franka_controller]: Trajectory stale (149.2s > 2.0s) -- holding at last known position via gravity compensation.
[pinn_controller_node-1] [WARN] [1784854023.558424129] [pinn_franka_controller]: Trajectory stale (150.2s > 2.0s) -- holding at last known position via gravity compensation.
[pinn_controller_node-1] [WARN] [1784854024.558438990] [pinn_franka_controller]: Trajectory stale (151.2s > 2.0s) -- holding at last known position via gravity compensation.
[pinn_controller_node-1] [WARN] [1784854025.558718265] [pinn_franka_controller]: Trajectory stale (152.2s > 2.0s) -- holding at last known position via gravity compensation.
[pinn_controller_node-1] [WARN] [1784854026.559334459] [pinn_franka_controller]: Trajectory stale (153.2s > 2.0s) -- holding at last known position via gravity compensation.
[pinn_controller_node-1] [WARN] [1784854027.559445397] [pinn_franka_controller]: Trajectory stale (154.2s > 2.0s) -- holding at last known position via gravity compensation.
[pinn_controller_node-1] [WARN] [1784854028.560271297] [pinn_franka_controller]: Trajectory stale (155.3s > 2.0s) -- holding at last known position via gravity compensation.
[pinn_controller_node-1] [WARN] [1784854029.560315189] [pinn_franka_controller]: Trajectory stale (156.3s > 2.0s) -- holding at last known position via gravity compensation.
[pinn_controller_node-1] [WARN] [1784854030.560336941] [pinn_franka_controller]: Trajectory stale (157.3s > 2.0s) -- holding at last known position via gravity compensation.
[pinn_controller_node-1] [WARN] [1784854031.560425810] [pinn_franka_controller]: Trajectory stale (158.3s > 2.0s) -- holding at last known position via gravity compensation.
[pinn_controller_node-1] [WARN] [1784854032.561373719] [pinn_franka_controller]: Trajectory stale (159.3s > 2.0s) -- holding at last known position via gravity compensation.
[pinn_controller_node-1] [WARN] [1784854033.561809540] [pinn_franka_controller]: Trajectory stale (160.3s > 2.0s) -- holding at last known position via gravity compensation.
[pinn_controller_node-1] [WARN] [1784854034.562608092] [pinn_franka_controller]: Trajectory stale (161.3s > 2.0s) -- holding at last known position via gravity compensation.
[pinn_controller_node-1] [WARN] [1784854035.563343253] [pinn_franka_controller]: Trajectory stale (162.3s > 2.0s) -- holding at last known position via gravity compensation.
[pinn_controller_node-1] [WARN] [1784854036.563552783] [pinn_franka_controller]: Trajectory stale (163.3s > 2.0s) -- holding at last known position via gravity compensation.
[pinn_controller_node-1] [WARN] [1784854037.564402710] [pinn_franka_controller]: Trajectory stale (164.3s > 2.0s) -- holding at last known position via gravity compensation.
[pinn_controller_node-1] [WARN] [1784854038.564444533] [pinn_franka_controller]: Trajectory stale (165.3s > 2.0s) -- holding at last known position via gravity compensation.
[pinn_controller_node-1] [WARN] [1784854039.565244913] [pinn_franka_controller]: Trajectory stale (166.3s > 2.0s) -- holding at last known position via gravity compensation.
[pinn_controller_node-1] [WARN] [1784854040.565417304] [pinn_franka_controller]: Trajectory stale (167.3s > 2.0s) -- holding at last known position via gravity compensation.
[pinn_controller_node-1] [WARN] [1784854041.566335829] [pinn_franka_controller]: Trajectory stale (168.3s > 2.0s) -- holding at last known position via gravity compensation.
[pinn_controller_node-1] [WARN] [1784854042.567351779] [pinn_franka_controller]: Trajectory stale (169.3s > 2.0s) -- holding at last known position via gravity compensation.
[pinn_controller_node-1] [WARN] [1784854043.567670801] [pinn_franka_controller]: Trajectory stale (170.3s > 2.0s) -- holding at last known position via gravity compensation.
[pinn_controller_node-1] [WARN] [1784854044.568085766] [pinn_franka_controller]: Trajectory stale (171.3s > 2.0s) -- holding at last known position via gravity compensation.
[pinn_controller_node-1] [WARN] [1784854045.568451072] [pinn_franka_controller]: Trajectory stale (172.3s > 2.0s) -- holding at last known position via gravity compensation.
[pinn_controller_node-1] [WARN] [1784854046.568724339] [pinn_franka_controller]: Trajectory stale (173.3s > 2.0s) -- holding at last known position via gravity compensation.
[pinn_controller_node-1] [WARN] [1784854047.568826205] [pinn_franka_controller]: Trajectory stale (174.3s > 2.0s) -- holding at last known position via gravity compensation.
[pinn_controller_node-1] [WARN] [1784854048.569414779] [pinn_franka_controller]: Trajectory stale (175.3s > 2.0s) -- holding at last known position via gravity compensation.
[pinn_controller_node-1] [WARN] [1784854049.569597875] [pinn_franka_controller]: Trajectory stale (176.3s > 2.0s) -- holding at last known position via gravity compensation.
[pinn_controller_node-1] [WARN] [1784854050.570377606] [pinn_franka_controller]: Trajectory stale (177.3s > 2.0s) -- holding at last known position via gravity compensation.
[pinn_controller_node-1] [WARN] [1784854051.570776428] [pinn_franka_controller]: Trajectory stale (178.3s > 2.0s) -- holding at last known position via gravity compensation.
[pinn_controller_node-1] [WARN] [1784854052.571480644] [pinn_franka_controller]: Trajectory stale (179.3s > 2.0s) -- holding at last known position via gravity compensation.
[pinn_controller_node-1] [WARN] [1784854053.571576290] [pinn_franka_controller]: Trajectory stale (180.3s > 2.0s) -- holding at last known position via gravity compensation.
[pinn_controller_node-1] [WARN] [1784854054.572746040] [pinn_franka_controller]: Trajectory stale (181.3s > 2.0s) -- holding at last known position via gravity compensation.
[pinn_controller_node-1] [WARN] [1784854055.573075740] [pinn_franka_controller]: Trajectory stale (182.3s > 2.0s) -- holding at last known position via gravity compensation.
[pinn_controller_node-1] [WARN] [1784854056.573399937] [pinn_franka_controller]: Trajectory stale (183.3s > 2.0s) -- holding at last known position via gravity compensation.
[pinn_controller_node-1] [WARN] [1784854057.573401414] [pinn_franka_controller]: Trajectory stale (184.3s > 2.0s) -- holding at last known position via gravity compensation.
[pinn_controller_node-1] [WARN] [1784854058.573567207] [pinn_franka_controller]: Trajectory stale (185.3s > 2.0s) -- holding at last known position via gravity compensation.
[pinn_controller_node-1] [WARN] [1784854059.574374018] [pinn_franka_controller]: Trajectory stale (186.3s > 2.0s) -- holding at last known position via gravity compensation.
[pinn_controller_node-1] [WARN] [1784854060.575046207] [pinn_franka_controller]: Trajectory stale (187.3s > 2.0s) -- holding at last known position via gravity compensation.
[pinn_controller_node-1] [WARN] [1784854061.575800578] [pinn_franka_controller]: Trajectory stale (188.3s > 2.0s) -- holding at last known position via gravity compensation.
[pinn_controller_node-1] [WARN] [1784854062.576375387] [pinn_franka_controller]: Trajectory stale (189.3s > 2.0s) -- holding at last known position via gravity compensation.
[pinn_controller_node-1] [WARN] [1784854063.576594815] [pinn_franka_controller]: Trajectory stale (190.3s > 2.0s) -- holding at last known position via gravity compensation.
[pinn_controller_node-1] [WARN] [1784854064.577357880] [pinn_franka_controller]: Trajectory stale (191.3s > 2.0s) -- holding at last known position via gravity compensation.
[pinn_controller_node-1] [WARN] [1784854065.577627008] [pinn_franka_controller]: Trajectory stale (192.3s > 2.0s) -- holding at last known position via gravity compensation.
[pinn_controller_node-1] [WARN] [1784854066.578328986] [pinn_franka_controller]: Trajectory stale (193.3s > 2.0s) -- holding at last known position via gravity compensation.
[pinn_controller_node-1] [WARN] [1784854067.578533070] [pinn_franka_controller]: Trajectory stale (194.3s > 2.0s) -- holding at last known position via gravity compensation.
[pinn_controller_node-1] [WARN] [1784854068.579448881] [pinn_franka_controller]: Trajectory stale (195.3s > 2.0s) -- holding at last known position via gravity compensation.
[pinn_controller_node-1] [WARN] [1784854069.580340440] [pinn_franka_controller]: Trajectory stale (196.3s > 2.0s) -- holding at last known position via gravity compensation.
[pinn_controller_node-1] [WARN] [1784854070.580658625] [pinn_franka_controller]: Trajectory stale (197.3s > 2.0s) -- holding at last known position via gravity compensation.
[pinn_controller_node-1] [WARN] [1784854071.581343006] [pinn_franka_controller]: Trajectory stale (198.3s > 2.0s) -- holding at last known position via gravity compensation.
[pinn_controller_node-1] [WARN] [1784854072.581449239] [pinn_franka_controller]: Trajectory stale (199.3s > 2.0s) -- holding at last known position via gravity compensation.
[pinn_controller_node-1] [WARN] [1784854073.582352860] [pinn_franka_controller]: Trajectory stale (200.3s > 2.0s) -- holding at last known position via gravity compensation.
[pinn_controller_node-1] [WARN] [1784854074.583315814] [pinn_franka_controller]: Trajectory stale (201.3s > 2.0s) -- holding at last known position via gravity compensation.
[pinn_controller_node-1] [WARN] [1784854075.584350518] [pinn_franka_controller]: Trajectory stale (202.3s > 2.0s) -- holding at last known position via gravity compensation.
[pinn_controller_node-1] [WARN] [1784854076.584362520] [pinn_franka_controller]: Trajectory stale (203.3s > 2.0s) -- holding at last known position via gravity compensation.
[pinn_controller_node-1] [WARN] [1784854077.585385376] [pinn_franka_controller]: Trajectory stale (204.3s > 2.0s) -- holding at last known position via gravity compensation.
[pinn_controller_node-1] [WARN] [1784854078.585465002] [pinn_franka_controller]: Trajectory stale (205.3s > 2.0s) -- holding at last known position via gravity compensation.
[pinn_controller_node-1] [WARN] [1784854079.585491589] [pinn_franka_controller]: Trajectory stale (206.3s > 2.0s) -- holding at last known position via gravity compensation.
[pinn_controller_node-1] [WARN] [1784854080.586438802] [pinn_franka_controller]: Trajectory stale (207.3s > 2.0s) -- holding at last known position via gravity compensation.
[pinn_controller_node-1] [WARN] [1784854081.587364755] [pinn_franka_controller]: Trajectory stale (208.3s > 2.0s) -- holding at last known position via gravity compensation.
[pinn_controller_node-1] [WARN] [1784854082.588361519] [pinn_franka_controller]: Trajectory stale (209.3s > 2.0s) -- holding at last known position via gravity compensation.
[pinn_controller_node-1] [WARN] [1784854083.588634827] [pinn_franka_controller]: Trajectory stale (210.3s > 2.0s) -- holding at last known position via gravity compensation.
[pinn_controller_node-1] [WARN] [1784854084.589746132] [pinn_franka_controller]: Trajectory stale (211.3s > 2.0s) -- holding at last known position via gravity compensation.
[pinn_controller_node-1] [WARN] [1784854085.590459256] [pinn_franka_controller]: Trajectory stale (212.3s > 2.0s) -- holding at last known position via gravity compensation.
[pinn_controller_node-1] [WARN] [1784854086.590791659] [pinn_franka_controller]: Trajectory stale (213.3s > 2.0s) -- holding at last known position via gravity compensation.
[pinn_controller_node-1] [WARN] [1784854087.591461287] [pinn_franka_controller]: Trajectory stale (214.3s > 2.0s) -- holding at last known position via gravity compensation.
[pinn_controller_node-1] [WARN] [1784854088.591530904] [pinn_franka_controller]: Trajectory stale (215.3s > 2.0s) -- holding at last known position via gravity compensation.
[pinn_controller_node-1] [WARN] [1784854089.591735485] [pinn_franka_controller]: Trajectory stale (216.3s > 2.0s) -- holding at last known position via gravity compensation.
[pinn_controller_node-1] [WARN] [1784854090.592847792] [pinn_franka_controller]: Trajectory stale (217.3s > 2.0s) -- holding at last known position via gravity compensation.
[pinn_controller_node-1] [WARN] [1784854091.593306518] [pinn_franka_controller]: Trajectory stale (218.3s > 2.0s) -- holding at last known position via gravity compensation.
[pinn_controller_node-1] [WARN] [1784854092.593344010] [pinn_franka_controller]: Trajectory stale (219.3s > 2.0s) -- holding at last known position via gravity compensation.
[pinn_controller_node-1] [WARN] [1784854093.593833565] [pinn_franka_controller]: Trajectory stale (220.3s > 2.0s) -- holding at last known position via gravity compensation.
[pinn_controller_node-1] [WARN] [1784854094.594351411] [pinn_franka_controller]: Trajectory stale (221.3s > 2.0s) -- holding at last known position via gravity compensation.
[pinn_controller_node-1] [WARN] [1784854095.594670251] [pinn_franka_controller]: Trajectory stale (222.3s > 2.0s) -- holding at last known position via gravity compensation.
[pinn_controller_node-1] [WARN] [1784854096.595427739] [pinn_franka_controller]: Trajectory stale (223.3s > 2.0s) -- holding at last known position via gravity compensation.
[pinn_controller_node-1] [WARN] [1784854097.596352422] [pinn_franka_controller]: Trajectory stale (224.3s > 2.0s) -- holding at last known position via gravity compensation.
[pinn_controller_node-1] [WARN] [1784854098.596756805] [pinn_franka_controller]: Trajectory stale (225.3s > 2.0s) -- holding at last known position via gravity compensation.
[pinn_controller_node-1] [WARN] [1784854099.597442802] [pinn_franka_controller]: Trajectory stale (226.3s > 2.0s) -- holding at last known position via gravity compensation.
[pinn_controller_node-1] [WARN] [1784854100.598355573] [pinn_franka_controller]: Trajectory stale (227.3s > 2.0s) -- holding at last known position via gravity compensation.
[pinn_controller_node-1] [WARN] [1784854101.598374864] [pinn_franka_controller]: Trajectory stale (228.3s > 2.0s) -- holding at last known position via gravity compensation.
[pinn_controller_node-1] [WARN] [1784854102.598421060] [pinn_franka_controller]: Trajectory stale (229.3s > 2.0s) -- holding at last known position via gravity compensation.
[pinn_controller_node-1] [WARN] [1784854103.599036256] [pinn_franka_controller]: Trajectory stale (230.3s > 2.0s) -- holding at last known position via gravity compensation.
[pinn_controller_node-1] [WARN] [1784854104.599162852] [pinn_franka_controller]: Trajectory stale (231.3s > 2.0s) -- holding at last known position via gravity compensation.
[pinn_controller_node-1] [WARN] [1784854105.599788775] [pinn_franka_controller]: Trajectory stale (232.3s > 2.0s) -- holding at last known position via gravity compensation.
[pinn_controller_node-1] [WARN] [1784854106.600590645] [pinn_franka_controller]: Trajectory stale (233.3s > 2.0s) -- holding at last known position via gravity compensation.
[pinn_controller_node-1] [WARN] [1784854107.601395671] [pinn_franka_controller]: Trajectory stale (234.3s > 2.0s) -- holding at last known position via gravity compensation.
[pinn_controller_node-1] [WARN] [1784854108.603025798] [pinn_franka_controller]: Trajectory stale (235.3s > 2.0s) -- holding at last known position via gravity compensation.
[pinn_controller_node-1] [WARN] [1784854109.603405653] [pinn_franka_controller]: Trajectory stale (236.3s > 2.0s) -- holding at last known position via gravity compensation.
[pinn_controller_node-1] [WARN] [1784854110.603419461] [pinn_franka_controller]: Trajectory stale (237.3s > 2.0s) -- holding at last known position via gravity compensation.
[pinn_controller_node-1] [WARN] [1784854111.604785681] [pinn_franka_controller]: Trajectory stale (238.3s > 2.0s) -- holding at last known position via gravity compensation.
[pinn_controller_node-1] [WARN] [1784854112.605405750] [pinn_franka_controller]: Trajectory stale (239.3s > 2.0s) -- holding at last known position via gravity compensation.
[pinn_controller_node-1] [WARN] [1784854113.606322034] [pinn_franka_controller]: Trajectory stale (240.3s > 2.0s) -- holding at last known position via gravity compensation.
[pinn_controller_node-1] [WARN] [1784854114.606333064] [pinn_franka_controller]: Trajectory stale (241.3s > 2.0s) -- holding at last known position via gravity compensation.
[pinn_controller_node-1] [WARN] [1784854115.606849062] [pinn_franka_controller]: Trajectory stale (242.3s > 2.0s) -- holding at last known position via gravity compensation.
[pinn_controller_node-1] [WARN] [1784854116.607372745] [pinn_franka_controller]: Trajectory stale (243.3s > 2.0s) -- holding at last known position via gravity compensation.
[pinn_controller_node-1] [WARN] [1784854117.608356116] [pinn_franka_controller]: Trajectory stale (244.3s > 2.0s) -- holding at last known position via gravity compensation.
[pinn_controller_node-1] [WARN] [1784854118.609467649] [pinn_franka_controller]: Trajectory stale (245.3s > 2.0s) -- holding at last known position via gravity compensation.
[pinn_controller_node-1] [WARN] [1784854119.610336392] [pinn_franka_controller]: Trajectory stale (246.3s > 2.0s) -- holding at last known position via gravity compensation.
[pinn_controller_node-1] [WARN] [1784854120.611434457] [pinn_franka_controller]: Trajectory stale (247.3s > 2.0s) -- holding at last known position via gravity compensation.
[pinn_controller_node-1] [WARN] [1784854121.612330245] [pinn_franka_controller]: Trajectory stale (248.3s > 2.0s) -- holding at last known position via gravity compensation.
[pinn_controller_node-1] [WARN] [1784854122.612602017] [pinn_franka_controller]: Trajectory stale (249.3s > 2.0s) -- holding at last known position via gravity compensation.
[pinn_controller_node-1] [WARN] [1784854123.613385472] [pinn_franka_controller]: Trajectory stale (250.3s > 2.0s) -- holding at last known position via gravity compensation.
[pinn_controller_node-1] [WARN] [1784854124.614363952] [pinn_franka_controller]: Trajectory stale (251.3s > 2.0s) -- holding at last known position via gravity compensation.
[pinn_controller_node-1] [WARN] [1784854125.614676053] [pinn_franka_controller]: Trajectory stale (252.3s > 2.0s) -- holding at last known position via gravity compensation.
[pinn_controller_node-1] [WARN] [1784854126.615588489] [pinn_franka_controller]: Trajectory stale (253.3s > 2.0s) -- holding at last known position via gravity compensation.
[pinn_controller_node-1] [WARN] [1784854127.616348857] [pinn_franka_controller]: Trajectory stale (254.3s > 2.0s) -- holding at last known position via gravity compensation.
[pinn_controller_node-1] [WARN] [1784854128.616444899] [pinn_franka_controller]: Trajectory stale (255.3s > 2.0s) -- holding at last known position via gravity compensation.
[pinn_controller_node-1] [WARN] [1784854129.616640425] [pinn_franka_controller]: Trajectory stale (256.3s > 2.0s) -- holding at last known position via gravity compensation.
[pinn_controller_node-1] [WARN] [1784854130.617445982] [pinn_franka_controller]: Trajectory stale (257.3s > 2.0s) -- holding at last known position via gravity compensation.
[pinn_controller_node-1] [WARN] [1784854131.618126710] [pinn_franka_controller]: Trajectory stale (258.3s > 2.0s) -- holding at last known position via gravity compensation.
[pinn_controller_node-1] [WARN] [1784854132.618338832] [pinn_franka_controller]: Trajectory stale (259.3s > 2.0s) -- holding at last known position via gravity compensation.
[pinn_controller_node-1] [WARN] [1784854133.618696343] [pinn_franka_controller]: Trajectory stale (260.3s > 2.0s) -- holding at last known position via gravity compensation.
[pinn_controller_node-1] [WARN] [1784854134.619517052] [pinn_franka_controller]: Trajectory stale (261.3s > 2.0s) -- holding at last known position via gravity compensation.
[pinn_controller_node-1] [WARN] [1784854135.620354052] [pinn_franka_controller]: Trajectory stale (262.3s > 2.0s) -- holding at last known position via gravity compensation.
[pinn_controller_node-1] [WARN] [1784854136.620361457] [pinn_franka_controller]: Trajectory stale (263.3s > 2.0s) -- holding at last known position via gravity compensation.
[pinn_controller_node-1] [WARN] [1784854137.621352060] [pinn_franka_controller]: Trajectory stale (264.3s > 2.0s) -- holding at last known position via gravity compensation.
[pinn_controller_node-1] [WARN] [1784854138.621865375] [pinn_franka_controller]: Trajectory stale (265.3s > 2.0s) -- holding at last known position via gravity compensation.
[pinn_controller_node-1] [WARN] [1784854139.622401224] [pinn_franka_controller]: Trajectory stale (266.3s > 2.0s) -- holding at last known position via gravity compensation.
[pinn_controller_node-1] [WARN] [1784854140.623306922] [pinn_franka_controller]: Trajectory stale (267.3s > 2.0s) -- holding at last known position via gravity compensation.
[pinn_controller_node-1] [WARN] [1784854141.623390644] [pinn_franka_controller]: Trajectory stale (268.3s > 2.0s) -- holding at last known position via gravity compensation.
[pinn_controller_node-1] [WARN] [1784854142.623681560] [pinn_franka_controller]: Trajectory stale (269.3s > 2.0s) -- holding at last known position via gravity compensation.
[pinn_controller_node-1] [WARN] [1784854143.624761761] [pinn_franka_controller]: Trajectory stale (270.3s > 2.0s) -- holding at last known position via gravity compensation.
[pinn_controller_node-1] [WARN] [1784854144.624872328] [pinn_franka_controller]: Trajectory stale (271.3s > 2.0s) -- holding at last known position via gravity compensation.
[pinn_controller_node-1] [WARN] [1784854145.625361021] [pinn_franka_controller]: Trajectory stale (272.3s > 2.0s) -- holding at last known position via gravity compensation.
[pinn_controller_node-1] [WARN] [1784854146.626221629] [pinn_franka_controller]: Trajectory stale (273.3s > 2.0s) -- holding at last known position via gravity compensation.
[pinn_controller_node-1] [WARN] [1784854147.626927725] [pinn_franka_controller]: Trajectory stale (274.3s > 2.0s) -- holding at last known position via gravity compensation.
[pinn_controller_node-1] [WARN] [1784854148.627377876] [pinn_franka_controller]: Trajectory stale (275.3s > 2.0s) -- holding at last known position via gravity compensation.
[pinn_controller_node-1] [WARN] [1784854149.627941976] [pinn_franka_controller]: Trajectory stale (276.3s > 2.0s) -- holding at last known position via gravity compensation.
[pinn_controller_node-1] [WARN] [1784854150.628357839] [pinn_franka_controller]: Trajectory stale (277.3s > 2.0s) -- holding at last known position via gravity compensation.
[pinn_controller_node-1] [WARN] [1784854151.628701127] [pinn_franka_controller]: Trajectory stale (278.3s > 2.0s) -- holding at last known position via gravity compensation.
[pinn_controller_node-1] [WARN] [1784854152.629381946] [pinn_franka_controller]: Trajectory stale (279.3s > 2.0s) -- holding at last known position via gravity compensation.
[pinn_controller_node-1] [WARN] [1784854153.629702306] [pinn_franka_controller]: Trajectory stale (280.3s > 2.0s) -- holding at last known position via gravity compensation.
[pinn_controller_node-1] [WARN] [1784854154.630497886] [pinn_franka_controller]: Trajectory stale (281.3s > 2.0s) -- holding at last known position via gravity compensation.
[pinn_controller_node-1] [WARN] [1784854155.631294439] [pinn_franka_controller]: Trajectory stale (282.3s > 2.0s) -- holding at last known position via gravity compensation.
[pinn_controller_node-1] [WARN] [1784854156.631528449] [pinn_franka_controller]: Trajectory stale (283.3s > 2.0s) -- holding at last known position via gravity compensation.
[pinn_controller_node-1] [WARN] [1784854157.631580314] [pinn_franka_controller]: Trajectory stale (284.3s > 2.0s) -- holding at last known position via gravity compensation.
[pinn_controller_node-1] [WARN] [1784854158.632385837] [pinn_franka_controller]: Trajectory stale (285.3s > 2.0s) -- holding at last known position via gravity compensation.
[pinn_controller_node-1] [WARN] [1784854159.632555060] [pinn_franka_controller]: Trajectory stale (286.3s > 2.0s) -- holding at last known position via gravity compensation.
[pinn_controller_node-1] [WARN] [1784854160.633685274] [pinn_franka_controller]: Trajectory stale (287.3s > 2.0s) -- holding at last known position via gravity compensation.
[pinn_controller_node-1] [WARN] [1784854161.634482967] [pinn_franka_controller]: Trajectory stale (288.3s > 2.0s) -- holding at last known position via gravity compensation.
[pinn_controller_node-1] [WARN] [1784854162.635361003] [pinn_franka_controller]: Trajectory stale (289.3s > 2.0s) -- holding at last known position via gravity compensation.
[pinn_controller_node-1] [WARN] [1784854163.636350361] [pinn_franka_controller]: Trajectory stale (290.3s > 2.0s) -- holding at last known position via gravity compensation.
[pinn_controller_node-1] [WARN] [1784854164.636596262] [pinn_franka_controller]: Trajectory stale (291.3s > 2.0s) -- holding at last known position via gravity compensation.
[pinn_controller_node-1] [WARN] [1784854165.637535621] [pinn_franka_controller]: Trajectory stale (292.3s > 2.0s) -- holding at last known position via gravity compensation.
[pinn_controller_node-1] [WARN] [1784854166.638361004] [pinn_franka_controller]: Trajectory stale (293.3s > 2.0s) -- holding at last known position via gravity compensation.
[pinn_controller_node-1] [WARN] [1784854167.638517090] [pinn_franka_controller]: Trajectory stale (294.3s > 2.0s) -- holding at last known position via gravity compensation.
[pinn_controller_node-1] [WARN] [1784854168.638996529] [pinn_franka_controller]: Trajectory stale (295.3s > 2.0s) -- holding at last known position via gravity compensation.
[pinn_controller_node-1] [WARN] [1784854169.639361219] [pinn_franka_controller]: Trajectory stale (296.3s > 2.0s) -- holding at last known position via gravity compensation.
[pinn_controller_node-1] [WARN] [1784854170.639419403] [pinn_franka_controller]: Trajectory stale (297.3s > 2.0s) -- holding at last known position via gravity compensation.
[pinn_controller_node-1] [WARN] [1784854171.640398247] [pinn_franka_controller]: Trajectory stale (298.3s > 2.0s) -- holding at last known position via gravity compensation.
[pinn_controller_node-1] [WARN] [1784854172.641385874] [pinn_franka_controller]: Trajectory stale (299.3s > 2.0s) -- holding at last known position via gravity compensation.
[pinn_controller_node-1] [WARN] [1784854173.642314916] [pinn_franka_controller]: Trajectory stale (300.3s > 2.0s) -- holding at last known position via gravity compensation.
[pinn_controller_node-1] [WARN] [1784854174.642518284] [pinn_franka_controller]: Trajectory stale (301.3s > 2.0s) -- holding at last known position via gravity compensation.
[pinn_controller_node-1] [WARN] [1784854175.643444406] [pinn_franka_controller]: Trajectory stale (302.3s > 2.0s) -- holding at last known position via gravity compensation.
[pinn_controller_node-1] [WARN] [1784854176.644387319] [pinn_franka_controller]: Trajectory stale (303.3s > 2.0s) -- holding at last known position via gravity compensation.
[pinn_controller_node-1] [WARN] [1784854177.644604211] [pinn_franka_controller]: Trajectory stale (304.3s > 2.0s) -- holding at last known position via gravity compensation.
[pinn_controller_node-1] [WARN] [1784854178.645531540] [pinn_franka_controller]: Trajectory stale (305.3s > 2.0s) -- holding at last known position via gravity compensation.
[pinn_controller_node-1] [WARN] [1784854179.645606961] [pinn_franka_controller]: Trajectory stale (306.3s > 2.0s) -- holding at last known position via gravity compensation.
[pinn_controller_node-1] [WARN] [1784854180.646331361] [pinn_franka_controller]: Trajectory stale (307.3s > 2.0s) -- holding at last known position via gravity compensation.
[pinn_controller_node-1] [WARN] [1784854181.646446165] [pinn_franka_controller]: Trajectory stale (308.3s > 2.0s) -- holding at last known position via gravity compensation.
[pinn_controller_node-1] [WARN] [1784854182.647178424] [pinn_franka_controller]: Trajectory stale (309.3s > 2.0s) -- holding at last known position via gravity compensation.
[pinn_controller_node-1] [WARN] [1784854183.647555530] [pinn_franka_controller]: Trajectory stale (310.3s > 2.0s) -- holding at last known position via gravity compensation.
[pinn_controller_node-1] [WARN] [1784854184.648368737] [pinn_franka_controller]: Trajectory stale (311.3s > 2.0s) -- holding at last known position via gravity compensation.
[pinn_controller_node-1] [WARN] [1784854185.648436355] [pinn_franka_controller]: Trajectory stale (312.3s > 2.0s) -- holding at last known position via gravity compensation.
[pinn_controller_node-1] [WARN] [1784854186.648476992] [pinn_franka_controller]: Trajectory stale (313.3s > 2.0s) -- holding at last known position via gravity compensation.
[pinn_controller_node-1] [WARN] [1784854187.649350154] [pinn_franka_controller]: Trajectory stale (314.3s > 2.0s) -- holding at last known position via gravity compensation.
[pinn_controller_node-1] [WARN] [1784854188.649420094] [pinn_franka_controller]: Trajectory stale (315.3s > 2.0s) -- holding at last known position via gravity compensation.
[pinn_controller_node-1] [WARN] [1784854189.650323917] [pinn_franka_controller]: Trajectory stale (316.3s > 2.0s) -- holding at last known position via gravity compensation.
[pinn_controller_node-1] [WARN] [1784854190.650477387] [pinn_franka_controller]: Trajectory stale (317.3s > 2.0s) -- holding at last known position via gravity compensation.
[pinn_controller_node-1] [WARN] [1784854191.651275577] [pinn_franka_controller]: Trajectory stale (318.3s > 2.0s) -- holding at last known position via gravity compensation.
[pinn_controller_node-1] [WARN] [1784854192.651384280] [pinn_franka_controller]: Trajectory stale (319.3s > 2.0s) -- holding at last known position via gravity compensation.
[pinn_controller_node-1] [WARN] [1784854193.652363267] [pinn_franka_controller]: Trajectory stale (320.3s > 2.0s) -- holding at last known position via gravity compensation.
[pinn_controller_node-1] [WARN] [1784854194.653357480] [pinn_franka_controller]: Trajectory stale (321.3s > 2.0s) -- holding at last known position via gravity compensation.
[pinn_controller_node-1] [WARN] [1784854195.653480964] [pinn_franka_controller]: Trajectory stale (322.3s > 2.0s) -- holding at last known position via gravity compensation.
[pinn_controller_node-1] [WARN] [1784854196.654304133] [pinn_franka_controller]: Trajectory stale (323.3s > 2.0s) -- holding at last known position via gravity compensation.
[pinn_controller_node-1] [WARN] [1784854197.654372929] [pinn_franka_controller]: Trajectory stale (324.3s > 2.0s) -- holding at last known position via gravity compensation.
[pinn_controller_node-1] [WARN] [1784854198.654723108] [pinn_franka_controller]: Trajectory stale (325.3s > 2.0s) -- holding at last known position via gravity compensation.
[pinn_controller_node-1] [WARN] [1784854199.655594822] [pinn_franka_controller]: Trajectory stale (326.3s > 2.0s) -- holding at last known position via gravity compensation.
[pinn_controller_node-1] [WARN] [1784854200.656504172] [pinn_franka_controller]: Trajectory stale (327.3s > 2.0s) -- holding at last known position via gravity compensation.
[pinn_controller_node-1] [WARN] [1784854201.657399735] [pinn_franka_controller]: Trajectory stale (328.3s > 2.0s) -- holding at last known position via gravity compensation.
[pinn_controller_node-1] [WARN] [1784854202.658260239] [pinn_franka_controller]: Trajectory stale (329.3s > 2.0s) -- holding at last known position via gravity compensation.
[pinn_controller_node-1] [WARN] [1784854203.658910424] [pinn_franka_controller]: Trajectory stale (330.3s > 2.0s) -- holding at last known position via gravity compensation.
[pinn_controller_node-1] [WARN] [1784854204.659476429] [pinn_franka_controller]: Trajectory stale (331.3s > 2.0s) -- holding at last known position via gravity compensation.
[pinn_controller_node-1] [WARN] [1784854205.659557911] [pinn_franka_controller]: Trajectory stale (332.3s > 2.0s) -- holding at last known position via gravity compensation.
[pinn_controller_node-1] [WARN] [1784854206.660491334] [pinn_franka_controller]: Trajectory stale (333.4s > 2.0s) -- holding at last known position via gravity compensation.
[pinn_controller_node-1] [WARN] [1784854207.661459706] [pinn_franka_controller]: Trajectory stale (334.4s > 2.0s) -- holding at last known position via gravity compensation.
[pinn_controller_node-1] [WARN] [1784854208.661476040] [pinn_franka_controller]: Trajectory stale (335.4s > 2.0s) -- holding at last known position via gravity compensation.
[pinn_controller_node-1] [WARN] [1784854209.662453643] [pinn_franka_controller]: Trajectory stale (336.4s > 2.0s) -- holding at last known position via gravity compensation.
[pinn_controller_node-1] [WARN] [1784854210.662464751] [pinn_franka_controller]: Trajectory stale (337.4s > 2.0s) -- holding at last known position via gravity compensation.
[pinn_controller_node-1] [WARN] [1784854211.663281769] [pinn_franka_controller]: Trajectory stale (338.4s > 2.0s) -- holding at last known position via gravity compensation.
[pinn_controller_node-1] [WARN] [1784854212.663361455] [pinn_franka_controller]: Trajectory stale (339.4s > 2.0s) -- holding at last known position via gravity compensation.
[pinn_controller_node-1] [WARN] [1784854213.663600081] [pinn_franka_controller]: Trajectory stale (340.4s > 2.0s) -- holding at last known position via gravity compensation.
[pinn_controller_node-1] [WARN] [1784854214.663768733] [pinn_franka_controller]: Trajectory stale (341.4s > 2.0s) -- holding at last known position via gravity compensation.
[pinn_controller_node-1] [WARN] [1784854215.664389174] [pinn_franka_controller]: Trajectory stale (342.4s > 2.0s) -- holding at last known position via gravity compensation.
[pinn_controller_node-1] [WARN] [1784854216.665377222] [pinn_franka_controller]: Trajectory stale (343.4s > 2.0s) -- holding at last known position via gravity compensation.
[pinn_controller_node-1] [WARN] [1784854217.665535697] [pinn_franka_controller]: Trajectory stale (344.4s > 2.0s) -- holding at last known position via gravity compensation.
[pinn_controller_node-1] [WARN] [1784854218.666398021] [pinn_franka_controller]: Trajectory stale (345.4s > 2.0s) -- holding at last known position via gravity compensation.
[pinn_controller_node-1] [WARN] [1784854219.667372822] [pinn_franka_controller]: Trajectory stale (346.4s > 2.0s) -- holding at last known position via gravity compensation.
[pinn_controller_node-1] [WARN] [1784854220.667396070] [pinn_franka_controller]: Trajectory stale (347.4s > 2.0s) -- holding at last known position via gravity compensation.
[pinn_controller_node-1] [WARN] [1784854221.667415970] [pinn_franka_controller]: Trajectory stale (348.4s > 2.0s) -- holding at last known position via gravity compensation.
[pinn_controller_node-1] [WARN] [1784854222.668303747] [pinn_franka_controller]: Trajectory stale (349.4s > 2.0s) -- holding at last known position via gravity compensation.
[pinn_controller_node-1] [WARN] [1784854223.668361278] [pinn_franka_controller]: Trajectory stale (350.4s > 2.0s) -- holding at last known position via gravity compensation.
[pinn_controller_node-1] [WARN] [1784854224.668371576] [pinn_franka_controller]: Trajectory stale (351.4s > 2.0s) -- holding at last known position via gravity compensation.
[pinn_controller_node-1] [WARN] [1784854225.669362623] [pinn_franka_controller]: Trajectory stale (352.4s > 2.0s) -- holding at last known position via gravity compensation.
[pinn_controller_node-1] [WARN] [1784854226.669485528] [pinn_franka_controller]: Trajectory stale (353.4s > 2.0s) -- holding at last known position via gravity compensation.
[pinn_controller_node-1] [WARN] [1784854227.669588302] [pinn_franka_controller]: Trajectory stale (354.4s > 2.0s) -- holding at last known position via gravity compensation.
[pinn_controller_node-1] [WARN] [1784854228.670440516] [pinn_franka_controller]: Trajectory stale (355.4s > 2.0s) -- holding at last known position via gravity compensation.
[pinn_controller_node-1] [WARN] [1784854229.670472619] [pinn_franka_controller]: Trajectory stale (356.4s > 2.0s) -- holding at last known position via gravity compensation.
[pinn_controller_node-1] [WARN] [1784854230.671477159] [pinn_franka_controller]: Trajectory stale (357.4s > 2.0s) -- holding at last known position via gravity compensation.
[pinn_controller_node-1] [WARN] [1784854231.672309645] [pinn_franka_controller]: Trajectory stale (358.4s > 2.0s) -- holding at last known position via gravity compensation.
[pinn_controller_node-1] [WARN] [1784854232.672560175] [pinn_franka_controller]: Trajectory stale (359.4s > 2.0s) -- holding at last known position via gravity compensation.
[pinn_controller_node-1] [WARN] [1784854233.673345641] [pinn_franka_controller]: Trajectory stale (360.4s > 2.0s) -- holding at last known position via gravity compensation.
[pinn_controller_node-1] [WARN] [1784854234.673699569] [pinn_franka_controller]: Trajectory stale (361.4s > 2.0s) -- holding at last known position via gravity compensation.
[pinn_controller_node-1] [WARN] [1784854235.673726743] [pinn_franka_controller]: Trajectory stale (362.4s > 2.0s) -- holding at last known position via gravity compensation.
[pinn_controller_node-1] [WARN] [1784854236.674659998] [pinn_franka_controller]: Trajectory stale (363.4s > 2.0s) -- holding at last known position via gravity compensation.
[pinn_controller_node-1] [WARN] [1784854237.675444878] [pinn_franka_controller]: Trajectory stale (364.4s > 2.0s) -- holding at last known position via gravity compensation.
[pinn_controller_node-1] [WARN] [1784854238.676379514] [pinn_franka_controller]: Trajectory stale (365.4s > 2.0s) -- holding at last known position via gravity compensation.
[pinn_controller_node-1] [WARN] [1784854239.676935257] [pinn_franka_controller]: Trajectory stale (366.4s > 2.0s) -- holding at last known position via gravity compensation.
[pinn_controller_node-1] [WARN] [1784854240.677363021] [pinn_franka_controller]: Trajectory stale (367.4s > 2.0s) -- holding at last known position via gravity compensation.
[pinn_controller_node-1] [WARN] [1784854241.678377132] [pinn_franka_controller]: Trajectory stale (368.4s > 2.0s) -- holding at last known position via gravity compensation.
[pinn_controller_node-1] [WARN] [1784854242.678376588] [pinn_franka_controller]: Trajectory stale (369.4s > 2.0s) -- holding at last known position via gravity compensation.
[pinn_controller_node-1] [WARN] [1784854243.678427077] [pinn_franka_controller]: Trajectory stale (370.4s > 2.0s) -- holding at last known position via gravity compensation.
[pinn_controller_node-1] [WARN] [1784854244.678472252] [pinn_franka_controller]: Trajectory stale (371.4s > 2.0s) -- holding at last known position via gravity compensation.
[pinn_controller_node-1] [WARN] [1784854245.678638712] [pinn_franka_controller]: Trajectory stale (372.4s > 2.0s) -- holding at last known position via gravity compensation.
[pinn_controller_node-1] [WARN] [1784854246.679524949] [pinn_franka_controller]: Trajectory stale (373.4s > 2.0s) -- holding at last known position via gravity compensation.
[pinn_controller_node-1] [WARN] [1784854247.680310339] [pinn_franka_controller]: Trajectory stale (374.4s > 2.0s) -- holding at last known position via gravity compensation.
[pinn_controller_node-1] [WARN] [1784854248.680329675] [pinn_franka_controller]: Trajectory stale (375.4s > 2.0s) -- holding at last known position via gravity compensation.
[pinn_controller_node-1] [WARN] [1784854249.680355581] [pinn_franka_controller]: Trajectory stale (376.4s > 2.0s) -- holding at last known position via gravity compensation.
[pinn_controller_node-1] [WARN] [1784854250.680432358] [pinn_franka_controller]: Trajectory stale (377.4s > 2.0s) -- holding at last known position via gravity compensation.
[pinn_controller_node-1] [WARN] [1784854251.680472388] [pinn_franka_controller]: Trajectory stale (378.4s > 2.0s) -- holding at last known position via gravity compensation.
[pinn_controller_node-1] [WARN] [1784854252.681351589] [pinn_franka_controller]: Trajectory stale (379.4s > 2.0s) -- holding at last known position via gravity compensation.
[pinn_controller_node-1] [WARN] [1784854253.681367556] [pinn_franka_controller]: Trajectory stale (380.4s > 2.0s) -- holding at last known position via gravity compensation.
[pinn_controller_node-1] [WARN] [1784854254.681565141] [pinn_franka_controller]: Trajectory stale (381.4s > 2.0s) -- holding at last known position via gravity compensation.
[pinn_controller_node-1] [WARN] [1784854255.682359881] [pinn_franka_controller]: Trajectory stale (382.4s > 2.0s) -- holding at last known position via gravity compensation.
[pinn_controller_node-1] [WARN] [1784854256.682401130] [pinn_franka_controller]: Trajectory stale (383.4s > 2.0s) -- holding at last known position via gravity compensation.
[pinn_controller_node-1] [WARN] [1784854257.683390757] [pinn_franka_controller]: Trajectory stale (384.4s > 2.0s) -- holding at last known position via gravity compensation.
[pinn_controller_node-1] [WARN] [1784854258.684398353] [pinn_franka_controller]: Trajectory stale (385.4s > 2.0s) -- holding at last known position via gravity compensation.
[pinn_controller_node-1] [WARN] [1784854259.684420983] [pinn_franka_controller]: Trajectory stale (386.4s > 2.0s) -- holding at last known position via gravity compensation.
[pinn_controller_node-1] [WARN] [1784854260.685346455] [pinn_franka_controller]: Trajectory stale (387.4s > 2.0s) -- holding at last known position via gravity compensation.
[pinn_controller_node-1] [WARN] [1784854261.685377934] [pinn_franka_controller]: Trajectory stale (388.4s > 2.0s) -- holding at last known position via gravity compensation.
[pinn_controller_node-1] [WARN] [1784854262.685448159] [pinn_franka_controller]: Trajectory stale (389.4s > 2.0s) -- holding at last known position via gravity compensation.
[pinn_controller_node-1] [WARN] [1784854263.685673172] [pinn_franka_controller]: Trajectory stale (390.4s > 2.0s) -- holding at last known position via gravity compensation.
[pinn_controller_node-1] [WARN] [1784854264.686331841] [pinn_franka_controller]: Trajectory stale (391.4s > 2.0s) -- holding at last known position via gravity compensation.
[pinn_controller_node-1] [WARN] [1784854265.686393243] [pinn_franka_controller]: Trajectory stale (392.4s > 2.0s) -- holding at last known position via gravity compensation.
[pinn_controller_node-1] [WARN] [1784854266.686473519] [pinn_franka_controller]: Trajectory stale (393.4s > 2.0s) -- holding at last known position via gravity compensation.
[pinn_controller_node-1] [WARN] [1784854267.687427330] [pinn_franka_controller]: Trajectory stale (394.4s > 2.0s) -- holding at last known position via gravity compensation.
[pinn_controller_node-1] [WARN] [1784854268.688814614] [pinn_franka_controller]: Trajectory stale (395.4s > 2.0s) -- holding at last known position via gravity compensation.
[pinn_controller_node-1] [WARN] [1784854269.690011315] [pinn_franka_controller]: Trajectory stale (396.4s > 2.0s) -- holding at last known position via gravity compensation.
[pinn_controller_node-1] [WARN] [1784854270.690403284] [pinn_franka_controller]: Trajectory stale (397.4s > 2.0s) -- holding at last known position via gravity compensation.
[pinn_controller_node-1] [WARN] [1784854271.691372518] [pinn_franka_controller]: Trajectory stale (398.4s > 2.0s) -- holding at last known position via gravity compensation.
[pinn_controller_node-1] [WARN] [1784854272.691734918] [pinn_franka_controller]: Trajectory stale (399.4s > 2.0s) -- holding at last known position via gravity compensation.
[pinn_controller_node-1] [WARN] [1784854273.692544447] [pinn_franka_controller]: Trajectory stale (400.4s > 2.0s) -- holding at last known position via gravity compensation.
[pinn_controller_node-1] [WARN] [1784854274.693461699] [pinn_franka_controller]: Trajectory stale (401.4s > 2.0s) -- holding at last known position via gravity compensation.
[pinn_controller_node-1] [WARN] [1784854275.693603561] [pinn_franka_controller]: Trajectory stale (402.4s > 2.0s) -- holding at last known position via gravity compensation.
[pinn_controller_node-1] [WARN] [1784854276.694409755] [pinn_franka_controller]: Trajectory stale (403.4s > 2.0s) -- holding at last known position via gravity compensation.
[pinn_controller_node-1] [WARN] [1784854277.695353369] [pinn_franka_controller]: Trajectory stale (404.4s > 2.0s) -- holding at last known position via gravity compensation.
[pinn_controller_node-1] [WARN] [1784854278.695424952] [pinn_franka_controller]: Trajectory stale (405.4s > 2.0s) -- holding at last known position via gravity compensation.
[pinn_controller_node-1] [WARN] [1784854279.695822672] [pinn_franka_controller]: Trajectory stale (406.4s > 2.0s) -- holding at last known position via gravity compensation.
[pinn_controller_node-1] [WARN] [1784854280.696741340] [pinn_franka_controller]: Trajectory stale (407.4s > 2.0s) -- holding at last known position via gravity compensation.
[pinn_controller_node-1] [WARN] [1784854281.697454323] [pinn_franka_controller]: Trajectory stale (408.4s > 2.0s) -- holding at last known position via gravity compensation.
[pinn_controller_node-1] [WARN] [1784854282.698384919] [pinn_franka_controller]: Trajectory stale (409.4s > 2.0s) -- holding at last known position via gravity compensation.
[pinn_controller_node-1] [WARN] [1784854283.699391748] [pinn_franka_controller]: Trajectory stale (410.4s > 2.0s) -- holding at last known position via gravity compensation.
[pinn_controller_node-1] [WARN] [1784854284.699620275] [pinn_franka_controller]: Trajectory stale (411.4s > 2.0s) -- holding at last known position via gravity compensation.
[pinn_controller_node-1] [WARN] [1784854285.699905977] [pinn_franka_controller]: Trajectory stale (412.4s > 2.0s) -- holding at last known position via gravity compensation.
[pinn_controller_node-1] [WARN] [1784854286.701308407] [pinn_franka_controller]: Trajectory stale (413.4s > 2.0s) -- holding at last known position via gravity compensation.
[pinn_controller_node-1] [WARN] [1784854287.701352657] [pinn_franka_controller]: Trajectory stale (414.4s > 2.0s) -- holding at last known position via gravity compensation.
[pinn_controller_node-1] [WARN] [1784854288.701427127] [pinn_franka_controller]: Trajectory stale (415.4s > 2.0s) -- holding at last known position via gravity compensation.
[pinn_controller_node-1] [WARN] [1784854289.702440704] [pinn_franka_controller]: Trajectory stale (416.4s > 2.0s) -- holding at last known position via gravity compensation.
[pinn_controller_node-1] [WARN] [1784854290.703387712] [pinn_franka_controller]: Trajectory stale (417.4s > 2.0s) -- holding at last known position via gravity compensation.
[pinn_controller_node-1] [WARN] [1784854291.704387808] [pinn_franka_controller]: Trajectory stale (418.4s > 2.0s) -- holding at last known position via gravity compensation.
[pinn_controller_node-1] [WARN] [1784854292.704453777] [pinn_franka_controller]: Trajectory stale (419.4s > 2.0s) -- holding at last known position via gravity compensation.
[pinn_controller_node-1] [WARN] [1784854293.705466564] [pinn_franka_controller]: Trajectory stale (420.4s > 2.0s) -- holding at last known position via gravity compensation.
[pinn_controller_node-1] [WARN] [1784854294.706384210] [pinn_franka_controller]: Trajectory stale (421.4s > 2.0s) -- holding at last known position via gravity compensation.
[pinn_controller_node-1] [WARN] [1784854295.706546735] [pinn_franka_controller]: Trajectory stale (422.4s > 2.0s) -- holding at last known position via gravity compensation.
[pinn_controller_node-1] [WARN] [1784854296.707432623] [pinn_franka_controller]: Trajectory stale (423.4s > 2.0s) -- holding at last known position via gravity compensation.
[pinn_controller_node-1] [WARN] [1784854297.707479383] [pinn_franka_controller]: Trajectory stale (424.4s > 2.0s) -- holding at last known position via gravity compensation.
[pinn_controller_node-1] [WARN] [1784854298.707547185] [pinn_franka_controller]: Trajectory stale (425.4s > 2.0s) -- holding at last known position via gravity compensation.
[pinn_controller_node-1] [WARN] [1784854299.708327167] [pinn_franka_controller]: Trajectory stale (426.4s > 2.0s) -- holding at last known position via gravity compensation.
[pinn_controller_node-1] [WARN] [1784854300.708592653] [pinn_franka_controller]: Trajectory stale (427.4s > 2.0s) -- holding at last known position via gravity compensation.
[pinn_controller_node-1] [WARN] [1784854301.709411697] [pinn_franka_controller]: Trajectory stale (428.4s > 2.0s) -- holding at last known position via gravity compensation.
[pinn_controller_node-1] [WARN] [1784854302.709491949] [pinn_franka_controller]: Trajectory stale (429.4s > 2.0s) -- holding at last known position via gravity compensation.
[pinn_controller_node-1] [WARN] [1784854303.710363042] [pinn_franka_controller]: Trajectory stale (430.4s > 2.0s) -- holding at last known position via gravity compensation.
[pinn_controller_node-1] [WARN] [1784854304.710944733] [pinn_franka_controller]: Trajectory stale (431.4s > 2.0s) -- holding at last known position via gravity compensation.
[pinn_controller_node-1] [WARN] [1784854305.711285788] [pinn_franka_controller]: Trajectory stale (432.4s > 2.0s) -- holding at last known position via gravity compensation.
[pinn_controller_node-1] [WARN] [1784854306.711457472] [pinn_franka_controller]: Trajectory stale (433.4s > 2.0s) -- holding at last known position via gravity compensation.
[pinn_controller_node-1] [WARN] [1784854307.712402113] [pinn_franka_controller]: Trajectory stale (434.4s > 2.0s) -- holding at last known position via gravity compensation.
[pinn_controller_node-1] [WARN] [1784854308.713367320] [pinn_franka_controller]: Trajectory stale (435.4s > 2.0s) -- holding at last known position via gravity compensation.
[pinn_controller_node-1] [WARN] [1784854309.714084721] [pinn_franka_controller]: Trajectory stale (436.4s > 2.0s) -- holding at last known position via gravity compensation.
[pinn_controller_node-1] [WARN] [1784854310.714436958] [pinn_franka_controller]: Trajectory stale (437.4s > 2.0s) -- holding at last known position via gravity compensation.
[pinn_controller_node-1] [WARN] [1784854311.714489974] [pinn_franka_controller]: Trajectory stale (438.4s > 2.0s) -- holding at last known position via gravity compensation.
[pinn_controller_node-1] [WARN] [1784854312.715411182] [pinn_franka_controller]: Trajectory stale (439.4s > 2.0s) -- holding at last known position via gravity compensation.
[pinn_controller_node-1] [WARN] [1784854313.716349754] [pinn_franka_controller]: Trajectory stale (440.4s > 2.0s) -- holding at last known position via gravity compensation.
[pinn_controller_node-1] [WARN] [1784854314.716351092] [pinn_franka_controller]: Trajectory stale (441.4s > 2.0s) -- holding at last known position via gravity compensation.
[pinn_controller_node-1] [WARN] [1784854315.717339548] [pinn_franka_controller]: Trajectory stale (442.4s > 2.0s) -- holding at last known position via gravity compensation.
[pinn_controller_node-1] [WARN] [1784854316.717656885] [pinn_franka_controller]: Trajectory stale (443.4s > 2.0s) -- holding at last known position via gravity compensation.
[pinn_controller_node-1] [WARN] [1784854317.718467271] [pinn_franka_controller]: Trajectory stale (444.4s > 2.0s) -- holding at last known position via gravity compensation.
[pinn_controller_node-1] [WARN] [1784854318.719386130] [pinn_franka_controller]: Trajectory stale (445.4s > 2.0s) -- holding at last known position via gravity compensation.
[pinn_controller_node-1] [WARN] [1784854319.720319529] [pinn_franka_controller]: Trajectory stale (446.4s > 2.0s) -- holding at last known position via gravity compensation.
[pinn_controller_node-1] [WARN] [1784854320.720337775] [pinn_franka_controller]: Trajectory stale (447.4s > 2.0s) -- holding at last known position via gravity compensation.
[pinn_controller_node-1] [WARN] [1784854321.720604607] [pinn_franka_controller]: Trajectory stale (448.4s > 2.0s) -- holding at last known position via gravity compensation.
[pinn_controller_node-1] [WARN] [1784854322.721355133] [pinn_franka_controller]: Trajectory stale (449.4s > 2.0s) -- holding at last known position via gravity compensation.
[pinn_controller_node-1] [WARN] [1784854323.721595655] [pinn_franka_controller]: Trajectory stale (450.4s > 2.0s) -- holding at last known position via gravity compensation.
[pinn_controller_node-1] [WARN] [1784854324.721593524] [pinn_franka_controller]: Trajectory stale (451.4s > 2.0s) -- holding at last known position via gravity compensation.
[pinn_controller_node-1] [WARN] [1784854325.722484923] [pinn_franka_controller]: Trajectory stale (452.4s > 2.0s) -- holding at last known position via gravity compensation.
[pinn_controller_node-1] [WARN] [1784854326.723364432] [pinn_franka_controller]: Trajectory stale (453.4s > 2.0s) -- holding at last known position via gravity compensation.
[pinn_controller_node-1] [WARN] [1784854327.723390912] [pinn_franka_controller]: Trajectory stale (454.4s > 2.0s) -- holding at last known position via gravity compensation.
[pinn_controller_node-1] [WARN] [1784854328.723402972] [pinn_franka_controller]: Trajectory stale (455.4s > 2.0s) -- holding at last known position via gravity compensation.
[pinn_controller_node-1] [WARN] [1784854329.724374871] [pinn_franka_controller]: Trajectory stale (456.4s > 2.0s) -- holding at last known position via gravity compensation.
[pinn_controller_node-1] [WARN] [1784854330.725390062] [pinn_franka_controller]: Trajectory stale (457.4s > 2.0s) -- holding at last known position via gravity compensation.
[pinn_controller_node-1] [WARN] [1784854331.726354843] [pinn_franka_controller]: Trajectory stale (458.4s > 2.0s) -- holding at last known position via gravity compensation.
[pinn_controller_node-1] [WARN] [1784854332.726386723] [pinn_franka_controller]: Trajectory stale (459.4s > 2.0s) -- holding at last known position via gravity compensation.
[pinn_controller_node-1] [WARN] [1784854333.727346947] [pinn_franka_controller]: Trajectory stale (460.4s > 2.0s) -- holding at last known position via gravity compensation.
[pinn_controller_node-1] [WARN] [1784854334.727432157] [pinn_franka_controller]: Trajectory stale (461.4s > 2.0s) -- holding at last known position via gravity compensation.
[pinn_controller_node-1] [WARN] [1784854335.727501248] [pinn_franka_controller]: Trajectory stale (462.4s > 2.0s) -- holding at last known position via gravity compensation.
[pinn_controller_node-1] [WARN] [1784854336.728354405] [pinn_franka_controller]: Trajectory stale (463.4s > 2.0s) -- holding at last known position via gravity compensation.
[pinn_controller_node-1] [WARN] [1784854337.728361976] [pinn_franka_controller]: Trajectory stale (464.4s > 2.0s) -- holding at last known position via gravity compensation.
[pinn_controller_node-1] [WARN] [1784854338.728488405] [pinn_franka_controller]: Trajectory stale (465.4s > 2.0s) -- holding at last known position via gravity compensation.
[pinn_controller_node-1] [WARN] [1784854339.728755825] [pinn_franka_controller]: Trajectory stale (466.4s > 2.0s) -- holding at last known position via gravity compensation.
[pinn_controller_node-1] [WARN] [1784854340.728799977] [pinn_franka_controller]: Trajectory stale (467.4s > 2.0s) -- holding at last known position via gravity compensation.
[pinn_controller_node-1] [WARN] [1784854341.729438510] [pinn_franka_controller]: Trajectory stale (468.4s > 2.0s) -- holding at last known position via gravity compensation.
[pinn_controller_node-1] [WARN] [1784854342.729939032] [pinn_franka_controller]: Trajectory stale (469.4s > 2.0s) -- holding at last known position via gravity compensation.
[pinn_controller_node-1] [WARN] [1784854343.729999149] [pinn_franka_controller]: Trajectory stale (470.4s > 2.0s) -- holding at last known position via gravity compensation.
[pinn_controller_node-1] [WARN] [1784854344.730339797] [pinn_franka_controller]: Trajectory stale (471.4s > 2.0s) -- holding at last known position via gravity compensation.
[pinn_controller_node-1] [WARN] [1784854345.731287445] [pinn_franka_controller]: Trajectory stale (472.4s > 2.0s) -- holding at last known position via gravity compensation.
[pinn_controller_node-1] [WARN] [1784854346.731458495] [pinn_franka_controller]: Trajectory stale (473.4s > 2.0s) -- holding at last known position via gravity compensation.
[pinn_controller_node-1] [WARN] [1784854347.732372540] [pinn_franka_controller]: Trajectory stale (474.4s > 2.0s) -- holding at last known position via gravity compensation.
[pinn_controller_node-1] [WARN] [1784854348.733346895] [pinn_franka_controller]: Trajectory stale (475.4s > 2.0s) -- holding at last known position via gravity compensation.
[pinn_controller_node-1] [WARN] [1784854349.733501850] [pinn_franka_controller]: Trajectory stale (476.4s > 2.0s) -- holding at last known position via gravity compensation.
[pinn_controller_node-1] [WARN] [1784854350.734036887] [pinn_franka_controller]: Trajectory stale (477.4s > 2.0s) -- holding at last known position via gravity compensation.
[pinn_controller_node-1] [WARN] [1784854351.734887088] [pinn_franka_controller]: Trajectory stale (478.4s > 2.0s) -- holding at last known position via gravity compensation.
[pinn_controller_node-1] [WARN] [1784854352.735426694] [pinn_franka_controller]: Trajectory stale (479.4s > 2.0s) -- holding at last known position via gravity compensation.
[pinn_controller_node-1] [WARN] [1784854353.735678537] [pinn_franka_controller]: Trajectory stale (480.4s > 2.0s) -- holding at last known position via gravity compensation.
[pinn_controller_node-1] [WARN] [1784854354.736426141] [pinn_franka_controller]: Trajectory stale (481.4s > 2.0s) -- holding at last known position via gravity compensation.
[pinn_controller_node-1] [WARN] [1784854355.737530042] [pinn_franka_controller]: Trajectory stale (482.4s > 2.0s) -- holding at last known position via gravity compensation.
[pinn_controller_node-1] [WARN] [1784854356.738387551] [pinn_franka_controller]: Trajectory stale (483.4s > 2.0s) -- holding at last known position via gravity compensation.
[pinn_controller_node-1] [WARN] [1784854357.739360780] [pinn_franka_controller]: Trajectory stale (484.4s > 2.0s) -- holding at last known position via gravity compensation.
[pinn_controller_node-1] [WARN] [1784854358.740050493] [pinn_franka_controller]: Trajectory stale (485.4s > 2.0s) -- holding at last known position via gravity compensation.
[pinn_controller_node-1] [WARN] [1784854359.740352186] [pinn_franka_controller]: Trajectory stale (486.4s > 2.0s) -- holding at last known position via gravity compensation.
[pinn_controller_node-1] [WARN] [1784854360.740883061] [pinn_franka_controller]: Trajectory stale (487.4s > 2.0s) -- holding at last known position via gravity compensation.
[pinn_controller_node-1] [WARN] [1784854361.741193060] [pinn_franka_controller]: Trajectory stale (488.4s > 2.0s) -- holding at last known position via gravity compensation.
[pinn_controller_node-1] [WARN] [1784854362.741443421] [pinn_franka_controller]: Trajectory stale (489.4s > 2.0s) -- holding at last known position via gravity compensation.
[pinn_controller_node-1] [WARN] [1784854363.741608106] [pinn_franka_controller]: Trajectory stale (490.4s > 2.0s) -- holding at last known position via gravity compensation.
[pinn_controller_node-1] [WARN] [1784854364.742677489] [pinn_franka_controller]: Trajectory stale (491.4s > 2.0s) -- holding at last known position via gravity compensation.
[pinn_controller_node-1] [WARN] [1784854365.743380585] [pinn_franka_controller]: Trajectory stale (492.4s > 2.0s) -- holding at last known position via gravity compensation.
[pinn_controller_node-1] [WARN] [1784854366.743396987] [pinn_franka_controller]: Trajectory stale (493.4s > 2.0s) -- holding at last known position via gravity compensation.
[pinn_controller_node-1] [WARN] [1784854367.743505322] [pinn_franka_controller]: Trajectory stale (494.4s > 2.0s) -- holding at last known position via gravity compensation.
[pinn_controller_node-1] [WARN] [1784854368.743675013] [pinn_franka_controller]: Trajectory stale (495.4s > 2.0s) -- holding at last known position via gravity compensation.
[pinn_controller_node-1] [WARN] [1784854369.744383121] [pinn_franka_controller]: Trajectory stale (496.4s > 2.0s) -- holding at last known position via gravity compensation.
[pinn_controller_node-1] [WARN] [1784854370.744387565] [pinn_franka_controller]: Trajectory stale (497.4s > 2.0s) -- holding at last known position via gravity compensation.
[pinn_controller_node-1] [WARN] [1784854371.744715047] [pinn_franka_controller]: Trajectory stale (498.4s > 2.0s) -- holding at last known position via gravity compensation.
[pinn_controller_node-1] [WARN] [1784854372.744810748] [pinn_franka_controller]: Trajectory stale (499.4s > 2.0s) -- holding at last known position via gravity compensation.
[pinn_controller_node-1] [WARN] [1784854373.745660335] [pinn_franka_controller]: Trajectory stale (500.4s > 2.0s) -- holding at last known position via gravity compensation.
[pinn_controller_node-1] [WARN] [1784854374.746391464] [pinn_franka_controller]: Trajectory stale (501.4s > 2.0s) -- holding at last known position via gravity compensation.
[pinn_controller_node-1] [WARN] [1784854375.746769453] [pinn_franka_controller]: Trajectory stale (502.4s > 2.0s) -- holding at last known position via gravity compensation.
[pinn_controller_node-1] [WARN] [1784854376.747404334] [pinn_franka_controller]: Trajectory stale (503.4s > 2.0s) -- holding at last known position via gravity compensation.
[pinn_controller_node-1] [WARN] [1784854377.747461729] [pinn_franka_controller]: Trajectory stale (504.4s > 2.0s) -- holding at last known position via gravity compensation.
[pinn_controller_node-1] [WARN] [1784854378.748364706] [pinn_franka_controller]: Trajectory stale (505.4s > 2.0s) -- holding at last known position via gravity compensation.
[pinn_controller_node-1] [WARN] [1784854379.748430177] [pinn_franka_controller]: Trajectory stale (506.4s > 2.0s) -- holding at last known position via gravity compensation.
[pinn_controller_node-1] [WARN] [1784854380.748490854] [pinn_franka_controller]: Trajectory stale (507.4s > 2.0s) -- holding at last known position via gravity compensation.
[pinn_controller_node-1] [WARN] [1784854381.749389398] [pinn_franka_controller]: Trajectory stale (508.4s > 2.0s) -- holding at last known position via gravity compensation.
[pinn_controller_node-1] [WARN] [1784854382.750365699] [pinn_franka_controller]: Trajectory stale (509.4s > 2.0s) -- holding at last known position via gravity compensation.
[pinn_controller_node-1] [WARN] [1784854383.751343360] [pinn_franka_controller]: Trajectory stale (510.4s > 2.0s) -- holding at last known position via gravity compensation.
[pinn_controller_node-1] [WARN] [1784854384.751498886] [pinn_franka_controller]: Trajectory stale (511.4s > 2.0s) -- holding at last known position via gravity compensation.
[pinn_controller_node-1] [WARN] [1784854385.752443199] [pinn_franka_controller]: Trajectory stale (512.4s > 2.0s) -- holding at last known position via gravity compensation.
[pinn_controller_node-1] [WARN] [1784854386.752522080] [pinn_franka_controller]: Trajectory stale (513.4s > 2.0s) -- holding at last known position via gravity compensation.
[pinn_controller_node-1] [WARN] [1784854387.753539258] [pinn_franka_controller]: Trajectory stale (514.4s > 2.0s) -- holding at last known position via gravity compensation.
[pinn_controller_node-1] [WARN] [1784854388.754343312] [pinn_franka_controller]: Trajectory stale (515.4s > 2.0s) -- holding at last known position via gravity compensation.
[pinn_controller_node-1] [WARN] [1784854389.754756623] [pinn_franka_controller]: Trajectory stale (516.4s > 2.0s) -- holding at last known position via gravity compensation.
[pinn_controller_node-1] [WARN] [1784854390.755577110] [pinn_franka_controller]: Trajectory stale (517.4s > 2.0s) -- holding at last known position via gravity compensation.
[pinn_controller_node-1] [WARN] [1784854391.756311353] [pinn_franka_controller]: Trajectory stale (518.4s > 2.0s) -- holding at last known position via gravity compensation.
[pinn_controller_node-1] [WARN] [1784854392.756359102] [pinn_franka_controller]: Trajectory stale (519.4s > 2.0s) -- holding at last known position via gravity compensation.
[pinn_controller_node-1] [WARN] [1784854393.757391344] [pinn_franka_controller]: Trajectory stale (520.4s > 2.0s) -- holding at last known position via gravity compensation.
[pinn_controller_node-1] [WARN] [1784854394.758322028] [pinn_franka_controller]: Trajectory stale (521.4s > 2.0s) -- holding at last known position via gravity compensation.
[pinn_controller_node-1] [WARN] [1784854395.759342079] [pinn_franka_controller]: Trajectory stale (522.4s > 2.0s) -- holding at last known position via gravity compensation.
[pinn_controller_node-1] [WARN] [1784854396.759359891] [pinn_franka_controller]: Trajectory stale (523.4s > 2.0s) -- holding at last known position via gravity compensation.
[pinn_controller_node-1] [WARN] [1784854397.760293883] [pinn_franka_controller]: Trajectory stale (524.5s > 2.0s) -- holding at last known position via gravity compensation.
[pinn_controller_node-1] [WARN] [1784854398.760477798] [pinn_franka_controller]: Trajectory stale (525.5s > 2.0s) -- holding at last known position via gravity compensation.
[pinn_controller_node-1] [WARN] [1784854399.760733059] [pinn_franka_controller]: Trajectory stale (526.5s > 2.0s) -- holding at last known position via gravity compensation.
[pinn_controller_node-1] [WARN] [1784854400.761363294] [pinn_franka_controller]: Trajectory stale (527.5s > 2.0s) -- holding at last known position via gravity compensation.
[pinn_controller_node-1] [WARN] [1784854401.761822299] [pinn_franka_controller]: Trajectory stale (528.5s > 2.0s) -- holding at last known position via gravity compensation.
[pinn_controller_node-1] [WARN] [1784854402.762439354] [pinn_franka_controller]: Trajectory stale (529.5s > 2.0s) -- holding at last known position via gravity compensation.
[pinn_controller_node-1] [WARN] [1784854403.763353962] [pinn_franka_controller]: Trajectory stale (530.5s > 2.0s) -- holding at last known position via gravity compensation.
[pinn_controller_node-1] [WARN] [1784854404.763355047] [pinn_franka_controller]: Trajectory stale (531.5s > 2.0s) -- holding at last known position via gravity compensation.
[pinn_controller_node-1] [WARN] [1784854405.763544030] [pinn_franka_controller]: Trajectory stale (532.5s > 2.0s) -- holding at last known position via gravity compensation.
[pinn_controller_node-1] [WARN] [1784854406.764312906] [pinn_franka_controller]: Trajectory stale (533.5s > 2.0s) -- holding at last known position via gravity compensation.
[pinn_controller_node-1] [WARN] [1784854407.764325452] [pinn_franka_controller]: Trajectory stale (534.5s > 2.0s) -- holding at last known position via gravity compensation.
[pinn_controller_node-1] [WARN] [1784854408.764357518] [pinn_franka_controller]: Trajectory stale (535.5s > 2.0s) -- holding at last known position via gravity compensation.
[pinn_controller_node-1] [WARN] [1784854409.764366525] [pinn_franka_controller]: Trajectory stale (536.5s > 2.0s) -- holding at last known position via gravity compensation.
[pinn_controller_node-1] [WARN] [1784854410.764422138] [pinn_franka_controller]: Trajectory stale (537.5s > 2.0s) -- holding at last known position via gravity compensation.
[pinn_controller_node-1] [WARN] [1784854411.765361152] [pinn_franka_controller]: Trajectory stale (538.5s > 2.0s) -- holding at last known position via gravity compensation.
[pinn_controller_node-1] [WARN] [1784854412.766408555] [pinn_franka_controller]: Trajectory stale (539.5s > 2.0s) -- holding at last known position via gravity compensation.
[pinn_controller_node-1] [WARN] [1784854413.766406393] [pinn_franka_controller]: Trajectory stale (540.5s > 2.0s) -- holding at last known position via gravity compensation.
[pinn_controller_node-1] [WARN] [1784854414.766408821] [pinn_franka_controller]: Trajectory stale (541.5s > 2.0s) -- holding at last known position via gravity compensation.
[pinn_controller_node-1] [WARN] [1784854415.766808429] [pinn_franka_controller]: Trajectory stale (542.5s > 2.0s) -- holding at last known position via gravity compensation.
[pinn_controller_node-1] [WARN] [1784854416.767395577] [pinn_franka_controller]: Trajectory stale (543.5s > 2.0s) -- holding at last known position via gravity compensation.
[pinn_controller_node-1] [WARN] [1784854417.767711718] [pinn_franka_controller]: Trajectory stale (544.5s > 2.0s) -- holding at last known position via gravity compensation.
[pinn_controller_node-1] [WARN] [1784854418.768396606] [pinn_franka_controller]: Trajectory stale (545.5s > 2.0s) -- holding at last known position via gravity compensation.
[pinn_controller_node-1] [WARN] [1784854419.768443918] [pinn_franka_controller]: Trajectory stale (546.5s > 2.0s) -- holding at last known position via gravity compensation.
[pinn_controller_node-1] [WARN] [1784854420.769462686] [pinn_franka_controller]: Trajectory stale (547.5s > 2.0s) -- holding at last known position via gravity compensation.
[pinn_controller_node-1] [WARN] [1784854421.769497788] [pinn_franka_controller]: Trajectory stale (548.5s > 2.0s) -- holding at last known position via gravity compensation.
[pinn_controller_node-1] [WARN] [1784854422.770345743] [pinn_franka_controller]: Trajectory stale (549.5s > 2.0s) -- holding at last known position via gravity compensation.
[pinn_controller_node-1] [WARN] [1784854423.770629404] [pinn_franka_controller]: Trajectory stale (550.5s > 2.0s) -- holding at last known position via gravity compensation.
[pinn_controller_node-1] [WARN] [1784854424.771409821] [pinn_franka_controller]: Trajectory stale (551.5s > 2.0s) -- holding at last known position via gravity compensation.
[pinn_controller_node-1] [WARN] [1784854425.772395378] [pinn_franka_controller]: Trajectory stale (552.5s > 2.0s) -- holding at last known position via gravity compensation.
[pinn_controller_node-1] [WARN] [1784854426.773351883] [pinn_franka_controller]: Trajectory stale (553.5s > 2.0s) -- holding at last known position via gravity compensation.
[pinn_controller_node-1] [WARN] [1784854427.774341385] [pinn_franka_controller]: Trajectory stale (554.5s > 2.0s) -- holding at last known position via gravity compensation.
[pinn_controller_node-1] [WARN] [1784854428.775071251] [pinn_franka_controller]: Trajectory stale (555.5s > 2.0s) -- holding at last known position via gravity compensation.
[pinn_controller_node-1] [WARN] [1784854429.775487365] [pinn_franka_controller]: Trajectory stale (556.5s > 2.0s) -- holding at last known position via gravity compensation.
[pinn_controller_node-1] [WARN] [1784854430.775632111] [pinn_franka_controller]: Trajectory stale (557.5s > 2.0s) -- holding at last known position via gravity compensation.
[pinn_controller_node-1] [WARN] [1784854431.776605082] [pinn_franka_controller]: Trajectory stale (558.5s > 2.0s) -- holding at last known position via gravity compensation.
[pinn_controller_node-1] [WARN] [1784854432.777603077] [pinn_franka_controller]: Trajectory stale (559.5s > 2.0s) -- holding at last known position via gravity compensation.
[pinn_controller_node-1] [WARN] [1784854433.778442176] [pinn_franka_controller]: Trajectory stale (560.5s > 2.0s) -- holding at last known position via gravity compensation.
[pinn_controller_node-1] [WARN] [1784854434.778560808] [pinn_franka_controller]: Trajectory stale (561.5s > 2.0s) -- holding at last known position via gravity compensation.
[pinn_controller_node-1] [WARN] [1784854435.779378056] [pinn_franka_controller]: Trajectory stale (562.5s > 2.0s) -- holding at last known position via gravity compensation.
[pinn_controller_node-1] [WARN] [1784854436.779380230] [pinn_franka_controller]: Trajectory stale (563.5s > 2.0s) -- holding at last known position via gravity compensation.
[pinn_controller_node-1] [WARN] [1784854437.779395628] [pinn_franka_controller]: Trajectory stale (564.5s > 2.0s) -- holding at last known position via gravity compensation.
[pinn_controller_node-1] [WARN] [1784854438.780369047] [pinn_franka_controller]: Trajectory stale (565.5s > 2.0s) -- holding at last known position via gravity compensation.
[pinn_controller_node-1] [WARN] [1784854439.781389757] [pinn_franka_controller]: Trajectory stale (566.5s > 2.0s) -- holding at last known position via gravity compensation.
[pinn_controller_node-1] [WARN] [1784854440.781435806] [pinn_franka_controller]: Trajectory stale (567.5s > 2.0s) -- holding at last known position via gravity compensation.
[pinn_controller_node-1] [WARN] [1784854441.782386189] [pinn_franka_controller]: Trajectory stale (568.5s > 2.0s) -- holding at last known position via gravity compensation.
[pinn_controller_node-1] [WARN] [1784854442.782488461] [pinn_franka_controller]: Trajectory stale (569.5s > 2.0s) -- holding at last known position via gravity compensation.
[pinn_controller_node-1] [WARN] [1784854443.783286534] [pinn_franka_controller]: Trajectory stale (570.5s > 2.0s) -- holding at last known position via gravity compensation.
[pinn_controller_node-1] [WARN] [1784854444.783347764] [pinn_franka_controller]: Trajectory stale (571.5s > 2.0s) -- holding at last known position via gravity compensation.
[pinn_controller_node-1] [WARN] [1784854445.783400904] [pinn_franka_controller]: Trajectory stale (572.5s > 2.0s) -- holding at last known position via gravity compensation.
[pinn_controller_node-1] [WARN] [1784854446.784413210] [pinn_franka_controller]: Trajectory stale (573.5s > 2.0s) -- holding at last known position via gravity compensation.
[pinn_controller_node-1] [WARN] [1784854447.784454182] [pinn_franka_controller]: Trajectory stale (574.5s > 2.0s) -- holding at last known position via gravity compensation.
[pinn_controller_node-1] [WARN] [1784854448.785384368] [pinn_franka_controller]: Trajectory stale (575.5s > 2.0s) -- holding at last known position via gravity compensation.
[pinn_controller_node-1] [WARN] [1784854449.785411808] [pinn_franka_controller]: Trajectory stale (576.5s > 2.0s) -- holding at last known position via gravity compensation.
[pinn_controller_node-1] [WARN] [1784854450.786390910] [pinn_franka_controller]: Trajectory stale (577.5s > 2.0s) -- holding at last known position via gravity compensation.
[pinn_controller_node-1] [WARN] [1784854451.786468741] [pinn_franka_controller]: Trajectory stale (578.5s > 2.0s) -- holding at last known position via gravity compensation.
[pinn_controller_node-1] [WARN] [1784854452.787365841] [pinn_franka_controller]: Trajectory stale (579.5s > 2.0s) -- holding at last known position via gravity compensation.
[pinn_controller_node-1] [WARN] [1784854453.787572954] [pinn_franka_controller]: Trajectory stale (580.5s > 2.0s) -- holding at last known position via gravity compensation.
[pinn_controller_node-1] [WARN] [1784854454.787647386] [pinn_franka_controller]: Trajectory stale (581.5s > 2.0s) -- holding at last known position via gravity compensation.
[pinn_controller_node-1] [WARN] [1784854455.788674730] [pinn_franka_controller]: Trajectory stale (582.5s > 2.0s) -- holding at last known position via gravity compensation.
[pinn_controller_node-1] [WARN] [1784854456.789543123] [pinn_franka_controller]: Trajectory stale (583.5s > 2.0s) -- holding at last known position via gravity compensation.
[pinn_controller_node-1] [WARN] [1784854457.790474733] [pinn_franka_controller]: Trajectory stale (584.5s > 2.0s) -- holding at last known position via gravity compensation.
[pinn_controller_node-1] [WARN] [1784854458.791304838] [pinn_franka_controller]: Trajectory stale (585.5s > 2.0s) -- holding at last known position via gravity compensation.
[pinn_controller_node-1] [WARN] [1784854459.791617562] [pinn_franka_controller]: Trajectory stale (586.5s > 2.0s) -- holding at last known position via gravity compensation.
[pinn_controller_node-1] [WARN] [1784854460.792379036] [pinn_franka_controller]: Trajectory stale (587.5s > 2.0s) -- holding at last known position via gravity compensation.
[pinn_controller_node-1] [WARN] [1784854461.792659512] [pinn_franka_controller]: Trajectory stale (588.5s > 2.0s) -- holding at last known position via gravity compensation.
[pinn_controller_node-1] [WARN] [1784854462.793380393] [pinn_franka_controller]: Trajectory stale (589.5s > 2.0s) -- holding at last known position via gravity compensation.
[pinn_controller_node-1] [WARN] [1784854463.793538943] [pinn_franka_controller]: Trajectory stale (590.5s > 2.0s) -- holding at last known position via gravity compensation.
[pinn_controller_node-1] [WARN] [1784854464.794331258] [pinn_franka_controller]: Trajectory stale (591.5s > 2.0s) -- holding at last known position via gravity compensation.
[pinn_controller_node-1] [WARN] [1784854465.795057305] [pinn_franka_controller]: Trajectory stale (592.5s > 2.0s) -- holding at last known position via gravity compensation.
[pinn_controller_node-1] [WARN] [1784854466.795441318] [pinn_franka_controller]: Trajectory stale (593.5s > 2.0s) -- holding at last known position via gravity compensation.
[pinn_controller_node-1] [WARN] [1784854467.796230872] [pinn_franka_controller]: Trajectory stale (594.5s > 2.0s) -- holding at last known position via gravity compensation.
[pinn_controller_node-1] [WARN] [1784854468.796401242] [pinn_franka_controller]: Trajectory stale (595.5s > 2.0s) -- holding at last known position via gravity compensation.
[pinn_controller_node-1] [WARN] [1784854469.796461484] [pinn_franka_controller]: Trajectory stale (596.5s > 2.0s) -- holding at last known position via gravity compensation.
[pinn_controller_node-1] [WARN] [1784854470.797142798] [pinn_franka_controller]: Trajectory stale (597.5s > 2.0s) -- holding at last known position via gravity compensation.
[pinn_controller_node-1] [WARN] [1784854471.797936424] [pinn_franka_controller]: Trajectory stale (598.5s > 2.0s) -- holding at last known position via gravity compensation.
[pinn_controller_node-1] [WARN] [1784854472.798929001] [pinn_franka_controller]: Trajectory stale (599.5s > 2.0s) -- holding at last known position via gravity compensation.
[pinn_controller_node-1] [WARN] [1784854473.799342060] [pinn_franka_controller]: Trajectory stale (600.5s > 2.0s) -- holding at last known position via gravity compensation.
[pinn_controller_node-1] [WARN] [1784854474.799374824] [pinn_franka_controller]: Trajectory stale (601.5s > 2.0s) -- holding at last known position via gravity compensation.
[pinn_controller_node-1] [WARN] [1784854475.800308436] [pinn_franka_controller]: Trajectory stale (602.5s > 2.0s) -- holding at last known position via gravity compensation.
[pinn_controller_node-1] [WARN] [1784854476.800434807] [pinn_franka_controller]: Trajectory stale (603.5s > 2.0s) -- holding at last known position via gravity compensation.
[pinn_controller_node-1] [WARN] [1784854477.800856673] [pinn_franka_controller]: Trajectory stale (604.5s > 2.0s) -- holding at last known position via gravity compensation.
[pinn_controller_node-1] [WARN] [1784854478.801392989] [pinn_franka_controller]: Trajectory stale (605.5s > 2.0s) -- holding at last known position via gravity compensation.
[pinn_controller_node-1] [WARN] [1784854479.801444016] [pinn_franka_controller]: Trajectory stale (606.5s > 2.0s) -- holding at last known position via gravity compensation.
[pinn_controller_node-1] [WARN] [1784854480.801586042] [pinn_franka_controller]: Trajectory stale (607.5s > 2.0s) -- holding at last known position via gravity compensation.
[pinn_controller_node-1] [WARN] [1784854481.802541520] [pinn_franka_controller]: Trajectory stale (608.5s > 2.0s) -- holding at last known position via gravity compensation.
[pinn_controller_node-1] [WARN] [1784854482.803384552] [pinn_franka_controller]: Trajectory stale (609.5s > 2.0s) -- holding at last known position via gravity compensation.
[pinn_controller_node-1] [WARN] [1784854483.804350509] [pinn_franka_controller]: Trajectory stale (610.5s > 2.0s) -- holding at last known position via gravity compensation.
[pinn_controller_node-1] [WARN] [1784854484.804488454] [pinn_franka_controller]: Trajectory stale (611.5s > 2.0s) -- holding at last known position via gravity compensation.
[pinn_controller_node-1] [WARN] [1784854485.804636645] [pinn_franka_controller]: Trajectory stale (612.5s > 2.0s) -- holding at last known position via gravity compensation.
[pinn_controller_node-1] [WARN] [1784854486.805591369] [pinn_franka_controller]: Trajectory stale (613.5s > 2.0s) -- holding at last known position via gravity compensation.
[pinn_controller_node-1] [WARN] [1784854487.805614583] [pinn_franka_controller]: Trajectory stale (614.5s > 2.0s) -- holding at last known position via gravity compensation.
[pinn_controller_node-1] [WARN] [1784854488.806485101] [pinn_franka_controller]: Trajectory stale (615.5s > 2.0s) -- holding at last known position via gravity compensation.
[pinn_controller_node-1] [WARN] [1784854489.807393516] [pinn_franka_controller]: Trajectory stale (616.5s > 2.0s) -- holding at last known position via gravity compensation.
[pinn_controller_node-1] [WARN] [1784854490.808368602] [pinn_franka_controller]: Trajectory stale (617.5s > 2.0s) -- holding at last known position via gravity compensation.
[pinn_controller_node-1] [WARN] [1784854491.808492914] [pinn_franka_controller]: Trajectory stale (618.5s > 2.0s) -- holding at last known position via gravity compensation.
[pinn_controller_node-1] [WARN] [1784854492.808805024] [pinn_franka_controller]: Trajectory stale (619.5s > 2.0s) -- holding at last known position via gravity compensation.
[pinn_controller_node-1] [WARN] [1784854493.809852991] [pinn_franka_controller]: Trajectory stale (620.5s > 2.0s) -- holding at last known position via gravity compensation.
[pinn_controller_node-1] [WARN] [1784854494.810313269] [pinn_franka_controller]: Trajectory stale (621.5s > 2.0s) -- holding at last known position via gravity compensation.
[pinn_controller_node-1] [WARN] [1784854495.810391203] [pinn_franka_controller]: Trajectory stale (622.5s > 2.0s) -- holding at last known position via gravity compensation.
[pinn_controller_node-1] [WARN] [1784854496.811386219] [pinn_franka_controller]: Trajectory stale (623.5s > 2.0s) -- holding at last known position via gravity compensation.
[pinn_controller_node-1] [WARN] [1784854497.811419798] [pinn_franka_controller]: Trajectory stale (624.5s > 2.0s) -- holding at last known position via gravity compensation.
[pinn_controller_node-1] [WARN] [1784854498.811588069] [pinn_franka_controller]: Trajectory stale (625.5s > 2.0s) -- holding at last known position via gravity compensation.
[pinn_controller_node-1] [WARN] [1784854499.812314328] [pinn_franka_controller]: Trajectory stale (626.5s > 2.0s) -- holding at last known position via gravity compensation.
[pinn_controller_node-1] [WARN] [1784854500.813853641] [pinn_franka_controller]: Trajectory stale (627.5s > 2.0s) -- holding at last known position via gravity compensation.
[pinn_controller_node-1] [WARN] [1784854501.814377931] [pinn_franka_controller]: Trajectory stale (628.5s > 2.0s) -- holding at last known position via gravity compensation.
[pinn_controller_node-1] [WARN] [1784854502.815388504] [pinn_franka_controller]: Trajectory stale (629.5s > 2.0s) -- holding at last known position via gravity compensation.
[pinn_controller_node-1] [WARN] [1784854503.815606404] [pinn_franka_controller]: Trajectory stale (630.5s > 2.0s) -- holding at last known position via gravity compensation.
[pinn_controller_node-1] [WARN] [1784854504.816391525] [pinn_franka_controller]: Trajectory stale (631.5s > 2.0s) -- holding at last known position via gravity compensation.
[pinn_controller_node-1] [WARN] [1784854505.816502728] [pinn_franka_controller]: Trajectory stale (632.5s > 2.0s) -- holding at last known position via gravity compensation.
[pinn_controller_node-1] [WARN] [1784854506.816787914] [pinn_franka_controller]: Trajectory stale (633.5s > 2.0s) -- holding at last known position via gravity compensation.
[pinn_controller_node-1] [WARN] [1784854507.817327198] [pinn_franka_controller]: Trajectory stale (634.5s > 2.0s) -- holding at last known position via gravity compensation.
[pinn_controller_node-1] [WARN] [1784854508.817442572] [pinn_franka_controller]: Trajectory stale (635.5s > 2.0s) -- holding at last known position via gravity compensation.
[pinn_controller_node-1] [WARN] [1784854509.818469815] [pinn_franka_controller]: Trajectory stale (636.5s > 2.0s) -- holding at last known position via gravity compensation.
[pinn_controller_node-1] [WARN] [1784854510.819158100] [pinn_franka_controller]: Trajectory stale (637.5s > 2.0s) -- holding at last known position via gravity compensation.
[pinn_controller_node-1] [WARN] [1784854511.819480121] [pinn_franka_controller]: Trajectory stale (638.5s > 2.0s) -- holding at last known position via gravity compensation.
[pinn_controller_node-1] [WARN] [1784854512.820426569] [pinn_franka_controller]: Trajectory stale (639.5s > 2.0s) -- holding at last known position via gravity compensation.
[pinn_controller_node-1] [WARN] [1784854513.820902592] [pinn_franka_controller]: Trajectory stale (640.5s > 2.0s) -- holding at last known position via gravity compensation.
[pinn_controller_node-1] [WARN] [1784854514.821659103] [pinn_franka_controller]: Trajectory stale (641.5s > 2.0s) -- holding at last known position via gravity compensation.
[pinn_controller_node-1] [WARN] [1784854515.822320932] [pinn_franka_controller]: Trajectory stale (642.5s > 2.0s) -- holding at last known position via gravity compensation.
[pinn_controller_node-1] [WARN] [1784854516.822729061] [pinn_franka_controller]: Trajectory stale (643.5s > 2.0s) -- holding at last known position via gravity compensation.
[pinn_controller_node-1] [WARN] [1784854517.823096425] [pinn_franka_controller]: Trajectory stale (644.5s > 2.0s) -- holding at last known position via gravity compensation.
[pinn_controller_node-1] [WARN] [1784854518.823425509] [pinn_franka_controller]: Trajectory stale (645.5s > 2.0s) -- holding at last known position via gravity compensation.
[pinn_controller_node-1] [WARN] [1784854519.823946007] [pinn_franka_controller]: Trajectory stale (646.5s > 2.0s) -- holding at last known position via gravity compensation.
[pinn_controller_node-1] [WARN] [1784854520.824815279] [pinn_franka_controller]: Trajectory stale (647.5s > 2.0s) -- holding at last known position via gravity compensation.
[pinn_controller_node-1] [WARN] [1784854521.825421723] [pinn_franka_controller]: Trajectory stale (648.5s > 2.0s) -- holding at last known position via gravity compensation.
[pinn_controller_node-1] [WARN] [1784854522.826393414] [pinn_franka_controller]: Trajectory stale (649.5s > 2.0s) -- holding at last known position via gravity compensation.
[pinn_controller_node-1] [WARN] [1784854523.827313267] [pinn_franka_controller]: Trajectory stale (650.5s > 2.0s) -- holding at last known position via gravity compensation.
[pinn_controller_node-1] [WARN] [1784854524.827364101] [pinn_franka_controller]: Trajectory stale (651.5s > 2.0s) -- holding at last known position via gravity compensation.
[pinn_controller_node-1] [WARN] [1784854525.827368250] [pinn_franka_controller]: Trajectory stale (652.5s > 2.0s) -- holding at last known position via gravity compensation.
[pinn_controller_node-1] [WARN] [1784854526.827457663] [pinn_franka_controller]: Trajectory stale (653.5s > 2.0s) -- holding at last known position via gravity compensation.
[pinn_controller_node-1] [WARN] [1784854527.827766358] [pinn_franka_controller]: Trajectory stale (654.5s > 2.0s) -- holding at last known position via gravity compensation.
[pinn_controller_node-1] [WARN] [1784854528.828446109] [pinn_franka_controller]: Trajectory stale (655.5s > 2.0s) -- holding at last known position via gravity compensation.
[pinn_controller_node-1] [WARN] [1784854529.828624742] [pinn_franka_controller]: Trajectory stale (656.5s > 2.0s) -- holding at last known position via gravity compensation.
[pinn_controller_node-1] [WARN] [1784854530.829600756] [pinn_franka_controller]: Trajectory stale (657.5s > 2.0s) -- holding at last known position via gravity compensation.
[pinn_controller_node-1] [WARN] [1784854531.830554720] [pinn_franka_controller]: Trajectory stale (658.5s > 2.0s) -- holding at last known position via gravity compensation.
[pinn_controller_node-1] [WARN] [1784854532.831364320] [pinn_franka_controller]: Trajectory stale (659.5s > 2.0s) -- holding at last known position via gravity compensation.
[pinn_controller_node-1] [WARN] [1784854533.831570882] [pinn_franka_controller]: Trajectory stale (660.5s > 2.0s) -- holding at last known position via gravity compensation.
[pinn_controller_node-1] [WARN] [1784854534.832462300] [pinn_franka_controller]: Trajectory stale (661.5s > 2.0s) -- holding at last known position via gravity compensation.
[pinn_controller_node-1] [WARN] [1784854535.833352817] [pinn_franka_controller]: Trajectory stale (662.5s > 2.0s) -- holding at last known position via gravity compensation.
[pinn_controller_node-1] [WARN] [1784854536.833668956] [pinn_franka_controller]: Trajectory stale (663.5s > 2.0s) -- holding at last known position via gravity compensation.
[pinn_controller_node-1] [WARN] [1784854537.834464185] [pinn_franka_controller]: Trajectory stale (664.5s > 2.0s) -- holding at last known position via gravity compensation.
[pinn_controller_node-1] [WARN] [1784854538.835375984] [pinn_franka_controller]: Trajectory stale (665.5s > 2.0s) -- holding at last known position via gravity compensation.
[pinn_controller_node-1] [WARN] [1784854539.835464839] [pinn_franka_controller]: Trajectory stale (666.5s > 2.0s) -- holding at last known position via gravity compensation.
[pinn_controller_node-1] [WARN] [1784854540.835472856] [pinn_franka_controller]: Trajectory stale (667.5s > 2.0s) -- holding at last known position via gravity compensation.
[pinn_controller_node-1] [WARN] [1784854541.835700973] [pinn_franka_controller]: Trajectory stale (668.5s > 2.0s) -- holding at last known position via gravity compensation.
[pinn_controller_node-1] [WARN] [1784854542.836612390] [pinn_franka_controller]: Trajectory stale (669.5s > 2.0s) -- holding at last known position via gravity compensation.
[pinn_controller_node-1] [WARN] [1784854543.837379158] [pinn_franka_controller]: Trajectory stale (670.5s > 2.0s) -- holding at last known position via gravity compensation.
[pinn_controller_node-1] [WARN] [1784854544.837860543] [pinn_franka_controller]: Trajectory stale (671.5s > 2.0s) -- holding at last known position via gravity compensation.
[pinn_controller_node-1] [WARN] [1784854545.838372452] [pinn_franka_controller]: Trajectory stale (672.5s > 2.0s) -- holding at last known position via gravity compensation.
[pinn_controller_node-1] [WARN] [1784854546.839349664] [pinn_franka_controller]: Trajectory stale (673.5s > 2.0s) -- holding at last known position via gravity compensation.
[pinn_controller_node-1] [WARN] [1784854547.839475559] [pinn_franka_controller]: Trajectory stale (674.5s > 2.0s) -- holding at last known position via gravity compensation.
[pinn_controller_node-1] [WARN] [1784854548.839672786] [pinn_franka_controller]: Trajectory stale (675.5s > 2.0s) -- holding at last known position via gravity compensation.
[pinn_controller_node-1] [WARN] [1784854549.840314474] [pinn_franka_controller]: Trajectory stale (676.5s > 2.0s) -- holding at last known position via gravity compensation.
[pinn_controller_node-1] [WARN] [1784854550.840579923] [pinn_franka_controller]: Trajectory stale (677.5s > 2.0s) -- holding at last known position via gravity compensation.
[pinn_controller_node-1] [WARN] [1784854551.841500268] [pinn_franka_controller]: Trajectory stale (678.5s > 2.0s) -- holding at last known position via gravity compensation.
[pinn_controller_node-1] [WARN] [1784854552.842375284] [pinn_franka_controller]: Trajectory stale (679.5s > 2.0s) -- holding at last known position via gravity compensation.
[pinn_controller_node-1] [WARN] [1784854553.843352790] [pinn_franka_controller]: Trajectory stale (680.5s > 2.0s) -- holding at last known position via gravity compensation.
[pinn_controller_node-1] [WARN] [1784854554.843391097] [pinn_franka_controller]: Trajectory stale (681.5s > 2.0s) -- holding at last known position via gravity compensation.
[pinn_controller_node-1] [WARN] [1784854555.843736506] [pinn_franka_controller]: Trajectory stale (682.5s > 2.0s) -- holding at last known position via gravity compensation.
[pinn_controller_node-1] [WARN] [1784854556.844265970] [pinn_franka_controller]: Trajectory stale (683.5s > 2.0s) -- holding at last known position via gravity compensation.
[pinn_controller_node-1] [WARN] [1784854557.844423589] [pinn_franka_controller]: Trajectory stale (684.5s > 2.0s) -- holding at last known position via gravity compensation.
[pinn_controller_node-1] [WARN] [1784854558.844905869] [pinn_franka_controller]: Trajectory stale (685.5s > 2.0s) -- holding at last known position via gravity compensation.
[pinn_controller_node-1] [WARN] [1784854559.845475525] [pinn_franka_controller]: Trajectory stale (686.5s > 2.0s) -- holding at last known position via gravity compensation.
[pinn_controller_node-1] [WARN] [1784854560.845519729] [pinn_franka_controller]: Trajectory stale (687.5s > 2.0s) -- holding at last known position via gravity compensation.
[pinn_controller_node-1] [WARN] [1784854561.845820393] [pinn_franka_controller]: Trajectory stale (688.5s > 2.0s) -- holding at last known position via gravity compensation.
[pinn_controller_node-1] [WARN] [1784854562.846792640] [pinn_franka_controller]: Trajectory stale (689.5s > 2.0s) -- holding at last known position via gravity compensation.
[pinn_controller_node-1] [WARN] [1784854563.846834312] [pinn_franka_controller]: Trajectory stale (690.5s > 2.0s) -- holding at last known position via gravity compensation.
[pinn_controller_node-1] [WARN] [1784854564.847343657] [pinn_franka_controller]: Trajectory stale (691.5s > 2.0s) -- holding at last known position via gravity compensation.
[pinn_controller_node-1] [WARN] [1784854565.847397821] [pinn_franka_controller]: Trajectory stale (692.5s > 2.0s) -- holding at last known position via gravity compensation.
[pinn_controller_node-1] [WARN] [1784854566.847410810] [pinn_franka_controller]: Trajectory stale (693.5s > 2.0s) -- holding at last known position via gravity compensation.
[pinn_controller_node-1] [WARN] [1784854567.848345155] [pinn_franka_controller]: Trajectory stale (694.5s > 2.0s) -- holding at last known position via gravity compensation.
[pinn_controller_node-1] [WARN] [1784854568.848521150] [pinn_franka_controller]: Trajectory stale (695.5s > 2.0s) -- holding at last known position via gravity compensation.
[pinn_controller_node-1] [WARN] [1784854569.849368295] [pinn_franka_controller]: Trajectory stale (696.5s > 2.0s) -- holding at last known position via gravity compensation.
[pinn_controller_node-1] [WARN] [1784854570.850355105] [pinn_franka_controller]: Trajectory stale (697.5s > 2.0s) -- holding at last known position via gravity compensation.
[pinn_controller_node-1] [WARN] [1784854571.851312438] [pinn_franka_controller]: Trajectory stale (698.5s > 2.0s) -- holding at last known position via gravity compensation.
[pinn_controller_node-1] [WARN] [1784854572.852168093] [pinn_franka_controller]: Trajectory stale (699.5s > 2.0s) -- holding at last known position via gravity compensation.
[pinn_controller_node-1] [WARN] [1784854573.852279878] [pinn_franka_controller]: Trajectory stale (700.5s > 2.0s) -- holding at last known position via gravity compensation.
[pinn_controller_node-1] [WARN] [1784854574.852482952] [pinn_franka_controller]: Trajectory stale (701.5s > 2.0s) -- holding at last known position via gravity compensation.
[pinn_controller_node-1] [WARN] [1784854575.853396424] [pinn_franka_controller]: Trajectory stale (702.5s > 2.0s) -- holding at last known position via gravity compensation.
[pinn_controller_node-1] [WARN] [1784854576.853518499] [pinn_franka_controller]: Trajectory stale (703.5s > 2.0s) -- holding at last known position via gravity compensation.
[pinn_controller_node-1] [WARN] [1784854577.854315142] [pinn_franka_controller]: Trajectory stale (704.5s > 2.0s) -- holding at last known position via gravity compensation.
[pinn_controller_node-1] [WARN] [1784854578.854436305] [pinn_franka_controller]: Trajectory stale (705.5s > 2.0s) -- holding at last known position via gravity compensation.
[pinn_controller_node-1] [WARN] [1784854579.854458409] [pinn_franka_controller]: Trajectory stale (706.5s > 2.0s) -- holding at last known position via gravity compensation.
[pinn_controller_node-1] [WARN] [1784854580.855344800] [pinn_franka_controller]: Trajectory stale (707.5s > 2.0s) -- holding at last known position via gravity compensation.
[pinn_controller_node-1] [WARN] [1784854581.855560990] [pinn_franka_controller]: Trajectory stale (708.5s > 2.0s) -- holding at last known position via gravity compensation.
[pinn_controller_node-1] [WARN] [1784854582.856312677] [pinn_franka_controller]: Trajectory stale (709.5s > 2.0s) -- holding at last known position via gravity compensation.
[pinn_controller_node-1] [WARN] [1784854583.856354638] [pinn_franka_controller]: Trajectory stale (710.5s > 2.0s) -- holding at last known position via gravity compensation.
[pinn_controller_node-1] [WARN] [1784854584.857342859] [pinn_franka_controller]: Trajectory stale (711.5s > 2.0s) -- holding at last known position via gravity compensation.
[pinn_controller_node-1] [WARN] [1784854585.857400925] [pinn_franka_controller]: Trajectory stale (712.5s > 2.0s) -- holding at last known position via gravity compensation.
[pinn_controller_node-1] [WARN] [1784854586.857475666] [pinn_franka_controller]: Trajectory stale (713.5s > 2.0s) -- holding at last known position via gravity compensation.
[pinn_controller_node-1] [WARN] [1784854587.857714955] [pinn_franka_controller]: Trajectory stale (714.5s > 2.0s) -- holding at last known position via gravity compensation.
[pinn_controller_node-1] [WARN] [1784854588.859216228] [pinn_franka_controller]: Trajectory stale (715.5s > 2.0s) -- holding at last known position via gravity compensation.
[pinn_controller_node-1] [WARN] [1784854589.859580689] [pinn_franka_controller]: Trajectory stale (716.5s > 2.0s) -- holding at last known position via gravity compensation.
[pinn_controller_node-1] [WARN] [1784854590.860357799] [pinn_franka_controller]: Trajectory stale (717.6s > 2.0s) -- holding at last known position via gravity compensation.
[pinn_controller_node-1] [WARN] [1784854591.861269288] [pinn_franka_controller]: Trajectory stale (718.6s > 2.0s) -- holding at last known position via gravity compensation.
[pinn_controller_node-1] [WARN] [1784854592.861368947] [pinn_franka_controller]: Trajectory stale (719.6s > 2.0s) -- holding at last known position via gravity compensation.
[pinn_controller_node-1] [WARN] [1784854593.862307412] [pinn_franka_controller]: Trajectory stale (720.6s > 2.0s) -- holding at last known position via gravity compensation.
[pinn_controller_node-1] [WARN] [1784854594.862359686] [pinn_franka_controller]: Trajectory stale (721.6s > 2.0s) -- holding at last known position via gravity compensation.
[pinn_controller_node-1] [WARN] [1784854595.862514250] [pinn_franka_controller]: Trajectory stale (722.6s > 2.0s) -- holding at last known position via gravity compensation.
[pinn_controller_node-1] [WARN] [1784854596.863528004] [pinn_franka_controller]: Trajectory stale (723.6s > 2.0s) -- holding at last known position via gravity compensation.
[pinn_controller_node-1] [WARN] [1784854597.864347005] [pinn_franka_controller]: Trajectory stale (724.6s > 2.0s) -- holding at last known position via gravity compensation.
[pinn_controller_node-1] [WARN] [1784854598.864418068] [pinn_franka_controller]: Trajectory stale (725.6s > 2.0s) -- holding at last known position via gravity compensation.
[pinn_controller_node-1] [WARN] [1784854599.865322006] [pinn_franka_controller]: Trajectory stale (726.6s > 2.0s) -- holding at last known position via gravity compensation.
[pinn_controller_node-1] [WARN] [1784854600.865741070] [pinn_franka_controller]: Trajectory stale (727.6s > 2.0s) -- holding at last known position via gravity compensation.
[pinn_controller_node-1] [WARN] [1784854601.866216095] [pinn_franka_controller]: Trajectory stale (728.6s > 2.0s) -- holding at last known position via gravity compensation.
[pinn_controller_node-1] [WARN] [1784854602.866340888] [pinn_franka_controller]: Trajectory stale (729.6s > 2.0s) -- holding at last known position via gravity compensation.
[pinn_controller_node-1] [WARN] [1784854603.867362559] [pinn_franka_controller]: Trajectory stale (730.6s > 2.0s) -- holding at last known position via gravity compensation.
[pinn_controller_node-1] [WARN] [1784854604.867720394] [pinn_franka_controller]: Trajectory stale (731.6s > 2.0s) -- holding at last known position via gravity compensation.
[pinn_controller_node-1] [WARN] [1784854605.868314644] [pinn_franka_controller]: Trajectory stale (732.6s > 2.0s) -- holding at last known position via gravity compensation.
[pinn_controller_node-1] [WARN] [1784854606.868755195] [pinn_franka_controller]: Trajectory stale (733.6s > 2.0s) -- holding at last known position via gravity compensation.
[pinn_controller_node-1] [WARN] [1784854607.868818122] [pinn_franka_controller]: Trajectory stale (734.6s > 2.0s) -- holding at last known position via gravity compensation.
[pinn_controller_node-1] [WARN] [1784854608.869621650] [pinn_franka_controller]: Trajectory stale (735.6s > 2.0s) -- holding at last known position via gravity compensation.
[pinn_controller_node-1] [WARN] [1784854609.870540414] [pinn_franka_controller]: Trajectory stale (736.6s > 2.0s) -- holding at last known position via gravity compensation.
[pinn_controller_node-1] [WARN] [1784854610.871291267] [pinn_franka_controller]: Trajectory stale (737.6s > 2.0s) -- holding at last known position via gravity compensation.
[pinn_controller_node-1] [WARN] [1784854611.871438333] [pinn_franka_controller]: Trajectory stale (738.6s > 2.0s) -- holding at last known position via gravity compensation.
[pinn_controller_node-1] [WARN] [1784854612.872359052] [pinn_franka_controller]: Trajectory stale (739.6s > 2.0s) -- holding at last known position via gravity compensation.
[pinn_controller_node-1] [WARN] [1784854613.872433845] [pinn_franka_controller]: Trajectory stale (740.6s > 2.0s) -- holding at last known position via gravity compensation.
[pinn_controller_node-1] [WARN] [1784854614.873360830] [pinn_franka_controller]: Trajectory stale (741.6s > 2.0s) -- holding at last known position via gravity compensation.
[pinn_controller_node-1] [WARN] [1784854615.874358080] [pinn_franka_controller]: Trajectory stale (742.6s > 2.0s) -- holding at last known position via gravity compensation.
[pinn_controller_node-1] [WARN] [1784854616.874361119] [pinn_franka_controller]: Trajectory stale (743.6s > 2.0s) -- holding at last known position via gravity compensation.
[pinn_controller_node-1] [WARN] [1784854617.874433193] [pinn_franka_controller]: Trajectory stale (744.6s > 2.0s) -- holding at last known position via gravity compensation.
[pinn_controller_node-1] [WARN] [1784854618.874656761] [pinn_franka_controller]: Trajectory stale (745.6s > 2.0s) -- holding at last known position via gravity compensation.
[pinn_controller_node-1] [WARN] [1784854619.875408983] [pinn_franka_controller]: Trajectory stale (746.6s > 2.0s) -- holding at last known position via gravity compensation.
[pinn_controller_node-1] [WARN] [1784854620.875513096] [pinn_franka_controller]: Trajectory stale (747.6s > 2.0s) -- holding at last known position via gravity compensation.
[pinn_controller_node-1] [WARN] [1784854621.876361091] [pinn_franka_controller]: Trajectory stale (748.6s > 2.0s) -- holding at last known position via gravity compensation.
[pinn_controller_node-1] [WARN] [1784854622.876363870] [pinn_franka_controller]: Trajectory stale (749.6s > 2.0s) -- holding at last known position via gravity compensation.
[pinn_controller_node-1] [WARN] [1784854623.876373693] [pinn_franka_controller]: Trajectory stale (750.6s > 2.0s) -- holding at last known position via gravity compensation.
[pinn_controller_node-1] [WARN] [1784854624.876416254] [pinn_franka_controller]: Trajectory stale (751.6s > 2.0s) -- holding at last known position via gravity compensation.
[pinn_controller_node-1] [WARN] [1784854625.877431940] [pinn_franka_controller]: Trajectory stale (752.6s > 2.0s) -- holding at last known position via gravity compensation.
[pinn_controller_node-1] [WARN] [1784854626.877551172] [pinn_franka_controller]: Trajectory stale (753.6s > 2.0s) -- holding at last known position via gravity compensation.
[pinn_controller_node-1] [WARN] [1784854627.878482626] [pinn_franka_controller]: Trajectory stale (754.6s > 2.0s) -- holding at last known position via gravity compensation.
[pinn_controller_node-1] [WARN] [1784854628.879347943] [pinn_franka_controller]: Trajectory stale (755.6s > 2.0s) -- holding at last known position via gravity compensation.
[pinn_controller_node-1] [WARN] [1784854629.880343645] [pinn_franka_controller]: Trajectory stale (756.6s > 2.0s) -- holding at last known position via gravity compensation.
[pinn_controller_node-1] [WARN] [1784854630.880522472] [pinn_franka_controller]: Trajectory stale (757.6s > 2.0s) -- holding at last known position via gravity compensation.
[pinn_controller_node-1] [WARN] [1784854631.881349452] [pinn_franka_controller]: Trajectory stale (758.6s > 2.0s) -- holding at last known position via gravity compensation.
[pinn_controller_node-1] [WARN] [1784854632.881472603] [pinn_franka_controller]: Trajectory stale (759.6s > 2.0s) -- holding at last known position via gravity compensation.
[pinn_controller_node-1] [WARN] [1784854633.882310734] [pinn_franka_controller]: Trajectory stale (760.6s > 2.0s) -- holding at last known position via gravity compensation.
[pinn_controller_node-1] [WARN] [1784854634.883199331] [pinn_franka_controller]: Trajectory stale (761.6s > 2.0s) -- holding at last known position via gravity compensation.
[pinn_controller_node-1] [WARN] [1784854635.883367846] [pinn_franka_controller]: Trajectory stale (762.6s > 2.0s) -- holding at last known position via gravity compensation.
[pinn_controller_node-1] [WARN] [1784854636.884075484] [pinn_franka_controller]: Trajectory stale (763.6s > 2.0s) -- holding at last known position via gravity compensation.
[pinn_controller_node-1] [WARN] [1784854637.884997549] [pinn_franka_controller]: Trajectory stale (764.6s > 2.0s) -- holding at last known position via gravity compensation.
[pinn_controller_node-1] [WARN] [1784854638.885358900] [pinn_franka_controller]: Trajectory stale (765.6s > 2.0s) -- holding at last known position via gravity compensation.
[pinn_controller_node-1] [WARN] [1784854639.885436383] [pinn_franka_controller]: Trajectory stale (766.6s > 2.0s) -- holding at last known position via gravity compensation.
[pinn_controller_node-1] [WARN] [1784854640.885462769] [pinn_franka_controller]: Trajectory stale (767.6s > 2.0s) -- holding at last known position via gravity compensation.
[pinn_controller_node-1] [WARN] [1784854641.886374924] [pinn_franka_controller]: Trajectory stale (768.6s > 2.0s) -- holding at last known position via gravity compensation.
[pinn_controller_node-1] [WARN] [1784854642.887435227] [pinn_franka_controller]: Trajectory stale (769.6s > 2.0s) -- holding at last known position via gravity compensation.
[pinn_controller_node-1] [WARN] [1784854643.887496125] [pinn_franka_controller]: Trajectory stale (770.6s > 2.0s) -- holding at last known position via gravity compensation.
[pinn_controller_node-1] [WARN] [1784854644.888376136] [pinn_franka_controller]: Trajectory stale (771.6s > 2.0s) -- holding at last known position via gravity compensation.
[pinn_controller_node-1] [WARN] [1784854645.888464847] [pinn_franka_controller]: Trajectory stale (772.6s > 2.0s) -- holding at last known position via gravity compensation.
[pinn_controller_node-1] [WARN] [1784854646.889344007] [pinn_franka_controller]: Trajectory stale (773.6s > 2.0s) -- holding at last known position via gravity compensation.
[pinn_controller_node-1] [WARN] [1784854647.889488335] [pinn_franka_controller]: Trajectory stale (774.6s > 2.0s) -- holding at last known position via gravity compensation.
[pinn_controller_node-1] [WARN] [1784854648.890389717] [pinn_franka_controller]: Trajectory stale (775.6s > 2.0s) -- holding at last known position via gravity compensation.
[pinn_controller_node-1] [WARN] [1784854649.890544912] [pinn_franka_controller]: Trajectory stale (776.6s > 2.0s) -- holding at last known position via gravity compensation.
[pinn_controller_node-1] [WARN] [1784854650.891555896] [pinn_franka_controller]: Trajectory stale (777.6s > 2.0s) -- holding at last known position via gravity compensation.
[pinn_controller_node-1] [WARN] [1784854651.892391002] [pinn_franka_controller]: Trajectory stale (778.6s > 2.0s) -- holding at last known position via gravity compensation.
[pinn_controller_node-1] [WARN] [1784854652.892681677] [pinn_franka_controller]: Trajectory stale (779.6s > 2.0s) -- holding at last known position via gravity compensation.
[pinn_controller_node-1] [WARN] [1784854653.893363269] [pinn_franka_controller]: Trajectory stale (780.6s > 2.0s) -- holding at last known position via gravity compensation.
[pinn_controller_node-1] [WARN] [1784854654.894339159] [pinn_franka_controller]: Trajectory stale (781.6s > 2.0s) -- holding at last known position via gravity compensation.
[pinn_controller_node-1] [WARN] [1784854655.894408230] [pinn_franka_controller]: Trajectory stale (782.6s > 2.0s) -- holding at last known position via gravity compensation.
[pinn_controller_node-1] [WARN] [1784854656.894460576] [pinn_franka_controller]: Trajectory stale (783.6s > 2.0s) -- holding at last known position via gravity compensation.
[pinn_controller_node-1] [WARN] [1784854657.894636023] [pinn_franka_controller]: Trajectory stale (784.6s > 2.0s) -- holding at last known position via gravity compensation.
[pinn_controller_node-1] [WARN] [1784854658.895352976] [pinn_franka_controller]: Trajectory stale (785.6s > 2.0s) -- holding at last known position via gravity compensation.
[pinn_controller_node-1] [WARN] [1784854659.896345380] [pinn_franka_controller]: Trajectory stale (786.6s > 2.0s) -- holding at last known position via gravity compensation.
[pinn_controller_node-1] [WARN] [1784854660.896454433] [pinn_franka_controller]: Trajectory stale (787.6s > 2.0s) -- holding at last known position via gravity compensation.
[pinn_controller_node-1] [WARN] [1784854661.896489741] [pinn_franka_controller]: Trajectory stale (788.6s > 2.0s) -- holding at last known position via gravity compensation.
[pinn_controller_node-1] [WARN] [1784854662.897437126] [pinn_franka_controller]: Trajectory stale (789.6s > 2.0s) -- holding at last known position via gravity compensation.
[pinn_controller_node-1] [WARN] [1784854663.897532696] [pinn_franka_controller]: Trajectory stale (790.6s > 2.0s) -- holding at last known position via gravity compensation.
[pinn_controller_node-1] [WARN] [1784854664.898364712] [pinn_franka_controller]: Trajectory stale (791.6s > 2.0s) -- holding at last known position via gravity compensation.
[pinn_controller_node-1] [WARN] [1784854665.898494088] [pinn_franka_controller]: Trajectory stale (792.6s > 2.0s) -- holding at last known position via gravity compensation.
[pinn_controller_node-1] [WARN] [1784854666.898539231] [pinn_franka_controller]: Trajectory stale (793.6s > 2.0s) -- holding at last known position via gravity compensation.
[pinn_controller_node-1] [WARN] [1784854667.899361313] [pinn_franka_controller]: Trajectory stale (794.6s > 2.0s) -- holding at last known position via gravity compensation.
[pinn_controller_node-1] [WARN] [1784854668.899880009] [pinn_franka_controller]: Trajectory stale (795.6s > 2.0s) -- holding at last known position via gravity compensation.
[pinn_controller_node-1] [WARN] [1784854669.900799612] [pinn_franka_controller]: Trajectory stale (796.6s > 2.0s) -- holding at last known position via gravity compensation.
[pinn_controller_node-1] [WARN] [1784854670.901467392] [pinn_franka_controller]: Trajectory stale (797.6s > 2.0s) -- holding at last known position via gravity compensation.
[pinn_controller_node-1] [WARN] [1784854671.902419383] [pinn_franka_controller]: Trajectory stale (798.6s > 2.0s) -- holding at last known position via gravity compensation.
[pinn_controller_node-1] [WARN] [1784854672.903603002] [pinn_franka_controller]: Trajectory stale (799.6s > 2.0s) -- holding at last known position via gravity compensation.
[pinn_controller_node-1] [WARN] [1784854673.904369057] [pinn_franka_controller]: Trajectory stale (800.6s > 2.0s) -- holding at last known position via gravity compensation.
[pinn_controller_node-1] [WARN] [1784854674.904413706] [pinn_franka_controller]: Trajectory stale (801.6s > 2.0s) -- holding at last known position via gravity compensation.
[pinn_controller_node-1] [WARN] [1784854675.905270784] [pinn_franka_controller]: Trajectory stale (802.6s > 2.0s) -- holding at last known position via gravity compensation.
[pinn_controller_node-1] [WARN] [1784854676.905589136] [pinn_franka_controller]: Trajectory stale (803.6s > 2.0s) -- holding at last known position via gravity compensation.
[pinn_controller_node-1] [WARN] [1784854677.906387171] [pinn_franka_controller]: Trajectory stale (804.6s > 2.0s) -- holding at last known position via gravity compensation.
[pinn_controller_node-1] [WARN] [1784854678.907392240] [pinn_franka_controller]: Trajectory stale (805.6s > 2.0s) -- holding at last known position via gravity compensation.
[pinn_controller_node-1] [WARN] [1784854679.907479935] [pinn_franka_controller]: Trajectory stale (806.6s > 2.0s) -- holding at last known position via gravity compensation.
[pinn_controller_node-1] [WARN] [1784854680.907938029] [pinn_franka_controller]: Trajectory stale (807.6s > 2.0s) -- holding at last known position via gravity compensation.
[pinn_controller_node-1] [WARN] [1784854681.908701026] [pinn_franka_controller]: Trajectory stale (808.6s > 2.0s) -- holding at last known position via gravity compensation.
[pinn_controller_node-1] [WARN] [1784854682.909348051] [pinn_franka_controller]: Trajectory stale (809.6s > 2.0s) -- holding at last known position via gravity compensation.
[pinn_controller_node-1] [WARN] [1784854683.909448495] [pinn_franka_controller]: Trajectory stale (810.6s > 2.0s) -- holding at last known position via gravity compensation.
[pinn_controller_node-1] [WARN] [1784854684.909649259] [pinn_franka_controller]: Trajectory stale (811.6s > 2.0s) -- holding at last known position via gravity compensation.
[pinn_controller_node-1] [WARN] [1784854685.910379970] [pinn_franka_controller]: Trajectory stale (812.6s > 2.0s) -- holding at last known position via gravity compensation.
[pinn_controller_node-1] [WARN] [1784854686.911372265] [pinn_franka_controller]: Trajectory stale (813.6s > 2.0s) -- holding at last known position via gravity compensation.
[pinn_controller_node-1] [WARN] [1784854687.911876260] [pinn_franka_controller]: Trajectory stale (814.6s > 2.0s) -- holding at last known position via gravity compensation.
[pinn_controller_node-1] [WARN] [1784854688.912189830] [pinn_franka_controller]: Trajectory stale (815.6s > 2.0s) -- holding at last known position via gravity compensation.
[pinn_controller_node-1] [WARN] [1784854689.912336400] [pinn_franka_controller]: Trajectory stale (816.6s > 2.0s) -- holding at last known position via gravity compensation.
[pinn_controller_node-1] [WARN] [1784854690.912552933] [pinn_franka_controller]: Trajectory stale (817.6s > 2.0s) -- holding at last known position via gravity compensation.
[pinn_controller_node-1] [WARN] [1784854691.913520520] [pinn_franka_controller]: Trajectory stale (818.6s > 2.0s) -- holding at last known position via gravity compensation.
[pinn_controller_node-1] [WARN] [1784854692.913635499] [pinn_franka_controller]: Trajectory stale (819.6s > 2.0s) -- holding at last known position via gravity compensation.
[pinn_controller_node-1] [WARN] [1784854693.914311694] [pinn_franka_controller]: Trajectory stale (820.6s > 2.0s) -- holding at last known position via gravity compensation.
[pinn_controller_node-1] [WARN] [1784854694.914393940] [pinn_franka_controller]: Trajectory stale (821.6s > 2.0s) -- holding at last known position via gravity compensation.
[pinn_controller_node-1] [WARN] [1784854695.914394791] [pinn_franka_controller]: Trajectory stale (822.6s > 2.0s) -- holding at last known position via gravity compensation.
[pinn_controller_node-1] [WARN] [1784854696.914540054] [pinn_franka_controller]: Trajectory stale (823.6s > 2.0s) -- holding at last known position via gravity compensation.
[pinn_controller_node-1] [WARN] [1784854697.915358012] [pinn_franka_controller]: Trajectory stale (824.6s > 2.0s) -- holding at last known position via gravity compensation.
[pinn_controller_node-1] [WARN] [1784854698.915369323] [pinn_franka_controller]: Trajectory stale (825.6s > 2.0s) -- holding at last known position via gravity compensation.
[pinn_controller_node-1] [WARN] [1784854699.916391007] [pinn_franka_controller]: Trajectory stale (826.6s > 2.0s) -- holding at last known position via gravity compensation.
[pinn_controller_node-1] [WARN] [1784854700.917378140] [pinn_franka_controller]: Trajectory stale (827.6s > 2.0s) -- holding at last known position via gravity compensation.
[pinn_controller_node-1] [WARN] [1784854701.918370321] [pinn_franka_controller]: Trajectory stale (828.6s > 2.0s) -- holding at last known position via gravity compensation.
[pinn_controller_node-1] [WARN] [1784854702.918415940] [pinn_franka_controller]: Trajectory stale (829.6s > 2.0s) -- holding at last known position via gravity compensation.
[pinn_controller_node-1] [WARN] [1784854703.918440095] [pinn_franka_controller]: Trajectory stale (830.6s > 2.0s) -- holding at last known position via gravity compensation.
[pinn_controller_node-1] [WARN] [1784854704.919386590] [pinn_franka_controller]: Trajectory stale (831.6s > 2.0s) -- holding at last known position via gravity compensation.
[pinn_controller_node-1] [WARN] [1784854705.920359558] [pinn_franka_controller]: Trajectory stale (832.6s > 2.0s) -- holding at last known position via gravity compensation.
[pinn_controller_node-1] [WARN] [1784854706.921356714] [pinn_franka_controller]: Trajectory stale (833.6s > 2.0s) -- holding at last known position via gravity compensation.
[pinn_controller_node-1] [WARN] [1784854707.921595786] [pinn_franka_controller]: Trajectory stale (834.6s > 2.0s) -- holding at last known position via gravity compensation.
[pinn_controller_node-1] [WARN] [1784854708.922355726] [pinn_franka_controller]: Trajectory stale (835.6s > 2.0s) -- holding at last known position via gravity compensation.
[pinn_controller_node-1] [WARN] [1784854709.923371419] [pinn_franka_controller]: Trajectory stale (836.6s > 2.0s) -- holding at last known position via gravity compensation.
[pinn_controller_node-1] [WARN] [1784854710.924309638] [pinn_franka_controller]: Trajectory stale (837.6s > 2.0s) -- holding at last known position via gravity compensation.
[pinn_controller_node-1] [WARN] [1784854711.924612680] [pinn_franka_controller]: Trajectory stale (838.6s > 2.0s) -- holding at last known position via gravity compensation.
[pinn_controller_node-1] [WARN] [1784854712.925356421] [pinn_franka_controller]: Trajectory stale (839.6s > 2.0s) -- holding at last known position via gravity compensation.
[pinn_controller_node-1] [WARN] [1784854713.925905802] [pinn_franka_controller]: Trajectory stale (840.6s > 2.0s) -- holding at last known position via gravity compensation.
[pinn_controller_node-1] [WARN] [1784854714.926378897] [pinn_franka_controller]: Trajectory stale (841.6s > 2.0s) -- holding at last known position via gravity compensation.
[pinn_controller_node-1] [WARN] [1784854715.927042869] [pinn_franka_controller]: Trajectory stale (842.6s > 2.0s) -- holding at last known position via gravity compensation.
[pinn_controller_node-1] [WARN] [1784854716.927355879] [pinn_franka_controller]: Trajectory stale (843.6s > 2.0s) -- holding at last known position via gravity compensation.
[pinn_controller_node-1] [WARN] [1784854717.927536383] [pinn_franka_controller]: Trajectory stale (844.6s > 2.0s) -- holding at last known position via gravity compensation.
[pinn_controller_node-1] [WARN] [1784854718.928328682] [pinn_franka_controller]: Trajectory stale (845.6s > 2.0s) -- holding at last known position via gravity compensation.
[pinn_controller_node-1] [WARN] [1784854719.929335550] [pinn_franka_controller]: Trajectory stale (846.6s > 2.0s) -- holding at last known position via gravity compensation.
[pinn_controller_node-1] [WARN] [1784854720.930291178] [pinn_franka_controller]: Trajectory stale (847.6s > 2.0s) -- holding at last known position via gravity compensation.
[pinn_controller_node-1] [WARN] [1784854721.930576580] [pinn_franka_controller]: Trajectory stale (848.6s > 2.0s) -- holding at last known position via gravity compensation.
[pinn_controller_node-1] [WARN] [1784854722.931392451] [pinn_franka_controller]: Trajectory stale (849.6s > 2.0s) -- holding at last known position via gravity compensation.
[pinn_controller_node-1] [WARN] [1784854723.932357076] [pinn_franka_controller]: Trajectory stale (850.6s > 2.0s) -- holding at last known position via gravity compensation.
[pinn_controller_node-1] [WARN] [1784854724.932533192] [pinn_franka_controller]: Trajectory stale (851.6s > 2.0s) -- holding at last known position via gravity compensation.
[pinn_controller_node-1] [WARN] [1784854725.933472082] [pinn_franka_controller]: Trajectory stale (852.6s > 2.0s) -- holding at last known position via gravity compensation.
[pinn_controller_node-1] [WARN] [1784854726.933517787] [pinn_franka_controller]: Trajectory stale (853.6s > 2.0s) -- holding at last known position via gravity compensation.
[pinn_controller_node-1] [WARN] [1784854727.934332212] [pinn_franka_controller]: Trajectory stale (854.6s > 2.0s) -- holding at last known position via gravity compensation.
[pinn_controller_node-1] [WARN] [1784854728.934421069] [pinn_franka_controller]: Trajectory stale (855.6s > 2.0s) -- holding at last known position via gravity compensation.
[pinn_controller_node-1] [WARN] [1784854729.935202216] [pinn_franka_controller]: Trajectory stale (856.6s > 2.0s) -- holding at last known position via gravity compensation.
[pinn_controller_node-1] [WARN] [1784854730.935399733] [pinn_franka_controller]: Trajectory stale (857.6s > 2.0s) -- holding at last known position via gravity compensation.
[pinn_controller_node-1] [WARN] [1784854731.936366402] [pinn_franka_controller]: Trajectory stale (858.6s > 2.0s) -- holding at last known position via gravity compensation.
[pinn_controller_node-1] [WARN] [1784854732.936375845] [pinn_franka_controller]: Trajectory stale (859.6s > 2.0s) -- holding at last known position via gravity compensation.
[pinn_controller_node-1] [WARN] [1784854733.937050963] [pinn_franka_controller]: Trajectory stale (860.6s > 2.0s) -- holding at last known position via gravity compensation.
[pinn_controller_node-1] [WARN] [1784854734.937416297] [pinn_franka_controller]: Trajectory stale (861.6s > 2.0s) -- holding at last known position via gravity compensation.
[pinn_controller_node-1] [WARN] [1784854735.938323086] [pinn_franka_controller]: Trajectory stale (862.6s > 2.0s) -- holding at last known position via gravity compensation.
[pinn_controller_node-1] [WARN] [1784854736.939345619] [pinn_franka_controller]: Trajectory stale (863.6s > 2.0s) -- holding at last known position via gravity compensation.
[pinn_controller_node-1] [WARN] [1784854737.939651470] [pinn_franka_controller]: Trajectory stale (864.6s > 2.0s) -- holding at last known position via gravity compensation.
[pinn_controller_node-1] [WARN] [1784854738.939992968] [pinn_franka_controller]: Trajectory stale (865.6s > 2.0s) -- holding at last known position via gravity compensation.
[pinn_controller_node-1] [WARN] [1784854739.940202804] [pinn_franka_controller]: Trajectory stale (866.6s > 2.0s) -- holding at last known position via gravity compensation.
[pinn_controller_node-1] [WARN] [1784854740.940929890] [pinn_franka_controller]: Trajectory stale (867.6s > 2.0s) -- holding at last known position via gravity compensation.
[pinn_controller_node-1] [WARN] [1784854741.941560323] [pinn_franka_controller]: Trajectory stale (868.6s > 2.0s) -- holding at last known position via gravity compensation.
[pinn_controller_node-1] [WARN] [1784854742.942338113] [pinn_franka_controller]: Trajectory stale (869.6s > 2.0s) -- holding at last known position via gravity compensation.
[pinn_controller_node-1] [WARN] [1784854743.942371488] [pinn_franka_controller]: Trajectory stale (870.6s > 2.0s) -- holding at last known position via gravity compensation.
[pinn_controller_node-1] [WARN] [1784854744.942451233] [pinn_franka_controller]: Trajectory stale (871.6s > 2.0s) -- holding at last known position via gravity compensation.
[pinn_controller_node-1] [WARN] [1784854745.943311653] [pinn_franka_controller]: Trajectory stale (872.6s > 2.0s) -- holding at last known position via gravity compensation.
[pinn_controller_node-1] [WARN] [1784854746.943362497] [pinn_franka_controller]: Trajectory stale (873.6s > 2.0s) -- holding at last known position via gravity compensation.
[pinn_controller_node-1] [WARN] [1784854747.943730050] [pinn_franka_controller]: Trajectory stale (874.6s > 2.0s) -- holding at last known position via gravity compensation.
[pinn_controller_node-1] [WARN] [1784854748.944351635] [pinn_franka_controller]: Trajectory stale (875.6s > 2.0s) -- holding at last known position via gravity compensation.
[pinn_controller_node-1] [WARN] [1784854749.944862072] [pinn_franka_controller]: Trajectory stale (876.6s > 2.0s) -- holding at last known position via gravity compensation.
[pinn_controller_node-1] [WARN] [1784854750.945526248] [pinn_franka_controller]: Trajectory stale (877.6s > 2.0s) -- holding at last known position via gravity compensation.
[pinn_controller_node-1] [WARN] [1784854751.946383243] [pinn_franka_controller]: Trajectory stale (878.6s > 2.0s) -- holding at last known position via gravity compensation.
[pinn_controller_node-1] [WARN] [1784854752.947358212] [pinn_franka_controller]: Trajectory stale (879.6s > 2.0s) -- holding at last known position via gravity compensation.
[pinn_controller_node-1] [WARN] [1784854753.947635799] [pinn_franka_controller]: Trajectory stale (880.6s > 2.0s) -- holding at last known position via gravity compensation.
[pinn_controller_node-1] [WARN] [1784854754.948310450] [pinn_franka_controller]: Trajectory stale (881.6s > 2.0s) -- holding at last known position via gravity compensation.
[pinn_controller_node-1] [WARN] [1784854755.948382593] [pinn_franka_controller]: Trajectory stale (882.6s > 2.0s) -- holding at last known position via gravity compensation.
[pinn_controller_node-1] [WARN] [1784854756.948407533] [pinn_franka_controller]: Trajectory stale (883.6s > 2.0s) -- holding at last known position via gravity compensation.
[pinn_controller_node-1] [WARN] [1784854757.948590067] [pinn_franka_controller]: Trajectory stale (884.6s > 2.0s) -- holding at last known position via gravity compensation.
[pinn_controller_node-1] [WARN] [1784854758.949383905] [pinn_franka_controller]: Trajectory stale (885.6s > 2.0s) -- holding at last known position via gravity compensation.
[pinn_controller_node-1] [WARN] [1784854759.950292743] [pinn_franka_controller]: Trajectory stale (886.6s > 2.0s) -- holding at last known position via gravity compensation.
[pinn_controller_node-1] [WARN] [1784854760.950657924] [pinn_franka_controller]: Trajectory stale (887.6s > 2.0s) -- holding at last known position via gravity compensation.
[pinn_controller_node-1] [WARN] [1784854761.951275402] [pinn_franka_controller]: Trajectory stale (888.6s > 2.0s) -- holding at last known position via gravity compensation.
[pinn_controller_node-1] [WARN] [1784854762.951369738] [pinn_franka_controller]: Trajectory stale (889.6s > 2.0s) -- holding at last known position via gravity compensation.
[pinn_controller_node-1] [WARN] [1784854763.953100390] [pinn_franka_controller]: Trajectory stale (890.6s > 2.0s) -- holding at last known position via gravity compensation.
[pinn_controller_node-1] [WARN] [1784854764.953394945] [pinn_franka_controller]: Trajectory stale (891.6s > 2.0s) -- holding at last known position via gravity compensation.
[pinn_controller_node-1] [WARN] [1784854765.953463907] [pinn_franka_controller]: Trajectory stale (892.6s > 2.0s) -- holding at last known position via gravity compensation.
[pinn_controller_node-1] [WARN] [1784854766.954467373] [pinn_franka_controller]: Trajectory stale (893.6s > 2.0s) -- holding at last known position via gravity compensation.
[pinn_controller_node-1] [WARN] [1784854767.955457824] [pinn_franka_controller]: Trajectory stale (894.6s > 2.0s) -- holding at last known position via gravity compensation.
[pinn_controller_node-1] [WARN] [1784854768.955717542] [pinn_franka_controller]: Trajectory stale (895.6s > 2.0s) -- holding at last known position via gravity compensation.
[pinn_controller_node-1] [WARN] [1784854769.956028678] [pinn_franka_controller]: Trajectory stale (896.6s > 2.0s) -- holding at last known position via gravity compensation.
[pinn_controller_node-1] [WARN] [1784854770.956403369] [pinn_franka_controller]: Trajectory stale (897.6s > 2.0s) -- holding at last known position via gravity compensation.
[pinn_controller_node-1] [WARN] [1784854771.956878865] [pinn_franka_controller]: Trajectory stale (898.6s > 2.0s) -- holding at last known position via gravity compensation.
[pinn_controller_node-1] [WARN] [1784854772.957491798] [pinn_franka_controller]: Trajectory stale (899.6s > 2.0s) -- holding at last known position via gravity compensation.
[pinn_controller_node-1] [WARN] [1784854773.957569372] [pinn_franka_controller]: Trajectory stale (900.6s > 2.0s) -- holding at last known position via gravity compensation.
[pinn_controller_node-1] [WARN] [1784854774.958380373] [pinn_franka_controller]: Trajectory stale (901.6s > 2.0s) -- holding at last known position via gravity compensation.
[pinn_controller_node-1] [WARN] [1784854775.958412599] [pinn_franka_controller]: Trajectory stale (902.6s > 2.0s) -- holding at last known position via gravity compensation.
[pinn_controller_node-1] [WARN] [1784854776.959391366] [pinn_franka_controller]: Trajectory stale (903.6s > 2.0s) -- holding at last known position via gravity compensation.
[pinn_controller_node-1] [WARN] [1784854777.959665342] [pinn_franka_controller]: Trajectory stale (904.6s > 2.0s) -- holding at last known position via gravity compensation.
[pinn_controller_node-1] [WARN] [1784854778.960289073] [pinn_franka_controller]: Trajectory stale (905.6s > 2.0s) -- holding at last known position via gravity compensation.
[pinn_controller_node-1] [WARN] [1784854779.960521295] [pinn_franka_controller]: Trajectory stale (906.7s > 2.0s) -- holding at last known position via gravity compensation.
[pinn_controller_node-1] [WARN] [1784854780.961524311] [pinn_franka_controller]: Trajectory stale (907.7s > 2.0s) -- holding at last known position via gravity compensation.
[pinn_controller_node-1] [WARN] [1784854781.962361471] [pinn_franka_controller]: Trajectory stale (908.7s > 2.0s) -- holding at last known position via gravity compensation.
[pinn_controller_node-1] [WARN] [1784854782.962642319] [pinn_franka_controller]: Trajectory stale (909.7s > 2.0s) -- holding at last known position via gravity compensation.
[pinn_controller_node-1] [WARN] [1784854783.963380713] [pinn_franka_controller]: Trajectory stale (910.7s > 2.0s) -- holding at last known position via gravity compensation.
[pinn_controller_node-1] [WARN] [1784854784.963639785] [pinn_franka_controller]: Trajectory stale (911.7s > 2.0s) -- holding at last known position via gravity compensation.
[pinn_controller_node-1] [WARN] [1784854785.964308743] [pinn_franka_controller]: Trajectory stale (912.7s > 2.0s) -- holding at last known position via gravity compensation.
[pinn_controller_node-1] [WARN] [1784854786.964354813] [pinn_franka_controller]: Trajectory stale (913.7s > 2.0s) -- holding at last known position via gravity compensation.
[pinn_controller_node-1] [WARN] [1784854787.964435943] [pinn_franka_controller]: Trajectory stale (914.7s > 2.0s) -- holding at last known position via gravity compensation.
[pinn_controller_node-1] [WARN] [1784854788.965449317] [pinn_franka_controller]: Trajectory stale (915.7s > 2.0s) -- holding at last known position via gravity compensation.
[pinn_controller_node-1] [WARN] [1784854789.966378077] [pinn_franka_controller]: Trajectory stale (916.7s > 2.0s) -- holding at last known position via gravity compensation.
[pinn_controller_node-1] [WARN] [1784854790.967395510] [pinn_franka_controller]: Trajectory stale (917.7s > 2.0s) -- holding at last known position via gravity compensation.
[pinn_controller_node-1] [WARN] [1784854791.967403784] [pinn_franka_controller]: Trajectory stale (918.7s > 2.0s) -- holding at last known position via gravity compensation.
[pinn_controller_node-1] [WARN] [1784854792.968373897] [pinn_franka_controller]: Trajectory stale (919.7s > 2.0s) -- holding at last known position via gravity compensation.
[pinn_controller_node-1] [WARN] [1784854793.969384537] [pinn_franka_controller]: Trajectory stale (920.7s > 2.0s) -- holding at last known position via gravity compensation.
[pinn_controller_node-1] [WARN] [1784854794.970364363] [pinn_franka_controller]: Trajectory stale (921.7s > 2.0s) -- holding at last known position via gravity compensation.
[pinn_controller_node-1] [WARN] [1784854795.970694913] [pinn_franka_controller]: Trajectory stale (922.7s > 2.0s) -- holding at last known position via gravity compensation.
[pinn_controller_node-1] [WARN] [1784854796.971380913] [pinn_franka_controller]: Trajectory stale (923.7s > 2.0s) -- holding at last known position via gravity compensation.
[pinn_controller_node-1] [WARN] [1784854797.971451864] [pinn_franka_controller]: Trajectory stale (924.7s > 2.0s) -- holding at last known position via gravity compensation.
[pinn_controller_node-1] [WARN] [1784854798.972407222] [pinn_franka_controller]: Trajectory stale (925.7s > 2.0s) -- holding at last known position via gravity compensation.
[pinn_controller_node-1] [WARN] [1784854799.973343462] [pinn_franka_controller]: Trajectory stale (926.7s > 2.0s) -- holding at last known position via gravity compensation.
[pinn_controller_node-1] [WARN] [1784854800.973405665] [pinn_franka_controller]: Trajectory stale (927.7s > 2.0s) -- holding at last known position via gravity compensation.
[pinn_controller_node-1] [WARN] [1784854801.974368700] [pinn_franka_controller]: Trajectory stale (928.7s > 2.0s) -- holding at last known position via gravity compensation.
[pinn_controller_node-1] [WARN] [1784854802.974418683] [pinn_franka_controller]: Trajectory stale (929.7s > 2.0s) -- holding at last known position via gravity compensation.
[pinn_controller_node-1] [WARN] [1784854803.975355609] [pinn_franka_controller]: Trajectory stale (930.7s > 2.0s) -- holding at last known position via gravity compensation.
[pinn_controller_node-1] [WARN] [1784854804.976313488] [pinn_franka_controller]: Trajectory stale (931.7s > 2.0s) -- holding at last known position via gravity compensation.
[pinn_controller_node-1] [WARN] [1784854805.976461520] [pinn_franka_controller]: Trajectory stale (932.7s > 2.0s) -- holding at last known position via gravity compensation.
[pinn_controller_node-1] [WARN] [1784854806.977339508] [pinn_franka_controller]: Trajectory stale (933.7s > 2.0s) -- holding at last known position via gravity compensation.
[pinn_controller_node-1] [WARN] [1784854807.978306457] [pinn_franka_controller]: Trajectory stale (934.7s > 2.0s) -- holding at last known position via gravity compensation.
[pinn_controller_node-1] [WARN] [1784854808.978310005] [pinn_franka_controller]: Trajectory stale (935.7s > 2.0s) -- holding at last known position via gravity compensation.
[pinn_controller_node-1] [WARN] [1784854809.978348926] [pinn_franka_controller]: Trajectory stale (936.7s > 2.0s) -- holding at last known position via gravity compensation.
[pinn_controller_node-1] [WARN] [1784854810.979268389] [pinn_franka_controller]: Trajectory stale (937.7s > 2.0s) -- holding at last known position via gravity compensation.
[pinn_controller_node-1] [WARN] [1784854811.979402644] [pinn_franka_controller]: Trajectory stale (938.7s > 2.0s) -- holding at last known position via gravity compensation.
[pinn_controller_node-1] [WARN] [1784854812.980388502] [pinn_franka_controller]: Trajectory stale (939.7s > 2.0s) -- holding at last known position via gravity compensation.
[pinn_controller_node-1] [WARN] [1784854813.981287633] [pinn_franka_controller]: Trajectory stale (940.7s > 2.0s) -- holding at last known position via gravity compensation.
[pinn_controller_node-1] [WARN] [1784854814.981369653] [pinn_franka_controller]: Trajectory stale (941.7s > 2.0s) -- holding at last known position via gravity compensation.
[pinn_controller_node-1] [WARN] [1784854815.982345344] [pinn_franka_controller]: Trajectory stale (942.7s > 2.0s) -- holding at last known position via gravity compensation.
[pinn_controller_node-1] [WARN] [1784854816.982940998] [pinn_franka_controller]: Trajectory stale (943.7s > 2.0s) -- holding at last known position via gravity compensation.
[pinn_controller_node-1] [WARN] [1784854817.983675432] [pinn_franka_controller]: Trajectory stale (944.7s > 2.0s) -- holding at last known position via gravity compensation.
[pinn_controller_node-1] [WARN] [1784854818.984372297] [pinn_franka_controller]: Trajectory stale (945.7s > 2.0s) -- holding at last known position via gravity compensation.
[pinn_controller_node-1] [WARN] [1784854819.985347085] [pinn_franka_controller]: Trajectory stale (946.7s > 2.0s) -- holding at last known position via gravity compensation.
[pinn_controller_node-1] [WARN] [1784854820.986289936] [pinn_franka_controller]: Trajectory stale (947.7s > 2.0s) -- holding at last known position via gravity compensation.
[pinn_controller_node-1] [WARN] [1784854821.986632891] [pinn_franka_controller]: Trajectory stale (948.7s > 2.0s) -- holding at last known position via gravity compensation.
[pinn_controller_node-1] [WARN] [1784854822.986679858] [pinn_franka_controller]: Trajectory stale (949.7s > 2.0s) -- holding at last known position via gravity compensation.
[pinn_controller_node-1] [WARN] [1784854823.987381780] [pinn_franka_controller]: Trajectory stale (950.7s > 2.0s) -- holding at last known position via gravity compensation.
[pinn_controller_node-1] [WARN] [1784854824.988358626] [pinn_franka_controller]: Trajectory stale (951.7s > 2.0s) -- holding at last known position via gravity compensation.
[pinn_controller_node-1] [WARN] [1784854825.989689952] [pinn_franka_controller]: Trajectory stale (952.7s > 2.0s) -- holding at last known position via gravity compensation.
[pinn_controller_node-1] [INFO] [1784854826.486166278] [pinn_franka_controller]: New trajectory received with 20 points.
[pinn_controller_node-1] [WARN] [1784854828.486637015] [pinn_franka_controller]: Trajectory stale (2.0s > 2.0s) -- holding at last known position via gravity compensation.
[pinn_controller_node-1] [INFO] [1784854828.850853547] [pinn_franka_controller]: New trajectory received with 1 points.
[pinn_controller_node-1] [INFO] [1784854830.352759613] [pinn_franka_controller]: New trajectory received with 1 points.
[pinn_controller_node-1] [INFO] [1784854831.854146062] [pinn_franka_controller]: New trajectory received with 1 points.
[pinn_controller_node-1] [INFO] [1784854833.356340382] [pinn_franka_controller]: New trajectory received with 1 points.
[pinn_controller_node-1] [INFO] [1784854834.858943591] [pinn_franka_controller]: New trajectory received with 1 points.
[pinn_controller_node-1] [INFO] [1784854836.360258881] [pinn_franka_controller]: New trajectory received with 1 points.
[pinn_controller_node-1] [WARN] [1784854838.360440770] [pinn_franka_controller]: Trajectory stale (2.0s > 2.0s) -- holding at last known position via gravity compensation.
[pinn_controller_node-1] [WARN] [1784854839.360525343] [pinn_franka_controller]: Trajectory stale (3.0s > 2.0s) -- holding at last known position via gravity compensation.
[pinn_controller_node-1] [WARN] [1784854840.361383974] [pinn_franka_controller]: Trajectory stale (4.0s > 2.0s) -- holding at last known position via gravity compensation.
[pinn_controller_node-1] [WARN] [1784854841.362316100] [pinn_franka_controller]: Trajectory stale (5.0s > 2.0s) -- holding at last known position via gravity compensation.
[pinn_controller_node-1] [WARN] [1784854842.362494014] [pinn_franka_controller]: Trajectory stale (6.0s > 2.0s) -- holding at last known position via gravity compensation.
[pinn_controller_node-1] [WARN] [1784854843.362512307] [pinn_franka_controller]: Trajectory stale (7.0s > 2.0s) -- holding at last known position via gravity compensation.
[pinn_controller_node-1] [WARN] [1784854844.363376731] [pinn_franka_controller]: Trajectory stale (8.0s > 2.0s) -- holding at last known position via gravity compensation.
[pinn_controller_node-1] [WARN] [1784854845.363404011] [pinn_franka_controller]: Trajectory stale (9.0s > 2.0s) -- holding at last known position via gravity compensation.
[pinn_controller_node-1] [WARN] [1784854846.363492883] [pinn_franka_controller]: Trajectory stale (10.0s > 2.0s) -- holding at last known position via gravity compensation.
[pinn_controller_node-1] [WARN] [1784854847.363717163] [pinn_franka_controller]: Trajectory stale (11.0s > 2.0s) -- holding at last known position via gravity compensation.
[pinn_controller_node-1] [WARN] [1784854848.364544110] [pinn_franka_controller]: Trajectory stale (12.0s > 2.0s) -- holding at last known position via gravity compensation.
[pinn_controller_node-1] [WARN] [1784854849.365361254] [pinn_franka_controller]: Trajectory stale (13.0s > 2.0s) -- holding at last known position via gravity compensation.
[pinn_controller_node-1] [WARN] [1784854850.365714665] [pinn_franka_controller]: Trajectory stale (14.0s > 2.0s) -- holding at last known position via gravity compensation.
[pinn_controller_node-1] [WARN] [1784854851.366468773] [pinn_franka_controller]: Trajectory stale (15.0s > 2.0s) -- holding at last known position via gravity compensation.
[pinn_controller_node-1] [WARN] [1784854852.367387784] [pinn_franka_controller]: Trajectory stale (16.0s > 2.0s) -- holding at last known position via gravity compensation.
[pinn_controller_node-1] [WARN] [1784854853.367432099] [pinn_franka_controller]: Trajectory stale (17.0s > 2.0s) -- holding at last known position via gravity compensation.
[pinn_controller_node-1] [WARN] [1784854854.367596563] [pinn_franka_controller]: Trajectory stale (18.0s > 2.0s) -- holding at last known position via gravity compensation.
[pinn_controller_node-1] [WARN] [1784854855.367710283] [pinn_franka_controller]: Trajectory stale (19.0s > 2.0s) -- holding at last known position via gravity compensation.
[pinn_controller_node-1] [WARN] [1784854856.368542782] [pinn_franka_controller]: Trajectory stale (20.0s > 2.0s) -- holding at last known position via gravity compensation.
[pinn_controller_node-1] [WARN] [1784854857.369440193] [pinn_franka_controller]: Trajectory stale (21.0s > 2.0s) -- holding at last known position via gravity compensation.
[pinn_controller_node-1] [WARN] [1784854858.370390184] [pinn_franka_controller]: Trajectory stale (22.0s > 2.0s) -- holding at last known position via gravity compensation.
[pinn_controller_node-1] [WARN] [1784854859.370605195] [pinn_franka_controller]: Trajectory stale (23.0s > 2.0s) -- holding at last known position via gravity compensation.
[pinn_controller_node-1] [WARN] [1784854860.371307888] [pinn_franka_controller]: Trajectory stale (24.0s > 2.0s) -- holding at last known position via gravity compensation.
[pinn_controller_node-1] [WARN] [1784854861.371552167] [pinn_franka_controller]: Trajectory stale (25.0s > 2.0s) -- holding at last known position via gravity compensation.
[pinn_controller_node-1] [WARN] [1784854862.372470500] [pinn_franka_controller]: Trajectory stale (26.0s > 2.0s) -- holding at last known position via gravity compensation.
[pinn_controller_node-1] [WARN] [1784854863.372534682] [pinn_franka_controller]: Trajectory stale (27.0s > 2.0s) -- holding at last known position via gravity compensation.
[pinn_controller_node-1] [WARN] [1784854864.373469968] [pinn_franka_controller]: Trajectory stale (28.0s > 2.0s) -- holding at last known position via gravity compensation.
[pinn_controller_node-1] [WARN] [1784854865.374399976] [pinn_franka_controller]: Trajectory stale (29.0s > 2.0s) -- holding at last known position via gravity compensation.
[pinn_controller_node-1] [WARN] [1784854866.374522315] [pinn_franka_controller]: Trajectory stale (30.0s > 2.0s) -- holding at last known position via gravity compensation.
[pinn_controller_node-1] [WARN] [1784854867.374640761] [pinn_franka_controller]: Trajectory stale (31.0s > 2.0s) -- holding at last known position via gravity compensation.
[pinn_controller_node-1] [WARN] [1784854868.375174692] [pinn_franka_controller]: Trajectory stale (32.0s > 2.0s) -- holding at last known position via gravity compensation.
[pinn_controller_node-1] [WARN] [1784854869.375531463] [pinn_franka_controller]: Trajectory stale (33.0s > 2.0s) -- holding at last known position via gravity compensation.
[pinn_controller_node-1] [WARN] [1784854870.375693507] [pinn_franka_controller]: Trajectory stale (34.0s > 2.0s) -- holding at last known position via gravity compensation.
[pinn_controller_node-1] [WARN] [1784854871.376079295] [pinn_franka_controller]: Trajectory stale (35.0s > 2.0s) -- holding at last known position via gravity compensation.
[pinn_controller_node-1] [WARN] [1784854872.376591065] [pinn_franka_controller]: Trajectory stale (36.0s > 2.0s) -- holding at last known position via gravity compensation.
[pinn_controller_node-1] [WARN] [1784854873.377323553] [pinn_franka_controller]: Trajectory stale (37.0s > 2.0s) -- holding at last known position via gravity compensation.
[pinn_controller_node-1] [WARN] [1784854874.377343802] [pinn_franka_controller]: Trajectory stale (38.0s > 2.0s) -- holding at last known position via gravity compensation.
[pinn_controller_node-1] [WARN] [1784854875.377378578] [pinn_franka_controller]: Trajectory stale (39.0s > 2.0s) -- holding at last known position via gravity compensation.
[pinn_controller_node-1] [WARN] [1784854876.377840867] [pinn_franka_controller]: Trajectory stale (40.0s > 2.0s) -- holding at last known position via gravity compensation.
[pinn_controller_node-1] [WARN] [1784854877.378329207] [pinn_franka_controller]: Trajectory stale (41.0s > 2.0s) -- holding at last known position via gravity compensation.
[pinn_controller_node-1] [WARN] [1784854878.378388021] [pinn_franka_controller]: Trajectory stale (42.0s > 2.0s) -- holding at last known position via gravity compensation.
[pinn_controller_node-1] [WARN] [1784854879.379053396] [pinn_franka_controller]: Trajectory stale (43.0s > 2.0s) -- holding at last known position via gravity compensation.
[pinn_controller_node-1] [WARN] [1784854880.379989119] [pinn_franka_controller]: Trajectory stale (44.0s > 2.0s) -- holding at last known position via gravity compensation.
[pinn_controller_node-1] [WARN] [1784854881.380308500] [pinn_franka_controller]: Trajectory stale (45.0s > 2.0s) -- holding at last known position via gravity compensation.
[pinn_controller_node-1] [WARN] [1784854882.380343831] [pinn_franka_controller]: Trajectory stale (46.0s > 2.0s) -- holding at last known position via gravity compensation.
[pinn_controller_node-1] [WARN] [1784854883.380518816] [pinn_franka_controller]: Trajectory stale (47.0s > 2.0s) -- holding at last known position via gravity compensation.
[pinn_controller_node-1] [WARN] [1784854884.381328104] [pinn_franka_controller]: Trajectory stale (48.0s > 2.0s) -- holding at last known position via gravity compensation.
[pinn_controller_node-1] [WARN] [1784854885.382244193] [pinn_franka_controller]: Trajectory stale (49.0s > 2.0s) -- holding at last known position via gravity compensation.
[pinn_controller_node-1] [WARN] [1784854886.382350732] [pinn_franka_controller]: Trajectory stale (50.0s > 2.0s) -- holding at last known position via gravity compensation.
[pinn_controller_node-1] [WARN] [1784854887.382417083] [pinn_franka_controller]: Trajectory stale (51.0s > 2.0s) -- holding at last known position via gravity compensation.
[pinn_controller_node-1] [WARN] [1784854888.383348690] [pinn_franka_controller]: Trajectory stale (52.0s > 2.0s) -- holding at last known position via gravity compensation.
[pinn_controller_node-1] [WARN] [1784854889.384035784] [pinn_franka_controller]: Trajectory stale (53.0s > 2.0s) -- holding at last known position via gravity compensation.
[pinn_controller_node-1] [WARN] [1784854890.384653844] [pinn_franka_controller]: Trajectory stale (54.0s > 2.0s) -- holding at last known position via gravity compensation.
[pinn_controller_node-1] [WARN] [1784854891.385317251] [pinn_franka_controller]: Trajectory stale (55.0s > 2.0s) -- holding at last known position via gravity compensation.
[pinn_controller_node-1] [WARN] [1784854892.385357352] [pinn_franka_controller]: Trajectory stale (56.0s > 2.0s) -- holding at last known position via gravity compensation.
[pinn_controller_node-1] [WARN] [1784854893.385540275] [pinn_franka_controller]: Trajectory stale (57.0s > 2.0s) -- holding at last known position via gravity compensation.
[pinn_controller_node-1] [WARN] [1784854894.386342493] [pinn_franka_controller]: Trajectory stale (58.0s > 2.0s) -- holding at last known position via gravity compensation.
[pinn_controller_node-1] [WARN] [1784854895.386457745] [pinn_franka_controller]: Trajectory stale (59.0s > 2.0s) -- holding at last known position via gravity compensation.
[pinn_controller_node-1] [WARN] [1784854896.387357725] [pinn_franka_controller]: Trajectory stale (60.0s > 2.0s) -- holding at last known position via gravity compensation.
[pinn_controller_node-1] [WARN] [1784854897.388366107] [pinn_franka_controller]: Trajectory stale (61.0s > 2.0s) -- holding at last known position via gravity compensation.
[pinn_controller_node-1] [WARN] [1784854898.388497590] [pinn_franka_controller]: Trajectory stale (62.0s > 2.0s) -- holding at last known position via gravity compensation.
[pinn_controller_node-1] [WARN] [1784854899.389370891] [pinn_franka_controller]: Trajectory stale (63.0s > 2.0s) -- holding at last known position via gravity compensation.
[pinn_controller_node-1] [WARN] [1784854900.390315224] [pinn_franka_controller]: Trajectory stale (64.0s > 2.0s) -- holding at last known position via gravity compensation.
[pinn_controller_node-1] [WARN] [1784854901.390864158] [pinn_franka_controller]: Trajectory stale (65.0s > 2.0s) -- holding at last known position via gravity compensation.
[pinn_controller_node-1] [WARN] [1784854902.391626372] [pinn_franka_controller]: Trajectory stale (66.0s > 2.0s) -- holding at last known position via gravity compensation.
[pinn_controller_node-1] [WARN] [1784854903.392315406] [pinn_franka_controller]: Trajectory stale (67.0s > 2.0s) -- holding at last known position via gravity compensation.
[pinn_controller_node-1] [WARN] [1784854904.392423574] [pinn_franka_controller]: Trajectory stale (68.0s > 2.0s) -- holding at last known position via gravity compensation.
[pinn_controller_node-1] [WARN] [1784854905.392448955] [pinn_franka_controller]: Trajectory stale (69.0s > 2.0s) -- holding at last known position via gravity compensation.
[pinn_controller_node-1] [WARN] [1784854906.392623174] [pinn_franka_controller]: Trajectory stale (70.0s > 2.0s) -- holding at last known position via gravity compensation.
[pinn_controller_node-1] [WARN] [1784854907.393328451] [pinn_franka_controller]: Trajectory stale (71.0s > 2.0s) -- holding at last known position via gravity compensation.
[pinn_controller_node-1] [WARN] [1784854908.394531910] [pinn_franka_controller]: Trajectory stale (72.0s > 2.0s) -- holding at last known position via gravity compensation.
[pinn_controller_node-1] [WARN] [1784854909.395349630] [pinn_franka_controller]: Trajectory stale (73.0s > 2.0s) -- holding at last known position via gravity compensation.
[pinn_controller_node-1] [WARN] [1784854910.395545350] [pinn_franka_controller]: Trajectory stale (74.0s > 2.0s) -- holding at last known position via gravity compensation.
[pinn_controller_node-1] [WARN] [1784854911.396353581] [pinn_franka_controller]: Trajectory stale (75.0s > 2.0s) -- holding at last known position via gravity compensation.
[pinn_controller_node-1] [WARN] [1784854912.396797795] [pinn_franka_controller]: Trajectory stale (76.0s > 2.0s) -- holding at last known position via gravity compensation.
[pinn_controller_node-1] [WARN] [1784854913.397343360] [pinn_franka_controller]: Trajectory stale (77.0s > 2.0s) -- holding at last known position via gravity compensation.
[pinn_controller_node-1] [WARN] [1784854914.398429582] [pinn_franka_controller]: Trajectory stale (78.0s > 2.0s) -- holding at last known position via gravity compensation.
[pinn_controller_node-1] [WARN] [1784854915.398457704] [pinn_franka_controller]: Trajectory stale (79.0s > 2.0s) -- holding at last known position via gravity compensation.
[pinn_controller_node-1] [WARN] [1784854916.398712582] [pinn_franka_controller]: Trajectory stale (80.0s > 2.0s) -- holding at last known position via gravity compensation.
[pinn_controller_node-1] [WARN] [1784854917.399366269] [pinn_franka_controller]: Trajectory stale (81.0s > 2.0s) -- holding at last known position via gravity compensation.
[pinn_controller_node-1] [WARN] [1784854918.399535542] [pinn_franka_controller]: Trajectory stale (82.0s > 2.0s) -- holding at last known position via gravity compensation.
[pinn_controller_node-1] [WARN] [1784854919.399559126] [pinn_franka_controller]: Trajectory stale (83.0s > 2.0s) -- holding at last known position via gravity compensation.
[pinn_controller_node-1] [WARN] [1784854920.400391662] [pinn_franka_controller]: Trajectory stale (84.0s > 2.0s) -- holding at last known position via gravity compensation.
[pinn_controller_node-1] [WARN] [1784854921.401352408] [pinn_franka_controller]: Trajectory stale (85.0s > 2.0s) -- holding at last known position via gravity compensation.
[pinn_controller_node-1] [WARN] [1784854922.401570502] [pinn_franka_controller]: Trajectory stale (86.0s > 2.0s) -- holding at last known position via gravity compensation.
[pinn_controller_node-1] [WARN] [1784854923.402452455] [pinn_franka_controller]: Trajectory stale (87.0s > 2.0s) -- holding at last known position via gravity compensation.
[pinn_controller_node-1] [WARN] [1784854924.402886862] [pinn_franka_controller]: Trajectory stale (88.0s > 2.0s) -- holding at last known position via gravity compensation.
[pinn_controller_node-1] [WARN] [1784854925.403335113] [pinn_franka_controller]: Trajectory stale (89.0s > 2.0s) -- holding at last known position via gravity compensation.
[pinn_controller_node-1] [WARN] [1784854926.403391436] [pinn_franka_controller]: Trajectory stale (90.0s > 2.0s) -- holding at last known position via gravity compensation.
[pinn_controller_node-1] [WARN] [1784854927.403541173] [pinn_franka_controller]: Trajectory stale (91.0s > 2.0s) -- holding at last known position via gravity compensation.
[pinn_controller_node-1] [WARN] [1784854928.404443931] [pinn_franka_controller]: Trajectory stale (92.0s > 2.0s) -- holding at last known position via gravity compensation.
[pinn_controller_node-1] [WARN] [1784854929.404513951] [pinn_franka_controller]: Trajectory stale (93.0s > 2.0s) -- holding at last known position via gravity compensation.
[pinn_controller_node-1] [WARN] [1784854930.405399238] [pinn_franka_controller]: Trajectory stale (94.0s > 2.0s) -- holding at last known position via gravity compensation.
[pinn_controller_node-1] [WARN] [1784854931.406315965] [pinn_franka_controller]: Trajectory stale (95.0s > 2.0s) -- holding at last known position via gravity compensation.
[pinn_controller_node-1] [WARN] [1784854932.406363238] [pinn_franka_controller]: Trajectory stale (96.0s > 2.0s) -- holding at last known position via gravity compensation.
[pinn_controller_node-1] [WARN] [1784854933.407284337] [pinn_franka_controller]: Trajectory stale (97.0s > 2.0s) -- holding at last known position via gravity compensation.
[pinn_controller_node-1] [WARN] [1784854934.407603304] [pinn_franka_controller]: Trajectory stale (98.0s > 2.0s) -- holding at last known position via gravity compensation.
[pinn_controller_node-1] [WARN] [1784854935.408440773] [pinn_franka_controller]: Trajectory stale (99.0s > 2.0s) -- holding at last known position via gravity compensation.
[pinn_controller_node-1] [WARN] [1784854936.409353955] [pinn_franka_controller]: Trajectory stale (100.0s > 2.0s) -- holding at last known position via gravity compensation.
[pinn_controller_node-1] [WARN] [1784854937.410325739] [pinn_franka_controller]: Trajectory stale (101.0s > 2.0s) -- holding at last known position via gravity compensation.
[pinn_controller_node-1] [WARN] [1784854938.410467279] [pinn_franka_controller]: Trajectory stale (102.1s > 2.0s) -- holding at last known position via gravity compensation.
[pinn_controller_node-1] [WARN] [1784854939.411429593] [pinn_franka_controller]: Trajectory stale (103.1s > 2.0s) -- holding at last known position via gravity compensation.
[pinn_controller_node-1] [WARN] [1784854940.411830953] [pinn_franka_controller]: Trajectory stale (104.1s > 2.0s) -- holding at last known position via gravity compensation.
[pinn_controller_node-1] [WARN] [1784854941.412327920] [pinn_franka_controller]: Trajectory stale (105.1s > 2.0s) -- holding at last known position via gravity compensation.
[pinn_controller_node-1] [WARN] [1784854942.412360331] [pinn_franka_controller]: Trajectory stale (106.1s > 2.0s) -- holding at last known position via gravity compensation.
[pinn_controller_node-1] [WARN] [1784854943.413067737] [pinn_franka_controller]: Trajectory stale (107.1s > 2.0s) -- holding at last known position via gravity compensation.
[pinn_controller_node-1] [WARN] [1784854944.413412787] [pinn_franka_controller]: Trajectory stale (108.1s > 2.0s) -- holding at last known position via gravity compensation.
[pinn_controller_node-1] [WARN] [1784854945.413460086] [pinn_franka_controller]: Trajectory stale (109.1s > 2.0s) -- holding at last known position via gravity compensation.
[pinn_controller_node-1] [WARN] [1784854946.413616914] [pinn_franka_controller]: Trajectory stale (110.1s > 2.0s) -- holding at last known position via gravity compensation.
[pinn_controller_node-1] [WARN] [1784854947.414369592] [pinn_franka_controller]: Trajectory stale (111.1s > 2.0s) -- holding at last known position via gravity compensation.
[pinn_controller_node-1] [WARN] [1784854948.415327495] [pinn_franka_controller]: Trajectory stale (112.1s > 2.0s) -- holding at last known position via gravity compensation.
[pinn_controller_node-1] [WARN] [1784854949.415409391] [pinn_franka_controller]: Trajectory stale (113.1s > 2.0s) -- holding at last known position via gravity compensation.
[pinn_controller_node-1] [WARN] [1784854950.416327038] [pinn_franka_controller]: Trajectory stale (114.1s > 2.0s) -- holding at last known position via gravity compensation.
[pinn_controller_node-1] [WARN] [1784854951.416374243] [pinn_franka_controller]: Trajectory stale (115.1s > 2.0s) -- holding at last known position via gravity compensation.
[pinn_controller_node-1] [WARN] [1784854952.416552019] [pinn_franka_controller]: Trajectory stale (116.1s > 2.0s) -- holding at last known position via gravity compensation.
[pinn_controller_node-1] [WARN] [1784854953.417481019] [pinn_franka_controller]: Trajectory stale (117.1s > 2.0s) -- holding at last known position via gravity compensation.
[pinn_controller_node-1] [WARN] [1784854954.418418346] [pinn_franka_controller]: Trajectory stale (118.1s > 2.0s) -- holding at last known position via gravity compensation.
[pinn_controller_node-1] [WARN] [1784854955.419341825] [pinn_franka_controller]: Trajectory stale (119.1s > 2.0s) -- holding at last known position via gravity compensation.
[pinn_controller_node-1] [WARN] [1784854956.419995803] [pinn_franka_controller]: Trajectory stale (120.1s > 2.0s) -- holding at last known position via gravity compensation.
[pinn_controller_node-1] [WARN] [1784854957.420821682] [pinn_franka_controller]: Trajectory stale (121.1s > 2.0s) -- holding at last known position via gravity compensation.
[pinn_controller_node-1] [WARN] [1784854958.421902198] [pinn_franka_controller]: Trajectory stale (122.1s > 2.0s) -- holding at last known position via gravity compensation.
[pinn_controller_node-1] [WARN] [1784854959.422466095] [pinn_franka_controller]: Trajectory stale (123.1s > 2.0s) -- holding at last known position via gravity compensation.
[pinn_controller_node-1] [WARN] [1784854960.422480721] [pinn_franka_controller]: Trajectory stale (124.1s > 2.0s) -- holding at last known position via gravity compensation.
[pinn_controller_node-1] [WARN] [1784854961.422599932] [pinn_franka_controller]: Trajectory stale (125.1s > 2.0s) -- holding at last known position via gravity compensation.
[pinn_controller_node-1] [WARN] [1784854962.422888224] [pinn_franka_controller]: Trajectory stale (126.1s > 2.0s) -- holding at last known position via gravity compensation.
[pinn_controller_node-1] [WARN] [1784854963.423356477] [pinn_franka_controller]: Trajectory stale (127.1s > 2.0s) -- holding at last known position via gravity compensation.
[pinn_controller_node-1] [WARN] [1784854964.423390445] [pinn_franka_controller]: Trajectory stale (128.1s > 2.0s) -- holding at last known position via gravity compensation.
[pinn_controller_node-1] [WARN] [1784854965.424528693] [pinn_franka_controller]: Trajectory stale (129.1s > 2.0s) -- holding at last known position via gravity compensation.
[pinn_controller_node-1] [WARN] [1784854966.425339868] [pinn_franka_controller]: Trajectory stale (130.1s > 2.0s) -- holding at last known position via gravity compensation.
[pinn_controller_node-1] [WARN] [1784854967.425388272] [pinn_franka_controller]: Trajectory stale (131.1s > 2.0s) -- holding at last known position via gravity compensation.
[pinn_controller_node-1] [WARN] [1784854968.425411242] [pinn_franka_controller]: Trajectory stale (132.1s > 2.0s) -- holding at last known position via gravity compensation.
[pinn_controller_node-1] [WARN] [1784854969.426356463] [pinn_franka_controller]: Trajectory stale (133.1s > 2.0s) -- holding at last known position via gravity compensation.
[pinn_controller_node-1] [WARN] [1784854970.426687883] [pinn_franka_controller]: Trajectory stale (134.1s > 2.0s) -- holding at last known position via gravity compensation.
[pinn_controller_node-1] [WARN] [1784854971.427589499] [pinn_franka_controller]: Trajectory stale (135.1s > 2.0s) -- holding at last known position via gravity compensation.
[pinn_controller_node-1] [WARN] [1784854972.427796832] [pinn_franka_controller]: Trajectory stale (136.1s > 2.0s) -- holding at last known position via gravity compensation.
[pinn_controller_node-1] [WARN] [1784854973.428659225] [pinn_franka_controller]: Trajectory stale (137.1s > 2.0s) -- holding at last known position via gravity compensation.
[pinn_controller_node-1] [WARN] [1784854974.429403917] [pinn_franka_controller]: Trajectory stale (138.1s > 2.0s) -- holding at last known position via gravity compensation.
[pinn_controller_node-1] [WARN] [1784854975.430311738] [pinn_franka_controller]: Trajectory stale (139.1s > 2.0s) -- holding at last known position via gravity compensation.
[pinn_controller_node-1] [WARN] [1784854976.430532388] [pinn_franka_controller]: Trajectory stale (140.1s > 2.0s) -- holding at last known position via gravity compensation.
[pinn_controller_node-1] [WARN] [1784854977.431375277] [pinn_franka_controller]: Trajectory stale (141.1s > 2.0s) -- holding at last known position via gravity compensation.
[pinn_controller_node-1] [WARN] [1784854978.432314454] [pinn_franka_controller]: Trajectory stale (142.1s > 2.0s) -- holding at last known position via gravity compensation.
[pinn_controller_node-1] [WARN] [1784854979.432360870] [pinn_franka_controller]: Trajectory stale (143.1s > 2.0s) -- holding at last known position via gravity compensation.
[pinn_controller_node-1] [WARN] [1784854980.432387452] [pinn_franka_controller]: Trajectory stale (144.1s > 2.0s) -- holding at last known position via gravity compensation.
[pinn_controller_node-1] [WARN] [1784854981.432465012] [pinn_franka_controller]: Trajectory stale (145.1s > 2.0s) -- holding at last known position via gravity compensation.
[pinn_controller_node-1] [WARN] [1784854982.433418700] [pinn_franka_controller]: Trajectory stale (146.1s > 2.0s) -- holding at last known position via gravity compensation.
[pinn_controller_node-1] [WARN] [1784854983.434338007] [pinn_franka_controller]: Trajectory stale (147.1s > 2.0s) -- holding at last known position via gravity compensation.
[pinn_controller_node-1] [WARN] [1784854984.435317097] [pinn_franka_controller]: Trajectory stale (148.1s > 2.0s) -- holding at last known position via gravity compensation.
[pinn_controller_node-1] [WARN] [1784854985.435501306] [pinn_franka_controller]: Trajectory stale (149.1s > 2.0s) -- holding at last known position via gravity compensation.
[pinn_controller_node-1] [WARN] [1784854986.436359128] [pinn_franka_controller]: Trajectory stale (150.1s > 2.0s) -- holding at last known position via gravity compensation.
[pinn_controller_node-1] [WARN] [1784854987.436375397] [pinn_franka_controller]: Trajectory stale (151.1s > 2.0s) -- holding at last known position via gravity compensation.
[pinn_controller_node-1] [WARN] [1784854988.436381885] [pinn_franka_controller]: Trajectory stale (152.1s > 2.0s) -- holding at last known position via gravity compensation.
[pinn_controller_node-1] [WARN] [1784854989.436917680] [pinn_franka_controller]: Trajectory stale (153.1s > 2.0s) -- holding at last known position via gravity compensation.
[pinn_controller_node-1] [WARN] [1784854990.437477066] [pinn_franka_controller]: Trajectory stale (154.1s > 2.0s) -- holding at last known position via gravity compensation.
[pinn_controller_node-1] [WARN] [1784854991.437532174] [pinn_franka_controller]: Trajectory stale (155.1s > 2.0s) -- holding at last known position via gravity compensation.
[pinn_controller_node-1] [WARN] [1784854992.438323565] [pinn_franka_controller]: Trajectory stale (156.1s > 2.0s) -- holding at last known position via gravity compensation.
[pinn_controller_node-1] [WARN] [1784854993.438543601] [pinn_franka_controller]: Trajectory stale (157.1s > 2.0s) -- holding at last known position via gravity compensation.
[pinn_controller_node-1] [WARN] [1784854994.439364757] [pinn_franka_controller]: Trajectory stale (158.1s > 2.0s) -- holding at last known position via gravity compensation.
[pinn_controller_node-1] [WARN] [1784854995.440260963] [pinn_franka_controller]: Trajectory stale (159.1s > 2.0s) -- holding at last known position via gravity compensation.
[pinn_controller_node-1] [WARN] [1784854996.440370899] [pinn_franka_controller]: Trajectory stale (160.1s > 2.0s) -- holding at last known position via gravity compensation.
[pinn_controller_node-1] [WARN] [1784854997.441366590] [pinn_franka_controller]: Trajectory stale (161.1s > 2.0s) -- holding at last known position via gravity compensation.
[pinn_controller_node-1] [WARN] [1784854998.441444549] [pinn_franka_controller]: Trajectory stale (162.1s > 2.0s) -- holding at last known position via gravity compensation.
[pinn_controller_node-1] [WARN] [1784854999.442392613] [pinn_franka_controller]: Trajectory stale (163.1s > 2.0s) -- holding at last known position via gravity compensation.
[pinn_controller_node-1] [WARN] [1784855000.442440258] [pinn_franka_controller]: Trajectory stale (164.1s > 2.0s) -- holding at last known position via gravity compensation.
[pinn_controller_node-1] [WARN] [1784855001.442484632] [pinn_franka_controller]: Trajectory stale (165.1s > 2.0s) -- holding at last known position via gravity compensation.
[pinn_controller_node-1] [WARN] [1784855002.442956160] [pinn_franka_controller]: Trajectory stale (166.1s > 2.0s) -- holding at last known position via gravity compensation.
[pinn_controller_node-1] [WARN] [1784855003.443563651] [pinn_franka_controller]: Trajectory stale (167.1s > 2.0s) -- holding at last known position via gravity compensation.
[pinn_controller_node-1] [WARN] [1784855004.444136579] [pinn_franka_controller]: Trajectory stale (168.1s > 2.0s) -- holding at last known position via gravity compensation.
[pinn_controller_node-1] [WARN] [1784855005.444416515] [pinn_franka_controller]: Trajectory stale (169.1s > 2.0s) -- holding at last known position via gravity compensation.
[pinn_controller_node-1] [WARN] [1784855006.445382590] [pinn_franka_controller]: Trajectory stale (170.1s > 2.0s) -- holding at last known position via gravity compensation.
[pinn_controller_node-1] [WARN] [1784855007.445513532] [pinn_franka_controller]: Trajectory stale (171.1s > 2.0s) -- holding at last known position via gravity compensation.
[pinn_controller_node-1] [WARN] [1784855008.446341477] [pinn_franka_controller]: Trajectory stale (172.1s > 2.0s) -- holding at last known position via gravity compensation.
[pinn_controller_node-1] [WARN] [1784855009.446417601] [pinn_franka_controller]: Trajectory stale (173.1s > 2.0s) -- holding at last known position via gravity compensation.
[pinn_controller_node-1] [WARN] [1784855010.447382558] [pinn_franka_controller]: Trajectory stale (174.1s > 2.0s) -- holding at last known position via gravity compensation.
[pinn_controller_node-1] [WARN] [1784855011.448415070] [pinn_franka_controller]: Trajectory stale (175.1s > 2.0s) -- holding at last known position via gravity compensation.
[pinn_controller_node-1] [WARN] [1784855012.448488957] [pinn_franka_controller]: Trajectory stale (176.1s > 2.0s) -- holding at last known position via gravity compensation.
[pinn_controller_node-1] [WARN] [1784855013.450284131] [pinn_franka_controller]: Trajectory stale (177.1s > 2.0s) -- holding at last known position via gravity compensation.
[pinn_controller_node-1] [WARN] [1784855014.450362681] [pinn_franka_controller]: Trajectory stale (178.1s > 2.0s) -- holding at last known position via gravity compensation.
[pinn_controller_node-1] [WARN] [1784855015.451153811] [pinn_franka_controller]: Trajectory stale (179.1s > 2.0s) -- holding at last known position via gravity compensation.
[pinn_controller_node-1] [WARN] [1784855016.451781232] [pinn_franka_controller]: Trajectory stale (180.1s > 2.0s) -- holding at last known position via gravity compensation.
[pinn_controller_node-1] [WARN] [1784855017.452378779] [pinn_franka_controller]: Trajectory stale (181.1s > 2.0s) -- holding at last known position via gravity compensation.
[pinn_controller_node-1] [WARN] [1784855018.452496701] [pinn_franka_controller]: Trajectory stale (182.1s > 2.0s) -- holding at last known position via gravity compensation.
[pinn_controller_node-1] [WARN] [1784855019.453410424] [pinn_franka_controller]: Trajectory stale (183.1s > 2.0s) -- holding at last known position via gravity compensation.
[pinn_controller_node-1] [WARN] [1784855020.453496832] [pinn_franka_controller]: Trajectory stale (184.1s > 2.0s) -- holding at last known position via gravity compensation.
[pinn_controller_node-1] [WARN] [1784855021.453512357] [pinn_franka_controller]: Trajectory stale (185.1s > 2.0s) -- holding at last known position via gravity compensation.
[pinn_controller_node-1] [WARN] [1784855022.454684021] [pinn_franka_controller]: Trajectory stale (186.1s > 2.0s) -- holding at last known position via gravity compensation.
[pinn_controller_node-1] [WARN] [1784855023.455209178] [pinn_franka_controller]: Trajectory stale (187.1s > 2.0s) -- holding at last known position via gravity compensation.
[pinn_controller_node-1] [WARN] [1784855024.455553349] [pinn_franka_controller]: Trajectory stale (188.1s > 2.0s) -- holding at last known position via gravity compensation.
[pinn_controller_node-1] [WARN] [1784855025.455858568] [pinn_franka_controller]: Trajectory stale (189.1s > 2.0s) -- holding at last known position via gravity compensation.
[pinn_controller_node-1] [WARN] [1784855026.456447915] [pinn_franka_controller]: Trajectory stale (190.1s > 2.0s) -- holding at last known position via gravity compensation.
[pinn_controller_node-1] [WARN] [1784855027.456511775] [pinn_franka_controller]: Trajectory stale (191.1s > 2.0s) -- holding at last known position via gravity compensation.
[pinn_controller_node-1] [WARN] [1784855028.457352362] [pinn_franka_controller]: Trajectory stale (192.1s > 2.0s) -- holding at last known position via gravity compensation.
[pinn_controller_node-1] [WARN] [1784855029.457363740] [pinn_franka_controller]: Trajectory stale (193.1s > 2.0s) -- holding at last known position via gravity compensation.
[pinn_controller_node-1] [WARN] [1784855030.457373256] [pinn_franka_controller]: Trajectory stale (194.1s > 2.0s) -- holding at last known position via gravity compensation.
[pinn_controller_node-1] [WARN] [1784855031.458324562] [pinn_franka_controller]: Trajectory stale (195.1s > 2.0s) -- holding at last known position via gravity compensation.
[pinn_controller_node-1] [WARN] [1784855032.459310912] [pinn_franka_controller]: Trajectory stale (196.1s > 2.0s) -- holding at last known position via gravity compensation.
[pinn_controller_node-1] [WARN] [1784855033.459511732] [pinn_franka_controller]: Trajectory stale (197.1s > 2.0s) -- holding at last known position via gravity compensation.
[pinn_controller_node-1] [WARN] [1784855034.459593921] [pinn_franka_controller]: Trajectory stale (198.1s > 2.0s) -- holding at last known position via gravity compensation.
[pinn_controller_node-1] [WARN] [1784855035.460494075] [pinn_franka_controller]: Trajectory stale (199.1s > 2.0s) -- holding at last known position via gravity compensation.
[pinn_controller_node-1] [WARN] [1784855036.461526087] [pinn_franka_controller]: Trajectory stale (200.1s > 2.0s) -- holding at last known position via gravity compensation.
[pinn_controller_node-1] [WARN] [1784855037.461631204] [pinn_franka_controller]: Trajectory stale (201.1s > 2.0s) -- holding at last known position via gravity compensation.
[pinn_controller_node-1] [WARN] [1784855038.461671270] [pinn_franka_controller]: Trajectory stale (202.1s > 2.0s) -- holding at last known position via gravity compensation.
[pinn_controller_node-1] [WARN] [1784855039.462531993] [pinn_franka_controller]: Trajectory stale (203.1s > 2.0s) -- holding at last known position via gravity compensation.
[pinn_controller_node-1] [WARN] [1784855040.462590696] [pinn_franka_controller]: Trajectory stale (204.1s > 2.0s) -- holding at last known position via gravity compensation.
[pinn_controller_node-1] [WARN] [1784855041.463414233] [pinn_franka_controller]: Trajectory stale (205.1s > 2.0s) -- holding at last known position via gravity compensation.
[pinn_controller_node-1] [WARN] [1784855042.464435588] [pinn_franka_controller]: Trajectory stale (206.1s > 2.0s) -- holding at last known position via gravity compensation.
[pinn_controller_node-1] [WARN] [1784855043.465359329] [pinn_franka_controller]: Trajectory stale (207.1s > 2.0s) -- holding at last known position via gravity compensation.
[pinn_controller_node-1] [WARN] [1784855044.465470609] [pinn_franka_controller]: Trajectory stale (208.1s > 2.0s) -- holding at last known position via gravity compensation.
[pinn_controller_node-1] [WARN] [1784855045.466311328] [pinn_franka_controller]: Trajectory stale (209.1s > 2.0s) -- holding at last known position via gravity compensation.
[pinn_controller_node-1] [WARN] [1784855046.466707385] [pinn_franka_controller]: Trajectory stale (210.1s > 2.0s) -- holding at last known position via gravity compensation.
[pinn_controller_node-1] [WARN] [1784855047.467347352] [pinn_franka_controller]: Trajectory stale (211.1s > 2.0s) -- holding at last known position via gravity compensation.
[pinn_controller_node-1] [WARN] [1784855048.468367963] [pinn_franka_controller]: Trajectory stale (212.1s > 2.0s) -- holding at last known position via gravity compensation.
[pinn_controller_node-1] [WARN] [1784855049.469262647] [pinn_franka_controller]: Trajectory stale (213.1s > 2.0s) -- holding at last known position via gravity compensation.
[pinn_controller_node-1] [WARN] [1784855050.469346577] [pinn_franka_controller]: Trajectory stale (214.1s > 2.0s) -- holding at last known position via gravity compensation.
[pinn_controller_node-1] [WARN] [1784855051.469403901] [pinn_franka_controller]: Trajectory stale (215.1s > 2.0s) -- holding at last known position via gravity compensation.
[pinn_controller_node-1] [WARN] [1784855052.470381032] [pinn_franka_controller]: Trajectory stale (216.1s > 2.0s) -- holding at last known position via gravity compensation.
[pinn_controller_node-1] [WARN] [1784855053.471396675] [pinn_franka_controller]: Trajectory stale (217.1s > 2.0s) -- holding at last known position via gravity compensation.
[pinn_controller_node-1] [WARN] [1784855054.472314294] [pinn_franka_controller]: Trajectory stale (218.1s > 2.0s) -- holding at last known position via gravity compensation.
[pinn_controller_node-1] [WARN] [1784855055.472477801] [pinn_franka_controller]: Trajectory stale (219.1s > 2.0s) -- holding at last known position via gravity compensation.
[pinn_controller_node-1] [WARN] [1784855056.473389438] [pinn_franka_controller]: Trajectory stale (220.1s > 2.0s) -- holding at last known position via gravity compensation.
[pinn_controller_node-1] [WARN] [1784855057.474385186] [pinn_franka_controller]: Trajectory stale (221.1s > 2.0s) -- holding at last known position via gravity compensation.
[pinn_controller_node-1] [WARN] [1784855058.474780623] [pinn_franka_controller]: Trajectory stale (222.1s > 2.0s) -- holding at last known position via gravity compensation.
[pinn_controller_node-1] [WARN] [1784855059.475885550] [pinn_franka_controller]: Trajectory stale (223.1s > 2.0s) -- holding at last known position via gravity compensation.
[pinn_controller_node-1] [WARN] [1784855060.476350606] [pinn_franka_controller]: Trajectory stale (224.1s > 2.0s) -- holding at last known position via gravity compensation.
[pinn_controller_node-1] [WARN] [1784855061.476427020] [pinn_franka_controller]: Trajectory stale (225.1s > 2.0s) -- holding at last known position via gravity compensation.
[pinn_controller_node-1] [WARN] [1784855062.477359473] [pinn_franka_controller]: Trajectory stale (226.1s > 2.0s) -- holding at last known position via gravity compensation.
[pinn_controller_node-1] [WARN] [1784855063.477896558] [pinn_franka_controller]: Trajectory stale (227.1s > 2.0s) -- holding at last known position via gravity compensation.
[pinn_controller_node-1] [WARN] [1784855064.478385487] [pinn_franka_controller]: Trajectory stale (228.1s > 2.0s) -- holding at last known position via gravity compensation.
[pinn_controller_node-1] [WARN] [1784855065.478452785] [pinn_franka_controller]: Trajectory stale (229.1s > 2.0s) -- holding at last known position via gravity compensation.
[pinn_controller_node-1] [WARN] [1784855066.479339527] [pinn_franka_controller]: Trajectory stale (230.1s > 2.0s) -- holding at last known position via gravity compensation.
[pinn_controller_node-1] [WARN] [1784855067.480322737] [pinn_franka_controller]: Trajectory stale (231.1s > 2.0s) -- holding at last known position via gravity compensation.
[pinn_controller_node-1] [WARN] [1784855068.480810641] [pinn_franka_controller]: Trajectory stale (232.1s > 2.0s) -- holding at last known position via gravity compensation.
[pinn_controller_node-1] [WARN] [1784855069.481458791] [pinn_franka_controller]: Trajectory stale (233.1s > 2.0s) -- holding at last known position via gravity compensation.
[pinn_controller_node-1] [WARN] [1784855070.482318092] [pinn_franka_controller]: Trajectory stale (234.1s > 2.0s) -- holding at last known position via gravity compensation.
[pinn_controller_node-1] [WARN] [1784855071.482521778] [pinn_franka_controller]: Trajectory stale (235.1s > 2.0s) -- holding at last known position via gravity compensation.
[pinn_controller_node-1] [WARN] [1784855072.482747607] [pinn_franka_controller]: Trajectory stale (236.1s > 2.0s) -- holding at last known position via gravity compensation.
[pinn_controller_node-1] [WARN] [1784855073.483439092] [pinn_franka_controller]: Trajectory stale (237.1s > 2.0s) -- holding at last known position via gravity compensation.
[pinn_controller_node-1] [WARN] [1784855074.484475205] [pinn_franka_controller]: Trajectory stale (238.1s > 2.0s) -- holding at last known position via gravity compensation.
[pinn_controller_node-1] [WARN] [1784855075.485448148] [pinn_franka_controller]: Trajectory stale (239.1s > 2.0s) -- holding at last known position via gravity compensation.
[pinn_controller_node-1] [WARN] [1784855076.485860009] [pinn_franka_controller]: Trajectory stale (240.1s > 2.0s) -- holding at last known position via gravity compensation.
[pinn_controller_node-1] [WARN] [1784855077.486680957] [pinn_franka_controller]: Trajectory stale (241.1s > 2.0s) -- holding at last known position via gravity compensation.
[pinn_controller_node-1] [WARN] [1784855078.487372659] [pinn_franka_controller]: Trajectory stale (242.1s > 2.0s) -- holding at last known position via gravity compensation.
[pinn_controller_node-1] [WARN] [1784855079.488341818] [pinn_franka_controller]: Trajectory stale (243.1s > 2.0s) -- holding at last known position via gravity compensation.
[pinn_controller_node-1] [WARN] [1784855080.488477171] [pinn_franka_controller]: Trajectory stale (244.1s > 2.0s) -- holding at last known position via gravity compensation.
[pinn_controller_node-1] [WARN] [1784855081.489304891] [pinn_franka_controller]: Trajectory stale (245.1s > 2.0s) -- holding at last known position via gravity compensation.
[pinn_controller_node-1] [WARN] [1784855082.489545514] [pinn_franka_controller]: Trajectory stale (246.1s > 2.0s) -- holding at last known position via gravity compensation.
[pinn_controller_node-1] [WARN] [1784855083.490552086] [pinn_franka_controller]: Trajectory stale (247.1s > 2.0s) -- holding at last known position via gravity compensation.
[pinn_controller_node-1] [WARN] [1784855084.490706978] [pinn_franka_controller]: Trajectory stale (248.1s > 2.0s) -- holding at last known position via gravity compensation.
[pinn_controller_node-1] [WARN] [1784855085.490742695] [pinn_franka_controller]: Trajectory stale (249.1s > 2.0s) -- holding at last known position via gravity compensation.
[pinn_controller_node-1] [WARN] [1784855086.491406650] [pinn_franka_controller]: Trajectory stale (250.1s > 2.0s) -- holding at last known position via gravity compensation.
[pinn_controller_node-1] [WARN] [1784855087.491670388] [pinn_franka_controller]: Trajectory stale (251.1s > 2.0s) -- holding at last known position via gravity compensation.
[pinn_controller_node-1] [WARN] [1784855088.492306777] [pinn_franka_controller]: Trajectory stale (252.1s > 2.0s) -- holding at last known position via gravity compensation.
[pinn_controller_node-1] [WARN] [1784855089.492581388] [pinn_franka_controller]: Trajectory stale (253.1s > 2.0s) -- holding at last known position via gravity compensation.
[pinn_controller_node-1] [WARN] [1784855090.493333899] [pinn_franka_controller]: Trajectory stale (254.1s > 2.0s) -- holding at last known position via gravity compensation.
[pinn_controller_node-1] [WARN] [1784855091.493424148] [pinn_franka_controller]: Trajectory stale (255.1s > 2.0s) -- holding at last known position via gravity compensation.
[pinn_controller_node-1] [WARN] [1784855092.494343849] [pinn_franka_controller]: Trajectory stale (256.1s > 2.0s) -- holding at last known position via gravity compensation.
[pinn_controller_node-1] [WARN] [1784855093.495346304] [pinn_franka_controller]: Trajectory stale (257.1s > 2.0s) -- holding at last known position via gravity compensation.
[pinn_controller_node-1] [WARN] [1784855094.495364004] [pinn_franka_controller]: Trajectory stale (258.1s > 2.0s) -- holding at last known position via gravity compensation.
[pinn_controller_node-1] [WARN] [1784855095.495382004] [pinn_franka_controller]: Trajectory stale (259.1s > 2.0s) -- holding at last known position via gravity compensation.
[pinn_controller_node-1] [WARN] [1784855096.495788998] [pinn_franka_controller]: Trajectory stale (260.1s > 2.0s) -- holding at last known position via gravity compensation.
[pinn_controller_node-1] [WARN] [1784855097.496388293] [pinn_franka_controller]: Trajectory stale (261.1s > 2.0s) -- holding at last known position via gravity compensation.
[pinn_controller_node-1] [WARN] [1784855098.496492990] [pinn_franka_controller]: Trajectory stale (262.1s > 2.0s) -- holding at last known position via gravity compensation.
[pinn_controller_node-1] [WARN] [1784855099.497409167] [pinn_franka_controller]: Trajectory stale (263.1s > 2.0s) -- holding at last known position via gravity compensation.
[pinn_controller_node-1] [WARN] [1784855100.498359669] [pinn_franka_controller]: Trajectory stale (264.1s > 2.0s) -- holding at last known position via gravity compensation.
[pinn_controller_node-1] [WARN] [1784855101.498569756] [pinn_franka_controller]: Trajectory stale (265.1s > 2.0s) -- holding at last known position via gravity compensation.
[pinn_controller_node-1] [WARN] [1784855102.499255572] [pinn_franka_controller]: Trajectory stale (266.1s > 2.0s) -- holding at last known position via gravity compensation.
[pinn_controller_node-1] [WARN] [1784855103.499559889] [pinn_franka_controller]: Trajectory stale (267.1s > 2.0s) -- holding at last known position via gravity compensation.
[pinn_controller_node-1] [WARN] [1784855104.500381558] [pinn_franka_controller]: Trajectory stale (268.1s > 2.0s) -- holding at last known position via gravity compensation.
[pinn_controller_node-1] [WARN] [1784855105.500397210] [pinn_franka_controller]: Trajectory stale (269.1s > 2.0s) -- holding at last known position via gravity compensation.
[pinn_controller_node-1] [WARN] [1784855106.501353552] [pinn_franka_controller]: Trajectory stale (270.1s > 2.0s) -- holding at last known position via gravity compensation.
[pinn_controller_node-1] [WARN] [1784855107.502175624] [pinn_franka_controller]: Trajectory stale (271.1s > 2.0s) -- holding at last known position via gravity compensation.
[pinn_controller_node-1] [WARN] [1784855108.502778719] [pinn_franka_controller]: Trajectory stale (272.1s > 2.0s) -- holding at last known position via gravity compensation.
[pinn_controller_node-1] [WARN] [1784855109.503377351] [pinn_franka_controller]: Trajectory stale (273.1s > 2.0s) -- holding at last known position via gravity compensation.
[pinn_controller_node-1] [WARN] [1784855110.503596954] [pinn_franka_controller]: Trajectory stale (274.1s > 2.0s) -- holding at last known position via gravity compensation.
[pinn_controller_node-1] [WARN] [1784855111.504373348] [pinn_franka_controller]: Trajectory stale (275.1s > 2.0s) -- holding at last known position via gravity compensation.
[pinn_controller_node-1] [WARN] [1784855112.504465337] [pinn_franka_controller]: Trajectory stale (276.1s > 2.0s) -- holding at last known position via gravity compensation.
[pinn_controller_node-1] [WARN] [1784855113.505474798] [pinn_franka_controller]: Trajectory stale (277.1s > 2.0s) -- holding at last known position via gravity compensation.
[pinn_controller_node-1] [WARN] [1784855114.506429639] [pinn_franka_controller]: Trajectory stale (278.1s > 2.0s) -- holding at last known position via gravity compensation.
[pinn_controller_node-1] [WARN] [1784855115.507418082] [pinn_franka_controller]: Trajectory stale (279.1s > 2.0s) -- holding at last known position via gravity compensation.
[pinn_controller_node-1] [WARN] [1784855116.508359900] [pinn_franka_controller]: Trajectory stale (280.1s > 2.0s) -- holding at last known position via gravity compensation.
[pinn_controller_node-1] [WARN] [1784855117.509035001] [pinn_franka_controller]: Trajectory stale (281.1s > 2.0s) -- holding at last known position via gravity compensation.
[pinn_controller_node-1] [WARN] [1784855118.509374530] [pinn_franka_controller]: Trajectory stale (282.1s > 2.0s) -- holding at last known position via gravity compensation.
[pinn_controller_node-1] [WARN] [1784855119.509494463] [pinn_franka_controller]: Trajectory stale (283.1s > 2.0s) -- holding at last known position via gravity compensation.
[pinn_controller_node-1] [WARN] [1784855120.510325315] [pinn_franka_controller]: Trajectory stale (284.2s > 2.0s) -- holding at last known position via gravity compensation.
[pinn_controller_node-1] [WARN] [1784855121.510501552] [pinn_franka_controller]: Trajectory stale (285.2s > 2.0s) -- holding at last known position via gravity compensation.
[pinn_controller_node-1] [WARN] [1784855122.511478762] [pinn_franka_controller]: Trajectory stale (286.2s > 2.0s) -- holding at last known position via gravity compensation.
[pinn_controller_node-1] [WARN] [1784855123.511861327] [pinn_franka_controller]: Trajectory stale (287.2s > 2.0s) -- holding at last known position via gravity compensation.
[pinn_controller_node-1] [WARN] [1784855124.512638973] [pinn_franka_controller]: Trajectory stale (288.2s > 2.0s) -- holding at last known position via gravity compensation.
[pinn_controller_node-1] [WARN] [1784855125.512752324] [pinn_franka_controller]: Trajectory stale (289.2s > 2.0s) -- holding at last known position via gravity compensation.
[pinn_controller_node-1] [WARN] [1784855126.513500057] [pinn_franka_controller]: Trajectory stale (290.2s > 2.0s) -- holding at last known position via gravity compensation.
[pinn_controller_node-1] [WARN] [1784855127.514347073] [pinn_franka_controller]: Trajectory stale (291.2s > 2.0s) -- holding at last known position via gravity compensation.
[pinn_controller_node-1] [WARN] [1784855128.514368231] [pinn_franka_controller]: Trajectory stale (292.2s > 2.0s) -- holding at last known position via gravity compensation.
[pinn_controller_node-1] [WARN] [1784855129.514386561] [pinn_franka_controller]: Trajectory stale (293.2s > 2.0s) -- holding at last known position via gravity compensation.
[pinn_controller_node-1] [WARN] [1784855130.514612985] [pinn_franka_controller]: Trajectory stale (294.2s > 2.0s) -- holding at last known position via gravity compensation.
[pinn_controller_node-1] [WARN] [1784855131.515388630] [pinn_franka_controller]: Trajectory stale (295.2s > 2.0s) -- holding at last known position via gravity compensation.
[pinn_controller_node-1] [WARN] [1784855132.515442062] [pinn_franka_controller]: Trajectory stale (296.2s > 2.0s) -- holding at last known position via gravity compensation.
[pinn_controller_node-1] [WARN] [1784855133.516452770] [pinn_franka_controller]: Trajectory stale (297.2s > 2.0s) -- holding at last known position via gravity compensation.
[pinn_controller_node-1] [WARN] [1784855134.517367993] [pinn_franka_controller]: Trajectory stale (298.2s > 2.0s) -- holding at last known position via gravity compensation.
[pinn_controller_node-1] [WARN] [1784855135.517633317] [pinn_franka_controller]: Trajectory stale (299.2s > 2.0s) -- holding at last known position via gravity compensation.
[pinn_controller_node-1] [WARN] [1784855136.518313174] [pinn_franka_controller]: Trajectory stale (300.2s > 2.0s) -- holding at last known position via gravity compensation.
[pinn_controller_node-1] [WARN] [1784855137.518557308] [pinn_franka_controller]: Trajectory stale (301.2s > 2.0s) -- holding at last known position via gravity compensation.
[pinn_controller_node-1] [WARN] [1784855138.519368805] [pinn_franka_controller]: Trajectory stale (302.2s > 2.0s) -- holding at last known position via gravity compensation.
[pinn_controller_node-1] [WARN] [1784855139.519550596] [pinn_franka_controller]: Trajectory stale (303.2s > 2.0s) -- holding at last known position via gravity compensation.
[pinn_controller_node-1] [WARN] [1784855140.520371796] [pinn_franka_controller]: Trajectory stale (304.2s > 2.0s) -- holding at last known position via gravity compensation.
[pinn_controller_node-1] [WARN] [1784855141.520804843] [pinn_franka_controller]: Trajectory stale (305.2s > 2.0s) -- holding at last known position via gravity compensation.
[pinn_controller_node-1] [WARN] [1784855142.521375722] [pinn_franka_controller]: Trajectory stale (306.2s > 2.0s) -- holding at last known position via gravity compensation.
[pinn_controller_node-1] [WARN] [1784855143.521435066] [pinn_franka_controller]: Trajectory stale (307.2s > 2.0s) -- holding at last known position via gravity compensation.
[pinn_controller_node-1] [WARN] [1784855144.522385203] [pinn_franka_controller]: Trajectory stale (308.2s > 2.0s) -- holding at last known position via gravity compensation.
[pinn_controller_node-1] [WARN] [1784855145.523320339] [pinn_franka_controller]: Trajectory stale (309.2s > 2.0s) -- holding at last known position via gravity compensation.
[pinn_controller_node-1] [WARN] [1784855146.523910767] [pinn_franka_controller]: Trajectory stale (310.2s > 2.0s) -- holding at last known position via gravity compensation.
[pinn_controller_node-1] [WARN] [1784855147.524551515] [pinn_franka_controller]: Trajectory stale (311.2s > 2.0s) -- holding at last known position via gravity compensation.
[pinn_controller_node-1] [WARN] [1784855148.525430361] [pinn_franka_controller]: Trajectory stale (312.2s > 2.0s) -- holding at last known position via gravity compensation.
[pinn_controller_node-1] [WARN] [1784855149.525444057] [pinn_franka_controller]: Trajectory stale (313.2s > 2.0s) -- holding at last known position via gravity compensation.
[pinn_controller_node-1] [WARN] [1784855150.525496308] [pinn_franka_controller]: Trajectory stale (314.2s > 2.0s) -- holding at last known position via gravity compensation.
[pinn_controller_node-1] [WARN] [1784855151.525613087] [pinn_franka_controller]: Trajectory stale (315.2s > 2.0s) -- holding at last known position via gravity compensation.
[pinn_controller_node-1] [WARN] [1784855152.526470332] [pinn_franka_controller]: Trajectory stale (316.2s > 2.0s) -- holding at last known position via gravity compensation.
[pinn_controller_node-1] [WARN] [1784855153.526521521] [pinn_franka_controller]: Trajectory stale (317.2s > 2.0s) -- holding at last known position via gravity compensation.
[pinn_controller_node-1] [WARN] [1784855154.526986445] [pinn_franka_controller]: Trajectory stale (318.2s > 2.0s) -- holding at last known position via gravity compensation.
[pinn_controller_node-1] [WARN] [1784855155.527858541] [pinn_franka_controller]: Trajectory stale (319.2s > 2.0s) -- holding at last known position via gravity compensation.
[pinn_controller_node-1] [WARN] [1784855156.528364836] [pinn_franka_controller]: Trajectory stale (320.2s > 2.0s) -- holding at last known position via gravity compensation.
[pinn_controller_node-1] [WARN] [1784855157.528381490] [pinn_franka_controller]: Trajectory stale (321.2s > 2.0s) -- holding at last known position via gravity compensation.
[pinn_controller_node-1] [WARN] [1784855158.529314458] [pinn_franka_controller]: Trajectory stale (322.2s > 2.0s) -- holding at last known position via gravity compensation.
[pinn_controller_node-1] [WARN] [1784855159.529575921] [pinn_franka_controller]: Trajectory stale (323.2s > 2.0s) -- holding at last known position via gravity compensation.
[pinn_controller_node-1] [WARN] [1784855160.530316907] [pinn_franka_controller]: Trajectory stale (324.2s > 2.0s) -- holding at last known position via gravity compensation.
[pinn_controller_node-1] [WARN] [1784855161.530393344] [pinn_franka_controller]: Trajectory stale (325.2s > 2.0s) -- holding at last known position via gravity compensation.
[pinn_controller_node-1] [WARN] [1784855162.531396722] [pinn_franka_controller]: Trajectory stale (326.2s > 2.0s) -- holding at last known position via gravity compensation.
[pinn_controller_node-1] [WARN] [1784855163.531708497] [pinn_franka_controller]: Trajectory stale (327.2s > 2.0s) -- holding at last known position via gravity compensation.
[pinn_controller_node-1] [WARN] [1784855164.532434589] [pinn_franka_controller]: Trajectory stale (328.2s > 2.0s) -- holding at last known position via gravity compensation.
[pinn_controller_node-1] [WARN] [1784855165.533443829] [pinn_franka_controller]: Trajectory stale (329.2s > 2.0s) -- holding at last known position via gravity compensation.
[pinn_controller_node-1] [WARN] [1784855166.534411204] [pinn_franka_controller]: Trajectory stale (330.2s > 2.0s) -- holding at last known position via gravity compensation.
[pinn_controller_node-1] [WARN] [1784855167.535386159] [pinn_franka_controller]: Trajectory stale (331.2s > 2.0s) -- holding at last known position via gravity compensation.
[pinn_controller_node-1] [WARN] [1784855168.535389577] [pinn_franka_controller]: Trajectory stale (332.2s > 2.0s) -- holding at last known position via gravity compensation.
[pinn_controller_node-1] [WARN] [1784855169.536357499] [pinn_franka_controller]: Trajectory stale (333.2s > 2.0s) -- holding at last known position via gravity compensation.
[pinn_controller_node-1] [WARN] [1784855170.536635763] [pinn_franka_controller]: Trajectory stale (334.2s > 2.0s) -- holding at last known position via gravity compensation.
[pinn_controller_node-1] [WARN] [1784855171.537406436] [pinn_franka_controller]: Trajectory stale (335.2s > 2.0s) -- holding at last known position via gravity compensation.
[pinn_controller_node-1] [WARN] [1784855172.538171243] [pinn_franka_controller]: Trajectory stale (336.2s > 2.0s) -- holding at last known position via gravity compensation.
[pinn_controller_node-1] [WARN] [1784855173.538407578] [pinn_franka_controller]: Trajectory stale (337.2s > 2.0s) -- holding at last known position via gravity compensation.
[pinn_controller_node-1] [WARN] [1784855174.539396389] [pinn_franka_controller]: Trajectory stale (338.2s > 2.0s) -- holding at last known position via gravity compensation.
[pinn_controller_node-1] [WARN] [1784855175.540359790] [pinn_franka_controller]: Trajectory stale (339.2s > 2.0s) -- holding at last known position via gravity compensation.
[pinn_controller_node-1] [WARN] [1784855176.541371996] [pinn_franka_controller]: Trajectory stale (340.2s > 2.0s) -- holding at last known position via gravity compensation.
[pinn_controller_node-1] [WARN] [1784855177.541387632] [pinn_franka_controller]: Trajectory stale (341.2s > 2.0s) -- holding at last known position via gravity compensation.
[pinn_controller_node-1] [WARN] [1784855178.542374142] [pinn_franka_controller]: Trajectory stale (342.2s > 2.0s) -- holding at last known position via gravity compensation.
[pinn_controller_node-1] [WARN] [1784855179.542716953] [pinn_franka_controller]: Trajectory stale (343.2s > 2.0s) -- holding at last known position via gravity compensation.
[pinn_controller_node-1] [WARN] [1784855180.543314120] [pinn_franka_controller]: Trajectory stale (344.2s > 2.0s) -- holding at last known position via gravity compensation.
[pinn_controller_node-1] [WARN] [1784855181.543557869] [pinn_franka_controller]: Trajectory stale (345.2s > 2.0s) -- holding at last known position via gravity compensation.
[pinn_controller_node-1] [WARN] [1784855182.543581556] [pinn_franka_controller]: Trajectory stale (346.2s > 2.0s) -- holding at last known position via gravity compensation.
[pinn_controller_node-1] [WARN] [1784855183.544374277] [pinn_franka_controller]: Trajectory stale (347.2s > 2.0s) -- holding at last known position via gravity compensation.
[pinn_controller_node-1] [WARN] [1784855184.544504900] [pinn_franka_controller]: Trajectory stale (348.2s > 2.0s) -- holding at last known position via gravity compensation.
[pinn_controller_node-1] [WARN] [1784855185.545372820] [pinn_franka_controller]: Trajectory stale (349.2s > 2.0s) -- holding at last known position via gravity compensation.
[pinn_controller_node-1] [WARN] [1784855186.546322846] [pinn_franka_controller]: Trajectory stale (350.2s > 2.0s) -- holding at last known position via gravity compensation.
[pinn_controller_node-1] [WARN] [1784855187.547344042] [pinn_franka_controller]: Trajectory stale (351.2s > 2.0s) -- holding at last known position via gravity compensation.
[pinn_controller_node-1] [WARN] [1784855188.548333968] [pinn_franka_controller]: Trajectory stale (352.2s > 2.0s) -- holding at last known position via gravity compensation.
[pinn_controller_node-1] [WARN] [1784855189.549337949] [pinn_franka_controller]: Trajectory stale (353.2s > 2.0s) -- holding at last known position via gravity compensation.
[pinn_controller_node-1] [WARN] [1784855190.549397458] [pinn_franka_controller]: Trajectory stale (354.2s > 2.0s) -- holding at last known position via gravity compensation.
[pinn_controller_node-1] [WARN] [1784855191.550341580] [pinn_franka_controller]: Trajectory stale (355.2s > 2.0s) -- holding at last known position via gravity compensation.
[pinn_controller_node-1] [WARN] [1784855192.550422571] [pinn_franka_controller]: Trajectory stale (356.2s > 2.0s) -- holding at last known position via gravity compensation.
[pinn_controller_node-1] [WARN] [1784855193.551317196] [pinn_franka_controller]: Trajectory stale (357.2s > 2.0s) -- holding at last known position via gravity compensation.
[pinn_controller_node-1] [WARN] [1784855194.551472425] [pinn_franka_controller]: Trajectory stale (358.2s > 2.0s) -- holding at last known position via gravity compensation.
[pinn_controller_node-1] [WARN] [1784855195.551508500] [pinn_franka_controller]: Trajectory stale (359.2s > 2.0s) -- holding at last known position via gravity compensation.
[pinn_controller_node-1] [WARN] [1784855196.551596493] [pinn_franka_controller]: Trajectory stale (360.2s > 2.0s) -- holding at last known position via gravity compensation.
[pinn_controller_node-1] [WARN] [1784855197.551824761] [pinn_franka_controller]: Trajectory stale (361.2s > 2.0s) -- holding at last known position via gravity compensation.
[pinn_controller_node-1] [WARN] [1784855198.552355826] [pinn_franka_controller]: Trajectory stale (362.2s > 2.0s) -- holding at last known position via gravity compensation.
[pinn_controller_node-1] [WARN] [1784855199.552571747] [pinn_franka_controller]: Trajectory stale (363.2s > 2.0s) -- holding at last known position via gravity compensation.
[pinn_controller_node-1] [WARN] [1784855200.553357234] [pinn_franka_controller]: Trajectory stale (364.2s > 2.0s) -- holding at last known position via gravity compensation.
[pinn_controller_node-1] [WARN] [1784855201.553532005] [pinn_franka_controller]: Trajectory stale (365.2s > 2.0s) -- holding at last known position via gravity compensation.
[pinn_controller_node-1] [WARN] [1784855202.554495572] [pinn_franka_controller]: Trajectory stale (366.2s > 2.0s) -- holding at last known position via gravity compensation.
[pinn_controller_node-1] [WARN] [1784855203.555383309] [pinn_franka_controller]: Trajectory stale (367.2s > 2.0s) -- holding at last known position via gravity compensation.
[pinn_controller_node-1] [WARN] [1784855204.556377806] [pinn_franka_controller]: Trajectory stale (368.2s > 2.0s) -- holding at last known position via gravity compensation.
[pinn_controller_node-1] [WARN] [1784855205.556410185] [pinn_franka_controller]: Trajectory stale (369.2s > 2.0s) -- holding at last known position via gravity compensation.
[pinn_controller_node-1] [WARN] [1784855206.556525830] [pinn_franka_controller]: Trajectory stale (370.2s > 2.0s) -- holding at last known position via gravity compensation.
[pinn_controller_node-1] [WARN] [1784855207.556685517] [pinn_franka_controller]: Trajectory stale (371.2s > 2.0s) -- holding at last known position via gravity compensation.
[pinn_controller_node-1] [WARN] [1784855208.557377683] [pinn_franka_controller]: Trajectory stale (372.2s > 2.0s) -- holding at last known position via gravity compensation.
[pinn_controller_node-1] [WARN] [1784855209.557378978] [pinn_franka_controller]: Trajectory stale (373.2s > 2.0s) -- holding at last known position via gravity compensation.
[pinn_controller_node-1] [WARN] [1784855210.557528790] [pinn_franka_controller]: Trajectory stale (374.2s > 2.0s) -- holding at last known position via gravity compensation.
[pinn_controller_node-1] [WARN] [1784855211.557809990] [pinn_franka_controller]: Trajectory stale (375.2s > 2.0s) -- holding at last known position via gravity compensation.
[pinn_controller_node-1] [WARN] [1784855212.558417781] [pinn_franka_controller]: Trajectory stale (376.2s > 2.0s) -- holding at last known position via gravity compensation.
[pinn_controller_node-1] [WARN] [1784855213.559077076] [pinn_franka_controller]: Trajectory stale (377.2s > 2.0s) -- holding at last known position via gravity compensation.
[pinn_controller_node-1] [WARN] [1784855214.559499843] [pinn_franka_controller]: Trajectory stale (378.2s > 2.0s) -- holding at last known position via gravity compensation.
[pinn_controller_node-1] [WARN] [1784855215.560397301] [pinn_franka_controller]: Trajectory stale (379.2s > 2.0s) -- holding at last known position via gravity compensation.
[pinn_controller_node-1] [WARN] [1784855216.560506350] [pinn_franka_controller]: Trajectory stale (380.2s > 2.0s) -- holding at last known position via gravity compensation.
[pinn_controller_node-1] [WARN] [1784855217.561334594] [pinn_franka_controller]: Trajectory stale (381.2s > 2.0s) -- holding at last known position via gravity compensation.
[pinn_controller_node-1] [WARN] [1784855218.561348247] [pinn_franka_controller]: Trajectory stale (382.2s > 2.0s) -- holding at last known position via gravity compensation.
[pinn_controller_node-1] [WARN] [1784855219.561414554] [pinn_franka_controller]: Trajectory stale (383.2s > 2.0s) -- holding at last known position via gravity compensation.
[pinn_controller_node-1] [WARN] [1784855220.561422656] [pinn_franka_controller]: Trajectory stale (384.2s > 2.0s) -- holding at last known position via gravity compensation.
[pinn_controller_node-1] [WARN] [1784855221.562332951] [pinn_franka_controller]: Trajectory stale (385.2s > 2.0s) -- holding at last known position via gravity compensation.
[pinn_controller_node-1] [WARN] [1784855222.562366571] [pinn_franka_controller]: Trajectory stale (386.2s > 2.0s) -- holding at last known position via gravity compensation.
[pinn_controller_node-1] [WARN] [1784855223.562961770] [pinn_franka_controller]: Trajectory stale (387.2s > 2.0s) -- holding at last known position via gravity compensation.
[pinn_controller_node-1] [WARN] [1784855224.563858424] [pinn_franka_controller]: Trajectory stale (388.2s > 2.0s) -- holding at last known position via gravity compensation.
[pinn_controller_node-1] [WARN] [1784855225.564424610] [pinn_franka_controller]: Trajectory stale (389.2s > 2.0s) -- holding at last known position via gravity compensation.
[pinn_controller_node-1] [WARN] [1784855226.565411359] [pinn_franka_controller]: Trajectory stale (390.2s > 2.0s) -- holding at last known position via gravity compensation.
[pinn_controller_node-1] [WARN] [1784855227.566369928] [pinn_franka_controller]: Trajectory stale (391.2s > 2.0s) -- holding at last known position via gravity compensation.
[pinn_controller_node-1] [WARN] [1784855228.566882907] [pinn_franka_controller]: Trajectory stale (392.2s > 2.0s) -- holding at last known position via gravity compensation.
[pinn_controller_node-1] [WARN] [1784855229.567618332] [pinn_franka_controller]: Trajectory stale (393.2s > 2.0s) -- holding at last known position via gravity compensation.
[pinn_controller_node-1] [WARN] [1784855230.568509428] [pinn_franka_controller]: Trajectory stale (394.2s > 2.0s) -- holding at last known position via gravity compensation.
[pinn_controller_node-1] [WARN] [1784855231.569405980] [pinn_franka_controller]: Trajectory stale (395.2s > 2.0s) -- holding at last known position via gravity compensation.
[pinn_controller_node-1] [WARN] [1784855232.570371886] [pinn_franka_controller]: Trajectory stale (396.2s > 2.0s) -- holding at last known position via gravity compensation.
[pinn_controller_node-1] [WARN] [1784855233.571348938] [pinn_franka_controller]: Trajectory stale (397.2s > 2.0s) -- holding at last known position via gravity compensation.
[pinn_controller_node-1] [WARN] [1784855234.571372471] [pinn_franka_controller]: Trajectory stale (398.2s > 2.0s) -- holding at last known position via gravity compensation.
[pinn_controller_node-1] [WARN] [1784855235.571569910] [pinn_franka_controller]: Trajectory stale (399.2s > 2.0s) -- holding at last known position via gravity compensation.
[pinn_controller_node-1] [WARN] [1784855236.571788216] [pinn_franka_controller]: Trajectory stale (400.2s > 2.0s) -- holding at last known position via gravity compensation.
[pinn_controller_node-1] [WARN] [1784855237.572338575] [pinn_franka_controller]: Trajectory stale (401.2s > 2.0s) -- holding at last known position via gravity compensation.
[pinn_controller_node-1] [WARN] [1784855238.572366300] [pinn_franka_controller]: Trajectory stale (402.2s > 2.0s) -- holding at last known position via gravity compensation.
[pinn_controller_node-1] [WARN] [1784855239.573346455] [pinn_franka_controller]: Trajectory stale (403.2s > 2.0s) -- holding at last known position via gravity compensation.
[pinn_controller_node-1] [WARN] [1784855240.573379978] [pinn_franka_controller]: Trajectory stale (404.2s > 2.0s) -- holding at last known position via gravity compensation.
[pinn_controller_node-1] [WARN] [1784855241.573735082] [pinn_franka_controller]: Trajectory stale (405.2s > 2.0s) -- holding at last known position via gravity compensation.
[pinn_controller_node-1] [WARN] [1784855242.574410628] [pinn_franka_controller]: Trajectory stale (406.2s > 2.0s) -- holding at last known position via gravity compensation.
[pinn_controller_node-1] [WARN] [1784855243.575648549] [pinn_franka_controller]: Trajectory stale (407.2s > 2.0s) -- holding at last known position via gravity compensation.
[pinn_controller_node-1] [WARN] [1784855244.576349548] [pinn_franka_controller]: Trajectory stale (408.2s > 2.0s) -- holding at last known position via gravity compensation.
[pinn_controller_node-1] [WARN] [1784855245.576399813] [pinn_franka_controller]: Trajectory stale (409.2s > 2.0s) -- holding at last known position via gravity compensation.
[pinn_controller_node-1] [WARN] [1784855246.577376983] [pinn_franka_controller]: Trajectory stale (410.2s > 2.0s) -- holding at last known position via gravity compensation.
[pinn_controller_node-1] [WARN] [1784855247.578348891] [pinn_franka_controller]: Trajectory stale (411.2s > 2.0s) -- holding at last known position via gravity compensation.
[pinn_controller_node-1] [WARN] [1784855248.578368782] [pinn_franka_controller]: Trajectory stale (412.2s > 2.0s) -- holding at last known position via gravity compensation.
[pinn_controller_node-1] [WARN] [1784855249.578668013] [pinn_franka_controller]: Trajectory stale (413.2s > 2.0s) -- holding at last known position via gravity compensation.
[pinn_controller_node-1] [WARN] [1784855250.579375925] [pinn_franka_controller]: Trajectory stale (414.2s > 2.0s) -- holding at last known position via gravity compensation.
[pinn_controller_node-1] [WARN] [1784855251.579848539] [pinn_franka_controller]: Trajectory stale (415.2s > 2.0s) -- holding at last known position via gravity compensation.
[pinn_controller_node-1] [WARN] [1784855252.580394420] [pinn_franka_controller]: Trajectory stale (416.2s > 2.0s) -- holding at last known position via gravity compensation.
[pinn_controller_node-1] [WARN] [1784855253.580404065] [pinn_franka_controller]: Trajectory stale (417.2s > 2.0s) -- holding at last known position via gravity compensation.
[pinn_controller_node-1] [WARN] [1784855254.580557664] [pinn_franka_controller]: Trajectory stale (418.2s > 2.0s) -- holding at last known position via gravity compensation.
[pinn_controller_node-1] [WARN] [1784855255.581433564] [pinn_franka_controller]: Trajectory stale (419.2s > 2.0s) -- holding at last known position via gravity compensation.
[pinn_controller_node-1] [WARN] [1784855256.582373718] [pinn_franka_controller]: Trajectory stale (420.2s > 2.0s) -- holding at last known position via gravity compensation.
[pinn_controller_node-1] [WARN] [1784855257.582478974] [pinn_franka_controller]: Trajectory stale (421.2s > 2.0s) -- holding at last known position via gravity compensation.
[pinn_controller_node-1] [WARN] [1784855258.583366432] [pinn_franka_controller]: Trajectory stale (422.2s > 2.0s) -- holding at last known position via gravity compensation.
[pinn_controller_node-1] [WARN] [1784855259.583762734] [pinn_franka_controller]: Trajectory stale (423.2s > 2.0s) -- holding at last known position via gravity compensation.
[pinn_controller_node-1] [WARN] [1784855260.584385567] [pinn_franka_controller]: Trajectory stale (424.2s > 2.0s) -- holding at last known position via gravity compensation.
[pinn_controller_node-1] [WARN] [1784855261.584391406] [pinn_franka_controller]: Trajectory stale (425.2s > 2.0s) -- holding at last known position via gravity compensation.
[pinn_controller_node-1] [WARN] [1784855262.584467282] [pinn_franka_controller]: Trajectory stale (426.2s > 2.0s) -- holding at last known position via gravity compensation.
[pinn_controller_node-1] [WARN] [1784855263.585339414] [pinn_franka_controller]: Trajectory stale (427.2s > 2.0s) -- holding at last known position via gravity compensation.
[pinn_controller_node-1] [WARN] [1784855264.585526375] [pinn_franka_controller]: Trajectory stale (428.2s > 2.0s) -- holding at last known position via gravity compensation.
[pinn_controller_node-1] [WARN] [1784855265.586579610] [pinn_franka_controller]: Trajectory stale (429.2s > 2.0s) -- holding at last known position via gravity compensation.
[pinn_controller_node-1] [WARN] [1784855266.587450316] [pinn_franka_controller]: Trajectory stale (430.2s > 2.0s) -- holding at last known position via gravity compensation.
[pinn_controller_node-1] [WARN] [1784855267.588345736] [pinn_franka_controller]: Trajectory stale (431.2s > 2.0s) -- holding at last known position via gravity compensation.
[pinn_controller_node-1] [WARN] [1784855268.588346541] [pinn_franka_controller]: Trajectory stale (432.2s > 2.0s) -- holding at last known position via gravity compensation.
[pinn_controller_node-1] [WARN] [1784855269.588350528] [pinn_franka_controller]: Trajectory stale (433.2s > 2.0s) -- holding at last known position via gravity compensation.
[pinn_controller_node-1] [WARN] [1784855270.588362983] [pinn_franka_controller]: Trajectory stale (434.2s > 2.0s) -- holding at last known position via gravity compensation.
[pinn_controller_node-1] [WARN] [1784855271.588656122] [pinn_franka_controller]: Trajectory stale (435.2s > 2.0s) -- holding at last known position via gravity compensation.
[pinn_controller_node-1] [WARN] [1784855272.589585496] [pinn_franka_controller]: Trajectory stale (436.2s > 2.0s) -- holding at last known position via gravity compensation.
[pinn_controller_node-1] [WARN] [1784855273.590370002] [pinn_franka_controller]: Trajectory stale (437.2s > 2.0s) -- holding at last known position via gravity compensation.
[pinn_controller_node-1] [WARN] [1784855274.590624915] [pinn_franka_controller]: Trajectory stale (438.2s > 2.0s) -- holding at last known position via gravity compensation.
[pinn_controller_node-1] [WARN] [1784855275.591447775] [pinn_franka_controller]: Trajectory stale (439.2s > 2.0s) -- holding at last known position via gravity compensation.
[pinn_controller_node-1] [WARN] [1784855276.592363974] [pinn_franka_controller]: Trajectory stale (440.2s > 2.0s) -- holding at last known position via gravity compensation.
[pinn_controller_node-1] [WARN] [1784855277.593365045] [pinn_franka_controller]: Trajectory stale (441.2s > 2.0s) -- holding at last known position via gravity compensation.
[pinn_controller_node-1] [WARN] [1784855278.593609735] [pinn_franka_controller]: Trajectory stale (442.2s > 2.0s) -- holding at last known position via gravity compensation.
[pinn_controller_node-1] [WARN] [1784855279.594146968] [pinn_franka_controller]: Trajectory stale (443.2s > 2.0s) -- holding at last known position via gravity compensation.
[pinn_controller_node-1] [WARN] [1784855280.594413237] [pinn_franka_controller]: Trajectory stale (444.2s > 2.0s) -- holding at last known position via gravity compensation.
[pinn_controller_node-1] [WARN] [1784855281.594564366] [pinn_franka_controller]: Trajectory stale (445.2s > 2.0s) -- holding at last known position via gravity compensation.
[pinn_controller_node-1] [WARN] [1784855282.595625819] [pinn_franka_controller]: Trajectory stale (446.2s > 2.0s) -- holding at last known position via gravity compensation.
[pinn_controller_node-1] [WARN] [1784855283.596416414] [pinn_franka_controller]: Trajectory stale (447.2s > 2.0s) -- holding at last known position via gravity compensation.
[pinn_controller_node-1] [WARN] [1784855284.597368679] [pinn_franka_controller]: Trajectory stale (448.2s > 2.0s) -- holding at last known position via gravity compensation.
[pinn_controller_node-1] [WARN] [1784855285.597551202] [pinn_franka_controller]: Trajectory stale (449.2s > 2.0s) -- holding at last known position via gravity compensation.
[pinn_controller_node-1] [WARN] [1784855286.597595370] [pinn_franka_controller]: Trajectory stale (450.2s > 2.0s) -- holding at last known position via gravity compensation.
[pinn_controller_node-1] [WARN] [1784855287.598461321] [pinn_franka_controller]: Trajectory stale (451.2s > 2.0s) -- holding at last known position via gravity compensation.
[pinn_controller_node-1] [WARN] [1784855288.598471838] [pinn_franka_controller]: Trajectory stale (452.2s > 2.0s) -- holding at last known position via gravity compensation.
[pinn_controller_node-1] [WARN] [1784855289.599458376] [pinn_franka_controller]: Trajectory stale (453.2s > 2.0s) -- holding at last known position via gravity compensation.
[pinn_controller_node-1] [WARN] [1784855290.599593304] [pinn_franka_controller]: Trajectory stale (454.2s > 2.0s) -- holding at last known position via gravity compensation.
[pinn_controller_node-1] [WARN] [1784855291.600321903] [pinn_franka_controller]: Trajectory stale (455.2s > 2.0s) -- holding at last known position via gravity compensation.
[pinn_controller_node-1] [WARN] [1784855292.600343453] [pinn_franka_controller]: Trajectory stale (456.2s > 2.0s) -- holding at last known position via gravity compensation.
[pinn_controller_node-1] [WARN] [1784855293.600365919] [pinn_franka_controller]: Trajectory stale (457.2s > 2.0s) -- holding at last known position via gravity compensation.
[pinn_controller_node-1] [WARN] [1784855294.600370201] [pinn_franka_controller]: Trajectory stale (458.2s > 2.0s) -- holding at last known position via gravity compensation.
[pinn_controller_node-1] [WARN] [1784855295.601040253] [pinn_franka_controller]: Trajectory stale (459.2s > 2.0s) -- holding at last known position via gravity compensation.
[pinn_controller_node-1] [WARN] [1784855296.601372065] [pinn_franka_controller]: Trajectory stale (460.2s > 2.0s) -- holding at last known position via gravity compensation.
[pinn_controller_node-1] [WARN] [1784855297.601541236] [pinn_franka_controller]: Trajectory stale (461.2s > 2.0s) -- holding at last known position via gravity compensation.
[pinn_controller_node-1] [WARN] [1784855298.602374784] [pinn_franka_controller]: Trajectory stale (462.2s > 2.0s) -- holding at last known position via gravity compensation.
[pinn_controller_node-1] [WARN] [1784855299.603035340] [pinn_franka_controller]: Trajectory stale (463.2s > 2.0s) -- holding at last known position via gravity compensation.
[pinn_controller_node-1] [WARN] [1784855300.603357623] [pinn_franka_controller]: Trajectory stale (464.2s > 2.0s) -- holding at last known position via gravity compensation.
[pinn_controller_node-1] [WARN] [1784855301.603542445] [pinn_franka_controller]: Trajectory stale (465.2s > 2.0s) -- holding at last known position via gravity compensation.
[pinn_controller_node-1] [WARN] [1784855302.604404245] [pinn_franka_controller]: Trajectory stale (466.2s > 2.0s) -- holding at last known position via gravity compensation.
[pinn_controller_node-1] [WARN] [1784855303.604622456] [pinn_franka_controller]: Trajectory stale (467.2s > 2.0s) -- holding at last known position via gravity compensation.
[pinn_controller_node-1] [WARN] [1784855304.605499750] [pinn_franka_controller]: Trajectory stale (468.2s > 2.0s) -- holding at last known position via gravity compensation.
[pinn_controller_node-1] [WARN] [1784855305.606374586] [pinn_franka_controller]: Trajectory stale (469.2s > 2.0s) -- holding at last known position via gravity compensation.
[pinn_controller_node-1] [WARN] [1784855306.607368751] [pinn_franka_controller]: Trajectory stale (470.2s > 2.0s) -- holding at last known position via gravity compensation.
[pinn_controller_node-1] [WARN] [1784855307.607728383] [pinn_franka_controller]: Trajectory stale (471.2s > 2.0s) -- holding at last known position via gravity compensation.
[pinn_controller_node-1] [WARN] [1784855308.608401374] [pinn_franka_controller]: Trajectory stale (472.2s > 2.0s) -- holding at last known position via gravity compensation.
[pinn_controller_node-1] [WARN] [1784855309.608497854] [pinn_franka_controller]: Trajectory stale (473.2s > 2.0s) -- holding at last known position via gravity compensation.
[pinn_controller_node-1] [WARN] [1784855310.609362990] [pinn_franka_controller]: Trajectory stale (474.2s > 2.0s) -- holding at last known position via gravity compensation.
[pinn_controller_node-1] [WARN] [1784855311.609666318] [pinn_franka_controller]: Trajectory stale (475.2s > 2.0s) -- holding at last known position via gravity compensation.
[pinn_controller_node-1] [WARN] [1784855312.609927551] [pinn_franka_controller]: Trajectory stale (476.2s > 2.0s) -- holding at last known position via gravity compensation.
[pinn_controller_node-1] [WARN] [1784855313.610364155] [pinn_franka_controller]: Trajectory stale (477.3s > 2.0s) -- holding at last known position via gravity compensation.
[pinn_controller_node-1] [WARN] [1784855314.610400468] [pinn_franka_controller]: Trajectory stale (478.3s > 2.0s) -- holding at last known position via gravity compensation.
[pinn_controller_node-1] [WARN] [1784855315.610489186] [pinn_franka_controller]: Trajectory stale (479.3s > 2.0s) -- holding at last known position via gravity compensation.
[pinn_controller_node-1] [WARN] [1784855316.611421881] [pinn_franka_controller]: Trajectory stale (480.3s > 2.0s) -- holding at last known position via gravity compensation.
[pinn_controller_node-1] [WARN] [1784855317.612320402] [pinn_franka_controller]: Trajectory stale (481.3s > 2.0s) -- holding at last known position via gravity compensation.
[pinn_controller_node-1] [WARN] [1784855318.612414838] [pinn_franka_controller]: Trajectory stale (482.3s > 2.0s) -- holding at last known position via gravity compensation.
[pinn_controller_node-1] [WARN] [1784855319.612538999] [pinn_franka_controller]: Trajectory stale (483.3s > 2.0s) -- holding at last known position via gravity compensation.
[pinn_controller_node-1] [WARN] [1784855320.613401779] [pinn_franka_controller]: Trajectory stale (484.3s > 2.0s) -- holding at last known position via gravity compensation.
[pinn_controller_node-1] [WARN] [1784855321.613567600] [pinn_franka_controller]: Trajectory stale (485.3s > 2.0s) -- holding at last known position via gravity compensation.
[pinn_controller_node-1] [WARN] [1784855322.614549477] [pinn_franka_controller]: Trajectory stale (486.3s > 2.0s) -- holding at last known position via gravity compensation.
[pinn_controller_node-1] [WARN] [1784855323.615372970] [pinn_franka_controller]: Trajectory stale (487.3s > 2.0s) -- holding at last known position via gravity compensation.
[pinn_controller_node-1] [WARN] [1784855324.615567647] [pinn_franka_controller]: Trajectory stale (488.3s > 2.0s) -- holding at last known position via gravity compensation.
[pinn_controller_node-1] [WARN] [1784855325.616137779] [pinn_franka_controller]: Trajectory stale (489.3s > 2.0s) -- holding at last known position via gravity compensation.
[pinn_controller_node-1] [WARN] [1784855326.616358448] [pinn_franka_controller]: Trajectory stale (490.3s > 2.0s) -- holding at last known position via gravity compensation.
[pinn_controller_node-1] [WARN] [1784855327.616641124] [pinn_franka_controller]: Trajectory stale (491.3s > 2.0s) -- holding at last known position via gravity compensation.
[pinn_controller_node-1] [WARN] [1784855328.617539140] [pinn_franka_controller]: Trajectory stale (492.3s > 2.0s) -- holding at last known position via gravity compensation.
[pinn_controller_node-1] [WARN] [1784855329.618350560] [pinn_franka_controller]: Trajectory stale (493.3s > 2.0s) -- holding at last known position via gravity compensation.
[pinn_controller_node-1] [WARN] [1784855330.618365198] [pinn_franka_controller]: Trajectory stale (494.3s > 2.0s) -- holding at last known position via gravity compensation.
[pinn_controller_node-1] [WARN] [1784855331.618614948] [pinn_franka_controller]: Trajectory stale (495.3s > 2.0s) -- holding at last known position via gravity compensation.
[pinn_controller_node-1] [WARN] [1784855332.620049404] [pinn_franka_controller]: Trajectory stale (496.3s > 2.0s) -- holding at last known position via gravity compensation.
[pinn_controller_node-1] [WARN] [1784855333.620342533] [pinn_franka_controller]: Trajectory stale (497.3s > 2.0s) -- holding at last known position via gravity compensation.
[pinn_controller_node-1] [WARN] [1784855334.620721400] [pinn_franka_controller]: Trajectory stale (498.3s > 2.0s) -- holding at last known position via gravity compensation.
[pinn_controller_node-1] [WARN] [1784855335.621409983] [pinn_franka_controller]: Trajectory stale (499.3s > 2.0s) -- holding at last known position via gravity compensation.
[pinn_controller_node-1] [WARN] [1784855336.621785887] [pinn_franka_controller]: Trajectory stale (500.3s > 2.0s) -- holding at last known position via gravity compensation.
[pinn_controller_node-1] [WARN] [1784855337.622333285] [pinn_franka_controller]: Trajectory stale (501.3s > 2.0s) -- holding at last known position via gravity compensation.
[pinn_controller_node-1] [WARN] [1784855338.622398426] [pinn_franka_controller]: Trajectory stale (502.3s > 2.0s) -- holding at last known position via gravity compensation.
[pinn_controller_node-1] [WARN] [1784855339.622616397] [pinn_franka_controller]: Trajectory stale (503.3s > 2.0s) -- holding at last known position via gravity compensation.
[pinn_controller_node-1] [WARN] [1784855340.623480206] [pinn_franka_controller]: Trajectory stale (504.3s > 2.0s) -- holding at last known position via gravity compensation.
[pinn_controller_node-1] [WARN] [1784855341.623789575] [pinn_franka_controller]: Trajectory stale (505.3s > 2.0s) -- holding at last known position via gravity compensation.
[pinn_controller_node-1] [WARN] [1784855342.624466220] [pinn_franka_controller]: Trajectory stale (506.3s > 2.0s) -- holding at last known position via gravity compensation.
[pinn_controller_node-1] [WARN] [1784855343.624554828] [pinn_franka_controller]: Trajectory stale (507.3s > 2.0s) -- holding at last known position via gravity compensation.
[pinn_controller_node-1] [WARN] [1784855344.624829100] [pinn_franka_controller]: Trajectory stale (508.3s > 2.0s) -- holding at last known position via gravity compensation.
[pinn_controller_node-1] [WARN] [1784855345.625463565] [pinn_franka_controller]: Trajectory stale (509.3s > 2.0s) -- holding at last known position via gravity compensation.
[pinn_controller_node-1] [WARN] [1784855346.626415470] [pinn_franka_controller]: Trajectory stale (510.3s > 2.0s) -- holding at last known position via gravity compensation.
[pinn_controller_node-1] [WARN] [1784855347.627455485] [pinn_franka_controller]: Trajectory stale (511.3s > 2.0s) -- holding at last known position via gravity compensation.
[pinn_controller_node-1] [WARN] [1784855348.627469701] [pinn_franka_controller]: Trajectory stale (512.3s > 2.0s) -- holding at last known position via gravity compensation.
[pinn_controller_node-1] [WARN] [1784855349.628362067] [pinn_franka_controller]: Trajectory stale (513.3s > 2.0s) -- holding at last known position via gravity compensation.
[pinn_controller_node-1] [WARN] [1784855350.628788398] [pinn_franka_controller]: Trajectory stale (514.3s > 2.0s) -- holding at last known position via gravity compensation.
[pinn_controller_node-1] [WARN] [1784855351.629548685] [pinn_franka_controller]: Trajectory stale (515.3s > 2.0s) -- holding at last known position via gravity compensation.
[pinn_controller_node-1] [WARN] [1784855352.630348476] [pinn_franka_controller]: Trajectory stale (516.3s > 2.0s) -- holding at last known position via gravity compensation.
[pinn_controller_node-1] [WARN] [1784855353.630440276] [pinn_franka_controller]: Trajectory stale (517.3s > 2.0s) -- holding at last known position via gravity compensation.
[pinn_controller_node-1] [WARN] [1784855354.631337689] [pinn_franka_controller]: Trajectory stale (518.3s > 2.0s) -- holding at last known position via gravity compensation.
[pinn_controller_node-1] [WARN] [1784855355.631357141] [pinn_franka_controller]: Trajectory stale (519.3s > 2.0s) -- holding at last known position via gravity compensation.
[pinn_controller_node-1] [WARN] [1784855356.631795853] [pinn_franka_controller]: Trajectory stale (520.3s > 2.0s) -- holding at last known position via gravity compensation.
[pinn_controller_node-1] [WARN] [1784855357.632721309] [pinn_franka_controller]: Trajectory stale (521.3s > 2.0s) -- holding at last known position via gravity compensation.
[pinn_controller_node-1] [WARN] [1784855358.633503711] [pinn_franka_controller]: Trajectory stale (522.3s > 2.0s) -- holding at last known position via gravity compensation.
[pinn_controller_node-1] [WARN] [1784855359.634389689] [pinn_franka_controller]: Trajectory stale (523.3s > 2.0s) -- holding at last known position via gravity compensation.
[pinn_controller_node-1] [WARN] [1784855360.634766815] [pinn_franka_controller]: Trajectory stale (524.3s > 2.0s) -- holding at last known position via gravity compensation.
[pinn_controller_node-1] [WARN] [1784855361.635635684] [pinn_franka_controller]: Trajectory stale (525.3s > 2.0s) -- holding at last known position via gravity compensation.
[pinn_controller_node-1] [WARN] [1784855362.636442434] [pinn_franka_controller]: Trajectory stale (526.3s > 2.0s) -- holding at last known position via gravity compensation.
[pinn_controller_node-1] [WARN] [1784855363.636613273] [pinn_franka_controller]: Trajectory stale (527.3s > 2.0s) -- holding at last known position via gravity compensation.
[pinn_controller_node-1] [WARN] [1784855364.637437985] [pinn_franka_controller]: Trajectory stale (528.3s > 2.0s) -- holding at last known position via gravity compensation.
[pinn_controller_node-1] [WARN] [1784855365.638436753] [pinn_franka_controller]: Trajectory stale (529.3s > 2.0s) -- holding at last known position via gravity compensation.
[pinn_controller_node-1] [WARN] [1784855366.638830499] [pinn_franka_controller]: Trajectory stale (530.3s > 2.0s) -- holding at last known position via gravity compensation.
[pinn_controller_node-1] [WARN] [1784855367.639694126] [pinn_franka_controller]: Trajectory stale (531.3s > 2.0s) -- holding at last known position via gravity compensation.
[pinn_controller_node-1] [WARN] [1784855368.640374246] [pinn_franka_controller]: Trajectory stale (532.3s > 2.0s) -- holding at last known position via gravity compensation.
[pinn_controller_node-1] [WARN] [1784855369.640592674] [pinn_franka_controller]: Trajectory stale (533.3s > 2.0s) -- holding at last known position via gravity compensation.
[pinn_controller_node-1] [WARN] [1784855370.641009211] [pinn_franka_controller]: Trajectory stale (534.3s > 2.0s) -- holding at last known position via gravity compensation.
[pinn_controller_node-1] [WARN] [1784855371.641347471] [pinn_franka_controller]: Trajectory stale (535.3s > 2.0s) -- holding at last known position via gravity compensation.
[pinn_controller_node-1] [WARN] [1784855372.642452525] [pinn_franka_controller]: Trajectory stale (536.3s > 2.0s) -- holding at last known position via gravity compensation.
[pinn_controller_node-1] [WARN] [1784855373.643376014] [pinn_franka_controller]: Trajectory stale (537.3s > 2.0s) -- holding at last known position via gravity compensation.
[pinn_controller_node-1] [WARN] [1784855374.644374623] [pinn_franka_controller]: Trajectory stale (538.3s > 2.0s) -- holding at last known position via gravity compensation.
[pinn_controller_node-1] [WARN] [1784855375.645369291] [pinn_franka_controller]: Trajectory stale (539.3s > 2.0s) -- holding at last known position via gravity compensation.
[pinn_controller_node-1] [WARN] [1784855376.645548586] [pinn_franka_controller]: Trajectory stale (540.3s > 2.0s) -- holding at last known position via gravity compensation.
[pinn_controller_node-1] [WARN] [1784855377.646417457] [pinn_franka_controller]: Trajectory stale (541.3s > 2.0s) -- holding at last known position via gravity compensation.
[pinn_controller_node-1] [WARN] [1784855378.647569888] [pinn_franka_controller]: Trajectory stale (542.3s > 2.0s) -- holding at last known position via gravity compensation.
[pinn_controller_node-1] [WARN] [1784855379.647636298] [pinn_franka_controller]: Trajectory stale (543.3s > 2.0s) -- holding at last known position via gravity compensation.
[pinn_controller_node-1] [WARN] [1784855380.648313695] [pinn_franka_controller]: Trajectory stale (544.3s > 2.0s) -- holding at last known position via gravity compensation.
[pinn_controller_node-1] [WARN] [1784855381.648665153] [pinn_franka_controller]: Trajectory stale (545.3s > 2.0s) -- holding at last known position via gravity compensation.
[pinn_controller_node-1] [WARN] [1784855382.649370354] [pinn_franka_controller]: Trajectory stale (546.3s > 2.0s) -- holding at last known position via gravity compensation.
[pinn_controller_node-1] [WARN] [1784855383.649848267] [pinn_franka_controller]: Trajectory stale (547.3s > 2.0s) -- holding at last known position via gravity compensation.
[pinn_controller_node-1] [WARN] [1784855384.650383893] [pinn_franka_controller]: Trajectory stale (548.3s > 2.0s) -- holding at last known position via gravity compensation.
[pinn_controller_node-1] [WARN] [1784855385.650952240] [pinn_franka_controller]: Trajectory stale (549.3s > 2.0s) -- holding at last known position via gravity compensation.
[pinn_controller_node-1] [WARN] [1784855386.651269210] [pinn_franka_controller]: Trajectory stale (550.3s > 2.0s) -- holding at last known position via gravity compensation.
[pinn_controller_node-1] [WARN] [1784855387.651373521] [pinn_franka_controller]: Trajectory stale (551.3s > 2.0s) -- holding at last known position via gravity compensation.
[pinn_controller_node-1] [WARN] [1784855388.651598480] [pinn_franka_controller]: Trajectory stale (552.3s > 2.0s) -- holding at last known position via gravity compensation.
[pinn_controller_node-1] [WARN] [1784855389.651719219] [pinn_franka_controller]: Trajectory stale (553.3s > 2.0s) -- holding at last known position via gravity compensation.
[pinn_controller_node-1] [WARN] [1784855390.652473002] [pinn_franka_controller]: Trajectory stale (554.3s > 2.0s) -- holding at last known position via gravity compensation.
[pinn_controller_node-1] [WARN] [1784855391.653352128] [pinn_franka_controller]: Trajectory stale (555.3s > 2.0s) -- holding at last known position via gravity compensation.
[pinn_controller_node-1] [WARN] [1784855392.653369077] [pinn_franka_controller]: Trajectory stale (556.3s > 2.0s) -- holding at last known position via gravity compensation.
[pinn_controller_node-1] [WARN] [1784855393.653453966] [pinn_franka_controller]: Trajectory stale (557.3s > 2.0s) -- holding at last known position via gravity compensation.
[pinn_controller_node-1] [WARN] [1784855394.654389643] [pinn_franka_controller]: Trajectory stale (558.3s > 2.0s) -- holding at last known position via gravity compensation.
[pinn_controller_node-1] [WARN] [1784855395.654405491] [pinn_franka_controller]: Trajectory stale (559.3s > 2.0s) -- holding at last known position via gravity compensation.
[pinn_controller_node-1] [WARN] [1784855396.654817214] [pinn_franka_controller]: Trajectory stale (560.3s > 2.0s) -- holding at last known position via gravity compensation.
[pinn_controller_node-1] [WARN] [1784855397.655601644] [pinn_franka_controller]: Trajectory stale (561.3s > 2.0s) -- holding at last known position via gravity compensation.
[pinn_controller_node-1] [WARN] [1784855398.656363466] [pinn_franka_controller]: Trajectory stale (562.3s > 2.0s) -- holding at last known position via gravity compensation.
[pinn_controller_node-1] [WARN] [1784855399.656610248] [pinn_franka_controller]: Trajectory stale (563.3s > 2.0s) -- holding at last known position via gravity compensation.
[pinn_controller_node-1] [WARN] [1784855400.657306489] [pinn_franka_controller]: Trajectory stale (564.3s > 2.0s) -- holding at last known position via gravity compensation.
[pinn_controller_node-1] [WARN] [1784855401.657365401] [pinn_franka_controller]: Trajectory stale (565.3s > 2.0s) -- holding at last known position via gravity compensation.
[pinn_controller_node-1] [WARN] [1784855402.658347458] [pinn_franka_controller]: Trajectory stale (566.3s > 2.0s) -- holding at last known position via gravity compensation.
[pinn_controller_node-1] [WARN] [1784855403.658374063] [pinn_franka_controller]: Trajectory stale (567.3s > 2.0s) -- holding at last known position via gravity compensation.
[pinn_controller_node-1] [WARN] [1784855404.659089994] [pinn_franka_controller]: Trajectory stale (568.3s > 2.0s) -- holding at last known position via gravity compensation.
[pinn_controller_node-1] [WARN] [1784855405.659346884] [pinn_franka_controller]: Trajectory stale (569.3s > 2.0s) -- holding at last known position via gravity compensation.
[pinn_controller_node-1] [WARN] [1784855406.659911048] [pinn_franka_controller]: Trajectory stale (570.3s > 2.0s) -- holding at last known position via gravity compensation.
[pinn_controller_node-1] [WARN] [1784855407.660459950] [pinn_franka_controller]: Trajectory stale (571.3s > 2.0s) -- holding at last known position via gravity compensation.
[pinn_controller_node-1] [WARN] [1784855408.661358048] [pinn_franka_controller]: Trajectory stale (572.3s > 2.0s) -- holding at last known position via gravity compensation.
[pinn_controller_node-1] [WARN] [1784855409.661612092] [pinn_franka_controller]: Trajectory stale (573.3s > 2.0s) -- holding at last known position via gravity compensation.
[pinn_controller_node-1] [WARN] [1784855410.662363432] [pinn_franka_controller]: Trajectory stale (574.3s > 2.0s) -- holding at last known position via gravity compensation.
[pinn_controller_node-1] [WARN] [1784855411.662431076] [pinn_franka_controller]: Trajectory stale (575.3s > 2.0s) -- holding at last known position via gravity compensation.
[pinn_controller_node-1] [WARN] [1784855412.662500880] [pinn_franka_controller]: Trajectory stale (576.3s > 2.0s) -- holding at last known position via gravity compensation.
[pinn_controller_node-1] [WARN] [1784855413.662619137] [pinn_franka_controller]: Trajectory stale (577.3s > 2.0s) -- holding at last known position via gravity compensation.
[pinn_controller_node-1] [WARN] [1784855414.663395538] [pinn_franka_controller]: Trajectory stale (578.3s > 2.0s) -- holding at last known position via gravity compensation.
[pinn_controller_node-1] [WARN] [1784855415.664023189] [pinn_franka_controller]: Trajectory stale (579.3s > 2.0s) -- holding at last known position via gravity compensation.
[pinn_controller_node-1] [WARN] [1784855416.665005692] [pinn_franka_controller]: Trajectory stale (580.3s > 2.0s) -- holding at last known position via gravity compensation.
[pinn_controller_node-1] [WARN] [1784855417.665542174] [pinn_franka_controller]: Trajectory stale (581.3s > 2.0s) -- holding at last known position via gravity compensation.
[pinn_controller_node-1] [WARN] [1784855418.666362525] [pinn_franka_controller]: Trajectory stale (582.3s > 2.0s) -- holding at last known position via gravity compensation.
[pinn_controller_node-1] [WARN] [1784855419.666426247] [pinn_franka_controller]: Trajectory stale (583.3s > 2.0s) -- holding at last known position via gravity compensation.
[pinn_controller_node-1] [WARN] [1784855420.667036888] [pinn_franka_controller]: Trajectory stale (584.3s > 2.0s) -- holding at last known position via gravity compensation.
[pinn_controller_node-1] [WARN] [1784855421.667478278] [pinn_franka_controller]: Trajectory stale (585.3s > 2.0s) -- holding at last known position via gravity compensation.
[pinn_controller_node-1] [WARN] [1784855422.668077721] [pinn_franka_controller]: Trajectory stale (586.3s > 2.0s) -- holding at last known position via gravity compensation.
[pinn_controller_node-1] [WARN] [1784855423.668349833] [pinn_franka_controller]: Trajectory stale (587.3s > 2.0s) -- holding at last known position via gravity compensation.
[pinn_controller_node-1] [WARN] [1784855424.668462349] [pinn_franka_controller]: Trajectory stale (588.3s > 2.0s) -- holding at last known position via gravity compensation.
[pinn_controller_node-1] [WARN] [1784855425.669134253] [pinn_franka_controller]: Trajectory stale (589.3s > 2.0s) -- holding at last known position via gravity compensation.
[pinn_controller_node-1] [WARN] [1784855426.669487334] [pinn_franka_controller]: Trajectory stale (590.3s > 2.0s) -- holding at last known position via gravity compensation.
[pinn_controller_node-1] [WARN] [1784855427.670228970] [pinn_franka_controller]: Trajectory stale (591.3s > 2.0s) -- holding at last known position via gravity compensation.
[pinn_controller_node-1] [WARN] [1784855428.670330436] [pinn_franka_controller]: Trajectory stale (592.3s > 2.0s) -- holding at last known position via gravity compensation.
[pinn_controller_node-1] [WARN] [1784855429.670503370] [pinn_franka_controller]: Trajectory stale (593.3s > 2.0s) -- holding at last known position via gravity compensation.
[pinn_controller_node-1] [WARN] [1784855430.670718100] [pinn_franka_controller]: Trajectory stale (594.3s > 2.0s) -- holding at last known position via gravity compensation.
[pinn_controller_node-1] [WARN] [1784855431.670862254] [pinn_franka_controller]: Trajectory stale (595.3s > 2.0s) -- holding at last known position via gravity compensation.
[pinn_controller_node-1] [WARN] [1784855432.671460467] [pinn_franka_controller]: Trajectory stale (596.3s > 2.0s) -- holding at last known position via gravity compensation.
[pinn_controller_node-1] [WARN] [1784855433.672400827] [pinn_franka_controller]: Trajectory stale (597.3s > 2.0s) -- holding at last known position via gravity compensation.
[pinn_controller_node-1] [WARN] [1784855434.673353436] [pinn_franka_controller]: Trajectory stale (598.3s > 2.0s) -- holding at last known position via gravity compensation.
[pinn_controller_node-1] [WARN] [1784855435.673400174] [pinn_franka_controller]: Trajectory stale (599.3s > 2.0s) -- holding at last known position via gravity compensation.
[pinn_controller_node-1] [WARN] [1784855436.674355015] [pinn_franka_controller]: Trajectory stale (600.3s > 2.0s) -- holding at last known position via gravity compensation.
[pinn_controller_node-1] [WARN] [1784855437.675355420] [pinn_franka_controller]: Trajectory stale (601.3s > 2.0s) -- holding at last known position via gravity compensation.
[pinn_controller_node-1] [WARN] [1784855438.675384890] [pinn_franka_controller]: Trajectory stale (602.3s > 2.0s) -- holding at last known position via gravity compensation.
[pinn_controller_node-1] [WARN] [1784855439.676343306] [pinn_franka_controller]: Trajectory stale (603.3s > 2.0s) -- holding at last known position via gravity compensation.
[pinn_controller_node-1] [WARN] [1784855440.676365050] [pinn_franka_controller]: Trajectory stale (604.3s > 2.0s) -- holding at last known position via gravity compensation.
[pinn_controller_node-1] [WARN] [1784855441.677351472] [pinn_franka_controller]: Trajectory stale (605.3s > 2.0s) -- holding at last known position via gravity compensation.
[pinn_controller_node-1] [WARN] [1784855442.677911265] [pinn_franka_controller]: Trajectory stale (606.3s > 2.0s) -- holding at last known position via gravity compensation.
[pinn_controller_node-1] [WARN] [1784855443.678571495] [pinn_franka_controller]: Trajectory stale (607.3s > 2.0s) -- holding at last known position via gravity compensation.
[pinn_controller_node-1] [WARN] [1784855444.679456700] [pinn_franka_controller]: Trajectory stale (608.3s > 2.0s) -- holding at last known position via gravity compensation.
[pinn_controller_node-1] [WARN] [1784855445.679559795] [pinn_franka_controller]: Trajectory stale (609.3s > 2.0s) -- holding at last known position via gravity compensation.
[pinn_controller_node-1] [WARN] [1784855446.680506433] [pinn_franka_controller]: Trajectory stale (610.3s > 2.0s) -- holding at last known position via gravity compensation.
[pinn_controller_node-1] [WARN] [1784855447.681269288] [pinn_franka_controller]: Trajectory stale (611.3s > 2.0s) -- holding at last known position via gravity compensation.
[pinn_controller_node-1] [WARN] [1784855448.681364807] [pinn_franka_controller]: Trajectory stale (612.3s > 2.0s) -- holding at last known position via gravity compensation.
[pinn_controller_node-1] [WARN] [1784855449.682351725] [pinn_franka_controller]: Trajectory stale (613.3s > 2.0s) -- holding at last known position via gravity compensation.
[pinn_controller_node-1] [WARN] [1784855450.683314538] [pinn_franka_controller]: Trajectory stale (614.3s > 2.0s) -- holding at last known position via gravity compensation.
[pinn_controller_node-1] [WARN] [1784855451.683514699] [pinn_franka_controller]: Trajectory stale (615.3s > 2.0s) -- holding at last known position via gravity compensation.
[pinn_controller_node-1] [WARN] [1784855452.683809642] [pinn_franka_controller]: Trajectory stale (616.3s > 2.0s) -- holding at last known position via gravity compensation.
[pinn_controller_node-1] [WARN] [1784855453.684939822] [pinn_franka_controller]: Trajectory stale (617.3s > 2.0s) -- holding at last known position via gravity compensation.
[pinn_controller_node-1] [WARN] [1784855454.686060397] [pinn_franka_controller]: Trajectory stale (618.3s > 2.0s) -- holding at last known position via gravity compensation.
[pinn_controller_node-1] [WARN] [1784855455.686614938] [pinn_franka_controller]: Trajectory stale (619.3s > 2.0s) -- holding at last known position via gravity compensation.
[pinn_controller_node-1] [WARN] [1784855456.687367603] [pinn_franka_controller]: Trajectory stale (620.3s > 2.0s) -- holding at last known position via gravity compensation.
[pinn_controller_node-1] [WARN] [1784855457.687805505] [pinn_franka_controller]: Trajectory stale (621.3s > 2.0s) -- holding at last known position via gravity compensation.
[pinn_controller_node-1] [WARN] [1784855458.688473455] [pinn_franka_controller]: Trajectory stale (622.3s > 2.0s) -- holding at last known position via gravity compensation.
[pinn_controller_node-1] [WARN] [1784855459.689394054] [pinn_franka_controller]: Trajectory stale (623.3s > 2.0s) -- holding at last known position via gravity compensation.
[pinn_controller_node-1] [WARN] [1784855460.690326864] [pinn_franka_controller]: Trajectory stale (624.3s > 2.0s) -- holding at last known position via gravity compensation.
[pinn_controller_node-1] [WARN] [1784855461.690695413] [pinn_franka_controller]: Trajectory stale (625.3s > 2.0s) -- holding at last known position via gravity compensation.
[pinn_controller_node-1] [WARN] [1784855462.691423790] [pinn_franka_controller]: Trajectory stale (626.3s > 2.0s) -- holding at last known position via gravity compensation.
[pinn_controller_node-1] [WARN] [1784855463.692313816] [pinn_franka_controller]: Trajectory stale (627.3s > 2.0s) -- holding at last known position via gravity compensation.
[pinn_controller_node-1] [WARN] [1784855464.692375486] [pinn_franka_controller]: Trajectory stale (628.3s > 2.0s) -- holding at last known position via gravity compensation.
[pinn_controller_node-1] [WARN] [1784855465.692906375] [pinn_franka_controller]: Trajectory stale (629.3s > 2.0s) -- holding at last known position via gravity compensation.
[pinn_controller_node-1] [WARN] [1784855466.693369100] [pinn_franka_controller]: Trajectory stale (630.3s > 2.0s) -- holding at last known position via gravity compensation.
[pinn_controller_node-1] [WARN] [1784855467.693827963] [pinn_franka_controller]: Trajectory stale (631.3s > 2.0s) -- holding at last known position via gravity compensation.
[pinn_controller_node-1] [WARN] [1784855468.693999813] [pinn_franka_controller]: Trajectory stale (632.3s > 2.0s) -- holding at last known position via gravity compensation.
[pinn_controller_node-1] [WARN] [1784855469.694490406] [pinn_franka_controller]: Trajectory stale (633.3s > 2.0s) -- holding at last known position via gravity compensation.
[pinn_controller_node-1] [WARN] [1784855470.694532163] [pinn_franka_controller]: Trajectory stale (634.3s > 2.0s) -- holding at last known position via gravity compensation.
[pinn_controller_node-1] [WARN] [1784855471.695351250] [pinn_franka_controller]: Trajectory stale (635.3s > 2.0s) -- holding at last known position via gravity compensation.
[pinn_controller_node-1] [WARN] [1784855472.696352773] [pinn_franka_controller]: Trajectory stale (636.3s > 2.0s) -- holding at last known position via gravity compensation.
[pinn_controller_node-1] [WARN] [1784855473.696392973] [pinn_franka_controller]: Trajectory stale (637.3s > 2.0s) -- holding at last known position via gravity compensation.
[pinn_controller_node-1] [WARN] [1784855474.697393395] [pinn_franka_controller]: Trajectory stale (638.3s > 2.0s) -- holding at last known position via gravity compensation.
[pinn_controller_node-1] [WARN] [1784855475.698373175] [pinn_franka_controller]: Trajectory stale (639.3s > 2.0s) -- holding at last known position via gravity compensation.
[pinn_controller_node-1] [WARN] [1784855476.698419386] [pinn_franka_controller]: Trajectory stale (640.3s > 2.0s) -- holding at last known position via gravity compensation.
[pinn_controller_node-1] [WARN] [1784855477.698540921] [pinn_franka_controller]: Trajectory stale (641.3s > 2.0s) -- holding at last known position via gravity compensation.
[pinn_controller_node-1] [WARN] [1784855478.698631397] [pinn_franka_controller]: Trajectory stale (642.3s > 2.0s) -- holding at last known position via gravity compensation.
[pinn_controller_node-1] [WARN] [1784855479.699331036] [pinn_franka_controller]: Trajectory stale (643.3s > 2.0s) -- holding at last known position via gravity compensation.
[pinn_controller_node-1] [WARN] [1784855480.699445137] [pinn_franka_controller]: Trajectory stale (644.3s > 2.0s) -- holding at last known position via gravity compensation.
[pinn_controller_node-1] [WARN] [1784855481.700356646] [pinn_franka_controller]: Trajectory stale (645.3s > 2.0s) -- holding at last known position via gravity compensation.
[pinn_controller_node-1] [WARN] [1784855482.700563265] [pinn_franka_controller]: Trajectory stale (646.3s > 2.0s) -- holding at last known position via gravity compensation.
[pinn_controller_node-1] [WARN] [1784855483.701485548] [pinn_franka_controller]: Trajectory stale (647.3s > 2.0s) -- holding at last known position via gravity compensation.
[pinn_controller_node-1] [WARN] [1784855484.701726178] [pinn_franka_controller]: Trajectory stale (648.3s > 2.0s) -- holding at last known position via gravity compensation.
[pinn_controller_node-1] [WARN] [1784855485.702508381] [pinn_franka_controller]: Trajectory stale (649.3s > 2.0s) -- holding at last known position via gravity compensation.
[pinn_controller_node-1] [WARN] [1784855486.703405131] [pinn_franka_controller]: Trajectory stale (650.3s > 2.0s) -- holding at last known position via gravity compensation.
[pinn_controller_node-1] [WARN] [1784855487.703473727] [pinn_franka_controller]: Trajectory stale (651.3s > 2.0s) -- holding at last known position via gravity compensation.
[pinn_controller_node-1] [WARN] [1784855488.703499779] [pinn_franka_controller]: Trajectory stale (652.3s > 2.0s) -- holding at last known position via gravity compensation.
[pinn_controller_node-1] [WARN] [1784855489.704411328] [pinn_franka_controller]: Trajectory stale (653.3s > 2.0s) -- holding at last known position via gravity compensation.
[pinn_controller_node-1] [WARN] [1784855490.705078343] [pinn_franka_controller]: Trajectory stale (654.3s > 2.0s) -- holding at last known position via gravity compensation.
[pinn_controller_node-1] [WARN] [1784855491.705726187] [pinn_franka_controller]: Trajectory stale (655.3s > 2.0s) -- holding at last known position via gravity compensation.
[pinn_controller_node-1] [WARN] [1784855492.705781181] [pinn_franka_controller]: Trajectory stale (656.3s > 2.0s) -- holding at last known position via gravity compensation.
[pinn_controller_node-1] [WARN] [1784855493.706346373] [pinn_franka_controller]: Trajectory stale (657.3s > 2.0s) -- holding at last known position via gravity compensation.
[pinn_controller_node-1] [WARN] [1784855494.706632263] [pinn_franka_controller]: Trajectory stale (658.3s > 2.0s) -- holding at last known position via gravity compensation.
[pinn_controller_node-1] [WARN] [1784855495.707405909] [pinn_franka_controller]: Trajectory stale (659.3s > 2.0s) -- holding at last known position via gravity compensation.
[pinn_controller_node-1] [WARN] [1784855496.708309412] [pinn_franka_controller]: Trajectory stale (660.3s > 2.0s) -- holding at last known position via gravity compensation.
[pinn_controller_node-1] [WARN] [1784855497.708693197] [pinn_franka_controller]: Trajectory stale (661.3s > 2.0s) -- holding at last known position via gravity compensation.
[pinn_controller_node-1] [WARN] [1784855498.709596288] [pinn_franka_controller]: Trajectory stale (662.3s > 2.0s) -- holding at last known position via gravity compensation.
[pinn_controller_node-1] [WARN] [1784855499.710423907] [pinn_franka_controller]: Trajectory stale (663.4s > 2.0s) -- holding at last known position via gravity compensation.
[pinn_controller_node-1] [WARN] [1784855500.711392404] [pinn_franka_controller]: Trajectory stale (664.4s > 2.0s) -- holding at last known position via gravity compensation.
[pinn_controller_node-1] [WARN] [1784855501.711589883] [pinn_franka_controller]: Trajectory stale (665.4s > 2.0s) -- holding at last known position via gravity compensation.
[pinn_controller_node-1] [WARN] [1784855502.712358158] [pinn_franka_controller]: Trajectory stale (666.4s > 2.0s) -- holding at last known position via gravity compensation.
[pinn_controller_node-1] [WARN] [1784855503.712863763] [pinn_franka_controller]: Trajectory stale (667.4s > 2.0s) -- holding at last known position via gravity compensation.
[pinn_controller_node-1] [WARN] [1784855504.713588717] [pinn_franka_controller]: Trajectory stale (668.4s > 2.0s) -- holding at last known position via gravity compensation.
[pinn_controller_node-1] [WARN] [1784855505.714344650] [pinn_franka_controller]: Trajectory stale (669.4s > 2.0s) -- holding at last known position via gravity compensation.
[pinn_controller_node-1] [WARN] [1784855506.714578163] [pinn_franka_controller]: Trajectory stale (670.4s > 2.0s) -- holding at last known position via gravity compensation.
[pinn_controller_node-1] [WARN] [1784855507.715486879] [pinn_franka_controller]: Trajectory stale (671.4s > 2.0s) -- holding at last known position via gravity compensation.
[pinn_controller_node-1] [WARN] [1784855508.715622521] [pinn_franka_controller]: Trajectory stale (672.4s > 2.0s) -- holding at last known position via gravity compensation.
[pinn_controller_node-1] [WARN] [1784855509.716088528] [pinn_franka_controller]: Trajectory stale (673.4s > 2.0s) -- holding at last known position via gravity compensation.
[pinn_controller_node-1] [WARN] [1784855510.716691258] [pinn_franka_controller]: Trajectory stale (674.4s > 2.0s) -- holding at last known position via gravity compensation.
[pinn_controller_node-1] [WARN] [1784855511.717506272] [pinn_franka_controller]: Trajectory stale (675.4s > 2.0s) -- holding at last known position via gravity compensation.
[pinn_controller_node-1] [WARN] [1784855512.718443012] [pinn_franka_controller]: Trajectory stale (676.4s > 2.0s) -- holding at last known position via gravity compensation.
[pinn_controller_node-1] [WARN] [1784855513.718936196] [pinn_franka_controller]: Trajectory stale (677.4s > 2.0s) -- holding at last known position via gravity compensation.
[pinn_controller_node-1] [WARN] [1784855514.719317927] [pinn_franka_controller]: Trajectory stale (678.4s > 2.0s) -- holding at last known position via gravity compensation.
[pinn_controller_node-1] [WARN] [1784855515.719457732] [pinn_franka_controller]: Trajectory stale (679.4s > 2.0s) -- holding at last known position via gravity compensation.
[pinn_controller_node-1] [WARN] [1784855516.719454121] [pinn_franka_controller]: Trajectory stale (680.4s > 2.0s) -- holding at last known position via gravity compensation.
[pinn_controller_node-1] [WARN] [1784855517.720315545] [pinn_franka_controller]: Trajectory stale (681.4s > 2.0s) -- holding at last known position via gravity compensation.
[pinn_controller_node-1] [WARN] [1784855518.720417980] [pinn_franka_controller]: Trajectory stale (682.4s > 2.0s) -- holding at last known position via gravity compensation.
[pinn_controller_node-1] [WARN] [1784855519.720587073] [pinn_franka_controller]: Trajectory stale (683.4s > 2.0s) -- holding at last known position via gravity compensation.
[pinn_controller_node-1] [WARN] [1784855520.721457731] [pinn_franka_controller]: Trajectory stale (684.4s > 2.0s) -- holding at last known position via gravity compensation.
[pinn_controller_node-1] [WARN] [1784855521.722366614] [pinn_franka_controller]: Trajectory stale (685.4s > 2.0s) -- holding at last known position via gravity compensation.
[pinn_controller_node-1] [WARN] [1784855522.722465662] [pinn_franka_controller]: Trajectory stale (686.4s > 2.0s) -- holding at last known position via gravity compensation.
[pinn_controller_node-1] [WARN] [1784855523.722558008] [pinn_franka_controller]: Trajectory stale (687.4s > 2.0s) -- holding at last known position via gravity compensation.
[pinn_controller_node-1] [WARN] [1784855524.723700415] [pinn_franka_controller]: Trajectory stale (688.4s > 2.0s) -- holding at last known position via gravity compensation.
[pinn_controller_node-1] [WARN] [1784855525.724677966] [pinn_franka_controller]: Trajectory stale (689.4s > 2.0s) -- holding at last known position via gravity compensation.
[pinn_controller_node-1] [WARN] [1784855526.724677394] [pinn_franka_controller]: Trajectory stale (690.4s > 2.0s) -- holding at last known position via gravity compensation.
[pinn_controller_node-1] [WARN] [1784855527.725430284] [pinn_franka_controller]: Trajectory stale (691.4s > 2.0s) -- holding at last known position via gravity compensation.
[pinn_controller_node-1] [WARN] [1784855528.725536101] [pinn_franka_controller]: Trajectory stale (692.4s > 2.0s) -- holding at last known position via gravity compensation.
[pinn_controller_node-1] [WARN] [1784855529.726355797] [pinn_franka_controller]: Trajectory stale (693.4s > 2.0s) -- holding at last known position via gravity compensation.
[pinn_controller_node-1] [WARN] [1784855530.726528186] [pinn_franka_controller]: Trajectory stale (694.4s > 2.0s) -- holding at last known position via gravity compensation.
[pinn_controller_node-1] [WARN] [1784855531.727391127] [pinn_franka_controller]: Trajectory stale (695.4s > 2.0s) -- holding at last known position via gravity compensation.
[pinn_controller_node-1] [WARN] [1784855532.727755814] [pinn_franka_controller]: Trajectory stale (696.4s > 2.0s) -- holding at last known position via gravity compensation.
[pinn_controller_node-1] [WARN] [1784855533.728518234] [pinn_franka_controller]: Trajectory stale (697.4s > 2.0s) -- holding at last known position via gravity compensation.
[pinn_controller_node-1] [WARN] [1784855534.729364272] [pinn_franka_controller]: Trajectory stale (698.4s > 2.0s) -- holding at last known position via gravity compensation.
[pinn_controller_node-1] [WARN] [1784855535.729525501] [pinn_franka_controller]: Trajectory stale (699.4s > 2.0s) -- holding at last known position via gravity compensation.
[pinn_controller_node-1] [WARN] [1784855536.730398374] [pinn_franka_controller]: Trajectory stale (700.4s > 2.0s) -- holding at last known position via gravity compensation.
[pinn_controller_node-1] [WARN] [1784855537.731506686] [pinn_franka_controller]: Trajectory stale (701.4s > 2.0s) -- holding at last known position via gravity compensation.
[pinn_controller_node-1] [WARN] [1784855538.732399363] [pinn_franka_controller]: Trajectory stale (702.4s > 2.0s) -- holding at last known position via gravity compensation.
[pinn_controller_node-1] [WARN] [1784855539.732409859] [pinn_franka_controller]: Trajectory stale (703.4s > 2.0s) -- holding at last known position via gravity compensation.
[pinn_controller_node-1] [WARN] [1784855540.732757141] [pinn_franka_controller]: Trajectory stale (704.4s > 2.0s) -- holding at last known position via gravity compensation.
[pinn_controller_node-1] [WARN] [1784855541.733833822] [pinn_franka_controller]: Trajectory stale (705.4s > 2.0s) -- holding at last known position via gravity compensation.
[pinn_controller_node-1] [WARN] [1784855542.734353329] [pinn_franka_controller]: Trajectory stale (706.4s > 2.0s) -- holding at last known position via gravity compensation.
[pinn_controller_node-1] [WARN] [1784855543.734589967] [pinn_franka_controller]: Trajectory stale (707.4s > 2.0s) -- holding at last known position via gravity compensation.
[pinn_controller_node-1] [WARN] [1784855544.735412379] [pinn_franka_controller]: Trajectory stale (708.4s > 2.0s) -- holding at last known position via gravity compensation.
[pinn_controller_node-1] [WARN] [1784855545.736376250] [pinn_franka_controller]: Trajectory stale (709.4s > 2.0s) -- holding at last known position via gravity compensation.
[pinn_controller_node-1] [WARN] [1784855546.736400899] [pinn_franka_controller]: Trajectory stale (710.4s > 2.0s) -- holding at last known position via gravity compensation.
[pinn_controller_node-1] [WARN] [1784855547.737151137] [pinn_franka_controller]: Trajectory stale (711.4s > 2.0s) -- holding at last known position via gravity compensation.
[pinn_controller_node-1] [WARN] [1784855548.737362367] [pinn_franka_controller]: Trajectory stale (712.4s > 2.0s) -- holding at last known position via gravity compensation.
[pinn_controller_node-1] [WARN] [1784855549.737414997] [pinn_franka_controller]: Trajectory stale (713.4s > 2.0s) -- holding at last known position via gravity compensation.
[pinn_controller_node-1] [WARN] [1784855550.737503838] [pinn_franka_controller]: Trajectory stale (714.4s > 2.0s) -- holding at last known position via gravity compensation.
[pinn_controller_node-1] [WARN] [1784855551.738358512] [pinn_franka_controller]: Trajectory stale (715.4s > 2.0s) -- holding at last known position via gravity compensation.
[pinn_controller_node-1] [WARN] [1784855552.739350248] [pinn_franka_controller]: Trajectory stale (716.4s > 2.0s) -- holding at last known position via gravity compensation.
[pinn_controller_node-1] [WARN] [1784855553.739536937] [pinn_franka_controller]: Trajectory stale (717.4s > 2.0s) -- holding at last known position via gravity compensation.
[pinn_controller_node-1] [WARN] [1784855554.740340932] [pinn_franka_controller]: Trajectory stale (718.4s > 2.0s) -- holding at last known position via gravity compensation.
[pinn_controller_node-1] [WARN] [1784855555.741334089] [pinn_franka_controller]: Trajectory stale (719.4s > 2.0s) -- holding at last known position via gravity compensation.
[pinn_controller_node-1] [WARN] [1784855556.741363536] [pinn_franka_controller]: Trajectory stale (720.4s > 2.0s) -- holding at last known position via gravity compensation.
[pinn_controller_node-1] [WARN] [1784855557.741423973] [pinn_franka_controller]: Trajectory stale (721.4s > 2.0s) -- holding at last known position via gravity compensation.
[pinn_controller_node-1] [WARN] [1784855558.742313353] [pinn_franka_controller]: Trajectory stale (722.4s > 2.0s) -- holding at last known position via gravity compensation.
[pinn_controller_node-1] [WARN] [1784855559.742714388] [pinn_franka_controller]: Trajectory stale (723.4s > 2.0s) -- holding at last known position via gravity compensation.
[pinn_controller_node-1] [WARN] [1784855560.743354678] [pinn_franka_controller]: Trajectory stale (724.4s > 2.0s) -- holding at last known position via gravity compensation.
[pinn_controller_node-1] [WARN] [1784855561.743386155] [pinn_franka_controller]: Trajectory stale (725.4s > 2.0s) -- holding at last known position via gravity compensation.
[pinn_controller_node-1] [WARN] [1784855562.743617163] [pinn_franka_controller]: Trajectory stale (726.4s > 2.0s) -- holding at last known position via gravity compensation.
[pinn_controller_node-1] [WARN] [1784855563.744485247] [pinn_franka_controller]: Trajectory stale (727.4s > 2.0s) -- holding at last known position via gravity compensation.
[pinn_controller_node-1] [WARN] [1784855564.745497682] [pinn_franka_controller]: Trajectory stale (728.4s > 2.0s) -- holding at last known position via gravity compensation.
[pinn_controller_node-1] [WARN] [1784855565.746363126] [pinn_franka_controller]: Trajectory stale (729.4s > 2.0s) -- holding at last known position via gravity compensation.
[pinn_controller_node-1] [WARN] [1784855566.746366184] [pinn_franka_controller]: Trajectory stale (730.4s > 2.0s) -- holding at last known position via gravity compensation.
[pinn_controller_node-1] [WARN] [1784855567.746511343] [pinn_franka_controller]: Trajectory stale (731.4s > 2.0s) -- holding at last known position via gravity compensation.
[pinn_controller_node-1] [WARN] [1784855568.747474650] [pinn_franka_controller]: Trajectory stale (732.4s > 2.0s) -- holding at last known position via gravity compensation.
[pinn_controller_node-1] [WARN] [1784855569.748350175] [pinn_franka_controller]: Trajectory stale (733.4s > 2.0s) -- holding at last known position via gravity compensation.
[pinn_controller_node-1] [WARN] [1784855570.749360118] [pinn_franka_controller]: Trajectory stale (734.4s > 2.0s) -- holding at last known position via gravity compensation.
[pinn_controller_node-1] [WARN] [1784855571.749434346] [pinn_franka_controller]: Trajectory stale (735.4s > 2.0s) -- holding at last known position via gravity compensation.
[pinn_controller_node-1] [WARN] [1784855572.749761080] [pinn_franka_controller]: Trajectory stale (736.4s > 2.0s) -- holding at last known position via gravity compensation.
[pinn_controller_node-1] [WARN] [1784855573.750387466] [pinn_franka_controller]: Trajectory stale (737.4s > 2.0s) -- holding at last known position via gravity compensation.
[pinn_controller_node-1] [WARN] [1784855574.751366430] [pinn_franka_controller]: Trajectory stale (738.4s > 2.0s) -- holding at last known position via gravity compensation.
[pinn_controller_node-1] [WARN] [1784855575.751633079] [pinn_franka_controller]: Trajectory stale (739.4s > 2.0s) -- holding at last known position via gravity compensation.
[pinn_controller_node-1] [WARN] [1784855576.752469032] [pinn_franka_controller]: Trajectory stale (740.4s > 2.0s) -- holding at last known position via gravity compensation.
[pinn_controller_node-1] [WARN] [1784855577.752579431] [pinn_franka_controller]: Trajectory stale (741.4s > 2.0s) -- holding at last known position via gravity compensation.
[pinn_controller_node-1] [WARN] [1784855578.753474801] [pinn_franka_controller]: Trajectory stale (742.4s > 2.0s) -- holding at last known position via gravity compensation.
[pinn_controller_node-1] [WARN] [1784855579.753508894] [pinn_franka_controller]: Trajectory stale (743.4s > 2.0s) -- holding at last known position via gravity compensation.
[pinn_controller_node-1] [WARN] [1784855580.754339462] [pinn_franka_controller]: Trajectory stale (744.4s > 2.0s) -- holding at last known position via gravity compensation.
[pinn_controller_node-1] [WARN] [1784855581.754543224] [pinn_franka_controller]: Trajectory stale (745.4s > 2.0s) -- holding at last known position via gravity compensation.
[pinn_controller_node-1] [WARN] [1784855582.755442756] [pinn_franka_controller]: Trajectory stale (746.4s > 2.0s) -- holding at last known position via gravity compensation.
[pinn_controller_node-1] [WARN] [1784855583.755697267] [pinn_franka_controller]: Trajectory stale (747.4s > 2.0s) -- holding at last known position via gravity compensation.
[pinn_controller_node-1] [WARN] [1784855584.756389528] [pinn_franka_controller]: Trajectory stale (748.4s > 2.0s) -- holding at last known position via gravity compensation.
[pinn_controller_node-1] [WARN] [1784855585.756437150] [pinn_franka_controller]: Trajectory stale (749.4s > 2.0s) -- holding at last known position via gravity compensation.
[pinn_controller_node-1] [WARN] [1784855586.756813392] [pinn_franka_controller]: Trajectory stale (750.4s > 2.0s) -- holding at last known position via gravity compensation.
[pinn_controller_node-1] [WARN] [1784855587.757519067] [pinn_franka_controller]: Trajectory stale (751.4s > 2.0s) -- holding at last known position via gravity compensation.
[pinn_controller_node-1] [WARN] [1784855588.758436298] [pinn_franka_controller]: Trajectory stale (752.4s > 2.0s) -- holding at last known position via gravity compensation.
[pinn_controller_node-1] [WARN] [1784855589.759418623] [pinn_franka_controller]: Trajectory stale (753.4s > 2.0s) -- holding at last known position via gravity compensation.
[pinn_controller_node-1] [WARN] [1784855590.759609848] [pinn_franka_controller]: Trajectory stale (754.4s > 2.0s) -- holding at last known position via gravity compensation.
[pinn_controller_node-1] [WARN] [1784855591.760444674] [pinn_franka_controller]: Trajectory stale (755.4s > 2.0s) -- holding at last known position via gravity compensation.
[pinn_controller_node-1] [WARN] [1784855592.761320795] [pinn_franka_controller]: Trajectory stale (756.4s > 2.0s) -- holding at last known position via gravity compensation.
[pinn_controller_node-1] [WARN] [1784855593.761353025] [pinn_franka_controller]: Trajectory stale (757.4s > 2.0s) -- holding at last known position via gravity compensation.
[pinn_controller_node-1] [WARN] [1784855594.761524327] [pinn_franka_controller]: Trajectory stale (758.4s > 2.0s) -- holding at last known position via gravity compensation.
[pinn_controller_node-1] [WARN] [1784855595.761706457] [pinn_franka_controller]: Trajectory stale (759.4s > 2.0s) -- holding at last known position via gravity compensation.
[pinn_controller_node-1] [WARN] [1784855596.762475704] [pinn_franka_controller]: Trajectory stale (760.4s > 2.0s) -- holding at last known position via gravity compensation.
[pinn_controller_node-1] [WARN] [1784855597.763468905] [pinn_franka_controller]: Trajectory stale (761.4s > 2.0s) -- holding at last known position via gravity compensation.
[pinn_controller_node-1] [WARN] [1784855598.764454585] [pinn_franka_controller]: Trajectory stale (762.4s > 2.0s) -- holding at last known position via gravity compensation.
[pinn_controller_node-1] [WARN] [1784855599.765329044] [pinn_franka_controller]: Trajectory stale (763.4s > 2.0s) -- holding at last known position via gravity compensation.
[pinn_controller_node-1] [WARN] [1784855600.765341098] [pinn_franka_controller]: Trajectory stale (764.4s > 2.0s) -- holding at last known position via gravity compensation.
[pinn_controller_node-1] [WARN] [1784855601.765505181] [pinn_franka_controller]: Trajectory stale (765.4s > 2.0s) -- holding at last known position via gravity compensation.
[pinn_controller_node-1] [WARN] [1784855602.766373808] [pinn_franka_controller]: Trajectory stale (766.4s > 2.0s) -- holding at last known position via gravity compensation.
[pinn_controller_node-1] [WARN] [1784855603.766375788] [pinn_franka_controller]: Trajectory stale (767.4s > 2.0s) -- holding at last known position via gravity compensation.
[pinn_controller_node-1] [WARN] [1784855604.767355495] [pinn_franka_controller]: Trajectory stale (768.4s > 2.0s) -- holding at last known position via gravity compensation.
[pinn_controller_node-1] [WARN] [1784855605.767638639] [pinn_franka_controller]: Trajectory stale (769.4s > 2.0s) -- holding at last known position via gravity compensation.
[pinn_controller_node-1] [WARN] [1784855606.768370260] [pinn_franka_controller]: Trajectory stale (770.4s > 2.0s) -- holding at last known position via gravity compensation.
[pinn_controller_node-1] [WARN] [1784855607.768438145] [pinn_franka_controller]: Trajectory stale (771.4s > 2.0s) -- holding at last known position via gravity compensation.
[pinn_controller_node-1] [WARN] [1784855608.769301630] [pinn_franka_controller]: Trajectory stale (772.4s > 2.0s) -- holding at last known position via gravity compensation.
[pinn_controller_node-1] [WARN] [1784855609.769376241] [pinn_franka_controller]: Trajectory stale (773.4s > 2.0s) -- holding at last known position via gravity compensation.
[pinn_controller_node-1] [WARN] [1784855610.769633968] [pinn_franka_controller]: Trajectory stale (774.4s > 2.0s) -- holding at last known position via gravity compensation.
[pinn_controller_node-1] [WARN] [1784855611.770345298] [pinn_franka_controller]: Trajectory stale (775.4s > 2.0s) -- holding at last known position via gravity compensation.
[pinn_controller_node-1] [WARN] [1784855612.770363913] [pinn_franka_controller]: Trajectory stale (776.4s > 2.0s) -- holding at last known position via gravity compensation.
[pinn_controller_node-1] [WARN] [1784855613.771342030] [pinn_franka_controller]: Trajectory stale (777.4s > 2.0s) -- holding at last known position via gravity compensation.
[pinn_controller_node-1] [WARN] [1784855614.771381004] [pinn_franka_controller]: Trajectory stale (778.4s > 2.0s) -- holding at last known position via gravity compensation.
[pinn_controller_node-1] [WARN] [1784855615.771412130] [pinn_franka_controller]: Trajectory stale (779.4s > 2.0s) -- holding at last known position via gravity compensation.
[pinn_controller_node-1] [WARN] [1784855616.771996702] [pinn_franka_controller]: Trajectory stale (780.4s > 2.0s) -- holding at last known position via gravity compensation.
[pinn_controller_node-1] [WARN] [1784855617.772348737] [pinn_franka_controller]: Trajectory stale (781.4s > 2.0s) -- holding at last known position via gravity compensation.
[pinn_controller_node-1] [WARN] [1784855618.773324744] [pinn_franka_controller]: Trajectory stale (782.4s > 2.0s) -- holding at last known position via gravity compensation.
[pinn_controller_node-1] [WARN] [1784855619.773385755] [pinn_franka_controller]: Trajectory stale (783.4s > 2.0s) -- holding at last known position via gravity compensation.
[pinn_controller_node-1] [WARN] [1784855620.774361584] [pinn_franka_controller]: Trajectory stale (784.4s > 2.0s) -- holding at last known position via gravity compensation.
[pinn_controller_node-1] [WARN] [1784855621.775394906] [pinn_franka_controller]: Trajectory stale (785.4s > 2.0s) -- holding at last known position via gravity compensation.
[pinn_controller_node-1] [WARN] [1784855622.775689935] [pinn_franka_controller]: Trajectory stale (786.4s > 2.0s) -- holding at last known position via gravity compensation.
[pinn_controller_node-1] [WARN] [1784855623.776334855] [pinn_franka_controller]: Trajectory stale (787.4s > 2.0s) -- holding at last known position via gravity compensation.
[pinn_controller_node-1] [WARN] [1784855624.776574020] [pinn_franka_controller]: Trajectory stale (788.4s > 2.0s) -- holding at last known position via gravity compensation.
[pinn_controller_node-1] [WARN] [1784855625.777328556] [pinn_franka_controller]: Trajectory stale (789.4s > 2.0s) -- holding at last known position via gravity compensation.
[pinn_controller_node-1] [WARN] [1784855626.778375504] [pinn_franka_controller]: Trajectory stale (790.4s > 2.0s) -- holding at last known position via gravity compensation.
[pinn_controller_node-1] [WARN] [1784855627.778518599] [pinn_franka_controller]: Trajectory stale (791.4s > 2.0s) -- holding at last known position via gravity compensation.
[pinn_controller_node-1] [WARN] [1784855628.779141225] [pinn_franka_controller]: Trajectory stale (792.4s > 2.0s) -- holding at last known position via gravity compensation.
[pinn_controller_node-1] [WARN] [1784855629.779623973] [pinn_franka_controller]: Trajectory stale (793.4s > 2.0s) -- holding at last known position via gravity compensation.
[pinn_controller_node-1] [WARN] [1784855630.779657661] [pinn_franka_controller]: Trajectory stale (794.4s > 2.0s) -- holding at last known position via gravity compensation.
[pinn_controller_node-1] [WARN] [1784855631.780478893] [pinn_franka_controller]: Trajectory stale (795.4s > 2.0s) -- holding at last known position via gravity compensation.
[pinn_controller_node-1] [WARN] [1784855632.781451220] [pinn_franka_controller]: Trajectory stale (796.4s > 2.0s) -- holding at last known position via gravity compensation.
[pinn_controller_node-1] [WARN] [1784855633.782474096] [pinn_franka_controller]: Trajectory stale (797.4s > 2.0s) -- holding at last known position via gravity compensation.
[pinn_controller_node-1] [WARN] [1784855634.783348372] [pinn_franka_controller]: Trajectory stale (798.4s > 2.0s) -- holding at last known position via gravity compensation.
[pinn_controller_node-1] [WARN] [1784855635.783677815] [pinn_franka_controller]: Trajectory stale (799.4s > 2.0s) -- holding at last known position via gravity compensation.
[pinn_controller_node-1] [WARN] [1784855636.784465737] [pinn_franka_controller]: Trajectory stale (800.4s > 2.0s) -- holding at last known position via gravity compensation.
[pinn_controller_node-1] [WARN] [1784855637.785350618] [pinn_franka_controller]: Trajectory stale (801.4s > 2.0s) -- holding at last known position via gravity compensation.
[pinn_controller_node-1] [WARN] [1784855638.785369564] [pinn_franka_controller]: Trajectory stale (802.4s > 2.0s) -- holding at last known position via gravity compensation.
[pinn_controller_node-1] [WARN] [1784855639.785669762] [pinn_franka_controller]: Trajectory stale (803.4s > 2.0s) -- holding at last known position via gravity compensation.
[pinn_controller_node-1] [WARN] [1784855640.786359195] [pinn_franka_controller]: Trajectory stale (804.4s > 2.0s) -- holding at last known position via gravity compensation.
[pinn_controller_node-1] [WARN] [1784855641.786744142] [pinn_franka_controller]: Trajectory stale (805.4s > 2.0s) -- holding at last known position via gravity compensation.
[pinn_controller_node-1] [WARN] [1784855642.787385953] [pinn_franka_controller]: Trajectory stale (806.4s > 2.0s) -- holding at last known position via gravity compensation.
[pinn_controller_node-1] [WARN] [1784855643.787767902] [pinn_franka_controller]: Trajectory stale (807.4s > 2.0s) -- holding at last known position via gravity compensation.
[pinn_controller_node-1] [WARN] [1784855644.788489192] [pinn_franka_controller]: Trajectory stale (808.4s > 2.0s) -- holding at last known position via gravity compensation.
[pinn_controller_node-1] [WARN] [1784855645.789382020] [pinn_franka_controller]: Trajectory stale (809.4s > 2.0s) -- holding at last known position via gravity compensation.
[pinn_controller_node-1] [WARN] [1784855646.790322742] [pinn_franka_controller]: Trajectory stale (810.4s > 2.0s) -- holding at last known position via gravity compensation.
[pinn_controller_node-1] [WARN] [1784855647.790508556] [pinn_franka_controller]: Trajectory stale (811.4s > 2.0s) -- holding at last known position via gravity compensation.
[pinn_controller_node-1] [WARN] [1784855648.791346842] [pinn_franka_controller]: Trajectory stale (812.4s > 2.0s) -- holding at last known position via gravity compensation.
[pinn_controller_node-1] [WARN] [1784855649.792312134] [pinn_franka_controller]: Trajectory stale (813.4s > 2.0s) -- holding at last known position via gravity compensation.
[pinn_controller_node-1] [WARN] [1784855650.792504953] [pinn_franka_controller]: Trajectory stale (814.4s > 2.0s) -- holding at last known position via gravity compensation.
[pinn_controller_node-1] [WARN] [1784855651.792742979] [pinn_franka_controller]: Trajectory stale (815.4s > 2.0s) -- holding at last known position via gravity compensation.
[pinn_controller_node-1] [WARN] [1784855652.793409429] [pinn_franka_controller]: Trajectory stale (816.4s > 2.0s) -- holding at last known position via gravity compensation.
[pinn_controller_node-1] [WARN] [1784855653.793419874] [pinn_franka_controller]: Trajectory stale (817.4s > 2.0s) -- holding at last known position via gravity compensation.
[pinn_controller_node-1] [WARN] [1784855654.794296441] [pinn_franka_controller]: Trajectory stale (818.4s > 2.0s) -- holding at last known position via gravity compensation.
[pinn_controller_node-1] [WARN] [1784855655.794440706] [pinn_franka_controller]: Trajectory stale (819.4s > 2.0s) -- holding at last known position via gravity compensation.
[pinn_controller_node-1] [WARN] [1784855656.795319955] [pinn_franka_controller]: Trajectory stale (820.4s > 2.0s) -- holding at last known position via gravity compensation.
[pinn_controller_node-1] [WARN] [1784855657.795372879] [pinn_franka_controller]: Trajectory stale (821.4s > 2.0s) -- holding at last known position via gravity compensation.
[pinn_controller_node-1] [WARN] [1784855658.795413088] [pinn_franka_controller]: Trajectory stale (822.4s > 2.0s) -- holding at last known position via gravity compensation.
[pinn_controller_node-1] [WARN] [1784855659.795617955] [pinn_franka_controller]: Trajectory stale (823.4s > 2.0s) -- holding at last known position via gravity compensation.
[pinn_controller_node-1] [WARN] [1784855660.796449583] [pinn_franka_controller]: Trajectory stale (824.4s > 2.0s) -- holding at last known position via gravity compensation.
[pinn_controller_node-1] [WARN] [1784855661.797354499] [pinn_franka_controller]: Trajectory stale (825.4s > 2.0s) -- holding at last known position via gravity compensation.
[pinn_controller_node-1] [WARN] [1784855662.797354411] [pinn_franka_controller]: Trajectory stale (826.4s > 2.0s) -- holding at last known position via gravity compensation.
[pinn_controller_node-1] [WARN] [1784855663.797361414] [pinn_franka_controller]: Trajectory stale (827.4s > 2.0s) -- holding at last known position via gravity compensation.
[pinn_controller_node-1] [WARN] [1784855664.798332195] [pinn_franka_controller]: Trajectory stale (828.4s > 2.0s) -- holding at last known position via gravity compensation.
[pinn_controller_node-1] [WARN] [1784855665.799407223] [pinn_franka_controller]: Trajectory stale (829.4s > 2.0s) -- holding at last known position via gravity compensation.
[pinn_controller_node-1] [WARN] [1784855666.799452363] [pinn_franka_controller]: Trajectory stale (830.4s > 2.0s) -- holding at last known position via gravity compensation.
[pinn_controller_node-1] [WARN] [1784855667.800370734] [pinn_franka_controller]: Trajectory stale (831.4s > 2.0s) -- holding at last known position via gravity compensation.
[pinn_controller_node-1] [WARN] [1784855668.801349742] [pinn_franka_controller]: Trajectory stale (832.4s > 2.0s) -- holding at last known position via gravity compensation.
[pinn_controller_node-1] [WARN] [1784855669.801357462] [pinn_franka_controller]: Trajectory stale (833.4s > 2.0s) -- holding at last known position via gravity compensation.
[pinn_controller_node-1] [WARN] [1784855670.801487223] [pinn_franka_controller]: Trajectory stale (834.4s > 2.0s) -- holding at last known position via gravity compensation.
[pinn_controller_node-1] [WARN] [1784855671.802348671] [pinn_franka_controller]: Trajectory stale (835.4s > 2.0s) -- holding at last known position via gravity compensation.
[pinn_controller_node-1] [WARN] [1784855672.802390537] [pinn_franka_controller]: Trajectory stale (836.4s > 2.0s) -- holding at last known position via gravity compensation.
[pinn_controller_node-1] [WARN] [1784855673.803369452] [pinn_franka_controller]: Trajectory stale (837.4s > 2.0s) -- holding at last known position via gravity compensation.
[pinn_controller_node-1] [WARN] [1784855674.804314374] [pinn_franka_controller]: Trajectory stale (838.4s > 2.0s) -- holding at last known position via gravity compensation.
[pinn_controller_node-1] [WARN] [1784855675.804425759] [pinn_franka_controller]: Trajectory stale (839.4s > 2.0s) -- holding at last known position via gravity compensation.
[pinn_controller_node-1] [WARN] [1784855676.805374007] [pinn_franka_controller]: Trajectory stale (840.4s > 2.0s) -- holding at last known position via gravity compensation.
[pinn_controller_node-1] [WARN] [1784855677.805605033] [pinn_franka_controller]: Trajectory stale (841.4s > 2.0s) -- holding at last known position via gravity compensation.
[pinn_controller_node-1] [WARN] [1784855678.805695800] [pinn_franka_controller]: Trajectory stale (842.4s > 2.0s) -- holding at last known position via gravity compensation.
[pinn_controller_node-1] [WARN] [1784855679.806346668] [pinn_franka_controller]: Trajectory stale (843.4s > 2.0s) -- holding at last known position via gravity compensation.
[pinn_controller_node-1] [WARN] [1784855680.806826599] [pinn_franka_controller]: Trajectory stale (844.4s > 2.0s) -- holding at last known position via gravity compensation.
[pinn_controller_node-1] [WARN] [1784855681.807717548] [pinn_franka_controller]: Trajectory stale (845.4s > 2.0s) -- holding at last known position via gravity compensation.
[pinn_controller_node-1] [WARN] [1784855682.808310642] [pinn_franka_controller]: Trajectory stale (846.4s > 2.0s) -- holding at last known position via gravity compensation.
[pinn_controller_node-1] [WARN] [1784855683.808733887] [pinn_franka_controller]: Trajectory stale (847.4s > 2.0s) -- holding at last known position via gravity compensation.
[pinn_controller_node-1] [WARN] [1784855684.809563316] [pinn_franka_controller]: Trajectory stale (848.4s > 2.0s) -- holding at last known position via gravity compensation.
[pinn_controller_node-1] [WARN] [1784855685.810437644] [pinn_franka_controller]: Trajectory stale (849.5s > 2.0s) -- holding at last known position via gravity compensation.
[pinn_controller_node-1] [WARN] [1784855686.811365509] [pinn_franka_controller]: Trajectory stale (850.5s > 2.0s) -- holding at last known position via gravity compensation.
[pinn_controller_node-1] [WARN] [1784855687.811733196] [pinn_franka_controller]: Trajectory stale (851.5s > 2.0s) -- holding at last known position via gravity compensation.
[pinn_controller_node-1] [WARN] [1784855688.812338810] [pinn_franka_controller]: Trajectory stale (852.5s > 2.0s) -- holding at last known position via gravity compensation.
[pinn_controller_node-1] [WARN] [1784855689.812372056] [pinn_franka_controller]: Trajectory stale (853.5s > 2.0s) -- holding at last known position via gravity compensation.
[pinn_controller_node-1] [WARN] [1784855690.812493692] [pinn_franka_controller]: Trajectory stale (854.5s > 2.0s) -- holding at last known position via gravity compensation.
[pinn_controller_node-1] [WARN] [1784855691.813348349] [pinn_franka_controller]: Trajectory stale (855.5s > 2.0s) -- holding at last known position via gravity compensation.
[pinn_controller_node-1] [WARN] [1784855692.813365371] [pinn_franka_controller]: Trajectory stale (856.5s > 2.0s) -- holding at last known position via gravity compensation.
[pinn_controller_node-1] [WARN] [1784855693.813560490] [pinn_franka_controller]: Trajectory stale (857.5s > 2.0s) -- holding at last known position via gravity compensation.
[pinn_controller_node-1] [WARN] [1784855694.813608498] [pinn_franka_controller]: Trajectory stale (858.5s > 2.0s) -- holding at last known position via gravity compensation.
[pinn_controller_node-1] [WARN] [1784855695.814361888] [pinn_franka_controller]: Trajectory stale (859.5s > 2.0s) -- holding at last known position via gravity compensation.
[pinn_controller_node-1] [WARN] [1784855696.814602747] [pinn_franka_controller]: Trajectory stale (860.5s > 2.0s) -- holding at last known position via gravity compensation.
[pinn_controller_node-1] [WARN] [1784855697.815377735] [pinn_franka_controller]: Trajectory stale (861.5s > 2.0s) -- holding at last known position via gravity compensation.
[pinn_controller_node-1] [WARN] [1784855698.816358532] [pinn_franka_controller]: Trajectory stale (862.5s > 2.0s) -- holding at last known position via gravity compensation.
[pinn_controller_node-1] [WARN] [1784855699.816411032] [pinn_franka_controller]: Trajectory stale (863.5s > 2.0s) -- holding at last known position via gravity compensation.
[pinn_controller_node-1] [WARN] [1784855700.817402667] [pinn_franka_controller]: Trajectory stale (864.5s > 2.0s) -- holding at last known position via gravity compensation.
[pinn_controller_node-1] [WARN] [1784855701.817436814] [pinn_franka_controller]: Trajectory stale (865.5s > 2.0s) -- holding at last known position via gravity compensation.
[pinn_controller_node-1] [WARN] [1784855702.817575795] [pinn_franka_controller]: Trajectory stale (866.5s > 2.0s) -- holding at last known position via gravity compensation.
[pinn_controller_node-1] [WARN] [1784855703.818312216] [pinn_franka_controller]: Trajectory stale (867.5s > 2.0s) -- holding at last known position via gravity compensation.
[pinn_controller_node-1] [WARN] [1784855704.818457862] [pinn_franka_controller]: Trajectory stale (868.5s > 2.0s) -- holding at last known position via gravity compensation.
[pinn_controller_node-1] [WARN] [1784855705.819437360] [pinn_franka_controller]: Trajectory stale (869.5s > 2.0s) -- holding at last known position via gravity compensation.
[pinn_controller_node-1] [WARN] [1784855706.820355975] [pinn_franka_controller]: Trajectory stale (870.5s > 2.0s) -- holding at last known position via gravity compensation.
[pinn_controller_node-1] [WARN] [1784855707.820391850] [pinn_franka_controller]: Trajectory stale (871.5s > 2.0s) -- holding at last known position via gravity compensation.
[pinn_controller_node-1] [WARN] [1784855708.820552000] [pinn_franka_controller]: Trajectory stale (872.5s > 2.0s) -- holding at last known position via gravity compensation.
[pinn_controller_node-1] [WARN] [1784855709.821430446] [pinn_franka_controller]: Trajectory stale (873.5s > 2.0s) -- holding at last known position via gravity compensation.
[pinn_controller_node-1] [WARN] [1784855710.822333333] [pinn_franka_controller]: Trajectory stale (874.5s > 2.0s) -- holding at last known position via gravity compensation.
[pinn_controller_node-1] [WARN] [1784855711.822548037] [pinn_franka_controller]: Trajectory stale (875.5s > 2.0s) -- holding at last known position via gravity compensation.
[pinn_controller_node-1] [WARN] [1784855712.823562000] [pinn_franka_controller]: Trajectory stale (876.5s > 2.0s) -- holding at last known position via gravity compensation.
[pinn_controller_node-1] [WARN] [1784855713.824343311] [pinn_franka_controller]: Trajectory stale (877.5s > 2.0s) -- holding at last known position via gravity compensation.
[pinn_controller_node-1] [WARN] [1784855714.824407941] [pinn_franka_controller]: Trajectory stale (878.5s > 2.0s) -- holding at last known position via gravity compensation.
[pinn_controller_node-1] [WARN] [1784855715.824437301] [pinn_franka_controller]: Trajectory stale (879.5s > 2.0s) -- holding at last known position via gravity compensation.
[pinn_controller_node-1] [WARN] [1784855716.825369540] [pinn_franka_controller]: Trajectory stale (880.5s > 2.0s) -- holding at last known position via gravity compensation.
[pinn_controller_node-1] [WARN] [1784855717.826377159] [pinn_franka_controller]: Trajectory stale (881.5s > 2.0s) -- holding at last known position via gravity compensation.
[pinn_controller_node-1] [WARN] [1784855718.826459350] [pinn_franka_controller]: Trajectory stale (882.5s > 2.0s) -- holding at last known position via gravity compensation.
[pinn_controller_node-1] [WARN] [1784855719.826844491] [pinn_franka_controller]: Trajectory stale (883.5s > 2.0s) -- holding at last known position via gravity compensation.
[pinn_controller_node-1] [WARN] [1784855720.827271873] [pinn_franka_controller]: Trajectory stale (884.5s > 2.0s) -- holding at last known position via gravity compensation.
[pinn_controller_node-1] [WARN] [1784855721.827377777] [pinn_franka_controller]: Trajectory stale (885.5s > 2.0s) -- holding at last known position via gravity compensation.
[pinn_controller_node-1] [WARN] [1784855722.828389131] [pinn_franka_controller]: Trajectory stale (886.5s > 2.0s) -- holding at last known position via gravity compensation.
[pinn_controller_node-1] [WARN] [1784855723.828727414] [pinn_franka_controller]: Trajectory stale (887.5s > 2.0s) -- holding at last known position via gravity compensation.
[pinn_controller_node-1] [WARN] [1784855724.829386583] [pinn_franka_controller]: Trajectory stale (888.5s > 2.0s) -- holding at last known position via gravity compensation.
[pinn_controller_node-1] [WARN] [1784855725.829416508] [pinn_franka_controller]: Trajectory stale (889.5s > 2.0s) -- holding at last known position via gravity compensation.
[pinn_controller_node-1] [WARN] [1784855726.830371912] [pinn_franka_controller]: Trajectory stale (890.5s > 2.0s) -- holding at last known position via gravity compensation.
[pinn_controller_node-1] [WARN] [1784855727.831405198] [pinn_franka_controller]: Trajectory stale (891.5s > 2.0s) -- holding at last known position via gravity compensation.
[pinn_controller_node-1] [WARN] [1784855728.832353791] [pinn_franka_controller]: Trajectory stale (892.5s > 2.0s) -- holding at last known position via gravity compensation.
[pinn_controller_node-1] [WARN] [1784855729.832609434] [pinn_franka_controller]: Trajectory stale (893.5s > 2.0s) -- holding at last known position via gravity compensation.
[pinn_controller_node-1] [WARN] [1784855730.832634806] [pinn_franka_controller]: Trajectory stale (894.5s > 2.0s) -- holding at last known position via gravity compensation.
[pinn_controller_node-1] [WARN] [1784855731.832668088] [pinn_franka_controller]: Trajectory stale (895.5s > 2.0s) -- holding at last known position via gravity compensation.
[pinn_controller_node-1] [WARN] [1784855732.833355297] [pinn_franka_controller]: Trajectory stale (896.5s > 2.0s) -- holding at last known position via gravity compensation.
[pinn_controller_node-1] [WARN] [1784855733.833449451] [pinn_franka_controller]: Trajectory stale (897.5s > 2.0s) -- holding at last known position via gravity compensation.
[pinn_controller_node-1] [WARN] [1784855734.834192644] [pinn_franka_controller]: Trajectory stale (898.5s > 2.0s) -- holding at last known position via gravity compensation.
[pinn_controller_node-1] [WARN] [1784855735.834321629] [pinn_franka_controller]: Trajectory stale (899.5s > 2.0s) -- holding at last known position via gravity compensation.
[pinn_controller_node-1] [WARN] [1784855736.834385744] [pinn_franka_controller]: Trajectory stale (900.5s > 2.0s) -- holding at last known position via gravity compensation.
[pinn_controller_node-1] [WARN] [1784855737.834426080] [pinn_franka_controller]: Trajectory stale (901.5s > 2.0s) -- holding at last known position via gravity compensation.
[pinn_controller_node-1] [WARN] [1784855738.835463367] [pinn_franka_controller]: Trajectory stale (902.5s > 2.0s) -- holding at last known position via gravity compensation.
[pinn_controller_node-1] [WARN] [1784855739.835712173] [pinn_franka_controller]: Trajectory stale (903.5s > 2.0s) -- holding at last known position via gravity compensation.
[pinn_controller_node-1] [WARN] [1784855740.835797490] [pinn_franka_controller]: Trajectory stale (904.5s > 2.0s) -- holding at last known position via gravity compensation.
[pinn_controller_node-1] [WARN] [1784855741.836413796] [pinn_franka_controller]: Trajectory stale (905.5s > 2.0s) -- holding at last known position via gravity compensation.
[pinn_controller_node-1] [WARN] [1784855742.837530572] [pinn_franka_controller]: Trajectory stale (906.5s > 2.0s) -- holding at last known position via gravity compensation.
[pinn_controller_node-1] [WARN] [1784855743.838417429] [pinn_franka_controller]: Trajectory stale (907.5s > 2.0s) -- holding at last known position via gravity compensation.
[pinn_controller_node-1] [WARN] [1784855744.838556195] [pinn_franka_controller]: Trajectory stale (908.5s > 2.0s) -- holding at last known position via gravity compensation.
[pinn_controller_node-1] [WARN] [1784855745.839406066] [pinn_franka_controller]: Trajectory stale (909.5s > 2.0s) -- holding at last known position via gravity compensation.
[pinn_controller_node-1] [WARN] [1784855746.840380728] [pinn_franka_controller]: Trajectory stale (910.5s > 2.0s) -- holding at last known position via gravity compensation.
[pinn_controller_node-1] [WARN] [1784855747.840482577] [pinn_franka_controller]: Trajectory stale (911.5s > 2.0s) -- holding at last known position via gravity compensation.
[pinn_controller_node-1] [WARN] [1784855748.841354870] [pinn_franka_controller]: Trajectory stale (912.5s > 2.0s) -- holding at last known position via gravity compensation.
[pinn_controller_node-1] [WARN] [1784855749.841965478] [pinn_franka_controller]: Trajectory stale (913.5s > 2.0s) -- holding at last known position via gravity compensation.
[pinn_controller_node-1] [WARN] [1784855750.842314642] [pinn_franka_controller]: Trajectory stale (914.5s > 2.0s) -- holding at last known position via gravity compensation.
[pinn_controller_node-1] [WARN] [1784855751.842460817] [pinn_franka_controller]: Trajectory stale (915.5s > 2.0s) -- holding at last known position via gravity compensation.
[pinn_controller_node-1] [WARN] [1784855752.843364451] [pinn_franka_controller]: Trajectory stale (916.5s > 2.0s) -- holding at last known position via gravity compensation.
[pinn_controller_node-1] [WARN] [1784855753.843373076] [pinn_franka_controller]: Trajectory stale (917.5s > 2.0s) -- holding at last known position via gravity compensation.
[pinn_controller_node-1] [WARN] [1784855754.844353134] [pinn_franka_controller]: Trajectory stale (918.5s > 2.0s) -- holding at last known position via gravity compensation.
[pinn_controller_node-1] [WARN] [1784855755.844703790] [pinn_franka_controller]: Trajectory stale (919.5s > 2.0s) -- holding at last known position via gravity compensation.
[pinn_controller_node-1] [WARN] [1784855756.845596299] [pinn_franka_controller]: Trajectory stale (920.5s > 2.0s) -- holding at last known position via gravity compensation.
[pinn_controller_node-1] [WARN] [1784855757.846532215] [pinn_franka_controller]: Trajectory stale (921.5s > 2.0s) -- holding at last known position via gravity compensation.
[pinn_controller_node-1] [WARN] [1784855758.847333320] [pinn_franka_controller]: Trajectory stale (922.5s > 2.0s) -- holding at last known position via gravity compensation.
[pinn_controller_node-1] [WARN] [1784855759.848131454] [pinn_franka_controller]: Trajectory stale (923.5s > 2.0s) -- holding at last known position via gravity compensation.
[pinn_controller_node-1] [WARN] [1784855760.848381766] [pinn_franka_controller]: Trajectory stale (924.5s > 2.0s) -- holding at last known position via gravity compensation.
[pinn_controller_node-1] [WARN] [1784855761.849151611] [pinn_franka_controller]: Trajectory stale (925.5s > 2.0s) -- holding at last known position via gravity compensation.
[pinn_controller_node-1] [WARN] [1784855762.849406424] [pinn_franka_controller]: Trajectory stale (926.5s > 2.0s) -- holding at last known position via gravity compensation.
[pinn_controller_node-1] [WARN] [1784855763.850354922] [pinn_franka_controller]: Trajectory stale (927.5s > 2.0s) -- holding at last known position via gravity compensation.
[pinn_controller_node-1] [WARN] [1784855764.850386090] [pinn_franka_controller]: Trajectory stale (928.5s > 2.0s) -- holding at last known position via gravity compensation.
[pinn_controller_node-1] [WARN] [1784855765.850474393] [pinn_franka_controller]: Trajectory stale (929.5s > 2.0s) -- holding at last known position via gravity compensation.
[pinn_controller_node-1] [WARN] [1784855766.851359988] [pinn_franka_controller]: Trajectory stale (930.5s > 2.0s) -- holding at last known position via gravity compensation.
[pinn_controller_node-1] [WARN] [1784855767.851519327] [pinn_franka_controller]: Trajectory stale (931.5s > 2.0s) -- holding at last known position via gravity compensation.
[pinn_controller_node-1] [WARN] [1784855768.852427865] [pinn_franka_controller]: Trajectory stale (932.5s > 2.0s) -- holding at last known position via gravity compensation.
[pinn_controller_node-1] [WARN] [1784855769.853386527] [pinn_franka_controller]: Trajectory stale (933.5s > 2.0s) -- holding at last known position via gravity compensation.
[pinn_controller_node-1] [WARN] [1784855770.853707428] [pinn_franka_controller]: Trajectory stale (934.5s > 2.0s) -- holding at last known position via gravity compensation.
[pinn_controller_node-1] [WARN] [1784855771.854397515] [pinn_franka_controller]: Trajectory stale (935.5s > 2.0s) -- holding at last known position via gravity compensation.
[pinn_controller_node-1] [WARN] [1784855772.855356394] [pinn_franka_controller]: Trajectory stale (936.5s > 2.0s) -- holding at last known position via gravity compensation.
[pinn_controller_node-1] [WARN] [1784855773.856384411] [pinn_franka_controller]: Trajectory stale (937.5s > 2.0s) -- holding at last known position via gravity compensation.
[pinn_controller_node-1] [WARN] [1784855774.857364144] [pinn_franka_controller]: Trajectory stale (938.5s > 2.0s) -- holding at last known position via gravity compensation.
[pinn_controller_node-1] [WARN] [1784855775.857766005] [pinn_franka_controller]: Trajectory stale (939.5s > 2.0s) -- holding at last known position via gravity compensation.
[pinn_controller_node-1] [WARN] [1784855776.858484395] [pinn_franka_controller]: Trajectory stale (940.5s > 2.0s) -- holding at last known position via gravity compensation.
[pinn_controller_node-1] [WARN] [1784855777.859305414] [pinn_franka_controller]: Trajectory stale (941.5s > 2.0s) -- holding at last known position via gravity compensation.
[pinn_controller_node-1] [WARN] [1784855778.859746553] [pinn_franka_controller]: Trajectory stale (942.5s > 2.0s) -- holding at last known position via gravity compensation.
[pinn_controller_node-1] [WARN] [1784855779.860428622] [pinn_franka_controller]: Trajectory stale (943.5s > 2.0s) -- holding at last known position via gravity compensation.
[pinn_controller_node-1] [WARN] [1784855780.860580883] [pinn_franka_controller]: Trajectory stale (944.5s > 2.0s) -- holding at last known position via gravity compensation.
[pinn_controller_node-1] [WARN] [1784855781.861370274] [pinn_franka_controller]: Trajectory stale (945.5s > 2.0s) -- holding at last known position via gravity compensation.
[pinn_controller_node-1] [WARN] [1784855782.861487047] [pinn_franka_controller]: Trajectory stale (946.5s > 2.0s) -- holding at last known position via gravity compensation.
[pinn_controller_node-1] [WARN] [1784855783.862347164] [pinn_franka_controller]: Trajectory stale (947.5s > 2.0s) -- holding at last known position via gravity compensation.
[pinn_controller_node-1] [WARN] [1784855784.863362760] [pinn_franka_controller]: Trajectory stale (948.5s > 2.0s) -- holding at last known position via gravity compensation.
[pinn_controller_node-1] [WARN] [1784855785.863378803] [pinn_franka_controller]: Trajectory stale (949.5s > 2.0s) -- holding at last known position via gravity compensation.
[pinn_controller_node-1] [WARN] [1784855786.863409530] [pinn_franka_controller]: Trajectory stale (950.5s > 2.0s) -- holding at last known position via gravity compensation.
[pinn_controller_node-1] [WARN] [1784855787.863446629] [pinn_franka_controller]: Trajectory stale (951.5s > 2.0s) -- holding at last known position via gravity compensation.
[pinn_controller_node-1] [WARN] [1784855788.864361410] [pinn_franka_controller]: Trajectory stale (952.5s > 2.0s) -- holding at last known position via gravity compensation.
[pinn_controller_node-1] [WARN] [1784855789.864426640] [pinn_franka_controller]: Trajectory stale (953.5s > 2.0s) -- holding at last known position via gravity compensation.
[pinn_controller_node-1] [WARN] [1784855790.865465721] [pinn_franka_controller]: Trajectory stale (954.5s > 2.0s) -- holding at last known position via gravity compensation.
[pinn_controller_node-1] [WARN] [1784855791.865683481] [pinn_franka_controller]: Trajectory stale (955.5s > 2.0s) -- holding at last known position via gravity compensation.
[pinn_controller_node-1] [WARN] [1784855792.866690199] [pinn_franka_controller]: Trajectory stale (956.5s > 2.0s) -- holding at last known position via gravity compensation.
[pinn_controller_node-1] [WARN] [1784855793.867686999] [pinn_franka_controller]: Trajectory stale (957.5s > 2.0s) -- holding at last known position via gravity compensation.
[pinn_controller_node-1] [WARN] [1784855794.867877538] [pinn_franka_controller]: Trajectory stale (958.5s > 2.0s) -- holding at last known position via gravity compensation.
[pinn_controller_node-1] [WARN] [1784855795.868484572] [pinn_franka_controller]: Trajectory stale (959.5s > 2.0s) -- holding at last known position via gravity compensation.
[pinn_controller_node-1] [WARN] [1784855796.868765933] [pinn_franka_controller]: Trajectory stale (960.5s > 2.0s) -- holding at last known position via gravity compensation.
[pinn_controller_node-1] [WARN] [1784855797.869427451] [pinn_franka_controller]: Trajectory stale (961.5s > 2.0s) -- holding at last known position via gravity compensation.
[pinn_controller_node-1] [WARN] [1784855798.870274340] [pinn_franka_controller]: Trajectory stale (962.5s > 2.0s) -- holding at last known position via gravity compensation.
[pinn_controller_node-1] [WARN] [1784855799.870363212] [pinn_franka_controller]: Trajectory stale (963.5s > 2.0s) -- holding at last known position via gravity compensation.
[pinn_controller_node-1] [WARN] [1784855800.870482694] [pinn_franka_controller]: Trajectory stale (964.5s > 2.0s) -- holding at last known position via gravity compensation.
[pinn_controller_node-1] [WARN] [1784855801.871383598] [pinn_franka_controller]: Trajectory stale (965.5s > 2.0s) -- holding at last known position via gravity compensation.
[pinn_controller_node-1] [WARN] [1784855802.871409449] [pinn_franka_controller]: Trajectory stale (966.5s > 2.0s) -- holding at last known position via gravity compensation.
[pinn_controller_node-1] [WARN] [1784855803.872319181] [pinn_franka_controller]: Trajectory stale (967.5s > 2.0s) -- holding at last known position via gravity compensation.
[pinn_controller_node-1] [WARN] [1784855804.872417352] [pinn_franka_controller]: Trajectory stale (968.5s > 2.0s) -- holding at last known position via gravity compensation.
[pinn_controller_node-1] [WARN] [1784855805.872606093] [pinn_franka_controller]: Trajectory stale (969.5s > 2.0s) -- holding at last known position via gravity compensation.
[pinn_controller_node-1] [WARN] [1784855806.873520304] [pinn_franka_controller]: Trajectory stale (970.5s > 2.0s) -- holding at last known position via gravity compensation.
[pinn_controller_node-1] [WARN] [1784855807.873523044] [pinn_franka_controller]: Trajectory stale (971.5s > 2.0s) -- holding at last known position via gravity compensation.
[pinn_controller_node-1] [WARN] [1784855808.874445459] [pinn_franka_controller]: Trajectory stale (972.5s > 2.0s) -- holding at last known position via gravity compensation.
[pinn_controller_node-1] [WARN] [1784855809.874600163] [pinn_franka_controller]: Trajectory stale (973.5s > 2.0s) -- holding at last known position via gravity compensation.
[pinn_controller_node-1] [WARN] [1784855810.875363372] [pinn_franka_controller]: Trajectory stale (974.5s > 2.0s) -- holding at last known position via gravity compensation.
[pinn_controller_node-1] [WARN] [1784855811.875370131] [pinn_franka_controller]: Trajectory stale (975.5s > 2.0s) -- holding at last known position via gravity compensation.
[pinn_controller_node-1] [WARN] [1784855812.875468101] [pinn_franka_controller]: Trajectory stale (976.5s > 2.0s) -- holding at last known position via gravity compensation.
[pinn_controller_node-1] [WARN] [1784855813.876386419] [pinn_franka_controller]: Trajectory stale (977.5s > 2.0s) -- holding at last known position via gravity compensation.
[pinn_controller_node-1] [WARN] [1784855814.877277274] [pinn_franka_controller]: Trajectory stale (978.5s > 2.0s) -- holding at last known position via gravity compensation.
[pinn_controller_node-1] [WARN] [1784855815.877355578] [pinn_franka_controller]: Trajectory stale (979.5s > 2.0s) -- holding at last known position via gravity compensation.
[pinn_controller_node-1] [WARN] [1784855816.878368380] [pinn_franka_controller]: Trajectory stale (980.5s > 2.0s) -- holding at last known position via gravity compensation.
[pinn_controller_node-1] [WARN] [1784855817.879324073] [pinn_franka_controller]: Trajectory stale (981.5s > 2.0s) -- holding at last known position via gravity compensation.
[pinn_controller_node-1] [WARN] [1784855818.879486279] [pinn_franka_controller]: Trajectory stale (982.5s > 2.0s) -- holding at last known position via gravity compensation.
[pinn_controller_node-1] [WARN] [1784855819.879501721] [pinn_franka_controller]: Trajectory stale (983.5s > 2.0s) -- holding at last known position via gravity compensation.
[pinn_controller_node-1] [WARN] [1784855820.880354186] [pinn_franka_controller]: Trajectory stale (984.5s > 2.0s) -- holding at last known position via gravity compensation.
[pinn_controller_node-1] [WARN] [1784855821.881333359] [pinn_franka_controller]: Trajectory stale (985.5s > 2.0s) -- holding at last known position via gravity compensation.
[pinn_controller_node-1] [WARN] [1784855822.881462658] [pinn_franka_controller]: Trajectory stale (986.5s > 2.0s) -- holding at last known position via gravity compensation.
[pinn_controller_node-1] [WARN] [1784855823.882369199] [pinn_franka_controller]: Trajectory stale (987.5s > 2.0s) -- holding at last known position via gravity compensation.
[pinn_controller_node-1] [WARN] [1784855824.882584954] [pinn_franka_controller]: Trajectory stale (988.5s > 2.0s) -- holding at last known position via gravity compensation.
[pinn_controller_node-1] [WARN] [1784855825.883375591] [pinn_franka_controller]: Trajectory stale (989.5s > 2.0s) -- holding at last known position via gravity compensation.
[pinn_controller_node-1] [WARN] [1784855826.883558279] [pinn_franka_controller]: Trajectory stale (990.5s > 2.0s) -- holding at last known position via gravity compensation.
[pinn_controller_node-1] [WARN] [1784855827.883559958] [pinn_franka_controller]: Trajectory stale (991.5s > 2.0s) -- holding at last known position via gravity compensation.
[pinn_controller_node-1] [WARN] [1784855828.884463075] [pinn_franka_controller]: Trajectory stale (992.5s > 2.0s) -- holding at last known position via gravity compensation.
[pinn_controller_node-1] [WARN] [1784855829.885445378] [pinn_franka_controller]: Trajectory stale (993.5s > 2.0s) -- holding at last known position via gravity compensation.
[pinn_controller_node-1] [WARN] [1784855830.886338685] [pinn_franka_controller]: Trajectory stale (994.5s > 2.0s) -- holding at last known position via gravity compensation.
[pinn_controller_node-1] [WARN] [1784855831.886974388] [pinn_franka_controller]: Trajectory stale (995.5s > 2.0s) -- holding at last known position via gravity compensation.
[pinn_controller_node-1] [WARN] [1784855832.887474234] [pinn_franka_controller]: Trajectory stale (996.5s > 2.0s) -- holding at last known position via gravity compensation.
[pinn_controller_node-1] [WARN] [1784855833.888308384] [pinn_franka_controller]: Trajectory stale (997.5s > 2.0s) -- holding at last known position via gravity compensation.
[pinn_controller_node-1] [WARN] [1784855834.888432137] [pinn_franka_controller]: Trajectory stale (998.5s > 2.0s) -- holding at last known position via gravity compensation.
[pinn_controller_node-1] [WARN] [1784855835.889044026] [pinn_franka_controller]: Trajectory stale (999.5s > 2.0s) -- holding at last known position via gravity compensation.
[pinn_controller_node-1] [WARN] [1784855836.889536894] [pinn_franka_controller]: Trajectory stale (1000.5s > 2.0s) -- holding at last known position via gravity compensation.
[pinn_controller_node-1] [WARN] [1784855837.890384244] [pinn_franka_controller]: Trajectory stale (1001.5s > 2.0s) -- holding at last known position via gravity compensation.
[pinn_controller_node-1] [WARN] [1784855838.891378244] [pinn_franka_controller]: Trajectory stale (1002.5s > 2.0s) -- holding at last known position via gravity compensation.
[pinn_controller_node-1] [WARN] [1784855839.892807281] [pinn_franka_controller]: Trajectory stale (1003.5s > 2.0s) -- holding at last known position via gravity compensation.
[pinn_controller_node-1] [WARN] [1784855840.893428728] [pinn_franka_controller]: Trajectory stale (1004.5s > 2.0s) -- holding at last known position via gravity compensation.
[pinn_controller_node-1] [WARN] [1784855841.894360341] [pinn_franka_controller]: Trajectory stale (1005.5s > 2.0s) -- holding at last known position via gravity compensation.
[pinn_controller_node-1] [WARN] [1784855842.895313699] [pinn_franka_controller]: Trajectory stale (1006.5s > 2.0s) -- holding at last known position via gravity compensation.
[pinn_controller_node-1] [WARN] [1784855843.895394308] [pinn_franka_controller]: Trajectory stale (1007.5s > 2.0s) -- holding at last known position via gravity compensation.
[pinn_controller_node-1] [WARN] [1784855844.895509586] [pinn_franka_controller]: Trajectory stale (1008.5s > 2.0s) -- holding at last known position via gravity compensation.
[pinn_controller_node-1] [WARN] [1784855845.896470605] [pinn_franka_controller]: Trajectory stale (1009.5s > 2.0s) -- holding at last known position via gravity compensation.
[pinn_controller_node-1] [WARN] [1784855846.896590339] [pinn_franka_controller]: Trajectory stale (1010.5s > 2.0s) -- holding at last known position via gravity compensation.
[pinn_controller_node-1] [WARN] [1784855847.897739335] [pinn_franka_controller]: Trajectory stale (1011.5s > 2.0s) -- holding at last known position via gravity compensation.
[pinn_controller_node-1] [WARN] [1784855848.898433275] [pinn_franka_controller]: Trajectory stale (1012.5s > 2.0s) -- holding at last known position via gravity compensation.
[pinn_controller_node-1] [WARN] [1784855849.899279782] [pinn_franka_controller]: Trajectory stale (1013.5s > 2.0s) -- holding at last known position via gravity compensation.
[pinn_controller_node-1] [WARN] [1784855850.899404419] [pinn_franka_controller]: Trajectory stale (1014.5s > 2.0s) -- holding at last known position via gravity compensation.
[pinn_controller_node-1] [WARN] [1784855851.899564794] [pinn_franka_controller]: Trajectory stale (1015.5s > 2.0s) -- holding at last known position via gravity compensation.
[pinn_controller_node-1] [WARN] [1784855852.899582423] [pinn_franka_controller]: Trajectory stale (1016.5s > 2.0s) -- holding at last known position via gravity compensation.
[pinn_controller_node-1] [WARN] [1784855853.900410669] [pinn_franka_controller]: Trajectory stale (1017.5s > 2.0s) -- holding at last known position via gravity compensation.
[pinn_controller_node-1] [WARN] [1784855854.900533216] [pinn_franka_controller]: Trajectory stale (1018.5s > 2.0s) -- holding at last known position via gravity compensation.
[pinn_controller_node-1] [WARN] [1784855855.901470771] [pinn_franka_controller]: Trajectory stale (1019.5s > 2.0s) -- holding at last known position via gravity compensation.
[pinn_controller_node-1] [WARN] [1784855856.902047874] [pinn_franka_controller]: Trajectory stale (1020.5s > 2.0s) -- holding at last known position via gravity compensation.
[pinn_controller_node-1] [WARN] [1784855857.902418170] [pinn_franka_controller]: Trajectory stale (1021.5s > 2.0s) -- holding at last known position via gravity compensation.
[pinn_controller_node-1] [WARN] [1784855858.903360375] [pinn_franka_controller]: Trajectory stale (1022.5s > 2.0s) -- holding at last known position via gravity compensation.
[pinn_controller_node-1] [WARN] [1784855859.903362249] [pinn_franka_controller]: Trajectory stale (1023.5s > 2.0s) -- holding at last known position via gravity compensation.
[pinn_controller_node-1] [WARN] [1784855860.903429274] [pinn_franka_controller]: Trajectory stale (1024.5s > 2.0s) -- holding at last known position via gravity compensation.
[pinn_controller_node-1] [WARN] [1784855861.904354239] [pinn_franka_controller]: Trajectory stale (1025.5s > 2.0s) -- holding at last known position via gravity compensation.
[pinn_controller_node-1] [WARN] [1784855862.904362640] [pinn_franka_controller]: Trajectory stale (1026.5s > 2.0s) -- holding at last known position via gravity compensation.
[pinn_controller_node-1] [WARN] [1784855863.904364644] [pinn_franka_controller]: Trajectory stale (1027.5s > 2.0s) -- holding at last known position via gravity compensation.
[pinn_controller_node-1] [WARN] [1784855864.905361710] [pinn_franka_controller]: Trajectory stale (1028.5s > 2.0s) -- holding at last known position via gravity compensation.
[pinn_controller_node-1] [WARN] [1784855865.906359023] [pinn_franka_controller]: Trajectory stale (1029.5s > 2.0s) -- holding at last known position via gravity compensation.
[pinn_controller_node-1] [WARN] [1784855866.906571860] [pinn_franka_controller]: Trajectory stale (1030.5s > 2.0s) -- holding at last known position via gravity compensation.
[pinn_controller_node-1] [WARN] [1784855867.906619239] [pinn_franka_controller]: Trajectory stale (1031.5s > 2.0s) -- holding at last known position via gravity compensation.
[pinn_controller_node-1] [WARN] [1784855868.906694352] [pinn_franka_controller]: Trajectory stale (1032.5s > 2.0s) -- holding at last known position via gravity compensation.
[pinn_controller_node-1] [WARN] [1784855869.907487878] [pinn_franka_controller]: Trajectory stale (1033.5s > 2.0s) -- holding at last known position via gravity compensation.
[pinn_controller_node-1] [WARN] [1784855870.907687860] [pinn_franka_controller]: Trajectory stale (1034.5s > 2.0s) -- holding at last known position via gravity compensation.
[pinn_controller_node-1] [WARN] [1784855871.908352600] [pinn_franka_controller]: Trajectory stale (1035.5s > 2.0s) -- holding at last known position via gravity compensation.
[pinn_controller_node-1] [WARN] [1784855872.908631442] [pinn_franka_controller]: Trajectory stale (1036.5s > 2.0s) -- holding at last known position via gravity compensation.
[pinn_controller_node-1] [WARN] [1784855873.908823309] [pinn_franka_controller]: Trajectory stale (1037.5s > 2.0s) -- holding at last known position via gravity compensation.
[pinn_controller_node-1] [WARN] [1784855874.909334931] [pinn_franka_controller]: Trajectory stale (1038.5s > 2.0s) -- holding at last known position via gravity compensation.
[pinn_controller_node-1] [WARN] [1784855875.909370859] [pinn_franka_controller]: Trajectory stale (1039.5s > 2.0s) -- holding at last known position via gravity compensation.
[pinn_controller_node-1] [WARN] [1784855876.909485059] [pinn_franka_controller]: Trajectory stale (1040.5s > 2.0s) -- holding at last known position via gravity compensation.
[pinn_controller_node-1] [WARN] [1784855877.910339452] [pinn_franka_controller]: Trajectory stale (1041.6s > 2.0s) -- holding at last known position via gravity compensation.
[pinn_controller_node-1] [WARN] [1784855878.910708963] [pinn_franka_controller]: Trajectory stale (1042.6s > 2.0s) -- holding at last known position via gravity compensation.
[pinn_controller_node-1] [WARN] [1784855879.911355793] [pinn_franka_controller]: Trajectory stale (1043.6s > 2.0s) -- holding at last known position via gravity compensation.
[pinn_controller_node-1] [WARN] [1784855880.911461981] [pinn_franka_controller]: Trajectory stale (1044.6s > 2.0s) -- holding at last known position via gravity compensation.
[pinn_controller_node-1] [WARN] [1784855881.912370886] [pinn_franka_controller]: Trajectory stale (1045.6s > 2.0s) -- holding at last known position via gravity compensation.
[pinn_controller_node-1] [WARN] [1784855882.913384592] [pinn_franka_controller]: Trajectory stale (1046.6s > 2.0s) -- holding at last known position via gravity compensation.
[pinn_controller_node-1] [WARN] [1784855883.913432863] [pinn_franka_controller]: Trajectory stale (1047.6s > 2.0s) -- holding at last known position via gravity compensation.
[pinn_controller_node-1] [WARN] [1784855884.913470427] [pinn_franka_controller]: Trajectory stale (1048.6s > 2.0s) -- holding at last known position via gravity compensation.
[pinn_controller_node-1] [WARN] [1784855885.914304213] [pinn_franka_controller]: Trajectory stale (1049.6s > 2.0s) -- holding at last known position via gravity compensation.
[pinn_controller_node-1] [WARN] [1784855886.914590576] [pinn_franka_controller]: Trajectory stale (1050.6s > 2.0s) -- holding at last known position via gravity compensation.
[pinn_controller_node-1] [WARN] [1784855887.915744432] [pinn_franka_controller]: Trajectory stale (1051.6s > 2.0s) -- holding at last known position via gravity compensation.
[pinn_controller_node-1] [WARN] [1784855888.917092600] [pinn_franka_controller]: Trajectory stale (1052.6s > 2.0s) -- holding at last known position via gravity compensation.
[pinn_controller_node-1] [WARN] [1784855889.917605703] [pinn_franka_controller]: Trajectory stale (1053.6s > 2.0s) -- holding at last known position via gravity compensation.
[pinn_controller_node-1] [WARN] [1784855890.918361209] [pinn_franka_controller]: Trajectory stale (1054.6s > 2.0s) -- holding at last known position via gravity compensation.
[pinn_controller_node-1] [WARN] [1784855891.918618608] [pinn_franka_controller]: Trajectory stale (1055.6s > 2.0s) -- holding at last known position via gravity compensation.
[pinn_controller_node-1] [WARN] [1784855892.918703355] [pinn_franka_controller]: Trajectory stale (1056.6s > 2.0s) -- holding at last known position via gravity compensation.
[pinn_controller_node-1] [WARN] [1784855893.919589206] [pinn_franka_controller]: Trajectory stale (1057.6s > 2.0s) -- holding at last known position via gravity compensation.
[pinn_controller_node-1] [WARN] [1784855894.920330478] [pinn_franka_controller]: Trajectory stale (1058.6s > 2.0s) -- holding at last known position via gravity compensation.
[pinn_controller_node-1] [WARN] [1784855895.920676600] [pinn_franka_controller]: Trajectory stale (1059.6s > 2.0s) -- holding at last known position via gravity compensation.
[pinn_controller_node-1] [WARN] [1784855896.920904082] [pinn_franka_controller]: Trajectory stale (1060.6s > 2.0s) -- holding at last known position via gravity compensation.
[pinn_controller_node-1] [WARN] [1784855897.921542913] [pinn_franka_controller]: Trajectory stale (1061.6s > 2.0s) -- holding at last known position via gravity compensation.
[pinn_controller_node-1] [WARN] [1784855898.921610655] [pinn_franka_controller]: Trajectory stale (1062.6s > 2.0s) -- holding at last known position via gravity compensation.
[pinn_controller_node-1] [WARN] [1784855899.922307435] [pinn_franka_controller]: Trajectory stale (1063.6s > 2.0s) -- holding at last known position via gravity compensation.
[pinn_controller_node-1] [WARN] [1784855900.922354891] [pinn_franka_controller]: Trajectory stale (1064.6s > 2.0s) -- holding at last known position via gravity compensation.
[pinn_controller_node-1] [WARN] [1784855901.922397428] [pinn_franka_controller]: Trajectory stale (1065.6s > 2.0s) -- holding at last known position via gravity compensation.
[pinn_controller_node-1] [WARN] [1784855902.922418583] [pinn_franka_controller]: Trajectory stale (1066.6s > 2.0s) -- holding at last known position via gravity compensation.
[pinn_controller_node-1] [WARN] [1784855903.923319420] [pinn_franka_controller]: Trajectory stale (1067.6s > 2.0s) -- holding at last known position via gravity compensation.
[pinn_controller_node-1] [WARN] [1784855904.923703171] [pinn_franka_controller]: Trajectory stale (1068.6s > 2.0s) -- holding at last known position via gravity compensation.
[pinn_controller_node-1] [WARN] [1784855905.924613571] [pinn_franka_controller]: Trajectory stale (1069.6s > 2.0s) -- holding at last known position via gravity compensation.
[pinn_controller_node-1] [WARN] [1784855906.924741003] [pinn_franka_controller]: Trajectory stale (1070.6s > 2.0s) -- holding at last known position via gravity compensation.
[pinn_controller_node-1] [WARN] [1784855907.924921236] [pinn_franka_controller]: Trajectory stale (1071.6s > 2.0s) -- holding at last known position via gravity compensation.
[pinn_controller_node-1] [WARN] [1784855908.925447329] [pinn_franka_controller]: Trajectory stale (1072.6s > 2.0s) -- holding at last known position via gravity compensation.
[pinn_controller_node-1] [WARN] [1784855909.926383480] [pinn_franka_controller]: Trajectory stale (1073.6s > 2.0s) -- holding at last known position via gravity compensation.
[pinn_controller_node-1] [WARN] [1784855910.926397038] [pinn_franka_controller]: Trajectory stale (1074.6s > 2.0s) -- holding at last known position via gravity compensation.
[pinn_controller_node-1] [WARN] [1784855911.926411697] [pinn_franka_controller]: Trajectory stale (1075.6s > 2.0s) -- holding at last known position via gravity compensation.
[pinn_controller_node-1] [WARN] [1784855912.927347115] [pinn_franka_controller]: Trajectory stale (1076.6s > 2.0s) -- holding at last known position via gravity compensation.
[pinn_controller_node-1] [WARN] [1784855913.928390424] [pinn_franka_controller]: Trajectory stale (1077.6s > 2.0s) -- holding at last known position via gravity compensation.
[pinn_controller_node-1] [WARN] [1784855914.929366353] [pinn_franka_controller]: Trajectory stale (1078.6s > 2.0s) -- holding at last known position via gravity compensation.
[pinn_controller_node-1] [WARN] [1784855915.929882511] [pinn_franka_controller]: Trajectory stale (1079.6s > 2.0s) -- holding at last known position via gravity compensation.
[pinn_controller_node-1] [WARN] [1784855916.930893574] [pinn_franka_controller]: Trajectory stale (1080.6s > 2.0s) -- holding at last known position via gravity compensation.
[pinn_controller_node-1] [WARN] [1784855917.931355547] [pinn_franka_controller]: Trajectory stale (1081.6s > 2.0s) -- holding at last known position via gravity compensation.
[pinn_controller_node-1] [WARN] [1784855918.931639199] [pinn_franka_controller]: Trajectory stale (1082.6s > 2.0s) -- holding at last known position via gravity compensation.
[pinn_controller_node-1] [WARN] [1784855919.931640942] [pinn_franka_controller]: Trajectory stale (1083.6s > 2.0s) -- holding at last known position via gravity compensation.
[pinn_controller_node-1] [WARN] [1784855920.932529471] [pinn_franka_controller]: Trajectory stale (1084.6s > 2.0s) -- holding at last known position via gravity compensation.
[pinn_controller_node-1] [WARN] [1784855921.933491026] [pinn_franka_controller]: Trajectory stale (1085.6s > 2.0s) -- holding at last known position via gravity compensation.
[pinn_controller_node-1] [WARN] [1784855922.933521970] [pinn_franka_controller]: Trajectory stale (1086.6s > 2.0s) -- holding at last known position via gravity compensation.
[pinn_controller_node-1] [WARN] [1784855923.934388752] [pinn_franka_controller]: Trajectory stale (1087.6s > 2.0s) -- holding at last known position via gravity compensation.
[pinn_controller_node-1] [WARN] [1784855924.934717642] [pinn_franka_controller]: Trajectory stale (1088.6s > 2.0s) -- holding at last known position via gravity compensation.
[pinn_controller_node-1] [WARN] [1784855925.935349485] [pinn_franka_controller]: Trajectory stale (1089.6s > 2.0s) -- holding at last known position via gravity compensation.
[pinn_controller_node-1] [WARN] [1784855926.935689355] [pinn_franka_controller]: Trajectory stale (1090.6s > 2.0s) -- holding at last known position via gravity compensation.
[pinn_controller_node-1] [WARN] [1784855927.936321607] [pinn_franka_controller]: Trajectory stale (1091.6s > 2.0s) -- holding at last known position via gravity compensation.
[pinn_controller_node-1] [WARN] [1784855928.936410992] [pinn_franka_controller]: Trajectory stale (1092.6s > 2.0s) -- holding at last known position via gravity compensation.
[pinn_controller_node-1] [WARN] [1784855929.937328423] [pinn_franka_controller]: Trajectory stale (1093.6s > 2.0s) -- holding at last known position via gravity compensation.
[pinn_controller_node-1] [WARN] [1784855930.937369260] [pinn_franka_controller]: Trajectory stale (1094.6s > 2.0s) -- holding at last known position via gravity compensation.
[pinn_controller_node-1] [WARN] [1784855931.937652575] [pinn_franka_controller]: Trajectory stale (1095.6s > 2.0s) -- holding at last known position via gravity compensation.
[pinn_controller_node-1] [WARN] [1784855932.938311789] [pinn_franka_controller]: Trajectory stale (1096.6s > 2.0s) -- holding at last known position via gravity compensation.
[pinn_controller_node-1] [WARN] [1784855933.938352103] [pinn_franka_controller]: Trajectory stale (1097.6s > 2.0s) -- holding at last known position via gravity compensation.
[pinn_controller_node-1] [WARN] [1784855934.939366191] [pinn_franka_controller]: Trajectory stale (1098.6s > 2.0s) -- holding at last known position via gravity compensation.
[pinn_controller_node-1] [WARN] [1784855935.939616923] [pinn_franka_controller]: Trajectory stale (1099.6s > 2.0s) -- holding at last known position via gravity compensation.
[pinn_controller_node-1] [WARN] [1784855936.940450018] [pinn_franka_controller]: Trajectory stale (1100.6s > 2.0s) -- holding at last known position via gravity compensation.
[pinn_controller_node-1] [WARN] [1784855937.941270231] [pinn_franka_controller]: Trajectory stale (1101.6s > 2.0s) -- holding at last known position via gravity compensation.
[pinn_controller_node-1] [WARN] [1784855938.941707547] [pinn_franka_controller]: Trajectory stale (1102.6s > 2.0s) -- holding at last known position via gravity compensation.
[pinn_controller_node-1] [WARN] [1784855939.942743672] [pinn_franka_controller]: Trajectory stale (1103.6s > 2.0s) -- holding at last known position via gravity compensation.
[pinn_controller_node-1] [WARN] [1784855940.943328754] [pinn_franka_controller]: Trajectory stale (1104.6s > 2.0s) -- holding at last known position via gravity compensation.
[pinn_controller_node-1] [WARN] [1784855941.943919720] [pinn_franka_controller]: Trajectory stale (1105.6s > 2.0s) -- holding at last known position via gravity compensation.
[pinn_controller_node-1] [WARN] [1784855942.944767621] [pinn_franka_controller]: Trajectory stale (1106.6s > 2.0s) -- holding at last known position via gravity compensation.
[pinn_controller_node-1] [WARN] [1784855943.945406049] [pinn_franka_controller]: Trajectory stale (1107.6s > 2.0s) -- holding at last known position via gravity compensation.
[pinn_controller_node-1] [WARN] [1784855944.945713144] [pinn_franka_controller]: Trajectory stale (1108.6s > 2.0s) -- holding at last known position via gravity compensation.
[pinn_controller_node-1] [WARN] [1784855945.946403732] [pinn_franka_controller]: Trajectory stale (1109.6s > 2.0s) -- holding at last known position via gravity compensation.
[pinn_controller_node-1] [WARN] [1784855946.947368552] [pinn_franka_controller]: Trajectory stale (1110.6s > 2.0s) -- holding at last known position via gravity compensation.
[pinn_controller_node-1] [WARN] [1784855947.947768496] [pinn_franka_controller]: Trajectory stale (1111.6s > 2.0s) -- holding at last known position via gravity compensation.
[pinn_controller_node-1] [WARN] [1784855948.947907670] [pinn_franka_controller]: Trajectory stale (1112.6s > 2.0s) -- holding at last known position via gravity compensation.
[pinn_controller_node-1] [WARN] [1784855949.948346247] [pinn_franka_controller]: Trajectory stale (1113.6s > 2.0s) -- holding at last known position via gravity compensation.
[pinn_controller_node-1] [WARN] [1784855950.948484388] [pinn_franka_controller]: Trajectory stale (1114.6s > 2.0s) -- holding at last known position via gravity compensation.
[pinn_controller_node-1] [WARN] [1784855951.949381205] [pinn_franka_controller]: Trajectory stale (1115.6s > 2.0s) -- holding at last known position via gravity compensation.
[pinn_controller_node-1] [WARN] [1784855952.949702575] [pinn_franka_controller]: Trajectory stale (1116.6s > 2.0s) -- holding at last known position via gravity compensation.
[pinn_controller_node-1] [WARN] [1784855953.950411895] [pinn_franka_controller]: Trajectory stale (1117.6s > 2.0s) -- holding at last known position via gravity compensation.
[pinn_controller_node-1] [WARN] [1784855954.950420259] [pinn_franka_controller]: Trajectory stale (1118.6s > 2.0s) -- holding at last known position via gravity compensation.
[pinn_controller_node-1] [WARN] [1784855955.950577968] [pinn_franka_controller]: Trajectory stale (1119.6s > 2.0s) -- holding at last known position via gravity compensation.
[pinn_controller_node-1] [WARN] [1784855956.951372875] [pinn_franka_controller]: Trajectory stale (1120.6s > 2.0s) -- holding at last known position via gravity compensation.
[pinn_controller_node-1] [WARN] [1784855957.952305590] [pinn_franka_controller]: Trajectory stale (1121.6s > 2.0s) -- holding at last known position via gravity compensation.
[pinn_controller_node-1] [WARN] [1784855958.952934387] [pinn_franka_controller]: Trajectory stale (1122.6s > 2.0s) -- holding at last known position via gravity compensation.
[pinn_controller_node-1] [WARN] [1784855959.953369936] [pinn_franka_controller]: Trajectory stale (1123.6s > 2.0s) -- holding at last known position via gravity compensation.
[pinn_controller_node-1] [WARN] [1784855960.954364078] [pinn_franka_controller]: Trajectory stale (1124.6s > 2.0s) -- holding at last known position via gravity compensation.
[pinn_controller_node-1] [WARN] [1784855961.954922275] [pinn_franka_controller]: Trajectory stale (1125.6s > 2.0s) -- holding at last known position via gravity compensation.
[pinn_controller_node-1] [WARN] [1784855962.955358243] [pinn_franka_controller]: Trajectory stale (1126.6s > 2.0s) -- holding at last known position via gravity compensation.
[pinn_controller_node-1] [WARN] [1784855963.955410845] [pinn_franka_controller]: Trajectory stale (1127.6s > 2.0s) -- holding at last known position via gravity compensation.
[pinn_controller_node-1] [WARN] [1784855964.957041692] [pinn_franka_controller]: Trajectory stale (1128.6s > 2.0s) -- holding at last known position via gravity compensation.
[pinn_controller_node-1] [WARN] [1784855965.957348923] [pinn_franka_controller]: Trajectory stale (1129.6s > 2.0s) -- holding at last known position via gravity compensation.
[pinn_controller_node-1] [WARN] [1784855966.958413381] [pinn_franka_controller]: Trajectory stale (1130.6s > 2.0s) -- holding at last known position via gravity compensation.
[pinn_controller_node-1] [WARN] [1784855967.959430749] [pinn_franka_controller]: Trajectory stale (1131.6s > 2.0s) -- holding at last known position via gravity compensation.
[pinn_controller_node-1] [WARN] [1784855968.959677423] [pinn_franka_controller]: Trajectory stale (1132.6s > 2.0s) -- holding at last known position via gravity compensation.
[pinn_controller_node-1] [WARN] [1784855969.960386309] [pinn_franka_controller]: Trajectory stale (1133.6s > 2.0s) -- holding at last known position via gravity compensation.
[pinn_controller_node-1] [WARN] [1784855970.960659577] [pinn_franka_controller]: Trajectory stale (1134.6s > 2.0s) -- holding at last known position via gravity compensation.
[pinn_controller_node-1] [WARN] [1784855971.961567360] [pinn_franka_controller]: Trajectory stale (1135.6s > 2.0s) -- holding at last known position via gravity compensation.
[pinn_controller_node-1] [WARN] [1784855972.961837565] [pinn_franka_controller]: Trajectory stale (1136.6s > 2.0s) -- holding at last known position via gravity compensation.
[pinn_controller_node-1] [WARN] [1784855973.962396097] [pinn_franka_controller]: Trajectory stale (1137.6s > 2.0s) -- holding at last known position via gravity compensation.
[pinn_controller_node-1] [WARN] [1784855974.963336886] [pinn_franka_controller]: Trajectory stale (1138.6s > 2.0s) -- holding at last known position via gravity compensation.
[pinn_controller_node-1] [WARN] [1784855975.963361008] [pinn_franka_controller]: Trajectory stale (1139.6s > 2.0s) -- holding at last known position via gravity compensation.
[pinn_controller_node-1] [WARN] [1784855976.964392872] [pinn_franka_controller]: Trajectory stale (1140.6s > 2.0s) -- holding at last known position via gravity compensation.
[pinn_controller_node-1] [WARN] [1784855977.964417468] [pinn_franka_controller]: Trajectory stale (1141.6s > 2.0s) -- holding at last known position via gravity compensation.
[pinn_controller_node-1] [WARN] [1784855978.965411372] [pinn_franka_controller]: Trajectory stale (1142.6s > 2.0s) -- holding at last known position via gravity compensation.
[pinn_controller_node-1] [WARN] [1784855979.966340789] [pinn_franka_controller]: Trajectory stale (1143.6s > 2.0s) -- holding at last known position via gravity compensation.
[pinn_controller_node-1] [WARN] [1784855980.967344634] [pinn_franka_controller]: Trajectory stale (1144.6s > 2.0s) -- holding at last known position via gravity compensation.
[pinn_controller_node-1] [WARN] [1784855981.967361011] [pinn_franka_controller]: Trajectory stale (1145.6s > 2.0s) -- holding at last known position via gravity compensation.
[pinn_controller_node-1] [WARN] [1784855982.968389839] [pinn_franka_controller]: Trajectory stale (1146.6s > 2.0s) -- holding at last known position via gravity compensation.
[pinn_controller_node-1] [WARN] [1784855983.969412118] [pinn_franka_controller]: Trajectory stale (1147.6s > 2.0s) -- holding at last known position via gravity compensation.
[pinn_controller_node-1] [WARN] [1784855984.969474046] [pinn_franka_controller]: Trajectory stale (1148.6s > 2.0s) -- holding at last known position via gravity compensation.
[pinn_controller_node-1] [WARN] [1784855985.970362162] [pinn_franka_controller]: Trajectory stale (1149.6s > 2.0s) -- holding at last known position via gravity compensation.
[pinn_controller_node-1] [WARN] [1784855986.971374700] [pinn_franka_controller]: Trajectory stale (1150.6s > 2.0s) -- holding at last known position via gravity compensation.
[pinn_controller_node-1] [WARN] [1784855987.971450992] [pinn_franka_controller]: Trajectory stale (1151.6s > 2.0s) -- holding at last known position via gravity compensation.
[pinn_controller_node-1] [WARN] [1784855988.972272418] [pinn_franka_controller]: Trajectory stale (1152.6s > 2.0s) -- holding at last known position via gravity compensation.
[pinn_controller_node-1] [WARN] [1784855989.972393352] [pinn_franka_controller]: Trajectory stale (1153.6s > 2.0s) -- holding at last known position via gravity compensation.
[pinn_controller_node-1] [WARN] [1784855990.972424160] [pinn_franka_controller]: Trajectory stale (1154.6s > 2.0s) -- holding at last known position via gravity compensation.
[pinn_controller_node-1] [WARN] [1784855991.972597375] [pinn_franka_controller]: Trajectory stale (1155.6s > 2.0s) -- holding at last known position via gravity compensation.
[pinn_controller_node-1] [WARN] [1784855992.973332544] [pinn_franka_controller]: Trajectory stale (1156.6s > 2.0s) -- holding at last known position via gravity compensation.
[pinn_controller_node-1] [WARN] [1784855993.973351203] [pinn_franka_controller]: Trajectory stale (1157.6s > 2.0s) -- holding at last known position via gravity compensation.
[pinn_controller_node-1] [WARN] [1784855994.973533899] [pinn_franka_controller]: Trajectory stale (1158.6s > 2.0s) -- holding at last known position via gravity compensation.
[pinn_controller_node-1] [WARN] [1784855995.974417744] [pinn_franka_controller]: Trajectory stale (1159.6s > 2.0s) -- holding at last known position via gravity compensation.
[pinn_controller_node-1] [WARN] [1784855996.974483558] [pinn_franka_controller]: Trajectory stale (1160.6s > 2.0s) -- holding at last known position via gravity compensation.
[pinn_controller_node-1] [WARN] [1784855997.975422238] [pinn_franka_controller]: Trajectory stale (1161.6s > 2.0s) -- holding at last known position via gravity compensation.
[pinn_controller_node-1] [WARN] [1784855998.975487492] [pinn_franka_controller]: Trajectory stale (1162.6s > 2.0s) -- holding at last known position via gravity compensation.
[pinn_controller_node-1] [WARN] [1784855999.976364626] [pinn_franka_controller]: Trajectory stale (1163.6s > 2.0s) -- holding at last known position via gravity compensation.
[pinn_controller_node-1] [WARN] [1784856000.976599284] [pinn_franka_controller]: Trajectory stale (1164.6s > 2.0s) -- holding at last known position via gravity compensation.
[pinn_controller_node-1] [WARN] [1784856001.977401010] [pinn_franka_controller]: Trajectory stale (1165.6s > 2.0s) -- holding at last known position via gravity compensation.
[pinn_controller_node-1] [WARN] [1784856002.977619664] [pinn_franka_controller]: Trajectory stale (1166.6s > 2.0s) -- holding at last known position via gravity compensation.
[pinn_controller_node-1] [WARN] [1784856003.978353010] [pinn_franka_controller]: Trajectory stale (1167.6s > 2.0s) -- holding at last known position via gravity compensation.
[pinn_controller_node-1] [WARN] [1784856004.979411671] [pinn_franka_controller]: Trajectory stale (1168.6s > 2.0s) -- holding at last known position via gravity compensation.
[pinn_controller_node-1] [WARN] [1784856005.980362609] [pinn_franka_controller]: Trajectory stale (1169.6s > 2.0s) -- holding at last known position via gravity compensation.
[pinn_controller_node-1] [WARN] [1784856006.981345505] [pinn_franka_controller]: Trajectory stale (1170.6s > 2.0s) -- holding at last known position via gravity compensation.
[pinn_controller_node-1] [WARN] [1784856007.981412088] [pinn_franka_controller]: Trajectory stale (1171.6s > 2.0s) -- holding at last known position via gravity compensation.
[pinn_controller_node-1] [WARN] [1784856008.982060138] [pinn_franka_controller]: Trajectory stale (1172.6s > 2.0s) -- holding at last known position via gravity compensation.
[pinn_controller_node-1] [WARN] [1784856009.982321438] [pinn_franka_controller]: Trajectory stale (1173.6s > 2.0s) -- holding at last known position via gravity compensation.
[pinn_controller_node-1] [WARN] [1784856010.982354108] [pinn_franka_controller]: Trajectory stale (1174.6s > 2.0s) -- holding at last known position via gravity compensation.
[pinn_controller_node-1] [WARN] [1784856011.983364078] [pinn_franka_controller]: Trajectory stale (1175.6s > 2.0s) -- holding at last known position via gravity compensation.
[pinn_controller_node-1] [WARN] [1784856012.983398350] [pinn_franka_controller]: Trajectory stale (1176.6s > 2.0s) -- holding at last known position via gravity compensation.
[pinn_controller_node-1] [WARN] [1784856013.983561471] [pinn_franka_controller]: Trajectory stale (1177.6s > 2.0s) -- holding at last known position via gravity compensation.
[pinn_controller_node-1] [WARN] [1784856014.984368422] [pinn_franka_controller]: Trajectory stale (1178.6s > 2.0s) -- holding at last known position via gravity compensation.
[pinn_controller_node-1] [WARN] [1784856015.985141759] [pinn_franka_controller]: Trajectory stale (1179.6s > 2.0s) -- holding at last known position via gravity compensation.
[pinn_controller_node-1] [WARN] [1784856016.985366884] [pinn_franka_controller]: Trajectory stale (1180.6s > 2.0s) -- holding at last known position via gravity compensation.
[pinn_controller_node-1] [WARN] [1784856017.985511784] [pinn_franka_controller]: Trajectory stale (1181.6s > 2.0s) -- holding at last known position via gravity compensation.
[pinn_controller_node-1] [WARN] [1784856018.986351718] [pinn_franka_controller]: Trajectory stale (1182.6s > 2.0s) -- holding at last known position via gravity compensation.
[pinn_controller_node-1] [WARN] [1784856019.986362220] [pinn_franka_controller]: Trajectory stale (1183.6s > 2.0s) -- holding at last known position via gravity compensation.
[pinn_controller_node-1] [WARN] [1784856020.987301948] [pinn_franka_controller]: Trajectory stale (1184.6s > 2.0s) -- holding at last known position via gravity compensation.
[pinn_controller_node-1] [WARN] [1784856021.987637347] [pinn_franka_controller]: Trajectory stale (1185.6s > 2.0s) -- holding at last known position via gravity compensation.
[pinn_controller_node-1] [WARN] [1784856022.988544583] [pinn_franka_controller]: Trajectory stale (1186.6s > 2.0s) -- holding at last known position via gravity compensation.
[pinn_controller_node-1] [WARN] [1784856023.989350430] [pinn_franka_controller]: Trajectory stale (1187.6s > 2.0s) -- holding at last known position via gravity compensation.
[pinn_controller_node-1] [WARN] [1784856024.989477823] [pinn_franka_controller]: Trajectory stale (1188.6s > 2.0s) -- holding at last known position via gravity compensation.
[pinn_controller_node-1] [WARN] [1784856025.990363445] [pinn_franka_controller]: Trajectory stale (1189.6s > 2.0s) -- holding at last known position via gravity compensation.
[pinn_controller_node-1] [WARN] [1784856026.990407348] [pinn_franka_controller]: Trajectory stale (1190.6s > 2.0s) -- holding at last known position via gravity compensation.
[pinn_controller_node-1] [WARN] [1784856027.991384831] [pinn_franka_controller]: Trajectory stale (1191.6s > 2.0s) -- holding at last known position via gravity compensation.
[pinn_controller_node-1] [WARN] [1784856028.991664584] [pinn_franka_controller]: Trajectory stale (1192.6s > 2.0s) -- holding at last known position via gravity compensation.
[pinn_controller_node-1] [WARN] [1784856029.992532764] [pinn_franka_controller]: Trajectory stale (1193.6s > 2.0s) -- holding at last known position via gravity compensation.
[pinn_controller_node-1] [WARN] [1784856030.992769434] [pinn_franka_controller]: Trajectory stale (1194.6s > 2.0s) -- holding at last known position via gravity compensation.
[pinn_controller_node-1] [WARN] [1784856031.993569153] [pinn_franka_controller]: Trajectory stale (1195.6s > 2.0s) -- holding at last known position via gravity compensation.
[pinn_controller_node-1] [WARN] [1784856032.993645768] [pinn_franka_controller]: Trajectory stale (1196.6s > 2.0s) -- holding at last known position via gravity compensation.
[pinn_controller_node-1] [WARN] [1784856033.994355620] [pinn_franka_controller]: Trajectory stale (1197.6s > 2.0s) -- holding at last known position via gravity compensation.
[pinn_controller_node-1] [WARN] [1784856034.994376138] [pinn_franka_controller]: Trajectory stale (1198.6s > 2.0s) -- holding at last known position via gravity compensation.
[pinn_controller_node-1] [WARN] [1784856035.995346770] [pinn_franka_controller]: Trajectory stale (1199.6s > 2.0s) -- holding at last known position via gravity compensation.
[pinn_controller_node-1] [WARN] [1784856036.995435176] [pinn_franka_controller]: Trajectory stale (1200.6s > 2.0s) -- holding at last known position via gravity compensation.
[pinn_controller_node-1] [WARN] [1784856037.996310915] [pinn_franka_controller]: Trajectory stale (1201.6s > 2.0s) -- holding at last known position via gravity compensation.
[pinn_controller_node-1] [WARN] [1784856038.996379683] [pinn_franka_controller]: Trajectory stale (1202.6s > 2.0s) -- holding at last known position via gravity compensation.
[pinn_controller_node-1] [WARN] [1784856039.996446787] [pinn_franka_controller]: Trajectory stale (1203.6s > 2.0s) -- holding at last known position via gravity compensation.
[pinn_controller_node-1] [WARN] [1784856040.997387506] [pinn_franka_controller]: Trajectory stale (1204.6s > 2.0s) -- holding at last known position via gravity compensation.
[pinn_controller_node-1] [WARN] [1784856041.998368577] [pinn_franka_controller]: Trajectory stale (1205.6s > 2.0s) -- holding at last known position via gravity compensation.
[pinn_controller_node-1] [WARN] [1784856042.998831767] [pinn_franka_controller]: Trajectory stale (1206.6s > 2.0s) -- holding at last known position via gravity compensation.
[pinn_controller_node-1] [WARN] [1784856043.999599011] [pinn_franka_controller]: Trajectory stale (1207.6s > 2.0s) -- holding at last known position via gravity compensation.
[pinn_controller_node-1] [WARN] [1784856045.000581935] [pinn_franka_controller]: Trajectory stale (1208.6s > 2.0s) -- holding at last known position via gravity compensation.
[pinn_controller_node-1] [WARN] [1784856046.001499235] [pinn_franka_controller]: Trajectory stale (1209.6s > 2.0s) -- holding at last known position via gravity compensation.
[pinn_controller_node-1] [WARN] [1784856047.002336466] [pinn_franka_controller]: Trajectory stale (1210.6s > 2.0s) -- holding at last known position via gravity compensation.
[pinn_controller_node-1] [WARN] [1784856048.002721443] [pinn_franka_controller]: Trajectory stale (1211.6s > 2.0s) -- holding at last known position via gravity compensation.
[pinn_controller_node-1] [WARN] [1784856049.003543506] [pinn_franka_controller]: Trajectory stale (1212.6s > 2.0s) -- holding at last known position via gravity compensation.
[pinn_controller_node-1] [WARN] [1784856050.004358235] [pinn_franka_controller]: Trajectory stale (1213.6s > 2.0s) -- holding at last known position via gravity compensation.
[pinn_controller_node-1] [WARN] [1784856051.005382141] [pinn_franka_controller]: Trajectory stale (1214.6s > 2.0s) -- holding at last known position via gravity compensation.
[pinn_controller_node-1] [WARN] [1784856052.006319358] [pinn_franka_controller]: Trajectory stale (1215.6s > 2.0s) -- holding at last known position via gravity compensation.
[pinn_controller_node-1] [WARN] [1784856053.006405754] [pinn_franka_controller]: Trajectory stale (1216.6s > 2.0s) -- holding at last known position via gravity compensation.
[pinn_controller_node-1] [WARN] [1784856054.007356082] [pinn_franka_controller]: Trajectory stale (1217.6s > 2.0s) -- holding at last known position via gravity compensation.
[pinn_controller_node-1] [WARN] [1784856055.007495576] [pinn_franka_controller]: Trajectory stale (1218.6s > 2.0s) -- holding at last known position via gravity compensation.
[pinn_controller_node-1] [WARN] [1784856056.008367970] [pinn_franka_controller]: Trajectory stale (1219.6s > 2.0s) -- holding at last known position via gravity compensation.
[pinn_controller_node-1] [WARN] [1784856057.009375387] [pinn_franka_controller]: Trajectory stale (1220.6s > 2.0s) -- holding at last known position via gravity compensation.
[pinn_controller_node-1] [WARN] [1784856058.009463732] [pinn_franka_controller]: Trajectory stale (1221.6s > 2.0s) -- holding at last known position via gravity compensation.
[pinn_controller_node-1] [WARN] [1784856059.010421968] [pinn_franka_controller]: Trajectory stale (1222.7s > 2.0s) -- holding at last known position via gravity compensation.
[pinn_controller_node-1] [WARN] [1784856060.011365437] [pinn_franka_controller]: Trajectory stale (1223.7s > 2.0s) -- holding at last known position via gravity compensation.
[pinn_controller_node-1] [WARN] [1784856061.012020224] [pinn_franka_controller]: Trajectory stale (1224.7s > 2.0s) -- holding at last known position via gravity compensation.
[pinn_controller_node-1] [WARN] [1784856062.012358597] [pinn_franka_controller]: Trajectory stale (1225.7s > 2.0s) -- holding at last known position via gravity compensation.
[pinn_controller_node-1] [WARN] [1784856063.012371780] [pinn_franka_controller]: Trajectory stale (1226.7s > 2.0s) -- holding at last known position via gravity compensation.
[pinn_controller_node-1] [WARN] [1784856064.013334173] [pinn_franka_controller]: Trajectory stale (1227.7s > 2.0s) -- holding at last known position via gravity compensation.
[pinn_controller_node-1] [WARN] [1784856065.013411067] [pinn_franka_controller]: Trajectory stale (1228.7s > 2.0s) -- holding at last known position via gravity compensation.
[pinn_controller_node-1] [WARN] [1784856066.013452646] [pinn_franka_controller]: Trajectory stale (1229.7s > 2.0s) -- holding at last known position via gravity compensation.
[pinn_controller_node-1] [WARN] [1784856067.013633044] [pinn_franka_controller]: Trajectory stale (1230.7s > 2.0s) -- holding at last known position via gravity compensation.
[pinn_controller_node-1] [WARN] [1784856068.014313684] [pinn_franka_controller]: Trajectory stale (1231.7s > 2.0s) -- holding at last known position via gravity compensation.
[pinn_controller_node-1] [WARN] [1784856069.014375665] [pinn_franka_controller]: Trajectory stale (1232.7s > 2.0s) -- holding at last known position via gravity compensation.
[pinn_controller_node-1] [WARN] [1784856070.015391543] [pinn_franka_controller]: Trajectory stale (1233.7s > 2.0s) -- holding at last known position via gravity compensation.
[pinn_controller_node-1] [WARN] [1784856071.015421208] [pinn_franka_controller]: Trajectory stale (1234.7s > 2.0s) -- holding at last known position via gravity compensation.
[pinn_controller_node-1] [WARN] [1784856072.016308702] [pinn_franka_controller]: Trajectory stale (1235.7s > 2.0s) -- holding at last known position via gravity compensation.
[pinn_controller_node-1] [WARN] [1784856073.016587144] [pinn_franka_controller]: Trajectory stale (1236.7s > 2.0s) -- holding at last known position via gravity compensation.
[pinn_controller_node-1] [WARN] [1784856074.017435856] [pinn_franka_controller]: Trajectory stale (1237.7s > 2.0s) -- holding at last known position via gravity compensation.
[pinn_controller_node-1] [WARN] [1784856075.018261072] [pinn_franka_controller]: Trajectory stale (1238.7s > 2.0s) -- holding at last known position via gravity compensation.
[pinn_controller_node-1] [WARN] [1784856076.018486504] [pinn_franka_controller]: Trajectory stale (1239.7s > 2.0s) -- holding at last known position via gravity compensation.
[pinn_controller_node-1] [WARN] [1784856077.019485970] [pinn_franka_controller]: Trajectory stale (1240.7s > 2.0s) -- holding at last known position via gravity compensation.
[pinn_controller_node-1] [WARN] [1784856078.019637935] [pinn_franka_controller]: Trajectory stale (1241.7s > 2.0s) -- holding at last known position via gravity compensation.
[pinn_controller_node-1] [WARN] [1784856079.020340685] [pinn_franka_controller]: Trajectory stale (1242.7s > 2.0s) -- holding at last known position via gravity compensation.
[pinn_controller_node-1] [WARN] [1784856080.020374177] [pinn_franka_controller]: Trajectory stale (1243.7s > 2.0s) -- holding at last known position via gravity compensation.
[pinn_controller_node-1] [WARN] [1784856081.020419662] [pinn_franka_controller]: Trajectory stale (1244.7s > 2.0s) -- holding at last known position via gravity compensation.
[pinn_controller_node-1] [WARN] [1784856082.021373713] [pinn_franka_controller]: Trajectory stale (1245.7s > 2.0s) -- holding at last known position via gravity compensation.
[pinn_controller_node-1] [WARN] [1784856083.021633634] [pinn_franka_controller]: Trajectory stale (1246.7s > 2.0s) -- holding at last known position via gravity compensation.
[pinn_controller_node-1] [WARN] [1784856084.022364217] [pinn_franka_controller]: Trajectory stale (1247.7s > 2.0s) -- holding at last known position via gravity compensation.
[pinn_controller_node-1] [WARN] [1784856085.022467510] [pinn_franka_controller]: Trajectory stale (1248.7s > 2.0s) -- holding at last known position via gravity compensation.
[pinn_controller_node-1] [WARN] [1784856086.023350732] [pinn_franka_controller]: Trajectory stale (1249.7s > 2.0s) -- holding at last known position via gravity compensation.
[pinn_controller_node-1] [WARN] [1784856087.023434269] [pinn_franka_controller]: Trajectory stale (1250.7s > 2.0s) -- holding at last known position via gravity compensation.
[pinn_controller_node-1] [WARN] [1784856088.023484307] [pinn_franka_controller]: Trajectory stale (1251.7s > 2.0s) -- holding at last known position via gravity compensation.
[pinn_controller_node-1] [WARN] [1784856089.024403931] [pinn_franka_controller]: Trajectory stale (1252.7s > 2.0s) -- holding at last known position via gravity compensation.
[pinn_controller_node-1] [WARN] [1784856090.024422456] [pinn_franka_controller]: Trajectory stale (1253.7s > 2.0s) -- holding at last known position via gravity compensation.
[pinn_controller_node-1] [WARN] [1784856091.025381835] [pinn_franka_controller]: Trajectory stale (1254.7s > 2.0s) -- holding at last known position via gravity compensation.
[pinn_controller_node-1] [WARN] [1784856092.026332648] [pinn_franka_controller]: Trajectory stale (1255.7s > 2.0s) -- holding at last known position via gravity compensation.
[pinn_controller_node-1] [WARN] [1784856093.026804721] [pinn_franka_controller]: Trajectory stale (1256.7s > 2.0s) -- holding at last known position via gravity compensation.
[pinn_controller_node-1] [WARN] [1784856094.027400699] [pinn_franka_controller]: Trajectory stale (1257.7s > 2.0s) -- holding at last known position via gravity compensation.
[pinn_controller_node-1] [WARN] [1784856095.027442990] [pinn_franka_controller]: Trajectory stale (1258.7s > 2.0s) -- holding at last known position via gravity compensation.
[pinn_controller_node-1] [WARN] [1784856096.027743504] [pinn_franka_controller]: Trajectory stale (1259.7s > 2.0s) -- holding at last known position via gravity compensation.
[pinn_controller_node-1] [WARN] [1784856097.028367269] [pinn_franka_controller]: Trajectory stale (1260.7s > 2.0s) -- holding at last known position via gravity compensation.
[pinn_controller_node-1] [WARN] [1784856098.028821398] [pinn_franka_controller]: Trajectory stale (1261.7s > 2.0s) -- holding at last known position via gravity compensation.
[pinn_controller_node-1] [WARN] [1784856099.029444579] [pinn_franka_controller]: Trajectory stale (1262.7s > 2.0s) -- holding at last known position via gravity compensation.
[pinn_controller_node-1] [WARN] [1784856100.029582345] [pinn_franka_controller]: Trajectory stale (1263.7s > 2.0s) -- holding at last known position via gravity compensation.
[pinn_controller_node-1] [WARN] [1784856101.030335219] [pinn_franka_controller]: Trajectory stale (1264.7s > 2.0s) -- holding at last known position via gravity compensation.
[pinn_controller_node-1] [WARN] [1784856102.030356331] [pinn_franka_controller]: Trajectory stale (1265.7s > 2.0s) -- holding at last known position via gravity compensation.
[pinn_controller_node-1] [WARN] [1784856103.030403977] [pinn_franka_controller]: Trajectory stale (1266.7s > 2.0s) -- holding at last known position via gravity compensation.
[pinn_controller_node-1] [WARN] [1784856104.031391542] [pinn_franka_controller]: Trajectory stale (1267.7s > 2.0s) -- holding at last known position via gravity compensation.
[pinn_controller_node-1] [WARN] [1784856105.031933733] [pinn_franka_controller]: Trajectory stale (1268.7s > 2.0s) -- holding at last known position via gravity compensation.
[pinn_controller_node-1] [WARN] [1784856106.032744910] [pinn_franka_controller]: Trajectory stale (1269.7s > 2.0s) -- holding at last known position via gravity compensation.
[pinn_controller_node-1] [WARN] [1784856107.033552619] [pinn_franka_controller]: Trajectory stale (1270.7s > 2.0s) -- holding at last known position via gravity compensation.
[pinn_controller_node-1] [WARN] [1784856108.033649452] [pinn_franka_controller]: Trajectory stale (1271.7s > 2.0s) -- holding at last known position via gravity compensation.
[pinn_controller_node-1] [WARN] [1784856109.034394368] [pinn_franka_controller]: Trajectory stale (1272.7s > 2.0s) -- holding at last known position via gravity compensation.
[pinn_controller_node-1] [WARN] [1784856110.035377162] [pinn_franka_controller]: Trajectory stale (1273.7s > 2.0s) -- holding at last known position via gravity compensation.
[pinn_controller_node-1] [WARN] [1784856111.035630345] [pinn_franka_controller]: Trajectory stale (1274.7s > 2.0s) -- holding at last known position via gravity compensation.
[pinn_controller_node-1] [WARN] [1784856112.036314049] [pinn_franka_controller]: Trajectory stale (1275.7s > 2.0s) -- holding at last known position via gravity compensation.
[pinn_controller_node-1] [WARN] [1784856113.036351040] [pinn_franka_controller]: Trajectory stale (1276.7s > 2.0s) -- holding at last known position via gravity compensation.
[pinn_controller_node-1] [WARN] [1784856114.036507771] [pinn_franka_controller]: Trajectory stale (1277.7s > 2.0s) -- holding at last known position via gravity compensation.
[pinn_controller_node-1] [WARN] [1784856115.036606734] [pinn_franka_controller]: Trajectory stale (1278.7s > 2.0s) -- holding at last known position via gravity compensation.
[pinn_controller_node-1] [WARN] [1784856116.037394766] [pinn_franka_controller]: Trajectory stale (1279.7s > 2.0s) -- holding at last known position via gravity compensation.
[pinn_controller_node-1] [WARN] [1784856117.037401902] [pinn_franka_controller]: Trajectory stale (1280.7s > 2.0s) -- holding at last known position via gravity compensation.
[pinn_controller_node-1] [WARN] [1784856118.037534718] [pinn_franka_controller]: Trajectory stale (1281.7s > 2.0s) -- holding at last known position via gravity compensation.
[pinn_controller_node-1] [WARN] [1784856119.037673821] [pinn_franka_controller]: Trajectory stale (1282.7s > 2.0s) -- holding at last known position via gravity compensation.
[pinn_controller_node-1] [WARN] [1784856120.038527078] [pinn_franka_controller]: Trajectory stale (1283.7s > 2.0s) -- holding at last known position via gravity compensation.
[pinn_controller_node-1] [WARN] [1784856121.039411473] [pinn_franka_controller]: Trajectory stale (1284.7s > 2.0s) -- holding at last known position via gravity compensation.
[pinn_controller_node-1] [WARN] [1784856122.040369592] [pinn_franka_controller]: Trajectory stale (1285.7s > 2.0s) -- holding at last known position via gravity compensation.
[pinn_controller_node-1] [WARN] [1784856123.041137099] [pinn_franka_controller]: Trajectory stale (1286.7s > 2.0s) -- holding at last known position via gravity compensation.
[pinn_controller_node-1] [WARN] [1784856124.041537435] [pinn_franka_controller]: Trajectory stale (1287.7s > 2.0s) -- holding at last known position via gravity compensation.
[pinn_controller_node-1] [WARN] [1784856125.042343593] [pinn_franka_controller]: Trajectory stale (1288.7s > 2.0s) -- holding at last known position via gravity compensation.
[pinn_controller_node-1] [WARN] [1784856126.042551249] [pinn_franka_controller]: Trajectory stale (1289.7s > 2.0s) -- holding at last known position via gravity compensation.
[pinn_controller_node-1] [WARN] [1784856127.043517141] [pinn_franka_controller]: Trajectory stale (1290.7s > 2.0s) -- holding at last known position via gravity compensation.
[pinn_controller_node-1] [WARN] [1784856128.043572308] [pinn_franka_controller]: Trajectory stale (1291.7s > 2.0s) -- holding at last known position via gravity compensation.
[pinn_controller_node-1] [WARN] [1784856129.044444097] [pinn_franka_controller]: Trajectory stale (1292.7s > 2.0s) -- holding at last known position via gravity compensation.
[pinn_controller_node-1] [WARN] [1784856130.044908152] [pinn_franka_controller]: Trajectory stale (1293.7s > 2.0s) -- holding at last known position via gravity compensation.
[pinn_controller_node-1] [WARN] [1784856131.045291099] [pinn_franka_controller]: Trajectory stale (1294.7s > 2.0s) -- holding at last known position via gravity compensation.
[pinn_controller_node-1] [WARN] [1784856132.045421529] [pinn_franka_controller]: Trajectory stale (1295.7s > 2.0s) -- holding at last known position via gravity compensation.
[pinn_controller_node-1] [WARN] [1784856133.045692572] [pinn_franka_controller]: Trajectory stale (1296.7s > 2.0s) -- holding at last known position via gravity compensation.
[pinn_controller_node-1] [WARN] [1784856134.046118002] [pinn_franka_controller]: Trajectory stale (1297.7s > 2.0s) -- holding at last known position via gravity compensation.
[pinn_controller_node-1] [WARN] [1784856135.047197318] [pinn_franka_controller]: Trajectory stale (1298.7s > 2.0s) -- holding at last known position via gravity compensation.
[pinn_controller_node-1] [WARN] [1784856136.047470867] [pinn_franka_controller]: Trajectory stale (1299.7s > 2.0s) -- holding at last known position via gravity compensation.
[pinn_controller_node-1] [WARN] [1784856137.048344678] [pinn_franka_controller]: Trajectory stale (1300.7s > 2.0s) -- holding at last known position via gravity compensation.
[pinn_controller_node-1] [WARN] [1784856138.048424231] [pinn_franka_controller]: Trajectory stale (1301.7s > 2.0s) -- holding at last known position via gravity compensation.
[pinn_controller_node-1] [WARN] [1784856139.049357261] [pinn_franka_controller]: Trajectory stale (1302.7s > 2.0s) -- holding at last known position via gravity compensation.
[pinn_controller_node-1] [WARN] [1784856140.049597071] [pinn_franka_controller]: Trajectory stale (1303.7s > 2.0s) -- holding at last known position via gravity compensation.
[pinn_controller_node-1] [WARN] [1784856141.049675390] [pinn_franka_controller]: Trajectory stale (1304.7s > 2.0s) -- holding at last known position via gravity compensation.
[pinn_controller_node-1] [WARN] [1784856142.050345233] [pinn_franka_controller]: Trajectory stale (1305.7s > 2.0s) -- holding at last known position via gravity compensation.
[pinn_controller_node-1] [WARN] [1784856143.050486237] [pinn_franka_controller]: Trajectory stale (1306.7s > 2.0s) -- holding at last known position via gravity compensation.
[pinn_controller_node-1] [WARN] [1784856144.050905236] [pinn_franka_controller]: Trajectory stale (1307.7s > 2.0s) -- holding at last known position via gravity compensation.
[pinn_controller_node-1] [WARN] [1784856145.051528368] [pinn_franka_controller]: Trajectory stale (1308.7s > 2.0s) -- holding at last known position via gravity compensation.
[pinn_controller_node-1] [WARN] [1784856146.052378037] [pinn_franka_controller]: Trajectory stale (1309.7s > 2.0s) -- holding at last known position via gravity compensation.
[pinn_controller_node-1] [WARN] [1784856147.053298629] [pinn_franka_controller]: Trajectory stale (1310.7s > 2.0s) -- holding at last known position via gravity compensation.
[pinn_controller_node-1] [WARN] [1784856148.053376905] [pinn_franka_controller]: Trajectory stale (1311.7s > 2.0s) -- holding at last known position via gravity compensation.
[pinn_controller_node-1] [WARN] [1784856149.053402454] [pinn_franka_controller]: Trajectory stale (1312.7s > 2.0s) -- holding at last known position via gravity compensation.
[pinn_controller_node-1] [WARN] [1784856150.053479283] [pinn_franka_controller]: Trajectory stale (1313.7s > 2.0s) -- holding at last known position via gravity compensation.
[pinn_controller_node-1] [WARN] [1784856151.054317650] [pinn_franka_controller]: Trajectory stale (1314.7s > 2.0s) -- holding at last known position via gravity compensation.
[pinn_controller_node-1] [WARN] [1784856152.054365712] [pinn_franka_controller]: Trajectory stale (1315.7s > 2.0s) -- holding at last known position via gravity compensation.
[pinn_controller_node-1] [WARN] [1784856153.054861347] [pinn_franka_controller]: Trajectory stale (1316.7s > 2.0s) -- holding at last known position via gravity compensation.
[pinn_controller_node-1] [WARN] [1784856154.055376188] [pinn_franka_controller]: Trajectory stale (1317.7s > 2.0s) -- holding at last known position via gravity compensation.
[pinn_controller_node-1] [WARN] [1784856155.055616120] [pinn_franka_controller]: Trajectory stale (1318.7s > 2.0s) -- holding at last known position via gravity compensation.
[pinn_controller_node-1] [WARN] [1784856156.055673305] [pinn_franka_controller]: Trajectory stale (1319.7s > 2.0s) -- holding at last known position via gravity compensation.
[pinn_controller_node-1] [WARN] [1784856157.056606785] [pinn_franka_controller]: Trajectory stale (1320.7s > 2.0s) -- holding at last known position via gravity compensation.
[pinn_controller_node-1] [WARN] [1784856158.057457072] [pinn_franka_controller]: Trajectory stale (1321.7s > 2.0s) -- holding at last known position via gravity compensation.
[pinn_controller_node-1] [WARN] [1784856159.057655411] [pinn_franka_controller]: Trajectory stale (1322.7s > 2.0s) -- holding at last known position via gravity compensation.
[pinn_controller_node-1] [WARN] [1784856160.057657709] [pinn_franka_controller]: Trajectory stale (1323.7s > 2.0s) -- holding at last known position via gravity compensation.
[pinn_controller_node-1] [WARN] [1784856161.058419889] [pinn_franka_controller]: Trajectory stale (1324.7s > 2.0s) -- holding at last known position via gravity compensation.
[pinn_controller_node-1] [WARN] [1784856162.059305723] [pinn_franka_controller]: Trajectory stale (1325.7s > 2.0s) -- holding at last known position via gravity compensation.
[pinn_controller_node-1] [WARN] [1784856163.059389830] [pinn_franka_controller]: Trajectory stale (1326.7s > 2.0s) -- holding at last known position via gravity compensation.
[pinn_controller_node-1] [WARN] [1784856164.059880558] [pinn_franka_controller]: Trajectory stale (1327.7s > 2.0s) -- holding at last known position via gravity compensation.
[pinn_controller_node-1] [WARN] [1784856165.060538663] [pinn_franka_controller]: Trajectory stale (1328.7s > 2.0s) -- holding at last known position via gravity compensation.
[pinn_controller_node-1] [WARN] [1784856166.060768949] [pinn_franka_controller]: Trajectory stale (1329.7s > 2.0s) -- holding at last known position via gravity compensation.
[pinn_controller_node-1] [WARN] [1784856167.061359963] [pinn_franka_controller]: Trajectory stale (1330.7s > 2.0s) -- holding at last known position via gravity compensation.
[pinn_controller_node-1] [WARN] [1784856168.061407907] [pinn_franka_controller]: Trajectory stale (1331.7s > 2.0s) -- holding at last known position via gravity compensation.
[pinn_controller_node-1] [WARN] [1784856169.062393603] [pinn_franka_controller]: Trajectory stale (1332.7s > 2.0s) -- holding at last known position via gravity compensation.
[pinn_controller_node-1] [WARN] [1784856170.063353919] [pinn_franka_controller]: Trajectory stale (1333.7s > 2.0s) -- holding at last known position via gravity compensation.
[pinn_controller_node-1] [WARN] [1784856171.064355974] [pinn_franka_controller]: Trajectory stale (1334.7s > 2.0s) -- holding at last known position via gravity compensation.
[pinn_controller_node-1] [WARN] [1784856172.064414587] [pinn_franka_controller]: Trajectory stale (1335.7s > 2.0s) -- holding at last known position via gravity compensation.
[pinn_controller_node-1] [WARN] [1784856173.064492935] [pinn_franka_controller]: Trajectory stale (1336.7s > 2.0s) -- holding at last known position via gravity compensation.
[pinn_controller_node-1] [WARN] [1784856174.064645854] [pinn_franka_controller]: Trajectory stale (1337.7s > 2.0s) -- holding at last known position via gravity compensation.
[pinn_controller_node-1] [WARN] [1784856175.065380208] [pinn_franka_controller]: Trajectory stale (1338.7s > 2.0s) -- holding at last known position via gravity compensation.
[pinn_controller_node-1] [WARN] [1784856176.066359728] [pinn_franka_controller]: Trajectory stale (1339.7s > 2.0s) -- holding at last known position via gravity compensation.
[pinn_controller_node-1] [WARN] [1784856177.067354469] [pinn_franka_controller]: Trajectory stale (1340.7s > 2.0s) -- holding at last known position via gravity compensation.
[pinn_controller_node-1] [WARN] [1784856178.068413751] [pinn_franka_controller]: Trajectory stale (1341.7s > 2.0s) -- holding at last known position via gravity compensation.
[pinn_controller_node-1] [WARN] [1784856179.068422007] [pinn_franka_controller]: Trajectory stale (1342.7s > 2.0s) -- holding at last known position via gravity compensation.
[pinn_controller_node-1] [WARN] [1784856180.068492602] [pinn_franka_controller]: Trajectory stale (1343.7s > 2.0s) -- holding at last known position via gravity compensation.
[pinn_controller_node-1] [WARN] [1784856181.069353101] [pinn_franka_controller]: Trajectory stale (1344.7s > 2.0s) -- holding at last known position via gravity compensation.
[pinn_controller_node-1] [WARN] [1784856182.070370022] [pinn_franka_controller]: Trajectory stale (1345.7s > 2.0s) -- holding at last known position via gravity compensation.
[pinn_controller_node-1] [WARN] [1784856183.070453496] [pinn_franka_controller]: Trajectory stale (1346.7s > 2.0s) -- holding at last known position via gravity compensation.
[pinn_controller_node-1] [WARN] [1784856184.071374000] [pinn_franka_controller]: Trajectory stale (1347.7s > 2.0s) -- holding at last known position via gravity compensation.
[pinn_controller_node-1] [WARN] [1784856185.071485820] [pinn_franka_controller]: Trajectory stale (1348.7s > 2.0s) -- holding at last known position via gravity compensation.
[pinn_controller_node-1] [WARN] [1784856186.072368278] [pinn_franka_controller]: Trajectory stale (1349.7s > 2.0s) -- holding at last known position via gravity compensation.
[pinn_controller_node-1] [WARN] [1784856187.072512556] [pinn_franka_controller]: Trajectory stale (1350.7s > 2.0s) -- holding at last known position via gravity compensation.
[pinn_controller_node-1] [WARN] [1784856188.073134899] [pinn_franka_controller]: Trajectory stale (1351.7s > 2.0s) -- holding at last known position via gravity compensation.
[pinn_controller_node-1] [WARN] [1784856189.073356742] [pinn_franka_controller]: Trajectory stale (1352.7s > 2.0s) -- holding at last known position via gravity compensation.
[pinn_controller_node-1] [WARN] [1784856190.073402756] [pinn_franka_controller]: Trajectory stale (1353.7s > 2.0s) -- holding at last known position via gravity compensation.
[pinn_controller_node-1] [WARN] [1784856191.073553441] [pinn_franka_controller]: Trajectory stale (1354.7s > 2.0s) -- holding at last known position via gravity compensation.
[pinn_controller_node-1] [WARN] [1784856192.074407594] [pinn_franka_controller]: Trajectory stale (1355.7s > 2.0s) -- holding at last known position via gravity compensation.
[pinn_controller_node-1] [WARN] [1784856193.075440137] [pinn_franka_controller]: Trajectory stale (1356.7s > 2.0s) -- holding at last known position via gravity compensation.
[pinn_controller_node-1] [WARN] [1784856194.075502576] [pinn_franka_controller]: Trajectory stale (1357.7s > 2.0s) -- holding at last known position via gravity compensation.
[pinn_controller_node-1] [WARN] [1784856195.075558688] [pinn_franka_controller]: Trajectory stale (1358.7s > 2.0s) -- holding at last known position via gravity compensation.
[pinn_controller_node-1] [WARN] [1784856196.076360999] [pinn_franka_controller]: Trajectory stale (1359.7s > 2.0s) -- holding at last known position via gravity compensation.
[pinn_controller_node-1] [WARN] [1784856197.076512060] [pinn_franka_controller]: Trajectory stale (1360.7s > 2.0s) -- holding at last known position via gravity compensation.
[pinn_controller_node-1] [WARN] [1784856198.076544569] [pinn_franka_controller]: Trajectory stale (1361.7s > 2.0s) -- holding at last known position via gravity compensation.
[pinn_controller_node-1] [WARN] [1784856199.077607675] [pinn_franka_controller]: Trajectory stale (1362.7s > 2.0s) -- holding at last known position via gravity compensation.
[pinn_controller_node-1] [WARN] [1784856200.078312736] [pinn_franka_controller]: Trajectory stale (1363.7s > 2.0s) -- holding at last known position via gravity compensation.
[pinn_controller_node-1] [WARN] [1784856201.078591277] [pinn_franka_controller]: Trajectory stale (1364.7s > 2.0s) -- holding at last known position via gravity compensation.
[pinn_controller_node-1] [WARN] [1784856202.079487269] [pinn_franka_controller]: Trajectory stale (1365.7s > 2.0s) -- holding at last known position via gravity compensation.
[pinn_controller_node-1] [WARN] [1784856203.079679364] [pinn_franka_controller]: Trajectory stale (1366.7s > 2.0s) -- holding at last known position via gravity compensation.
[pinn_controller_node-1] [WARN] [1784856204.080314830] [pinn_franka_controller]: Trajectory stale (1367.7s > 2.0s) -- holding at last known position via gravity compensation.
[pinn_controller_node-1] [WARN] [1784856205.080370732] [pinn_franka_controller]: Trajectory stale (1368.7s > 2.0s) -- holding at last known position via gravity compensation.
[pinn_controller_node-1] [WARN] [1784856206.080512822] [pinn_franka_controller]: Trajectory stale (1369.7s > 2.0s) -- holding at last known position via gravity compensation.
[pinn_controller_node-1] [WARN] [1784856207.081354923] [pinn_franka_controller]: Trajectory stale (1370.7s > 2.0s) -- holding at last known position via gravity compensation.
[pinn_controller_node-1] [WARN] [1784856208.081698707] [pinn_franka_controller]: Trajectory stale (1371.7s > 2.0s) -- holding at last known position via gravity compensation.
[pinn_controller_node-1] [WARN] [1784856209.082338610] [pinn_franka_controller]: Trajectory stale (1372.7s > 2.0s) -- holding at last known position via gravity compensation.
[pinn_controller_node-1] [WARN] [1784856210.082454563] [pinn_franka_controller]: Trajectory stale (1373.7s > 2.0s) -- holding at last known position via gravity compensation.
[pinn_controller_node-1] [WARN] [1784856211.083380278] [pinn_franka_controller]: Trajectory stale (1374.7s > 2.0s) -- holding at last known position via gravity compensation.
[pinn_controller_node-1] [WARN] [1784856212.084334833] [pinn_franka_controller]: Trajectory stale (1375.7s > 2.0s) -- holding at last known position via gravity compensation.
[pinn_controller_node-1] [WARN] [1784856213.084625710] [pinn_franka_controller]: Trajectory stale (1376.7s > 2.0s) -- holding at last known position via gravity compensation.
[pinn_controller_node-1] [WARN] [1784856214.085729851] [pinn_franka_controller]: Trajectory stale (1377.7s > 2.0s) -- holding at last known position via gravity compensation.
[pinn_controller_node-1] [WARN] [1784856215.086421368] [pinn_franka_controller]: Trajectory stale (1378.7s > 2.0s) -- holding at last known position via gravity compensation.
[pinn_controller_node-1] [WARN] [1784856216.087409217] [pinn_franka_controller]: Trajectory stale (1379.7s > 2.0s) -- holding at last known position via gravity compensation.
[pinn_controller_node-1] [WARN] [1784856217.088313532] [pinn_franka_controller]: Trajectory stale (1380.7s > 2.0s) -- holding at last known position via gravity compensation.
[pinn_controller_node-1] [WARN] [1784856218.088578194] [pinn_franka_controller]: Trajectory stale (1381.7s > 2.0s) -- holding at last known position via gravity compensation.
[pinn_controller_node-1] [WARN] [1784856219.089380176] [pinn_franka_controller]: Trajectory stale (1382.7s > 2.0s) -- holding at last known position via gravity compensation.
[pinn_controller_node-1] [WARN] [1784856220.090409833] [pinn_franka_controller]: Trajectory stale (1383.7s > 2.0s) -- holding at last known position via gravity compensation.
[pinn_controller_node-1] [WARN] [1784856221.090421353] [pinn_franka_controller]: Trajectory stale (1384.7s > 2.0s) -- holding at last known position via gravity compensation.
[pinn_controller_node-1] [WARN] [1784856222.091361603] [pinn_franka_controller]: Trajectory stale (1385.7s > 2.0s) -- holding at last known position via gravity compensation.
[pinn_controller_node-1] [WARN] [1784856223.092348749] [pinn_franka_controller]: Trajectory stale (1386.7s > 2.0s) -- holding at last known position via gravity compensation.
[pinn_controller_node-1] [WARN] [1784856224.092438191] [pinn_franka_controller]: Trajectory stale (1387.7s > 2.0s) -- holding at last known position via gravity compensation.
[pinn_controller_node-1] [WARN] [1784856225.093409518] [pinn_franka_controller]: Trajectory stale (1388.7s > 2.0s) -- holding at last known position via gravity compensation.
[pinn_controller_node-1] [WARN] [1784856226.093491506] [pinn_franka_controller]: Trajectory stale (1389.7s > 2.0s) -- holding at last known position via gravity compensation.
[pinn_controller_node-1] [WARN] [1784856227.094367344] [pinn_franka_controller]: Trajectory stale (1390.7s > 2.0s) -- holding at last known position via gravity compensation.
[pinn_controller_node-1] [WARN] [1784856228.094372121] [pinn_franka_controller]: Trajectory stale (1391.7s > 2.0s) -- holding at last known position via gravity compensation.
[pinn_controller_node-1] [WARN] [1784856229.095386112] [pinn_franka_controller]: Trajectory stale (1392.7s > 2.0s) -- holding at last known position via gravity compensation.
[pinn_controller_node-1] [WARN] [1784856230.095387233] [pinn_franka_controller]: Trajectory stale (1393.7s > 2.0s) -- holding at last known position via gravity compensation.
[pinn_controller_node-1] [WARN] [1784856231.096333793] [pinn_franka_controller]: Trajectory stale (1394.7s > 2.0s) -- holding at last known position via gravity compensation.
[pinn_controller_node-1] [WARN] [1784856232.096435361] [pinn_franka_controller]: Trajectory stale (1395.7s > 2.0s) -- holding at last known position via gravity compensation.
[pinn_controller_node-1] [WARN] [1784856233.096484027] [pinn_franka_controller]: Trajectory stale (1396.7s > 2.0s) -- holding at last known position via gravity compensation.
[pinn_controller_node-1] [WARN] [1784856234.097396270] [pinn_franka_controller]: Trajectory stale (1397.7s > 2.0s) -- holding at last known position via gravity compensation.
[pinn_controller_node-1] [WARN] [1784856235.098117838] [pinn_franka_controller]: Trajectory stale (1398.7s > 2.0s) -- holding at last known position via gravity compensation.
[pinn_controller_node-1] [WARN] [1784856236.098375385] [pinn_franka_controller]: Trajectory stale (1399.7s > 2.0s) -- holding at last known position via gravity compensation.
[pinn_controller_node-1] [WARN] [1784856237.098389897] [pinn_franka_controller]: Trajectory stale (1400.7s > 2.0s) -- holding at last known position via gravity compensation.
[pinn_controller_node-1] [WARN] [1784856238.099352762] [pinn_franka_controller]: Trajectory stale (1401.7s > 2.0s) -- holding at last known position via gravity compensation.
[pinn_controller_node-1] [WARN] [1784856239.100341935] [pinn_franka_controller]: Trajectory stale (1402.7s > 2.0s) -- holding at last known position via gravity compensation.
[pinn_controller_node-1] [WARN] [1784856240.100406146] [pinn_franka_controller]: Trajectory stale (1403.7s > 2.0s) -- holding at last known position via gravity compensation.
[pinn_controller_node-1] [WARN] [1784856241.100437443] [pinn_franka_controller]: Trajectory stale (1404.7s > 2.0s) -- holding at last known position via gravity compensation.
[pinn_controller_node-1] [WARN] [1784856242.101381630] [pinn_franka_controller]: Trajectory stale (1405.7s > 2.0s) -- holding at last known position via gravity compensation.
[pinn_controller_node-1] [WARN] [1784856243.102358813] [pinn_franka_controller]: Trajectory stale (1406.7s > 2.0s) -- holding at last known position via gravity compensation.
[pinn_controller_node-1] [WARN] [1784856244.102636255] [pinn_franka_controller]: Trajectory stale (1407.7s > 2.0s) -- holding at last known position via gravity compensation.
[pinn_controller_node-1] [WARN] [1784856245.103456095] [pinn_franka_controller]: Trajectory stale (1408.7s > 2.0s) -- holding at last known position via gravity compensation.
[pinn_controller_node-1] [WARN] [1784856246.104339535] [pinn_franka_controller]: Trajectory stale (1409.7s > 2.0s) -- holding at last known position via gravity compensation.
[pinn_controller_node-1] [WARN] [1784856247.104365773] [pinn_franka_controller]: Trajectory stale (1410.7s > 2.0s) -- holding at last known position via gravity compensation.
[pinn_controller_node-1] [WARN] [1784856248.104365677] [pinn_franka_controller]: Trajectory stale (1411.7s > 2.0s) -- holding at last known position via gravity compensation.
[pinn_controller_node-1] [WARN] [1784856249.104716441] [pinn_franka_controller]: Trajectory stale (1412.7s > 2.0s) -- holding at last known position via gravity compensation.
[pinn_controller_node-1] [WARN] [1784856250.105734268] [pinn_franka_controller]: Trajectory stale (1413.7s > 2.0s) -- holding at last known position via gravity compensation.
[pinn_controller_node-1] [WARN] [1784856251.106472795] [pinn_franka_controller]: Trajectory stale (1414.7s > 2.0s) -- holding at last known position via gravity compensation.
[pinn_controller_node-1] [WARN] [1784856252.107395428] [pinn_franka_controller]: Trajectory stale (1415.7s > 2.0s) -- holding at last known position via gravity compensation.
[pinn_controller_node-1] [WARN] [1784856253.108361846] [pinn_franka_controller]: Trajectory stale (1416.7s > 2.0s) -- holding at last known position via gravity compensation.
[pinn_controller_node-1] [WARN] [1784856254.108389308] [pinn_franka_controller]: Trajectory stale (1417.7s > 2.0s) -- holding at last known position via gravity compensation.
[pinn_controller_node-1] [WARN] [1784856255.109363459] [pinn_franka_controller]: Trajectory stale (1418.7s > 2.0s) -- holding at last known position via gravity compensation.
[pinn_controller_node-1] [WARN] [1784856256.109397136] [pinn_franka_controller]: Trajectory stale (1419.7s > 2.0s) -- holding at last known position via gravity compensation.
[pinn_controller_node-1] [WARN] [1784856257.110362433] [pinn_franka_controller]: Trajectory stale (1420.8s > 2.0s) -- holding at last known position via gravity compensation.
[pinn_controller_node-1] [WARN] [1784856258.110824400] [pinn_franka_controller]: Trajectory stale (1421.8s > 2.0s) -- holding at last known position via gravity compensation.
[pinn_controller_node-1] [WARN] [1784856259.111442784] [pinn_franka_controller]: Trajectory stale (1422.8s > 2.0s) -- holding at last known position via gravity compensation.
[pinn_controller_node-1] [WARN] [1784856260.111621302] [pinn_franka_controller]: Trajectory stale (1423.8s > 2.0s) -- holding at last known position via gravity compensation.
[pinn_controller_node-1] [WARN] [1784856261.112384956] [pinn_franka_controller]: Trajectory stale (1424.8s > 2.0s) -- holding at last known position via gravity compensation.
[pinn_controller_node-1] [WARN] [1784856262.112490185] [pinn_franka_controller]: Trajectory stale (1425.8s > 2.0s) -- holding at last known position via gravity compensation.
[pinn_controller_node-1] [WARN] [1784856263.112629512] [pinn_franka_controller]: Trajectory stale (1426.8s > 2.0s) -- holding at last known position via gravity compensation.
[pinn_controller_node-1] [WARN] [1784856264.112703205] [pinn_franka_controller]: Trajectory stale (1427.8s > 2.0s) -- holding at last known position via gravity compensation.
[pinn_controller_node-1] [WARN] [1784856265.113345786] [pinn_franka_controller]: Trajectory stale (1428.8s > 2.0s) -- holding at last known position via gravity compensation.
[pinn_controller_node-1] [WARN] [1784856266.114342954] [pinn_franka_controller]: Trajectory stale (1429.8s > 2.0s) -- holding at last known position via gravity compensation.
[pinn_controller_node-1] [WARN] [1784856267.114421994] [pinn_franka_controller]: Trajectory stale (1430.8s > 2.0s) -- holding at last known position via gravity compensation.
[pinn_controller_node-1] [WARN] [1784856268.114670312] [pinn_franka_controller]: Trajectory stale (1431.8s > 2.0s) -- holding at last known position via gravity compensation.
[pinn_controller_node-1] [WARN] [1784856269.115387992] [pinn_franka_controller]: Trajectory stale (1432.8s > 2.0s) -- holding at last known position via gravity compensation.
[pinn_controller_node-1] [WARN] [1784856270.116354689] [pinn_franka_controller]: Trajectory stale (1433.8s > 2.0s) -- holding at last known position via gravity compensation.
[pinn_controller_node-1] [WARN] [1784856271.116581601] [pinn_franka_controller]: Trajectory stale (1434.8s > 2.0s) -- holding at last known position via gravity compensation.
[pinn_controller_node-1] [WARN] [1784856272.117475443] [pinn_franka_controller]: Trajectory stale (1435.8s > 2.0s) -- holding at last known position via gravity compensation.
[pinn_controller_node-1] [WARN] [1784856273.118477434] [pinn_franka_controller]: Trajectory stale (1436.8s > 2.0s) -- holding at last known position via gravity compensation.
[pinn_controller_node-1] [WARN] [1784856274.119312772] [pinn_franka_controller]: Trajectory stale (1437.8s > 2.0s) -- holding at last known position via gravity compensation.
[pinn_controller_node-1] [WARN] [1784856275.119424954] [pinn_franka_controller]: Trajectory stale (1438.8s > 2.0s) -- holding at last known position via gravity compensation.
[pinn_controller_node-1] [WARN] [1784856276.120389841] [pinn_franka_controller]: Trajectory stale (1439.8s > 2.0s) -- holding at last known position via gravity compensation.
[pinn_controller_node-1] [WARN] [1784856277.121305981] [pinn_franka_controller]: Trajectory stale (1440.8s > 2.0s) -- holding at last known position via gravity compensation.
[pinn_controller_node-1] [WARN] [1784856278.121801842] [pinn_franka_controller]: Trajectory stale (1441.8s > 2.0s) -- holding at last known position via gravity compensation.
[pinn_controller_node-1] [WARN] [1784856279.122512161] [pinn_franka_controller]: Trajectory stale (1442.8s > 2.0s) -- holding at last known position via gravity compensation.
[pinn_controller_node-1] [WARN] [1784856280.123365682] [pinn_franka_controller]: Trajectory stale (1443.8s > 2.0s) -- holding at last known position via gravity compensation.
[pinn_controller_node-1] [WARN] [1784856281.123421225] [pinn_franka_controller]: Trajectory stale (1444.8s > 2.0s) -- holding at last known position via gravity compensation.
[pinn_controller_node-1] [WARN] [1784856282.124363675] [pinn_franka_controller]: Trajectory stale (1445.8s > 2.0s) -- holding at last known position via gravity compensation.
[pinn_controller_node-1] [WARN] [1784856283.124413062] [pinn_franka_controller]: Trajectory stale (1446.8s > 2.0s) -- holding at last known position via gravity compensation.
[pinn_controller_node-1] [WARN] [1784856284.124613688] [pinn_franka_controller]: Trajectory stale (1447.8s > 2.0s) -- holding at last known position via gravity compensation.
[pinn_controller_node-1] [WARN] [1784856285.124710188] [pinn_franka_controller]: Trajectory stale (1448.8s > 2.0s) -- holding at last known position via gravity compensation.
[pinn_controller_node-1] [WARN] [1784856286.125532565] [pinn_franka_controller]: Trajectory stale (1449.8s > 2.0s) -- holding at last known position via gravity compensation.
[pinn_controller_node-1] [WARN] [1784856287.125791690] [pinn_franka_controller]: Trajectory stale (1450.8s > 2.0s) -- holding at last known position via gravity compensation.
[pinn_controller_node-1] [WARN] [1784856288.126372372] [pinn_franka_controller]: Trajectory stale (1451.8s > 2.0s) -- holding at last known position via gravity compensation.
[pinn_controller_node-1] [WARN] [1784856289.126403976] [pinn_franka_controller]: Trajectory stale (1452.8s > 2.0s) -- holding at last known position via gravity compensation.
[pinn_controller_node-1] [WARN] [1784856290.127318188] [pinn_franka_controller]: Trajectory stale (1453.8s > 2.0s) -- holding at last known position via gravity compensation.
[pinn_controller_node-1] [WARN] [1784856291.127410155] [pinn_franka_controller]: Trajectory stale (1454.8s > 2.0s) -- holding at last known position via gravity compensation.
[pinn_controller_node-1] [WARN] [1784856292.128309864] [pinn_franka_controller]: Trajectory stale (1455.8s > 2.0s) -- holding at last known position via gravity compensation.
[pinn_controller_node-1] [WARN] [1784856293.128324621] [pinn_franka_controller]: Trajectory stale (1456.8s > 2.0s) -- holding at last known position via gravity compensation.
[pinn_controller_node-1] [WARN] [1784856294.128347415] [pinn_franka_controller]: Trajectory stale (1457.8s > 2.0s) -- holding at last known position via gravity compensation.
[pinn_controller_node-1] [WARN] [1784856295.129464713] [pinn_franka_controller]: Trajectory stale (1458.8s > 2.0s) -- holding at last known position via gravity compensation.
[pinn_controller_node-1] [WARN] [1784856296.130368292] [pinn_franka_controller]: Trajectory stale (1459.8s > 2.0s) -- holding at last known position via gravity compensation.
[pinn_controller_node-1] [WARN] [1784856297.130842555] [pinn_franka_controller]: Trajectory stale (1460.8s > 2.0s) -- holding at last known position via gravity compensation.
[pinn_controller_node-1] [WARN] [1784856298.131355261] [pinn_franka_controller]: Trajectory stale (1461.8s > 2.0s) -- holding at last known position via gravity compensation.
[pinn_controller_node-1] [WARN] [1784856299.131364559] [pinn_franka_controller]: Trajectory stale (1462.8s > 2.0s) -- holding at last known position via gravity compensation.
[pinn_controller_node-1] [WARN] [1784856300.132587646] [pinn_franka_controller]: Trajectory stale (1463.8s > 2.0s) -- holding at last known position via gravity compensation.
[pinn_controller_node-1] [WARN] [1784856301.132664180] [pinn_franka_controller]: Trajectory stale (1464.8s > 2.0s) -- holding at last known position via gravity compensation.
[pinn_controller_node-1] [WARN] [1784856302.132813637] [pinn_franka_controller]: Trajectory stale (1465.8s > 2.0s) -- holding at last known position via gravity compensation.
[pinn_controller_node-1] [WARN] [1784856303.133419029] [pinn_franka_controller]: Trajectory stale (1466.8s > 2.0s) -- holding at last known position via gravity compensation.
[pinn_controller_node-1] [WARN] [1784856304.133604382] [pinn_franka_controller]: Trajectory stale (1467.8s > 2.0s) -- holding at last known position via gravity compensation.
[pinn_controller_node-1] [WARN] [1784856305.134496289] [pinn_franka_controller]: Trajectory stale (1468.8s > 2.0s) -- holding at last known position via gravity compensation.
[pinn_controller_node-1] [WARN] [1784856306.135347541] [pinn_franka_controller]: Trajectory stale (1469.8s > 2.0s) -- holding at last known position via gravity compensation.
[pinn_controller_node-1] [WARN] [1784856307.135665763] [pinn_franka_controller]: Trajectory stale (1470.8s > 2.0s) -- holding at last known position via gravity compensation.
[pinn_controller_node-1] [WARN] [1784856308.136710523] [pinn_franka_controller]: Trajectory stale (1471.8s > 2.0s) -- holding at last known position via gravity compensation.
[pinn_controller_node-1] [WARN] [1784856309.138040926] [pinn_franka_controller]: Trajectory stale (1472.8s > 2.0s) -- holding at last known position via gravity compensation.
[pinn_controller_node-1] [WARN] [1784856310.138354091] [pinn_franka_controller]: Trajectory stale (1473.8s > 2.0s) -- holding at last known position via gravity compensation.
[pinn_controller_node-1] [WARN] [1784856311.139330536] [pinn_franka_controller]: Trajectory stale (1474.8s > 2.0s) -- holding at last known position via gravity compensation.
[pinn_controller_node-1] [WARN] [1784856312.139338883] [pinn_franka_controller]: Trajectory stale (1475.8s > 2.0s) -- holding at last known position via gravity compensation.
[pinn_controller_node-1] [WARN] [1784856313.139849334] [pinn_franka_controller]: Trajectory stale (1476.8s > 2.0s) -- holding at last known position via gravity compensation.
[pinn_controller_node-1] [WARN] [1784856314.140310800] [pinn_franka_controller]: Trajectory stale (1477.8s > 2.0s) -- holding at last known position via gravity compensation.
[pinn_controller_node-1] [WARN] [1784856315.140623395] [pinn_franka_controller]: Trajectory stale (1478.8s > 2.0s) -- holding at last known position via gravity compensation.
[pinn_controller_node-1] [WARN] [1784856316.141279376] [pinn_franka_controller]: Trajectory stale (1479.8s > 2.0s) -- holding at last known position via gravity compensation.
[pinn_controller_node-1] [WARN] [1784856317.142137511] [pinn_franka_controller]: Trajectory stale (1480.8s > 2.0s) -- holding at last known position via gravity compensation.
[pinn_controller_node-1] [WARN] [1784856318.142435784] [pinn_franka_controller]: Trajectory stale (1481.8s > 2.0s) -- holding at last known position via gravity compensation.
[pinn_controller_node-1] [WARN] [1784856319.143380966] [pinn_franka_controller]: Trajectory stale (1482.8s > 2.0s) -- holding at last known position via gravity compensation.
[pinn_controller_node-1] [WARN] [1784856320.143864713] [pinn_franka_controller]: Trajectory stale (1483.8s > 2.0s) -- holding at last known position via gravity compensation.
[pinn_controller_node-1] [WARN] [1784856321.144005860] [pinn_franka_controller]: Trajectory stale (1484.8s > 2.0s) -- holding at last known position via gravity compensation.
[pinn_controller_node-1] [WARN] [1784856322.144367406] [pinn_franka_controller]: Trajectory stale (1485.8s > 2.0s) -- holding at last known position via gravity compensation.
[pinn_controller_node-1] [WARN] [1784856323.145327179] [pinn_franka_controller]: Trajectory stale (1486.8s > 2.0s) -- holding at last known position via gravity compensation.
[pinn_controller_node-1] [WARN] [1784856324.145425473] [pinn_franka_controller]: Trajectory stale (1487.8s > 2.0s) -- holding at last known position via gravity compensation.
[pinn_controller_node-1] [WARN] [1784856325.146343877] [pinn_franka_controller]: Trajectory stale (1488.8s > 2.0s) -- holding at last known position via gravity compensation.
[pinn_controller_node-1] [WARN] [1784856326.146805756] [pinn_franka_controller]: Trajectory stale (1489.8s > 2.0s) -- holding at last known position via gravity compensation.
[pinn_controller_node-1] [WARN] [1784856327.147365003] [pinn_franka_controller]: Trajectory stale (1490.8s > 2.0s) -- holding at last known position via gravity compensation.
[pinn_controller_node-1] [WARN] [1784856328.148042816] [pinn_franka_controller]: Trajectory stale (1491.8s > 2.0s) -- holding at last known position via gravity compensation.
[pinn_controller_node-1] [WARN] [1784856329.148390182] [pinn_franka_controller]: Trajectory stale (1492.8s > 2.0s) -- holding at last known position via gravity compensation.
[pinn_controller_node-1] [WARN] [1784856330.149304354] [pinn_franka_controller]: Trajectory stale (1493.8s > 2.0s) -- holding at last known position via gravity compensation.
[pinn_controller_node-1] [WARN] [1784856331.149467165] [pinn_franka_controller]: Trajectory stale (1494.8s > 2.0s) -- holding at last known position via gravity compensation.
[pinn_controller_node-1] [WARN] [1784856332.150372824] [pinn_franka_controller]: Trajectory stale (1495.8s > 2.0s) -- holding at last known position via gravity compensation.
[pinn_controller_node-1] [WARN] [1784856333.151307551] [pinn_franka_controller]: Trajectory stale (1496.8s > 2.0s) -- holding at last known position via gravity compensation.
[pinn_controller_node-1] [WARN] [1784856334.151408092] [pinn_franka_controller]: Trajectory stale (1497.8s > 2.0s) -- holding at last known position via gravity compensation.
[pinn_controller_node-1] [WARN] [1784856335.152357967] [pinn_franka_controller]: Trajectory stale (1498.8s > 2.0s) -- holding at last known position via gravity compensation.
[pinn_controller_node-1] [WARN] [1784856336.152391463] [pinn_franka_controller]: Trajectory stale (1499.8s > 2.0s) -- holding at last known position via gravity compensation.
[pinn_controller_node-1] [WARN] [1784856337.152441768] [pinn_franka_controller]: Trajectory stale (1500.8s > 2.0s) -- holding at last known position via gravity compensation.
[pinn_controller_node-1] [WARN] [1784856338.153416992] [pinn_franka_controller]: Trajectory stale (1501.8s > 2.0s) -- holding at last known position via gravity compensation.
[pinn_controller_node-1] [WARN] [1784856339.155321481] [pinn_franka_controller]: Trajectory stale (1502.8s > 2.0s) -- holding at last known position via gravity compensation.
[pinn_controller_node-1] [WARN] [1784856340.155357698] [pinn_franka_controller]: Trajectory stale (1503.8s > 2.0s) -- holding at last known position via gravity compensation.
[pinn_controller_node-1] [WARN] [1784856341.155451392] [pinn_franka_controller]: Trajectory stale (1504.8s > 2.0s) -- holding at last known position via gravity compensation.
[pinn_controller_node-1] [WARN] [1784856342.155485939] [pinn_franka_controller]: Trajectory stale (1505.8s > 2.0s) -- holding at last known position via gravity compensation.
[pinn_controller_node-1] [WARN] [1784856343.156317011] [pinn_franka_controller]: Trajectory stale (1506.8s > 2.0s) -- holding at last known position via gravity compensation.
[pinn_controller_node-1] [WARN] [1784856344.156393570] [pinn_franka_controller]: Trajectory stale (1507.8s > 2.0s) -- holding at last known position via gravity compensation.
[pinn_controller_node-1] [WARN] [1784856345.157413816] [pinn_franka_controller]: Trajectory stale (1508.8s > 2.0s) -- holding at last known position via gravity compensation.
[pinn_controller_node-1] [WARN] [1784856346.157416131] [pinn_franka_controller]: Trajectory stale (1509.8s > 2.0s) -- holding at last known position via gravity compensation.
[pinn_controller_node-1] [WARN] [1784856347.158338455] [pinn_franka_controller]: Trajectory stale (1510.8s > 2.0s) -- holding at last known position via gravity compensation.
[pinn_controller_node-1] [WARN] [1784856348.158499444] [pinn_franka_controller]: Trajectory stale (1511.8s > 2.0s) -- holding at last known position via gravity compensation.
[pinn_controller_node-1] [WARN] [1784856349.159421356] [pinn_franka_controller]: Trajectory stale (1512.8s > 2.0s) -- holding at last known position via gravity compensation.
[pinn_controller_node-1] [WARN] [1784856350.160395296] [pinn_franka_controller]: Trajectory stale (1513.8s > 2.0s) -- holding at last known position via gravity compensation.
[pinn_controller_node-1] [WARN] [1784856351.160486114] [pinn_franka_controller]: Trajectory stale (1514.8s > 2.0s) -- holding at last known position via gravity compensation.
[pinn_controller_node-1] [WARN] [1784856352.161556356] [pinn_franka_controller]: Trajectory stale (1515.8s > 2.0s) -- holding at last known position via gravity compensation.
[pinn_controller_node-1] [WARN] [1784856353.162325657] [pinn_franka_controller]: Trajectory stale (1516.8s > 2.0s) -- holding at last known position via gravity compensation.
[pinn_controller_node-1] [WARN] [1784856354.162420325] [pinn_franka_controller]: Trajectory stale (1517.8s > 2.0s) -- holding at last known position via gravity compensation.
[pinn_controller_node-1] [WARN] [1784856355.163325098] [pinn_franka_controller]: Trajectory stale (1518.8s > 2.0s) -- holding at last known position via gravity compensation.
[pinn_controller_node-1] [WARN] [1784856356.163348489] [pinn_franka_controller]: Trajectory stale (1519.8s > 2.0s) -- holding at last known position via gravity compensation.
[pinn_controller_node-1] [WARN] [1784856357.163865108] [pinn_franka_controller]: Trajectory stale (1520.8s > 2.0s) -- holding at last known position via gravity compensation.
[pinn_controller_node-1] [WARN] [1784856358.164755270] [pinn_franka_controller]: Trajectory stale (1521.8s > 2.0s) -- holding at last known position via gravity compensation.
[pinn_controller_node-1] [WARN] [1784856359.165523098] [pinn_franka_controller]: Trajectory stale (1522.8s > 2.0s) -- holding at last known position via gravity compensation.
[pinn_controller_node-1] [WARN] [1784856360.166151557] [pinn_franka_controller]: Trajectory stale (1523.8s > 2.0s) -- holding at last known position via gravity compensation.
[pinn_controller_node-1] [WARN] [1784856361.166346148] [pinn_franka_controller]: Trajectory stale (1524.8s > 2.0s) -- holding at last known position via gravity compensation.
[pinn_controller_node-1] [WARN] [1784856362.166649975] [pinn_franka_controller]: Trajectory stale (1525.8s > 2.0s) -- holding at last known position via gravity compensation.
[pinn_controller_node-1] [WARN] [1784856363.167536538] [pinn_franka_controller]: Trajectory stale (1526.8s > 2.0s) -- holding at last known position via gravity compensation.
[pinn_controller_node-1] [WARN] [1784856364.167886611] [pinn_franka_controller]: Trajectory stale (1527.8s > 2.0s) -- holding at last known position via gravity compensation.
[pinn_controller_node-1] [WARN] [1784856365.168378581] [pinn_franka_controller]: Trajectory stale (1528.8s > 2.0s) -- holding at last known position via gravity compensation.
[pinn_controller_node-1] [WARN] [1784856366.169405094] [pinn_franka_controller]: Trajectory stale (1529.8s > 2.0s) -- holding at last known position via gravity compensation.
[pinn_controller_node-1] [WARN] [1784856367.170368537] [pinn_franka_controller]: Trajectory stale (1530.8s > 2.0s) -- holding at last known position via gravity compensation.
[pinn_controller_node-1] [WARN] [1784856368.171396349] [pinn_franka_controller]: Trajectory stale (1531.8s > 2.0s) -- holding at last known position via gravity compensation.
[pinn_controller_node-1] [WARN] [1784856369.171587080] [pinn_franka_controller]: Trajectory stale (1532.8s > 2.0s) -- holding at last known position via gravity compensation.
[pinn_controller_node-1] [WARN] [1784856370.172449542] [pinn_franka_controller]: Trajectory stale (1533.8s > 2.0s) -- holding at last known position via gravity compensation.
[pinn_controller_node-1] [WARN] [1784856371.172741920] [pinn_franka_controller]: Trajectory stale (1534.8s > 2.0s) -- holding at last known position via gravity compensation.
[pinn_controller_node-1] [WARN] [1784856372.173341055] [pinn_franka_controller]: Trajectory stale (1535.8s > 2.0s) -- holding at last known position via gravity compensation.
[pinn_controller_node-1] [WARN] [1784856373.173351609] [pinn_franka_controller]: Trajectory stale (1536.8s > 2.0s) -- holding at last known position via gravity compensation.
[pinn_controller_node-1] [WARN] [1784856374.174274264] [pinn_franka_controller]: Trajectory stale (1537.8s > 2.0s) -- holding at last known position via gravity compensation.
[pinn_controller_node-1] [WARN] [1784856375.174344134] [pinn_franka_controller]: Trajectory stale (1538.8s > 2.0s) -- holding at last known position via gravity compensation.
[pinn_controller_node-1] [WARN] [1784856376.175265693] [pinn_franka_controller]: Trajectory stale (1539.8s > 2.0s) -- holding at last known position via gravity compensation.
[pinn_controller_node-1] [WARN] [1784856377.175366481] [pinn_franka_controller]: Trajectory stale (1540.8s > 2.0s) -- holding at last known position via gravity compensation.
[pinn_controller_node-1] [WARN] [1784856378.176273441] [pinn_franka_controller]: Trajectory stale (1541.8s > 2.0s) -- holding at last known position via gravity compensation.
[pinn_controller_node-1] [WARN] [1784856379.176360904] [pinn_franka_controller]: Trajectory stale (1542.8s > 2.0s) -- holding at last known position via gravity compensation.
[pinn_controller_node-1] [WARN] [1784856380.176363092] [pinn_franka_controller]: Trajectory stale (1543.8s > 2.0s) -- holding at last known position via gravity compensation.
[pinn_controller_node-1] [WARN] [1784856381.176610244] [pinn_franka_controller]: Trajectory stale (1544.8s > 2.0s) -- holding at last known position via gravity compensation.
[pinn_controller_node-1] [WARN] [1784856382.177631907] [pinn_franka_controller]: Trajectory stale (1545.8s > 2.0s) -- holding at last known position via gravity compensation.
[pinn_controller_node-1] [WARN] [1784856383.178437288] [pinn_franka_controller]: Trajectory stale (1546.8s > 2.0s) -- holding at last known position via gravity compensation.
[pinn_controller_node-1] [WARN] [1784856384.179319915] [pinn_franka_controller]: Trajectory stale (1547.8s > 2.0s) -- holding at last known position via gravity compensation.
[pinn_controller_node-1] [WARN] [1784856385.179377558] [pinn_franka_controller]: Trajectory stale (1548.8s > 2.0s) -- holding at last known position via gravity compensation.
[pinn_controller_node-1] [WARN] [1784856386.180333770] [pinn_franka_controller]: Trajectory stale (1549.8s > 2.0s) -- holding at last known position via gravity compensation.
[pinn_controller_node-1] [WARN] [1784856387.181320790] [pinn_franka_controller]: Trajectory stale (1550.8s > 2.0s) -- holding at last known position via gravity compensation.
[pinn_controller_node-1] [WARN] [1784856388.182695401] [pinn_franka_controller]: Trajectory stale (1551.8s > 2.0s) -- holding at last known position via gravity compensation.
[pinn_controller_node-1] [WARN] [1784856389.183373897] [pinn_franka_controller]: Trajectory stale (1552.8s > 2.0s) -- holding at last known position via gravity compensation.
[pinn_controller_node-1] [WARN] [1784856390.183381424] [pinn_franka_controller]: Trajectory stale (1553.8s > 2.0s) -- holding at last known position via gravity compensation.
[pinn_controller_node-1] [WARN] [1784856391.183447077] [pinn_franka_controller]: Trajectory stale (1554.8s > 2.0s) -- holding at last known position via gravity compensation.
[pinn_controller_node-1] [WARN] [1784856392.183888344] [pinn_franka_controller]: Trajectory stale (1555.8s > 2.0s) -- holding at last known position via gravity compensation.
[pinn_controller_node-1] [WARN] [1784856393.184394188] [pinn_franka_controller]: Trajectory stale (1556.8s > 2.0s) -- holding at last known position via gravity compensation.
[pinn_controller_node-1] [WARN] [1784856394.184664786] [pinn_franka_controller]: Trajectory stale (1557.8s > 2.0s) -- holding at last known position via gravity compensation.
[pinn_controller_node-1] [WARN] [1784856395.185366616] [pinn_franka_controller]: Trajectory stale (1558.8s > 2.0s) -- holding at last known position via gravity compensation.
[pinn_controller_node-1] [WARN] [1784856396.186347470] [pinn_franka_controller]: Trajectory stale (1559.8s > 2.0s) -- holding at last known position via gravity compensation.
[pinn_controller_node-1] [WARN] [1784856397.186453120] [pinn_franka_controller]: Trajectory stale (1560.8s > 2.0s) -- holding at last known position via gravity compensation.
[pinn_controller_node-1] [WARN] [1784856398.187397026] [pinn_franka_controller]: Trajectory stale (1561.8s > 2.0s) -- holding at last known position via gravity compensation.
[pinn_controller_node-1] [WARN] [1784856399.187474191] [pinn_franka_controller]: Trajectory stale (1562.8s > 2.0s) -- holding at last known position via gravity compensation.
[pinn_controller_node-1] [WARN] [1784856400.188421362] [pinn_franka_controller]: Trajectory stale (1563.8s > 2.0s) -- holding at last known position via gravity compensation.
[pinn_controller_node-1] [WARN] [1784856401.188646609] [pinn_franka_controller]: Trajectory stale (1564.8s > 2.0s) -- holding at last known position via gravity compensation.
[pinn_controller_node-1] [WARN] [1784856402.189356725] [pinn_franka_controller]: Trajectory stale (1565.8s > 2.0s) -- holding at last known position via gravity compensation.
[pinn_controller_node-1] [WARN] [1784856403.189488846] [pinn_franka_controller]: Trajectory stale (1566.8s > 2.0s) -- holding at last known position via gravity compensation.
[pinn_controller_node-1] [WARN] [1784856404.190342913] [pinn_franka_controller]: Trajectory stale (1567.8s > 2.0s) -- holding at last known position via gravity compensation.
[pinn_controller_node-1] [WARN] [1784856405.190356991] [pinn_franka_controller]: Trajectory stale (1568.8s > 2.0s) -- holding at last known position via gravity compensation.
[pinn_controller_node-1] [WARN] [1784856406.191349569] [pinn_franka_controller]: Trajectory stale (1569.8s > 2.0s) -- holding at last known position via gravity compensation.
[pinn_controller_node-1] [WARN] [1784856407.191829655] [pinn_franka_controller]: Trajectory stale (1570.8s > 2.0s) -- holding at last known position via gravity compensation.
[pinn_controller_node-1] [WARN] [1784856408.192457216] [pinn_franka_controller]: Trajectory stale (1571.8s > 2.0s) -- holding at last known position via gravity compensation.
[pinn_controller_node-1] [WARN] [1784856409.192517809] [pinn_franka_controller]: Trajectory stale (1572.8s > 2.0s) -- holding at last known position via gravity compensation.
[pinn_controller_node-1] [WARN] [1784856410.193355797] [pinn_franka_controller]: Trajectory stale (1573.8s > 2.0s) -- holding at last known position via gravity compensation.
[pinn_controller_node-1] [WARN] [1784856411.193369028] [pinn_franka_controller]: Trajectory stale (1574.8s > 2.0s) -- holding at last known position via gravity compensation.
[pinn_controller_node-1] [WARN] [1784856412.194306921] [pinn_franka_controller]: Trajectory stale (1575.8s > 2.0s) -- holding at last known position via gravity compensation.
[pinn_controller_node-1] [WARN] [1784856413.194353287] [pinn_franka_controller]: Trajectory stale (1576.8s > 2.0s) -- holding at last known position via gravity compensation.
[pinn_controller_node-1] [WARN] [1784856414.195344380] [pinn_franka_controller]: Trajectory stale (1577.8s > 2.0s) -- holding at last known position via gravity compensation.
[pinn_controller_node-1] [WARN] [1784856415.195695360] [pinn_franka_controller]: Trajectory stale (1578.8s > 2.0s) -- holding at last known position via gravity compensation.
[pinn_controller_node-1] [WARN] [1784856416.195826395] [pinn_franka_controller]: Trajectory stale (1579.8s > 2.0s) -- holding at last known position via gravity compensation.
[pinn_controller_node-1] [WARN] [1784856417.196260654] [pinn_franka_controller]: Trajectory stale (1580.8s > 2.0s) -- holding at last known position via gravity compensation.
[pinn_controller_node-1] [WARN] [1784856418.196418385] [pinn_franka_controller]: Trajectory stale (1581.8s > 2.0s) -- holding at last known position via gravity compensation.
[pinn_controller_node-1] [WARN] [1784856419.196451428] [pinn_franka_controller]: Trajectory stale (1582.8s > 2.0s) -- holding at last known position via gravity compensation.
[pinn_controller_node-1] [WARN] [1784856420.196642435] [pinn_franka_controller]: Trajectory stale (1583.8s > 2.0s) -- holding at last known position via gravity compensation.
[pinn_controller_node-1] [WARN] [1784856421.197385816] [pinn_franka_controller]: Trajectory stale (1584.8s > 2.0s) -- holding at last known position via gravity compensation.
[pinn_controller_node-1] [WARN] [1784856422.198402982] [pinn_franka_controller]: Trajectory stale (1585.8s > 2.0s) -- holding at last known position via gravity compensation.
[pinn_controller_node-1] [WARN] [1784856423.199356166] [pinn_franka_controller]: Trajectory stale (1586.8s > 2.0s) -- holding at last known position via gravity compensation.
[pinn_controller_node-1] [WARN] [1784856424.199595124] [pinn_franka_controller]: Trajectory stale (1587.8s > 2.0s) -- holding at last known position via gravity compensation.
[pinn_controller_node-1] [WARN] [1784856425.200434208] [pinn_franka_controller]: Trajectory stale (1588.8s > 2.0s) -- holding at last known position via gravity compensation.
[pinn_controller_node-1] [WARN] [1784856426.200491036] [pinn_franka_controller]: Trajectory stale (1589.8s > 2.0s) -- holding at last known position via gravity compensation.
[pinn_controller_node-1] [WARN] [1784856427.201685091] [pinn_franka_controller]: Trajectory stale (1590.8s > 2.0s) -- holding at last known position via gravity compensation.
[pinn_controller_node-1] [WARN] [1784856428.201745037] [pinn_franka_controller]: Trajectory stale (1591.8s > 2.0s) -- holding at last known position via gravity compensation.
[pinn_controller_node-1] [WARN] [1784856429.202438559] [pinn_franka_controller]: Trajectory stale (1592.8s > 2.0s) -- holding at last known position via gravity compensation.
[pinn_controller_node-1] [WARN] [1784856430.202522805] [pinn_franka_controller]: Trajectory stale (1593.8s > 2.0s) -- holding at last known position via gravity compensation.
[pinn_controller_node-1] [WARN] [1784856431.203621921] [pinn_franka_controller]: Trajectory stale (1594.8s > 2.0s) -- holding at last known position via gravity compensation.
[pinn_controller_node-1] [WARN] [1784856432.203633419] [pinn_franka_controller]: Trajectory stale (1595.8s > 2.0s) -- holding at last known position via gravity compensation.
[pinn_controller_node-1] [WARN] [1784856433.204755730] [pinn_franka_controller]: Trajectory stale (1596.8s > 2.0s) -- holding at last known position via gravity compensation.
[pinn_controller_node-1] [WARN] [1784856434.205542878] [pinn_franka_controller]: Trajectory stale (1597.8s > 2.0s) -- holding at last known position via gravity compensation.
[pinn_controller_node-1] [WARN] [1784856435.206779519] [pinn_franka_controller]: Trajectory stale (1598.8s > 2.0s) -- holding at last known position via gravity compensation.
[pinn_controller_node-1] [WARN] [1784856436.207345232] [pinn_franka_controller]: Trajectory stale (1599.8s > 2.0s) -- holding at last known position via gravity compensation.
[pinn_controller_node-1] [WARN] [1784856437.207485349] [pinn_franka_controller]: Trajectory stale (1600.8s > 2.0s) -- holding at last known position via gravity compensation.
[pinn_controller_node-1] [WARN] [1784856438.208464398] [pinn_franka_controller]: Trajectory stale (1601.8s > 2.0s) -- holding at last known position via gravity compensation.
[pinn_controller_node-1] [WARN] [1784856439.209464121] [pinn_franka_controller]: Trajectory stale (1602.8s > 2.0s) -- holding at last known position via gravity compensation.
[pinn_controller_node-1] [WARN] [1784856440.210344916] [pinn_franka_controller]: Trajectory stale (1603.9s > 2.0s) -- holding at last known position via gravity compensation.
[pinn_controller_node-1] [WARN] [1784856441.210470004] [pinn_franka_controller]: Trajectory stale (1604.9s > 2.0s) -- holding at last known position via gravity compensation.
[pinn_controller_node-1] [WARN] [1784856442.210644519] [pinn_franka_controller]: Trajectory stale (1605.9s > 2.0s) -- holding at last known position via gravity compensation.
[pinn_controller_node-1] [WARN] [1784856443.211397071] [pinn_franka_controller]: Trajectory stale (1606.9s > 2.0s) -- holding at last known position via gravity compensation.
[pinn_controller_node-1] [WARN] [1784856444.211468938] [pinn_franka_controller]: Trajectory stale (1607.9s > 2.0s) -- holding at last known position via gravity compensation.
[pinn_controller_node-1] [WARN] [1784856445.211725086] [pinn_franka_controller]: Trajectory stale (1608.9s > 2.0s) -- holding at last known position via gravity compensation.
[pinn_controller_node-1] [WARN] [1784856446.212394633] [pinn_franka_controller]: Trajectory stale (1609.9s > 2.0s) -- holding at last known position via gravity compensation.
[pinn_controller_node-1] [WARN] [1784856447.213183079] [pinn_franka_controller]: Trajectory stale (1610.9s > 2.0s) -- holding at last known position via gravity compensation.
[pinn_controller_node-1] [WARN] [1784856448.213423164] [pinn_franka_controller]: Trajectory stale (1611.9s > 2.0s) -- holding at last known position via gravity compensation.
[pinn_controller_node-1] [WARN] [1784856449.213479668] [pinn_franka_controller]: Trajectory stale (1612.9s > 2.0s) -- holding at last known position via gravity compensation.
[pinn_controller_node-1] [WARN] [1784856450.214371396] [pinn_franka_controller]: Trajectory stale (1613.9s > 2.0s) -- holding at last known position via gravity compensation.
[pinn_controller_node-1] [WARN] [1784856451.215374870] [pinn_franka_controller]: Trajectory stale (1614.9s > 2.0s) -- holding at last known position via gravity compensation.
[pinn_controller_node-1] [WARN] [1784856452.215543644] [pinn_franka_controller]: Trajectory stale (1615.9s > 2.0s) -- holding at last known position via gravity compensation.
[pinn_controller_node-1] [WARN] [1784856453.216350233] [pinn_franka_controller]: Trajectory stale (1616.9s > 2.0s) -- holding at last known position via gravity compensation.
[pinn_controller_node-1] [WARN] [1784856454.217348305] [pinn_franka_controller]: Trajectory stale (1617.9s > 2.0s) -- holding at last known position via gravity compensation.
[pinn_controller_node-1] [WARN] [1784856455.217405799] [pinn_franka_controller]: Trajectory stale (1618.9s > 2.0s) -- holding at last known position via gravity compensation.
[pinn_controller_node-1] [WARN] [1784856456.217592981] [pinn_franka_controller]: Trajectory stale (1619.9s > 2.0s) -- holding at last known position via gravity compensation.
[pinn_controller_node-1] [WARN] [1784856457.218406158] [pinn_franka_controller]: Trajectory stale (1620.9s > 2.0s) -- holding at last known position via gravity compensation.
[pinn_controller_node-1] [WARN] [1784856458.219422815] [pinn_franka_controller]: Trajectory stale (1621.9s > 2.0s) -- holding at last known position via gravity compensation.
[pinn_controller_node-1] [WARN] [1784856459.219942878] [pinn_franka_controller]: Trajectory stale (1622.9s > 2.0s) -- holding at last known position via gravity compensation.
[pinn_controller_node-1] [WARN] [1784856460.220387791] [pinn_franka_controller]: Trajectory stale (1623.9s > 2.0s) -- holding at last known position via gravity compensation.
[pinn_controller_node-1] [WARN] [1784856461.220416299] [pinn_franka_controller]: Trajectory stale (1624.9s > 2.0s) -- holding at last known position via gravity compensation.
[pinn_controller_node-1] [WARN] [1784856462.220581344] [pinn_franka_controller]: Trajectory stale (1625.9s > 2.0s) -- holding at last known position via gravity compensation.
[pinn_controller_node-1] [WARN] [1784856463.220594785] [pinn_franka_controller]: Trajectory stale (1626.9s > 2.0s) -- holding at last known position via gravity compensation.
[pinn_controller_node-1] [WARN] [1784856464.221438926] [pinn_franka_controller]: Trajectory stale (1627.9s > 2.0s) -- holding at last known position via gravity compensation.
[pinn_controller_node-1] [WARN] [1784856465.221662380] [pinn_franka_controller]: Trajectory stale (1628.9s > 2.0s) -- holding at last known position via gravity compensation.
[pinn_controller_node-1] [WARN] [1784856466.222337903] [pinn_franka_controller]: Trajectory stale (1629.9s > 2.0s) -- holding at last known position via gravity compensation.
[pinn_controller_node-1] [WARN] [1784856467.222640262] [pinn_franka_controller]: Trajectory stale (1630.9s > 2.0s) -- holding at last known position via gravity compensation.
[pinn_controller_node-1] [WARN] [1784856468.222732657] [pinn_franka_controller]: Trajectory stale (1631.9s > 2.0s) -- holding at last known position via gravity compensation.
[pinn_controller_node-1] [WARN] [1784856469.222884315] [pinn_franka_controller]: Trajectory stale (1632.9s > 2.0s) -- holding at last known position via gravity compensation.
[pinn_controller_node-1] [WARN] [1784856470.223586058] [pinn_franka_controller]: Trajectory stale (1633.9s > 2.0s) -- holding at last known position via gravity compensation.
[pinn_controller_node-1] [WARN] [1784856471.224476697] [pinn_franka_controller]: Trajectory stale (1634.9s > 2.0s) -- holding at last known position via gravity compensation.
[pinn_controller_node-1] [WARN] [1784856472.224982420] [pinn_franka_controller]: Trajectory stale (1635.9s > 2.0s) -- holding at last known position via gravity compensation.
[pinn_controller_node-1] [WARN] [1784856473.225453149] [pinn_franka_controller]: Trajectory stale (1636.9s > 2.0s) -- holding at last known position via gravity compensation.
[pinn_controller_node-1] [WARN] [1784856474.225882852] [pinn_franka_controller]: Trajectory stale (1637.9s > 2.0s) -- holding at last known position via gravity compensation.
[pinn_controller_node-1] [WARN] [1784856475.226458636] [pinn_franka_controller]: Trajectory stale (1638.9s > 2.0s) -- holding at last known position via gravity compensation.
[pinn_controller_node-1] [WARN] [1784856476.227384224] [pinn_franka_controller]: Trajectory stale (1639.9s > 2.0s) -- holding at last known position via gravity compensation.
[pinn_controller_node-1] [WARN] [1784856477.227554102] [pinn_franka_controller]: Trajectory stale (1640.9s > 2.0s) -- holding at last known position via gravity compensation.
[pinn_controller_node-1] [WARN] [1784856478.228386220] [pinn_franka_controller]: Trajectory stale (1641.9s > 2.0s) -- holding at last known position via gravity compensation.
[pinn_controller_node-1] [WARN] [1784856479.228445579] [pinn_franka_controller]: Trajectory stale (1642.9s > 2.0s) -- holding at last known position via gravity compensation.
[pinn_controller_node-1] [WARN] [1784856480.228508605] [pinn_franka_controller]: Trajectory stale (1643.9s > 2.0s) -- holding at last known position via gravity compensation.
[pinn_controller_node-1] [WARN] [1784856481.228758743] [pinn_franka_controller]: Trajectory stale (1644.9s > 2.0s) -- holding at last known position via gravity compensation.
[pinn_controller_node-1] [WARN] [1784856482.228936231] [pinn_franka_controller]: Trajectory stale (1645.9s > 2.0s) -- holding at last known position via gravity compensation.
[pinn_controller_node-1] [WARN] [1784856483.229874607] [pinn_franka_controller]: Trajectory stale (1646.9s > 2.0s) -- holding at last known position via gravity compensation.
[pinn_controller_node-1] [WARN] [1784856484.230395265] [pinn_franka_controller]: Trajectory stale (1647.9s > 2.0s) -- holding at last known position via gravity compensation.
[pinn_controller_node-1] [WARN] [1784856485.231152083] [pinn_franka_controller]: Trajectory stale (1648.9s > 2.0s) -- holding at last known position via gravity compensation.
[pinn_controller_node-1] [WARN] [1784856486.231356766] [pinn_franka_controller]: Trajectory stale (1649.9s > 2.0s) -- holding at last known position via gravity compensation.
[pinn_controller_node-1] [WARN] [1784856487.231535248] [pinn_franka_controller]: Trajectory stale (1650.9s > 2.0s) -- holding at last known position via gravity compensation.
[pinn_controller_node-1] [WARN] [1784856488.231587613] [pinn_franka_controller]: Trajectory stale (1651.9s > 2.0s) -- holding at last known position via gravity compensation.
[pinn_controller_node-1] [WARN] [1784856489.232418157] [pinn_franka_controller]: Trajectory stale (1652.9s > 2.0s) -- holding at last known position via gravity compensation.
[pinn_controller_node-1] [WARN] [1784856490.233373431] [pinn_franka_controller]: Trajectory stale (1653.9s > 2.0s) -- holding at last known position via gravity compensation.
[pinn_controller_node-1] [WARN] [1784856491.233445298] [pinn_franka_controller]: Trajectory stale (1654.9s > 2.0s) -- holding at last known position via gravity compensation.
[pinn_controller_node-1] [WARN] [1784856492.234399904] [pinn_franka_controller]: Trajectory stale (1655.9s > 2.0s) -- holding at last known position via gravity compensation.
[pinn_controller_node-1] [WARN] [1784856493.234881688] [pinn_franka_controller]: Trajectory stale (1656.9s > 2.0s) -- holding at last known position via gravity compensation.
[pinn_controller_node-1] [WARN] [1784856494.235648303] [pinn_franka_controller]: Trajectory stale (1657.9s > 2.0s) -- holding at last known position via gravity compensation.
[pinn_controller_node-1] [WARN] [1784856495.236376111] [pinn_franka_controller]: Trajectory stale (1658.9s > 2.0s) -- holding at last known position via gravity compensation.
[pinn_controller_node-1] [WARN] [1784856496.236582456] [pinn_franka_controller]: Trajectory stale (1659.9s > 2.0s) -- holding at last known position via gravity compensation.
[pinn_controller_node-1] [WARN] [1784856497.237423082] [pinn_franka_controller]: Trajectory stale (1660.9s > 2.0s) -- holding at last known position via gravity compensation.
[pinn_controller_node-1] [INFO] [1784856497.945367773] [pinn_franka_controller]: New trajectory received with 13 points.
[pinn_controller_node-1] [INFO] [1784856499.674388311] [pinn_franka_controller]: New trajectory received with 1 points.
[pinn_controller_node-1] [INFO] [1784856501.174734724] [pinn_franka_controller]: New trajectory received with 1 points.
[pinn_controller_node-1] [INFO] [1784856502.675816383] [pinn_franka_controller]: New trajectory received with 1 points.
[pinn_controller_node-1] [INFO] [1784856504.176732380] [pinn_franka_controller]: New trajectory received with 1 points.
[pinn_controller_node-1] [INFO] [1784856505.678188241] [pinn_franka_controller]: New trajectory received with 1 points.
[pinn_controller_node-1] [INFO] [1784856507.178555722] [pinn_franka_controller]: New trajectory received with 1 points.
[pinn_controller_node-1] [WARN] [1784856509.179449283] [pinn_franka_controller]: Trajectory stale (2.0s > 2.0s) -- holding at last known position via gravity compensation.
[pinn_controller_node-1] [WARN] [1784856510.180372069] [pinn_franka_controller]: Trajectory stale (3.0s > 2.0s) -- holding at last known position via gravity compensation.
[pinn_controller_node-1] [WARN] [1784856511.181331503] [pinn_franka_controller]: Trajectory stale (4.0s > 2.0s) -- holding at last known position via gravity compensation.
[pinn_controller_node-1] [WARN] [1784856512.181384286] [pinn_franka_controller]: Trajectory stale (5.0s > 2.0s) -- holding at last known position via gravity compensation.
[pinn_controller_node-1] [WARN] [1784856513.182017516] [pinn_franka_controller]: Trajectory stale (6.0s > 2.0s) -- holding at last known position via gravity compensation.
[pinn_controller_node-1] [WARN] [1784856514.182427370] [pinn_franka_controller]: Trajectory stale (7.0s > 2.0s) -- holding at last known position via gravity compensation.
[pinn_controller_node-1] [WARN] [1784856515.183098055] [pinn_franka_controller]: Trajectory stale (8.0s > 2.0s) -- holding at last known position via gravity compensation.
[pinn_controller_node-1] [WARN] [1784856516.183555979] [pinn_franka_controller]: Trajectory stale (9.0s > 2.0s) -- holding at last known position via gravity compensation.
[pinn_controller_node-1] [WARN] [1784856517.183754019] [pinn_franka_controller]: Trajectory stale (10.0s > 2.0s) -- holding at last known position via gravity compensation.
[pinn_controller_node-1] [WARN] [1784856518.184352156] [pinn_franka_controller]: Trajectory stale (11.0s > 2.0s) -- holding at last known position via gravity compensation.
[pinn_controller_node-1] [WARN] [1784856519.184458604] [pinn_franka_controller]: Trajectory stale (12.0s > 2.0s) -- holding at last known position via gravity compensation.
[pinn_controller_node-1] [WARN] [1784856520.185348407] [pinn_franka_controller]: Trajectory stale (13.0s > 2.0s) -- holding at last known position via gravity compensation.
[pinn_controller_node-1] [WARN] [1784856521.186192694] [pinn_franka_controller]: Trajectory stale (14.0s > 2.0s) -- holding at last known position via gravity compensation.
[pinn_controller_node-1] [WARN] [1784856522.186353596] [pinn_franka_controller]: Trajectory stale (15.0s > 2.0s) -- holding at last known position via gravity compensation.
[pinn_controller_node-1] [WARN] [1784856523.186626293] [pinn_franka_controller]: Trajectory stale (16.0s > 2.0s) -- holding at last known position via gravity compensation.
[pinn_controller_node-1] [WARN] [1784856524.187302811] [pinn_franka_controller]: Trajectory stale (17.0s > 2.0s) -- holding at last known position via gravity compensation.
[pinn_controller_node-1] [WARN] [1784856525.187660941] [pinn_franka_controller]: Trajectory stale (18.0s > 2.0s) -- holding at last known position via gravity compensation.
[pinn_controller_node-1] [WARN] [1784856526.187868867] [pinn_franka_controller]: Trajectory stale (19.0s > 2.0s) -- holding at last known position via gravity compensation.
[pinn_controller_node-1] [WARN] [1784856527.188374444] [pinn_franka_controller]: Trajectory stale (20.0s > 2.0s) -- holding at last known position via gravity compensation.
[pinn_controller_node-1] [WARN] [1784856528.189424425] [pinn_franka_controller]: Trajectory stale (21.0s > 2.0s) -- holding at last known position via gravity compensation.
[pinn_controller_node-1] [WARN] [1784856529.189566656] [pinn_franka_controller]: Trajectory stale (22.0s > 2.0s) -- holding at last known position via gravity compensation.
[pinn_controller_node-1] [WARN] [1784856530.190389950] [pinn_franka_controller]: Trajectory stale (23.0s > 2.0s) -- holding at last known position via gravity compensation.
[pinn_controller_node-1] [WARN] [1784856531.191387930] [pinn_franka_controller]: Trajectory stale (24.0s > 2.0s) -- holding at last known position via gravity compensation.
[pinn_controller_node-1] [WARN] [1784856532.191574296] [pinn_franka_controller]: Trajectory stale (25.0s > 2.0s) -- holding at last known position via gravity compensation.
[pinn_controller_node-1] [WARN] [1784856533.192511174] [pinn_franka_controller]: Trajectory stale (26.0s > 2.0s) -- holding at last known position via gravity compensation.
[pinn_controller_node-1] [WARN] [1784856534.193355302] [pinn_franka_controller]: Trajectory stale (27.0s > 2.0s) -- holding at last known position via gravity compensation.
[pinn_controller_node-1] [WARN] [1784856535.193505005] [pinn_franka_controller]: Trajectory stale (28.0s > 2.0s) -- holding at last known position via gravity compensation.
[pinn_controller_node-1] [WARN] [1784856536.194274329] [pinn_franka_controller]: Trajectory stale (29.0s > 2.0s) -- holding at last known position via gravity compensation.
[pinn_controller_node-1] [WARN] [1784856537.194592005] [pinn_franka_controller]: Trajectory stale (30.0s > 2.0s) -- holding at last known position via gravity compensation.
[pinn_controller_node-1] [WARN] [1784856538.195359746] [pinn_franka_controller]: Trajectory stale (31.0s > 2.0s) -- holding at last known position via gravity compensation.
[pinn_controller_node-1] [WARN] [1784856539.195421415] [pinn_franka_controller]: Trajectory stale (32.0s > 2.0s) -- holding at last known position via gravity compensation.
[pinn_controller_node-1] [WARN] [1784856540.195476764] [pinn_franka_controller]: Trajectory stale (33.0s > 2.0s) -- holding at last known position via gravity compensation.
[pinn_controller_node-1] [WARN] [1784856541.195705153] [pinn_franka_controller]: Trajectory stale (34.0s > 2.0s) -- holding at last known position via gravity compensation.
[pinn_controller_node-1] [WARN] [1784856542.196539117] [pinn_franka_controller]: Trajectory stale (35.0s > 2.0s) -- holding at last known position via gravity compensation.
[pinn_controller_node-1] [WARN] [1784856543.197336399] [pinn_franka_controller]: Trajectory stale (36.0s > 2.0s) -- holding at last known position via gravity compensation.
[pinn_controller_node-1] [WARN] [1784856544.197360583] [pinn_franka_controller]: Trajectory stale (37.0s > 2.0s) -- holding at last known position via gravity compensation.
[pinn_controller_node-1] [WARN] [1784856545.198314774] [pinn_franka_controller]: Trajectory stale (38.0s > 2.0s) -- holding at last known position via gravity compensation.
[pinn_controller_node-1] [WARN] [1784856546.198316383] [pinn_franka_controller]: Trajectory stale (39.0s > 2.0s) -- holding at last known position via gravity compensation.
[pinn_controller_node-1] [WARN] [1784856547.198656043] [pinn_franka_controller]: Trajectory stale (40.0s > 2.0s) -- holding at last known position via gravity compensation.
[pinn_controller_node-1] [WARN] [1784856548.199936648] [pinn_franka_controller]: Trajectory stale (41.0s > 2.0s) -- holding at last known position via gravity compensation.
[pinn_controller_node-1] [WARN] [1784856549.200309131] [pinn_franka_controller]: Trajectory stale (42.0s > 2.0s) -- holding at last known position via gravity compensation.
[pinn_controller_node-1] [WARN] [1784856550.200416876] [pinn_franka_controller]: Trajectory stale (43.0s > 2.0s) -- holding at last known position via gravity compensation.
[pinn_controller_node-1] [WARN] [1784856551.200552692] [pinn_franka_controller]: Trajectory stale (44.0s > 2.0s) -- holding at last known position via gravity compensation.
[pinn_controller_node-1] [WARN] [1784856552.201454947] [pinn_franka_controller]: Trajectory stale (45.0s > 2.0s) -- holding at last known position via gravity compensation.
[pinn_controller_node-1] [WARN] [1784856553.202416947] [pinn_franka_controller]: Trajectory stale (46.0s > 2.0s) -- holding at last known position via gravity compensation.
[pinn_controller_node-1] [WARN] [1784856554.203360114] [pinn_franka_controller]: Trajectory stale (47.0s > 2.0s) -- holding at last known position via gravity compensation.
[pinn_controller_node-1] [WARN] [1784856555.203595670] [pinn_franka_controller]: Trajectory stale (48.0s > 2.0s) -- holding at last known position via gravity compensation.
[pinn_controller_node-1] [WARN] [1784856556.203990275] [pinn_franka_controller]: Trajectory stale (49.0s > 2.0s) -- holding at last known position via gravity compensation.
[pinn_controller_node-1] [WARN] [1784856557.204372587] [pinn_franka_controller]: Trajectory stale (50.0s > 2.0s) -- holding at last known position via gravity compensation.
[pinn_controller_node-1] [WARN] [1784856558.205215313] [pinn_franka_controller]: Trajectory stale (51.0s > 2.0s) -- holding at last known position via gravity compensation.
[pinn_controller_node-1] [WARN] [1784856559.205362852] [pinn_franka_controller]: Trajectory stale (52.0s > 2.0s) -- holding at last known position via gravity compensation.
[pinn_controller_node-1] [WARN] [1784856560.206098877] [pinn_franka_controller]: Trajectory stale (53.0s > 2.0s) -- holding at last known position via gravity compensation.
[pinn_controller_node-1] [WARN] [1784856561.206653142] [pinn_franka_controller]: Trajectory stale (54.0s > 2.0s) -- holding at last known position via gravity compensation.
[pinn_controller_node-1] [WARN] [1784856562.207411808] [pinn_franka_controller]: Trajectory stale (55.0s > 2.0s) -- holding at last known position via gravity compensation.
[pinn_controller_node-1] [WARN] [1784856563.207575060] [pinn_franka_controller]: Trajectory stale (56.0s > 2.0s) -- holding at last known position via gravity compensation.
[pinn_controller_node-1] [WARN] [1784856564.208346254] [pinn_franka_controller]: Trajectory stale (57.0s > 2.0s) -- holding at last known position via gravity compensation.
[pinn_controller_node-1] [WARN] [1784856565.208365880] [pinn_franka_controller]: Trajectory stale (58.0s > 2.0s) -- holding at last known position via gravity compensation.
[pinn_controller_node-1] [WARN] [1784856566.208480745] [pinn_franka_controller]: Trajectory stale (59.0s > 2.0s) -- holding at last known position via gravity compensation.
[pinn_controller_node-1] [WARN] [1784856567.209353336] [pinn_franka_controller]: Trajectory stale (60.0s > 2.0s) -- holding at last known position via gravity compensation.
[pinn_controller_node-1] [WARN] [1784856568.209417067] [pinn_franka_controller]: Trajectory stale (61.0s > 2.0s) -- holding at last known position via gravity compensation.
[pinn_controller_node-1] [WARN] [1784856569.209583586] [pinn_franka_controller]: Trajectory stale (62.0s > 2.0s) -- holding at last known position via gravity compensation.
[pinn_controller_node-1] [WARN] [1784856570.210571049] [pinn_franka_controller]: Trajectory stale (63.0s > 2.0s) -- holding at last known position via gravity compensation.
[pinn_controller_node-1] [WARN] [1784856571.210666460] [pinn_franka_controller]: Trajectory stale (64.0s > 2.0s) -- holding at last known position via gravity compensation.
[pinn_controller_node-1] [WARN] [1784856572.211430477] [pinn_franka_controller]: Trajectory stale (65.0s > 2.0s) -- holding at last known position via gravity compensation.
[pinn_controller_node-1] [WARN] [1784856573.212359257] [pinn_franka_controller]: Trajectory stale (66.0s > 2.0s) -- holding at last known position via gravity compensation.
[pinn_controller_node-1] [WARN] [1784856574.212381206] [pinn_franka_controller]: Trajectory stale (67.0s > 2.0s) -- holding at last known position via gravity compensation.
[pinn_controller_node-1] [WARN] [1784856575.213405874] [pinn_franka_controller]: Trajectory stale (68.0s > 2.0s) -- holding at last known position via gravity compensation.
[pinn_controller_node-1] [WARN] [1784856576.214377769] [pinn_franka_controller]: Trajectory stale (69.0s > 2.0s) -- holding at last known position via gravity compensation.
[pinn_controller_node-1] [WARN] [1784856577.214389927] [pinn_franka_controller]: Trajectory stale (70.0s > 2.0s) -- holding at last known position via gravity compensation.
[pinn_controller_node-1] [WARN] [1784856578.214491167] [pinn_franka_controller]: Trajectory stale (71.0s > 2.0s) -- holding at last known position via gravity compensation.
[pinn_controller_node-1] [WARN] [1784856579.215341251] [pinn_franka_controller]: Trajectory stale (72.0s > 2.0s) -- holding at last known position via gravity compensation.
[pinn_controller_node-1] [WARN] [1784856580.216404283] [pinn_franka_controller]: Trajectory stale (73.0s > 2.0s) -- holding at last known position via gravity compensation.
[pinn_controller_node-1] [WARN] [1784856581.217347057] [pinn_franka_controller]: Trajectory stale (74.0s > 2.0s) -- holding at last known position via gravity compensation.
[pinn_controller_node-1] [WARN] [1784856582.217893596] [pinn_franka_controller]: Trajectory stale (75.0s > 2.0s) -- holding at last known position via gravity compensation.
[pinn_controller_node-1] [WARN] [1784856583.218394534] [pinn_franka_controller]: Trajectory stale (76.0s > 2.0s) -- holding at last known position via gravity compensation.
[pinn_controller_node-1] [WARN] [1784856584.218531979] [pinn_franka_controller]: Trajectory stale (77.0s > 2.0s) -- holding at last known position via gravity compensation.
[pinn_controller_node-1] [WARN] [1784856585.219446280] [pinn_franka_controller]: Trajectory stale (78.0s > 2.0s) -- holding at last known position via gravity compensation.
[pinn_controller_node-1] [WARN] [1784856586.219452141] [pinn_franka_controller]: Trajectory stale (79.0s > 2.0s) -- holding at last known position via gravity compensation.
[pinn_controller_node-1] [WARN] [1784856587.220310427] [pinn_franka_controller]: Trajectory stale (80.0s > 2.0s) -- holding at last known position via gravity compensation.
[pinn_controller_node-1] [WARN] [1784856588.220369346] [pinn_franka_controller]: Trajectory stale (81.0s > 2.0s) -- holding at last known position via gravity compensation.
[pinn_controller_node-1] [WARN] [1784856589.221317147] [pinn_franka_controller]: Trajectory stale (82.0s > 2.0s) -- holding at last known position via gravity compensation.
[pinn_controller_node-1] [WARN] [1784856590.221378736] [pinn_franka_controller]: Trajectory stale (83.0s > 2.0s) -- holding at last known position via gravity compensation.
[pinn_controller_node-1] [WARN] [1784856591.222409377] [pinn_franka_controller]: Trajectory stale (84.0s > 2.0s) -- holding at last known position via gravity compensation.
[pinn_controller_node-1] [WARN] [1784856592.222479341] [pinn_franka_controller]: Trajectory stale (85.0s > 2.0s) -- holding at last known position via gravity compensation.
[pinn_controller_node-1] [WARN] [1784856593.222784633] [pinn_franka_controller]: Trajectory stale (86.0s > 2.0s) -- holding at last known position via gravity compensation.
[pinn_controller_node-1] [WARN] [1784856594.223429815] [pinn_franka_controller]: Trajectory stale (87.0s > 2.0s) -- holding at last known position via gravity compensation.
[pinn_controller_node-1] [WARN] [1784856595.224552796] [pinn_franka_controller]: Trajectory stale (88.0s > 2.0s) -- holding at last known position via gravity compensation.
[pinn_controller_node-1] [WARN] [1784856596.224806946] [pinn_franka_controller]: Trajectory stale (89.0s > 2.0s) -- holding at last known position via gravity compensation.
[pinn_controller_node-1] [WARN] [1784856597.225434100] [pinn_franka_controller]: Trajectory stale (90.0s > 2.0s) -- holding at last known position via gravity compensation.
[pinn_controller_node-1] [WARN] [1784856598.225450005] [pinn_franka_controller]: Trajectory stale (91.0s > 2.0s) -- holding at last known position via gravity compensation.
[pinn_controller_node-1] [WARN] [1784856599.225490989] [pinn_franka_controller]: Trajectory stale (92.0s > 2.0s) -- holding at last known position via gravity compensation.
[pinn_controller_node-1] [WARN] [1784856600.225602023] [pinn_franka_controller]: Trajectory stale (93.0s > 2.0s) -- holding at last known position via gravity compensation.
[pinn_controller_node-1] [WARN] [1784856601.226349290] [pinn_franka_controller]: Trajectory stale (94.0s > 2.0s) -- holding at last known position via gravity compensation.
[pinn_controller_node-1] [WARN] [1784856602.226357139] [pinn_franka_controller]: Trajectory stale (95.0s > 2.0s) -- holding at last known position via gravity compensation.
[pinn_controller_node-1] [WARN] [1784856603.227346696] [pinn_franka_controller]: Trajectory stale (96.0s > 2.0s) -- holding at last known position via gravity compensation.
[pinn_controller_node-1] [WARN] [1784856604.227737064] [pinn_franka_controller]: Trajectory stale (97.0s > 2.0s) -- holding at last known position via gravity compensation.
[pinn_controller_node-1] [WARN] [1784856605.228358185] [pinn_franka_controller]: Trajectory stale (98.0s > 2.0s) -- holding at last known position via gravity compensation.
[pinn_controller_node-1] [WARN] [1784856606.228807019] [pinn_franka_controller]: Trajectory stale (99.1s > 2.0s) -- holding at last known position via gravity compensation.
[pinn_controller_node-1] [WARN] [1784856607.228945170] [pinn_franka_controller]: Trajectory stale (100.1s > 2.0s) -- holding at last known position via gravity compensation.
[pinn_controller_node-1] [WARN] [1784856608.229488635] [pinn_franka_controller]: Trajectory stale (101.1s > 2.0s) -- holding at last known position via gravity compensation.
[pinn_controller_node-1] [WARN] [1784856609.230322077] [pinn_franka_controller]: Trajectory stale (102.1s > 2.0s) -- holding at last known position via gravity compensation.
[pinn_controller_node-1] [WARN] [1784856610.230323838] [pinn_franka_controller]: Trajectory stale (103.1s > 2.0s) -- holding at last known position via gravity compensation.
[pinn_controller_node-1] [WARN] [1784856611.231339634] [pinn_franka_controller]: Trajectory stale (104.1s > 2.0s) -- holding at last known position via gravity compensation.
[pinn_controller_node-1] [WARN] [1784856612.231435150] [pinn_franka_controller]: Trajectory stale (105.1s > 2.0s) -- holding at last known position via gravity compensation.
[pinn_controller_node-1] [WARN] [1784856613.232441257] [pinn_franka_controller]: Trajectory stale (106.1s > 2.0s) -- holding at last known position via gravity compensation.
[pinn_controller_node-1] [WARN] [1784856614.232475681] [pinn_franka_controller]: Trajectory stale (107.1s > 2.0s) -- holding at last known position via gravity compensation.
[pinn_controller_node-1] [WARN] [1784856615.233346312] [pinn_franka_controller]: Trajectory stale (108.1s > 2.0s) -- holding at last known position via gravity compensation.
[pinn_controller_node-1] [WARN] [1784856616.233514427] [pinn_franka_controller]: Trajectory stale (109.1s > 2.0s) -- holding at last known position via gravity compensation.
[pinn_controller_node-1] [WARN] [1784856617.234347122] [pinn_franka_controller]: Trajectory stale (110.1s > 2.0s) -- holding at last known position via gravity compensation.
[pinn_controller_node-1] [WARN] [1784856618.235058078] [pinn_franka_controller]: Trajectory stale (111.1s > 2.0s) -- holding at last known position via gravity compensation.
[pinn_controller_node-1] [WARN] [1784856619.235446942] [pinn_franka_controller]: Trajectory stale (112.1s > 2.0s) -- holding at last known position via gravity compensation.
[pinn_controller_node-1] [WARN] [1784856620.236329362] [pinn_franka_controller]: Trajectory stale (113.1s > 2.0s) -- holding at last known position via gravity compensation.
[pinn_controller_node-1] [WARN] [1784856621.236505280] [pinn_franka_controller]: Trajectory stale (114.1s > 2.0s) -- holding at last known position via gravity compensation.
[pinn_controller_node-1] [WARN] [1784856622.237371695] [pinn_franka_controller]: Trajectory stale (115.1s > 2.0s) -- holding at last known position via gravity compensation.
[pinn_controller_node-1] [WARN] [1784856623.237790163] [pinn_franka_controller]: Trajectory stale (116.1s > 2.0s) -- holding at last known position via gravity compensation.
[pinn_controller_node-1] [WARN] [1784856624.238383459] [pinn_franka_controller]: Trajectory stale (117.1s > 2.0s) -- holding at last known position via gravity compensation.
[pinn_controller_node-1] [WARN] [1784856625.240347543] [pinn_franka_controller]: Trajectory stale (118.1s > 2.0s) -- holding at last known position via gravity compensation.
[pinn_controller_node-1] [WARN] [1784856626.240386765] [pinn_franka_controller]: Trajectory stale (119.1s > 2.0s) -- holding at last known position via gravity compensation.
[pinn_controller_node-1] [WARN] [1784856627.241288506] [pinn_franka_controller]: Trajectory stale (120.1s > 2.0s) -- holding at last known position via gravity compensation.
[pinn_controller_node-1] [WARN] [1784856628.241435127] [pinn_franka_controller]: Trajectory stale (121.1s > 2.0s) -- holding at last known position via gravity compensation.
[pinn_controller_node-1] [WARN] [1784856629.241605555] [pinn_franka_controller]: Trajectory stale (122.1s > 2.0s) -- holding at last known position via gravity compensation.
[pinn_controller_node-1] [WARN] [1784856630.242659771] [pinn_franka_controller]: Trajectory stale (123.1s > 2.0s) -- holding at last known position via gravity compensation.
[pinn_controller_node-1] [WARN] [1784856631.242804016] [pinn_franka_controller]: Trajectory stale (124.1s > 2.0s) -- holding at last known position via gravity compensation.
[pinn_controller_node-1] [WARN] [1784856632.243393251] [pinn_franka_controller]: Trajectory stale (125.1s > 2.0s) -- holding at last known position via gravity compensation.
[pinn_controller_node-1] [WARN] [1784856633.243572924] [pinn_franka_controller]: Trajectory stale (126.1s > 2.0s) -- holding at last known position via gravity compensation.
[pinn_controller_node-1] [WARN] [1784856634.244370025] [pinn_franka_controller]: Trajectory stale (127.1s > 2.0s) -- holding at last known position via gravity compensation.
[pinn_controller_node-1] [WARN] [1784856635.244371760] [pinn_franka_controller]: Trajectory stale (128.1s > 2.0s) -- holding at last known position via gravity compensation.
[pinn_controller_node-1] [WARN] [1784856636.245364620] [pinn_franka_controller]: Trajectory stale (129.1s > 2.0s) -- holding at last known position via gravity compensation.
[pinn_controller_node-1] [WARN] [1784856637.245409769] [pinn_franka_controller]: Trajectory stale (130.1s > 2.0s) -- holding at last known position via gravity compensation.
[pinn_controller_node-1] [WARN] [1784856638.245483065] [pinn_franka_controller]: Trajectory stale (131.1s > 2.0s) -- holding at last known position via gravity compensation.
[pinn_controller_node-1] [WARN] [1784856639.245655432] [pinn_franka_controller]: Trajectory stale (132.1s > 2.0s) -- holding at last known position via gravity compensation.
[pinn_controller_node-1] [WARN] [1784856640.246492621] [pinn_franka_controller]: Trajectory stale (133.1s > 2.0s) -- holding at last known position via gravity compensation.
[pinn_controller_node-1] [WARN] [1784856641.246501772] [pinn_franka_controller]: Trajectory stale (134.1s > 2.0s) -- holding at last known position via gravity compensation.
[pinn_controller_node-1] [WARN] [1784856642.247353721] [pinn_franka_controller]: Trajectory stale (135.1s > 2.0s) -- holding at last known position via gravity compensation.
[pinn_controller_node-1] [WARN] [1784856643.247763697] [pinn_franka_controller]: Trajectory stale (136.1s > 2.0s) -- holding at last known position via gravity compensation.
[pinn_controller_node-1] [WARN] [1784856644.248659459] [pinn_franka_controller]: Trajectory stale (137.1s > 2.0s) -- holding at last known position via gravity compensation.
[pinn_controller_node-1] [WARN] [1784856645.248745240] [pinn_franka_controller]: Trajectory stale (138.1s > 2.0s) -- holding at last known position via gravity compensation.
[pinn_controller_node-1] [WARN] [1784856646.249413620] [pinn_franka_controller]: Trajectory stale (139.1s > 2.0s) -- holding at last known position via gravity compensation.
[pinn_controller_node-1] [WARN] [1784856647.250353923] [pinn_franka_controller]: Trajectory stale (140.1s > 2.0s) -- holding at last known position via gravity compensation.
[pinn_controller_node-1] [WARN] [1784856648.250449591] [pinn_franka_controller]: Trajectory stale (141.1s > 2.0s) -- holding at last known position via gravity compensation.
[pinn_controller_node-1] [WARN] [1784856649.250638842] [pinn_franka_controller]: Trajectory stale (142.1s > 2.0s) -- holding at last known position via gravity compensation.
[pinn_controller_node-1] [WARN] [1784856650.251517924] [pinn_franka_controller]: Trajectory stale (143.1s > 2.0s) -- holding at last known position via gravity compensation.
[pinn_controller_node-1] [WARN] [1784856651.252175986] [pinn_franka_controller]: Trajectory stale (144.1s > 2.0s) -- holding at last known position via gravity compensation.
[pinn_controller_node-1] [WARN] [1784856652.252366759] [pinn_franka_controller]: Trajectory stale (145.1s > 2.0s) -- holding at last known position via gravity compensation.
[pinn_controller_node-1] [WARN] [1784856653.252654114] [pinn_franka_controller]: Trajectory stale (146.1s > 2.0s) -- holding at last known position via gravity compensation.
[pinn_controller_node-1] [WARN] [1784856654.252666167] [pinn_franka_controller]: Trajectory stale (147.1s > 2.0s) -- holding at last known position via gravity compensation.
[pinn_controller_node-1] [WARN] [1784856655.252699854] [pinn_franka_controller]: Trajectory stale (148.1s > 2.0s) -- holding at last known position via gravity compensation.
[pinn_controller_node-1] [WARN] [1784856656.253590737] [pinn_franka_controller]: Trajectory stale (149.1s > 2.0s) -- holding at last known position via gravity compensation.
[pinn_controller_node-1] [WARN] [1784856657.254339771] [pinn_franka_controller]: Trajectory stale (150.1s > 2.0s) -- holding at last known position via gravity compensation.
[pinn_controller_node-1] [WARN] [1784856658.254808943] [pinn_franka_controller]: Trajectory stale (151.1s > 2.0s) -- holding at last known position via gravity compensation.
[pinn_controller_node-1] [WARN] [1784856659.254865653] [pinn_franka_controller]: Trajectory stale (152.1s > 2.0s) -- holding at last known position via gravity compensation.
[pinn_controller_node-1] [WARN] [1784856660.255364295] [pinn_franka_controller]: Trajectory stale (153.1s > 2.0s) -- holding at last known position via gravity compensation.
[pinn_controller_node-1] [WARN] [1784856661.255380050] [pinn_franka_controller]: Trajectory stale (154.1s > 2.0s) -- holding at last known position via gravity compensation.
[pinn_controller_node-1] [WARN] [1784856662.255484647] [pinn_franka_controller]: Trajectory stale (155.1s > 2.0s) -- holding at last known position via gravity compensation.
[pinn_controller_node-1] [WARN] [1784856663.256388758] [pinn_franka_controller]: Trajectory stale (156.1s > 2.0s) -- holding at last known position via gravity compensation.
[pinn_controller_node-1] [WARN] [1784856664.256885494] [pinn_franka_controller]: Trajectory stale (157.1s > 2.0s) -- holding at last known position via gravity compensation.
[pinn_controller_node-1] [WARN] [1784856665.257449156] [pinn_franka_controller]: Trajectory stale (158.1s > 2.0s) -- holding at last known position via gravity compensation.
[pinn_controller_node-1] [WARN] [1784856666.257536506] [pinn_franka_controller]: Trajectory stale (159.1s > 2.0s) -- holding at last known position via gravity compensation.
[pinn_controller_node-1] [WARN] [1784856667.257818766] [pinn_franka_controller]: Trajectory stale (160.1s > 2.0s) -- holding at last known position via gravity compensation.
[pinn_controller_node-1] [WARN] [1784856668.258511074] [pinn_franka_controller]: Trajectory stale (161.1s > 2.0s) -- holding at last known position via gravity compensation.
[pinn_controller_node-1] [WARN] [1784856669.258605996] [pinn_franka_controller]: Trajectory stale (162.1s > 2.0s) -- holding at last known position via gravity compensation.
[pinn_controller_node-1] [WARN] [1784856670.259392485] [pinn_franka_controller]: Trajectory stale (163.1s > 2.0s) -- holding at last known position via gravity compensation.
[pinn_controller_node-1] [WARN] [1784856671.260361257] [pinn_franka_controller]: Trajectory stale (164.1s > 2.0s) -- holding at last known position via gravity compensation.
[pinn_controller_node-1] [WARN] [1784856672.261364861] [pinn_franka_controller]: Trajectory stale (165.1s > 2.0s) -- holding at last known position via gravity compensation.
[pinn_controller_node-1] [WARN] [1784856673.262326549] [pinn_franka_controller]: Trajectory stale (166.1s > 2.0s) -- holding at last known position via gravity compensation.
[pinn_controller_node-1] [WARN] [1784856674.262736369] [pinn_franka_controller]: Trajectory stale (167.1s > 2.0s) -- holding at last known position via gravity compensation.
[pinn_controller_node-1] [WARN] [1784856675.263592447] [pinn_franka_controller]: Trajectory stale (168.1s > 2.0s) -- holding at last known position via gravity compensation.
[pinn_controller_node-1] [WARN] [1784856676.264368576] [pinn_franka_controller]: Trajectory stale (169.1s > 2.0s) -- holding at last known position via gravity compensation.
[pinn_controller_node-1] [WARN] [1784856677.265297277] [pinn_franka_controller]: Trajectory stale (170.1s > 2.0s) -- holding at last known position via gravity compensation.
[pinn_controller_node-1] [WARN] [1784856678.265387060] [pinn_franka_controller]: Trajectory stale (171.1s > 2.0s) -- holding at last known position via gravity compensation.
[pinn_controller_node-1] [WARN] [1784856679.265605544] [pinn_franka_controller]: Trajectory stale (172.1s > 2.0s) -- holding at last known position via gravity compensation.
[pinn_controller_node-1] [WARN] [1784856680.266464450] [pinn_franka_controller]: Trajectory stale (173.1s > 2.0s) -- holding at last known position via gravity compensation.
[pinn_controller_node-1] [WARN] [1784856681.266784810] [pinn_franka_controller]: Trajectory stale (174.1s > 2.0s) -- holding at last known position via gravity compensation.
[pinn_controller_node-1] [WARN] [1784856682.267374423] [pinn_franka_controller]: Trajectory stale (175.1s > 2.0s) -- holding at last known position via gravity compensation.
[pinn_controller_node-1] [WARN] [1784856683.268372476] [pinn_franka_controller]: Trajectory stale (176.1s > 2.0s) -- holding at last known position via gravity compensation.
[pinn_controller_node-1] [WARN] [1784856684.268395782] [pinn_franka_controller]: Trajectory stale (177.1s > 2.0s) -- holding at last known position via gravity compensation.
[pinn_controller_node-1] [WARN] [1784856685.268454693] [pinn_franka_controller]: Trajectory stale (178.1s > 2.0s) -- holding at last known position via gravity compensation.
[pinn_controller_node-1] [WARN] [1784856686.268516403] [pinn_franka_controller]: Trajectory stale (179.1s > 2.0s) -- holding at last known position via gravity compensation.
[pinn_controller_node-1] [WARN] [1784856687.269420061] [pinn_franka_controller]: Trajectory stale (180.1s > 2.0s) -- holding at last known position via gravity compensation.
[pinn_controller_node-1] [WARN] [1784856688.270360935] [pinn_franka_controller]: Trajectory stale (181.1s > 2.0s) -- holding at last known position via gravity compensation.
[pinn_controller_node-1] [WARN] [1784856689.270499517] [pinn_franka_controller]: Trajectory stale (182.1s > 2.0s) -- holding at last known position via gravity compensation.
[pinn_controller_node-1] [WARN] [1784856690.271449691] [pinn_franka_controller]: Trajectory stale (183.1s > 2.0s) -- holding at last known position via gravity compensation.
[pinn_controller_node-1] [WARN] [1784856691.272425919] [pinn_franka_controller]: Trajectory stale (184.1s > 2.0s) -- holding at last known position via gravity compensation.
[pinn_controller_node-1] [WARN] [1784856692.272828159] [pinn_franka_controller]: Trajectory stale (185.1s > 2.0s) -- holding at last known position via gravity compensation.
[pinn_controller_node-1] [WARN] [1784856693.273340182] [pinn_franka_controller]: Trajectory stale (186.1s > 2.0s) -- holding at last known position via gravity compensation.
[pinn_controller_node-1] [WARN] [1784856694.273357927] [pinn_franka_controller]: Trajectory stale (187.1s > 2.0s) -- holding at last known position via gravity compensation.
[pinn_controller_node-1] [WARN] [1784856695.274325014] [pinn_franka_controller]: Trajectory stale (188.1s > 2.0s) -- holding at last known position via gravity compensation.
[pinn_controller_node-1] [WARN] [1784856696.274347171] [pinn_franka_controller]: Trajectory stale (189.1s > 2.0s) -- holding at last known position via gravity compensation.
[pinn_controller_node-1] [WARN] [1784856697.274352534] [pinn_franka_controller]: Trajectory stale (190.1s > 2.0s) -- holding at last known position via gravity compensation.
[pinn_controller_node-1] [WARN] [1784856698.275296577] [pinn_franka_controller]: Trajectory stale (191.1s > 2.0s) -- holding at last known position via gravity compensation.
[pinn_controller_node-1] [WARN] [1784856699.275581532] [pinn_franka_controller]: Trajectory stale (192.1s > 2.0s) -- holding at last known position via gravity compensation.
[pinn_controller_node-1] [WARN] [1784856700.276365916] [pinn_franka_controller]: Trajectory stale (193.1s > 2.0s) -- holding at last known position via gravity compensation.
[pinn_controller_node-1] [WARN] [1784856701.276435489] [pinn_franka_controller]: Trajectory stale (194.1s > 2.0s) -- holding at last known position via gravity compensation.
[pinn_controller_node-1] [WARN] [1784856702.276792629] [pinn_franka_controller]: Trajectory stale (195.1s > 2.0s) -- holding at last known position via gravity compensation.
[pinn_controller_node-1] [WARN] [1784856703.276896591] [pinn_franka_controller]: Trajectory stale (196.1s > 2.0s) -- holding at last known position via gravity compensation.
[pinn_controller_node-1] [WARN] [1784856704.277344618] [pinn_franka_controller]: Trajectory stale (197.1s > 2.0s) -- holding at last known position via gravity compensation.
[pinn_controller_node-1] [WARN] [1784856705.277872919] [pinn_franka_controller]: Trajectory stale (198.1s > 2.0s) -- holding at last known position via gravity compensation.
[pinn_controller_node-1] [WARN] [1784856706.278556321] [pinn_franka_controller]: Trajectory stale (199.1s > 2.0s) -- holding at last known position via gravity compensation.
[pinn_controller_node-1] [WARN] [1784856707.279342159] [pinn_franka_controller]: Trajectory stale (200.1s > 2.0s) -- holding at last known position via gravity compensation.
[pinn_controller_node-1] [WARN] [1784856708.279476743] [pinn_franka_controller]: Trajectory stale (201.1s > 2.0s) -- holding at last known position via gravity compensation.
[pinn_controller_node-1] [WARN] [1784856709.280350397] [pinn_franka_controller]: Trajectory stale (202.1s > 2.0s) -- holding at last known position via gravity compensation.
[pinn_controller_node-1] [WARN] [1784856710.280423471] [pinn_franka_controller]: Trajectory stale (203.1s > 2.0s) -- holding at last known position via gravity compensation.
[pinn_controller_node-1] [WARN] [1784856711.280502331] [pinn_franka_controller]: Trajectory stale (204.1s > 2.0s) -- holding at last known position via gravity compensation.
[pinn_controller_node-1] [WARN] [1784856712.280680622] [pinn_franka_controller]: Trajectory stale (205.1s > 2.0s) -- holding at last known position via gravity compensation.
[pinn_controller_node-1] [WARN] [1784856713.281360654] [pinn_franka_controller]: Trajectory stale (206.1s > 2.0s) -- holding at last known position via gravity compensation.
[pinn_controller_node-1] [WARN] [1784856714.282361813] [pinn_franka_controller]: Trajectory stale (207.1s > 2.0s) -- holding at last known position via gravity compensation.
[pinn_controller_node-1] [WARN] [1784856715.282451140] [pinn_franka_controller]: Trajectory stale (208.1s > 2.0s) -- holding at last known position via gravity compensation.
[pinn_controller_node-1] [WARN] [1784856716.282654367] [pinn_franka_controller]: Trajectory stale (209.1s > 2.0s) -- holding at last known position via gravity compensation.
[pinn_controller_node-1] [WARN] [1784856717.283371785] [pinn_franka_controller]: Trajectory stale (210.1s > 2.0s) -- holding at last known position via gravity compensation.
[pinn_controller_node-1] [WARN] [1784856718.283449904] [pinn_franka_controller]: Trajectory stale (211.1s > 2.0s) -- holding at last known position via gravity compensation.
[pinn_controller_node-1] [WARN] [1784856719.284310089] [pinn_franka_controller]: Trajectory stale (212.1s > 2.0s) -- holding at last known position via gravity compensation.
[pinn_controller_node-1] [WARN] [1784856720.284405123] [pinn_franka_controller]: Trajectory stale (213.1s > 2.0s) -- holding at last known position via gravity compensation.
[pinn_controller_node-1] [WARN] [1784856721.284554828] [pinn_franka_controller]: Trajectory stale (214.1s > 2.0s) -- holding at last known position via gravity compensation.
[pinn_controller_node-1] [WARN] [1784856722.285426817] [pinn_franka_controller]: Trajectory stale (215.1s > 2.0s) -- holding at last known position via gravity compensation.
[pinn_controller_node-1] [WARN] [1784856723.285556899] [pinn_franka_controller]: Trajectory stale (216.1s > 2.0s) -- holding at last known position via gravity compensation.
[pinn_controller_node-1] [WARN] [1784856724.285642183] [pinn_franka_controller]: Trajectory stale (217.1s > 2.0s) -- holding at last known position via gravity compensation.
[pinn_controller_node-1] [WARN] [1784856725.286383947] [pinn_franka_controller]: Trajectory stale (218.1s > 2.0s) -- holding at last known position via gravity compensation.
[pinn_controller_node-1] [WARN] [1784856726.286484758] [pinn_franka_controller]: Trajectory stale (219.1s > 2.0s) -- holding at last known position via gravity compensation.
[pinn_controller_node-1] [WARN] [1784856727.287362883] [pinn_franka_controller]: Trajectory stale (220.1s > 2.0s) -- holding at last known position via gravity compensation.
[pinn_controller_node-1] [WARN] [1784856728.288228379] [pinn_franka_controller]: Trajectory stale (221.1s > 2.0s) -- holding at last known position via gravity compensation.
[pinn_controller_node-1] [WARN] [1784856729.288404924] [pinn_franka_controller]: Trajectory stale (222.1s > 2.0s) -- holding at last known position via gravity compensation.
[pinn_controller_node-1] [WARN] [1784856730.288644711] [pinn_franka_controller]: Trajectory stale (223.1s > 2.0s) -- holding at last known position via gravity compensation.
[pinn_controller_node-1] [WARN] [1784856731.289176209] [pinn_franka_controller]: Trajectory stale (224.1s > 2.0s) -- holding at last known position via gravity compensation.
[pinn_controller_node-1] [WARN] [1784856732.289457201] [pinn_franka_controller]: Trajectory stale (225.1s > 2.0s) -- holding at last known position via gravity compensation.
[pinn_controller_node-1] [WARN] [1784856733.289450706] [pinn_franka_controller]: Trajectory stale (226.1s > 2.0s) -- holding at last known position via gravity compensation.
[pinn_controller_node-1] [WARN] [1784856734.289521318] [pinn_franka_controller]: Trajectory stale (227.1s > 2.0s) -- holding at last known position via gravity compensation.
[pinn_controller_node-1] [WARN] [1784856735.290270035] [pinn_franka_controller]: Trajectory stale (228.1s > 2.0s) -- holding at last known position via gravity compensation.
[pinn_controller_node-1] [WARN] [1784856736.290424369] [pinn_franka_controller]: Trajectory stale (229.1s > 2.0s) -- holding at last known position via gravity compensation.
[pinn_controller_node-1] [WARN] [1784856737.291375495] [pinn_franka_controller]: Trajectory stale (230.1s > 2.0s) -- holding at last known position via gravity compensation.
[pinn_controller_node-1] [WARN] [1784856738.291538940] [pinn_franka_controller]: Trajectory stale (231.1s > 2.0s) -- holding at last known position via gravity compensation.
[pinn_controller_node-1] [WARN] [1784856739.291665713] [pinn_franka_controller]: Trajectory stale (232.1s > 2.0s) -- holding at last known position via gravity compensation.
[pinn_controller_node-1] [WARN] [1784856740.292801591] [pinn_franka_controller]: Trajectory stale (233.1s > 2.0s) -- holding at last known position via gravity compensation.
[pinn_controller_node-1] [WARN] [1784856741.293353737] [pinn_franka_controller]: Trajectory stale (234.1s > 2.0s) -- holding at last known position via gravity compensation.
[pinn_controller_node-1] [WARN] [1784856742.293361905] [pinn_franka_controller]: Trajectory stale (235.1s > 2.0s) -- holding at last known position via gravity compensation.
[pinn_controller_node-1] [WARN] [1784856743.293362023] [pinn_franka_controller]: Trajectory stale (236.1s > 2.0s) -- holding at last known position via gravity compensation.
[pinn_controller_node-1] [WARN] [1784856744.293406540] [pinn_franka_controller]: Trajectory stale (237.1s > 2.0s) -- holding at last known position via gravity compensation.
[pinn_controller_node-1] [WARN] [1784856745.293652819] [pinn_franka_controller]: Trajectory stale (238.1s > 2.0s) -- holding at last known position via gravity compensation.
[pinn_controller_node-1] [WARN] [1784856746.293735658] [pinn_franka_controller]: Trajectory stale (239.1s > 2.0s) -- holding at last known position via gravity compensation.
[pinn_controller_node-1] [WARN] [1784856747.294510418] [pinn_franka_controller]: Trajectory stale (240.1s > 2.0s) -- holding at last known position via gravity compensation.
[pinn_controller_node-1] [WARN] [1784856748.295229518] [pinn_franka_controller]: Trajectory stale (241.1s > 2.0s) -- holding at last known position via gravity compensation.
[pinn_controller_node-1] [WARN] [1784856749.295273288] [pinn_franka_controller]: Trajectory stale (242.1s > 2.0s) -- holding at last known position via gravity compensation.
[pinn_controller_node-1] [WARN] [1784856750.295353384] [pinn_franka_controller]: Trajectory stale (243.1s > 2.0s) -- holding at last known position via gravity compensation.
[pinn_controller_node-1] [WARN] [1784856751.295382554] [pinn_franka_controller]: Trajectory stale (244.1s > 2.0s) -- holding at last known position via gravity compensation.
[pinn_controller_node-1] [WARN] [1784856752.295385188] [pinn_franka_controller]: Trajectory stale (245.1s > 2.0s) -- holding at last known position via gravity compensation.
[pinn_controller_node-1] [WARN] [1784856753.296365243] [pinn_franka_controller]: Trajectory stale (246.1s > 2.0s) -- holding at last known position via gravity compensation.
[pinn_controller_node-1] [WARN] [1784856754.296681799] [pinn_franka_controller]: Trajectory stale (247.1s > 2.0s) -- holding at last known position via gravity compensation.
[pinn_controller_node-1] [WARN] [1784856755.297467178] [pinn_franka_controller]: Trajectory stale (248.1s > 2.0s) -- holding at last known position via gravity compensation.
[pinn_controller_node-1] [WARN] [1784856756.298323206] [pinn_franka_controller]: Trajectory stale (249.1s > 2.0s) -- holding at last known position via gravity compensation.
[pinn_controller_node-1] [WARN] [1784856757.299327174] [pinn_franka_controller]: Trajectory stale (250.1s > 2.0s) -- holding at last known position via gravity compensation.
[pinn_controller_node-1] [WARN] [1784856758.300354484] [pinn_franka_controller]: Trajectory stale (251.1s > 2.0s) -- holding at last known position via gravity compensation.
[pinn_controller_node-1] [WARN] [1784856759.301347995] [pinn_franka_controller]: Trajectory stale (252.1s > 2.0s) -- holding at last known position via gravity compensation.
[pinn_controller_node-1] [WARN] [1784856760.301384121] [pinn_franka_controller]: Trajectory stale (253.1s > 2.0s) -- holding at last known position via gravity compensation.
[pinn_controller_node-1] [WARN] [1784856761.301389302] [pinn_franka_controller]: Trajectory stale (254.1s > 2.0s) -- holding at last known position via gravity compensation.
[pinn_controller_node-1] [WARN] [1784856762.301457661] [pinn_franka_controller]: Trajectory stale (255.1s > 2.0s) -- holding at last known position via gravity compensation.
[pinn_controller_node-1] [WARN] [1784856763.301798261] [pinn_franka_controller]: Trajectory stale (256.1s > 2.0s) -- holding at last known position via gravity compensation.
[pinn_controller_node-1] [WARN] [1784856764.302722084] [pinn_franka_controller]: Trajectory stale (257.1s > 2.0s) -- holding at last known position via gravity compensation.
[pinn_controller_node-1] [WARN] [1784856765.303554595] [pinn_franka_controller]: Trajectory stale (258.1s > 2.0s) -- holding at last known position via gravity compensation.
[pinn_controller_node-1] [WARN] [1784856766.304381533] [pinn_franka_controller]: Trajectory stale (259.1s > 2.0s) -- holding at last known position via gravity compensation.
[pinn_controller_node-1] [WARN] [1784856767.305401486] [pinn_franka_controller]: Trajectory stale (260.1s > 2.0s) -- holding at last known position via gravity compensation.
[pinn_controller_node-1] [WARN] [1784856768.305484463] [pinn_franka_controller]: Trajectory stale (261.1s > 2.0s) -- holding at last known position via gravity compensation.
[pinn_controller_node-1] [WARN] [1784856769.305624186] [pinn_franka_controller]: Trajectory stale (262.1s > 2.0s) -- holding at last known position via gravity compensation.
[pinn_controller_node-1] [WARN] [1784856770.306542394] [pinn_franka_controller]: Trajectory stale (263.1s > 2.0s) -- holding at last known position via gravity compensation.
[pinn_controller_node-1] [WARN] [1784856771.307440921] [pinn_franka_controller]: Trajectory stale (264.1s > 2.0s) -- holding at last known position via gravity compensation.
[pinn_controller_node-1] [WARN] [1784856772.307583071] [pinn_franka_controller]: Trajectory stale (265.1s > 2.0s) -- holding at last known position via gravity compensation.
[pinn_controller_node-1] [WARN] [1784856773.308360438] [pinn_franka_controller]: Trajectory stale (266.1s > 2.0s) -- holding at last known position via gravity compensation.
[pinn_controller_node-1] [WARN] [1784856774.308496704] [pinn_franka_controller]: Trajectory stale (267.1s > 2.0s) -- holding at last known position via gravity compensation.
[pinn_controller_node-1] [WARN] [1784856775.309351581] [pinn_franka_controller]: Trajectory stale (268.1s > 2.0s) -- holding at last known position via gravity compensation.
[pinn_controller_node-1] [WARN] [1784856776.309405903] [pinn_franka_controller]: Trajectory stale (269.1s > 2.0s) -- holding at last known position via gravity compensation.
[pinn_controller_node-1] [WARN] [1784856777.309760132] [pinn_franka_controller]: Trajectory stale (270.1s > 2.0s) -- holding at last known position via gravity compensation.
[pinn_controller_node-1] [WARN] [1784856778.310340787] [pinn_franka_controller]: Trajectory stale (271.1s > 2.0s) -- holding at last known position via gravity compensation.
[pinn_controller_node-1] [WARN] [1784856779.311340088] [pinn_franka_controller]: Trajectory stale (272.1s > 2.0s) -- holding at last known position via gravity compensation.
[pinn_controller_node-1] [WARN] [1784856780.311344290] [pinn_franka_controller]: Trajectory stale (273.1s > 2.0s) -- holding at last known position via gravity compensation.
[pinn_controller_node-1] [WARN] [1784856781.311581453] [pinn_franka_controller]: Trajectory stale (274.1s > 2.0s) -- holding at last known position via gravity compensation.
[pinn_controller_node-1] [WARN] [1784856782.312361300] [pinn_franka_controller]: Trajectory stale (275.1s > 2.0s) -- holding at last known position via gravity compensation.
[pinn_controller_node-1] [WARN] [1784856783.312511290] [pinn_franka_controller]: Trajectory stale (276.1s > 2.0s) -- holding at last known position via gravity compensation.
[pinn_controller_node-1] [WARN] [1784856784.313360845] [pinn_franka_controller]: Trajectory stale (277.1s > 2.0s) -- holding at last known position via gravity compensation.
[pinn_controller_node-1] [WARN] [1784856785.313561799] [pinn_franka_controller]: Trajectory stale (278.1s > 2.0s) -- holding at last known position via gravity compensation.
[pinn_controller_node-1] [WARN] [1784856786.314432072] [pinn_franka_controller]: Trajectory stale (279.1s > 2.0s) -- holding at last known position via gravity compensation.
[pinn_controller_node-1] [WARN] [1784856787.315375831] [pinn_franka_controller]: Trajectory stale (280.1s > 2.0s) -- holding at last known position via gravity compensation.
[pinn_controller_node-1] [WARN] [1784856788.316341343] [pinn_franka_controller]: Trajectory stale (281.1s > 2.0s) -- holding at last known position via gravity compensation.
[pinn_controller_node-1] [WARN] [1784856789.316352619] [pinn_franka_controller]: Trajectory stale (282.1s > 2.0s) -- holding at last known position via gravity compensation.
[pinn_controller_node-1] [WARN] [1784856790.316847274] [pinn_franka_controller]: Trajectory stale (283.1s > 2.0s) -- holding at last known position via gravity compensation.
[pinn_controller_node-1] [WARN] [1784856791.317811117] [pinn_franka_controller]: Trajectory stale (284.1s > 2.0s) -- holding at last known position via gravity compensation.
[pinn_controller_node-1] [WARN] [1784856792.318311719] [pinn_franka_controller]: Trajectory stale (285.1s > 2.0s) -- holding at last known position via gravity compensation.
[pinn_controller_node-1] [WARN] [1784856793.318366629] [pinn_franka_controller]: Trajectory stale (286.1s > 2.0s) -- holding at last known position via gravity compensation.
[pinn_controller_node-1] [WARN] [1784856794.318440811] [pinn_franka_controller]: Trajectory stale (287.1s > 2.0s) -- holding at last known position via gravity compensation.
[pinn_controller_node-1] [WARN] [1784856795.318992920] [pinn_franka_controller]: Trajectory stale (288.1s > 2.0s) -- holding at last known position via gravity compensation.
[pinn_controller_node-1] [WARN] [1784856796.319288500] [pinn_franka_controller]: Trajectory stale (289.1s > 2.0s) -- holding at last known position via gravity compensation.
[pinn_controller_node-1] [WARN] [1784856797.319642748] [pinn_franka_controller]: Trajectory stale (290.1s > 2.0s) -- holding at last known position via gravity compensation.
[pinn_controller_node-1] [WARN] [1784856798.320397653] [pinn_franka_controller]: Trajectory stale (291.1s > 2.0s) -- holding at last known position via gravity compensation.
[pinn_controller_node-1] [WARN] [1784856799.321331292] [pinn_franka_controller]: Trajectory stale (292.1s > 2.0s) -- holding at last known position via gravity compensation.
[pinn_controller_node-1] [WARN] [1784856800.321599446] [pinn_franka_controller]: Trajectory stale (293.1s > 2.0s) -- holding at last known position via gravity compensation.
[pinn_controller_node-1] [WARN] [1784856801.322383393] [pinn_franka_controller]: Trajectory stale (294.1s > 2.0s) -- holding at last known position via gravity compensation.
[pinn_controller_node-1] [WARN] [1784856802.323340043] [pinn_franka_controller]: Trajectory stale (295.1s > 2.0s) -- holding at last known position via gravity compensation.
[pinn_controller_node-1] [WARN] [1784856803.323589470] [pinn_franka_controller]: Trajectory stale (296.1s > 2.0s) -- holding at last known position via gravity compensation.
[pinn_controller_node-1] [WARN] [1784856804.324315476] [pinn_franka_controller]: Trajectory stale (297.1s > 2.0s) -- holding at last known position via gravity compensation.
[pinn_controller_node-1] [WARN] [1784856805.324319474] [pinn_franka_controller]: Trajectory stale (298.1s > 2.0s) -- holding at last known position via gravity compensation.
[pinn_controller_node-1] [WARN] [1784856806.324322205] [pinn_franka_controller]: Trajectory stale (299.1s > 2.0s) -- holding at last known position via gravity compensation.
[pinn_controller_node-1] [WARN] [1784856807.324542348] [pinn_franka_controller]: Trajectory stale (300.1s > 2.0s) -- holding at last known position via gravity compensation.
[pinn_controller_node-1] [WARN] [1784856808.325551851] [pinn_franka_controller]: Trajectory stale (301.1s > 2.0s) -- holding at last known position via gravity compensation.
[pinn_controller_node-1] [WARN] [1784856809.326344932] [pinn_franka_controller]: Trajectory stale (302.1s > 2.0s) -- holding at last known position via gravity compensation.
[pinn_controller_node-1] [WARN] [1784856810.326425664] [pinn_franka_controller]: Trajectory stale (303.1s > 2.0s) -- holding at last known position via gravity compensation.
[pinn_controller_node-1] [WARN] [1784856811.326511748] [pinn_franka_controller]: Trajectory stale (304.1s > 2.0s) -- holding at last known position via gravity compensation.
[pinn_controller_node-1] [WARN] [1784856812.327255747] [pinn_franka_controller]: Trajectory stale (305.1s > 2.0s) -- holding at last known position via gravity compensation.
[pinn_controller_node-1] [WARN] [1784856813.328084146] [pinn_franka_controller]: Trajectory stale (306.1s > 2.0s) -- holding at last known position via gravity compensation.
[pinn_controller_node-1] [WARN] [1784856814.328320891] [pinn_franka_controller]: Trajectory stale (307.1s > 2.0s) -- holding at last known position via gravity compensation.
[pinn_controller_node-1] [WARN] [1784856815.328625536] [pinn_franka_controller]: Trajectory stale (308.2s > 2.0s) -- holding at last known position via gravity compensation.
[pinn_controller_node-1] [WARN] [1784856816.328783126] [pinn_franka_controller]: Trajectory stale (309.2s > 2.0s) -- holding at last known position via gravity compensation.
[pinn_controller_node-1] [WARN] [1784856817.329290528] [pinn_franka_controller]: Trajectory stale (310.2s > 2.0s) -- holding at last known position via gravity compensation.
[pinn_controller_node-1] [WARN] [1784856818.329342518] [pinn_franka_controller]: Trajectory stale (311.2s > 2.0s) -- holding at last known position via gravity compensation.
[pinn_controller_node-1] [WARN] [1784856819.330280555] [pinn_franka_controller]: Trajectory stale (312.2s > 2.0s) -- holding at last known position via gravity compensation.
[pinn_controller_node-1] [WARN] [1784856820.330382290] [pinn_franka_controller]: Trajectory stale (313.2s > 2.0s) -- holding at last known position via gravity compensation.
[pinn_controller_node-1] [WARN] [1784856821.331375100] [pinn_franka_controller]: Trajectory stale (314.2s > 2.0s) -- holding at last known position via gravity compensation.
[pinn_controller_node-1] [WARN] [1784856822.332326394] [pinn_franka_controller]: Trajectory stale (315.2s > 2.0s) -- holding at last known position via gravity compensation.
[pinn_controller_node-1] [WARN] [1784856823.332348734] [pinn_franka_controller]: Trajectory stale (316.2s > 2.0s) -- holding at last known position via gravity compensation.
[pinn_controller_node-1] [WARN] [1784856824.332502290] [pinn_franka_controller]: Trajectory stale (317.2s > 2.0s) -- holding at last known position via gravity compensation.
[pinn_controller_node-1] [WARN] [1784856825.332576335] [pinn_franka_controller]: Trajectory stale (318.2s > 2.0s) -- holding at last known position via gravity compensation.
[pinn_controller_node-1] [WARN] [1784856826.333434505] [pinn_franka_controller]: Trajectory stale (319.2s > 2.0s) -- holding at last known position via gravity compensation.
[pinn_controller_node-1] [WARN] [1784856827.334352945] [pinn_franka_controller]: Trajectory stale (320.2s > 2.0s) -- holding at last known position via gravity compensation.
[pinn_controller_node-1] [WARN] [1784856828.334766348] [pinn_franka_controller]: Trajectory stale (321.2s > 2.0s) -- holding at last known position via gravity compensation.
[pinn_controller_node-1] [WARN] [1784856829.335441078] [pinn_franka_controller]: Trajectory stale (322.2s > 2.0s) -- holding at last known position via gravity compensation.
[pinn_controller_node-1] [WARN] [1784856830.335879807] [pinn_franka_controller]: Trajectory stale (323.2s > 2.0s) -- holding at last known position via gravity compensation.
[pinn_controller_node-1] [WARN] [1784856831.336457423] [pinn_franka_controller]: Trajectory stale (324.2s > 2.0s) -- holding at last known position via gravity compensation.
[pinn_controller_node-1] [WARN] [1784856832.336889240] [pinn_franka_controller]: Trajectory stale (325.2s > 2.0s) -- holding at last known position via gravity compensation.
[pinn_controller_node-1] [WARN] [1784856833.337391932] [pinn_franka_controller]: Trajectory stale (326.2s > 2.0s) -- holding at last known position via gravity compensation.
[pinn_controller_node-1] [WARN] [1784856834.337508353] [pinn_franka_controller]: Trajectory stale (327.2s > 2.0s) -- holding at last known position via gravity compensation.
[pinn_controller_node-1] [WARN] [1784856835.338353009] [pinn_franka_controller]: Trajectory stale (328.2s > 2.0s) -- holding at last known position via gravity compensation.
[pinn_controller_node-1] [WARN] [1784856836.339356846] [pinn_franka_controller]: Trajectory stale (329.2s > 2.0s) -- holding at last known position via gravity compensation.
[pinn_controller_node-1] [WARN] [1784856837.339752613] [pinn_franka_controller]: Trajectory stale (330.2s > 2.0s) -- holding at last known position via gravity compensation.
[pinn_controller_node-1] [WARN] [1784856838.340755406] [pinn_franka_controller]: Trajectory stale (331.2s > 2.0s) -- holding at last known position via gravity compensation.
[pinn_controller_node-1] [WARN] [1784856839.341027785] [pinn_franka_controller]: Trajectory stale (332.2s > 2.0s) -- holding at last known position via gravity compensation.
[pinn_controller_node-1] [WARN] [1784856840.341329615] [pinn_franka_controller]: Trajectory stale (333.2s > 2.0s) -- holding at last known position via gravity compensation.
[pinn_controller_node-1] [WARN] [1784856841.342208192] [pinn_franka_controller]: Trajectory stale (334.2s > 2.0s) -- holding at last known position via gravity compensation.
[pinn_controller_node-1] [WARN] [1784856842.342353361] [pinn_franka_controller]: Trajectory stale (335.2s > 2.0s) -- holding at last known position via gravity compensation.
[pinn_controller_node-1] [WARN] [1784856843.343465124] [pinn_franka_controller]: Trajectory stale (336.2s > 2.0s) -- holding at last known position via gravity compensation.
[pinn_controller_node-1] [WARN] [1784856844.343680345] [pinn_franka_controller]: Trajectory stale (337.2s > 2.0s) -- holding at last known position via gravity compensation.
[pinn_controller_node-1] [WARN] [1784856845.344439711] [pinn_franka_controller]: Trajectory stale (338.2s > 2.0s) -- holding at last known position via gravity compensation.
[pinn_controller_node-1] [WARN] [1784856846.345320997] [pinn_franka_controller]: Trajectory stale (339.2s > 2.0s) -- holding at last known position via gravity compensation.
[pinn_controller_node-1] [WARN] [1784856847.345339375] [pinn_franka_controller]: Trajectory stale (340.2s > 2.0s) -- holding at last known position via gravity compensation.
[pinn_controller_node-1] [WARN] [1784856848.346102240] [pinn_franka_controller]: Trajectory stale (341.2s > 2.0s) -- holding at last known position via gravity compensation.
[pinn_controller_node-1] [WARN] [1784856849.346358661] [pinn_franka_controller]: Trajectory stale (342.2s > 2.0s) -- holding at last known position via gravity compensation.
[pinn_controller_node-1] [WARN] [1784856850.346718692] [pinn_franka_controller]: Trajectory stale (343.2s > 2.0s) -- holding at last known position via gravity compensation.
[pinn_controller_node-1] [WARN] [1784856851.347379138] [pinn_franka_controller]: Trajectory stale (344.2s > 2.0s) -- holding at last known position via gravity compensation.
[pinn_controller_node-1] [WARN] [1784856852.347559260] [pinn_franka_controller]: Trajectory stale (345.2s > 2.0s) -- holding at last known position via gravity compensation.
[pinn_controller_node-1] [WARN] [1784856853.348376954] [pinn_franka_controller]: Trajectory stale (346.2s > 2.0s) -- holding at last known position via gravity compensation.
[pinn_controller_node-1] [WARN] [1784856854.349352451] [pinn_franka_controller]: Trajectory stale (347.2s > 2.0s) -- holding at last known position via gravity compensation.
[pinn_controller_node-1] [WARN] [1784856855.349366686] [pinn_franka_controller]: Trajectory stale (348.2s > 2.0s) -- holding at last known position via gravity compensation.
[pinn_controller_node-1] [WARN] [1784856856.349388647] [pinn_franka_controller]: Trajectory stale (349.2s > 2.0s) -- holding at last known position via gravity compensation.
[pinn_controller_node-1] [WARN] [1784856857.349473827] [pinn_franka_controller]: Trajectory stale (350.2s > 2.0s) -- holding at last known position via gravity compensation.
[pinn_controller_node-1] [WARN] [1784856858.349532545] [pinn_franka_controller]: Trajectory stale (351.2s > 2.0s) -- holding at last known position via gravity compensation.
[pinn_controller_node-1] [WARN] [1784856859.349662865] [pinn_franka_controller]: Trajectory stale (352.2s > 2.0s) -- holding at last known position via gravity compensation.
[pinn_controller_node-1] [WARN] [1784856860.350546362] [pinn_franka_controller]: Trajectory stale (353.2s > 2.0s) -- holding at last known position via gravity compensation.
[pinn_controller_node-1] [WARN] [1784856861.351308432] [pinn_franka_controller]: Trajectory stale (354.2s > 2.0s) -- holding at last known position via gravity compensation.
[pinn_controller_node-1] [WARN] [1784856862.351420779] [pinn_franka_controller]: Trajectory stale (355.2s > 2.0s) -- holding at last known position via gravity compensation.
[pinn_controller_node-1] [WARN] [1784856863.352375269] [pinn_franka_controller]: Trajectory stale (356.2s > 2.0s) -- holding at last known position via gravity compensation.
[pinn_controller_node-1] [WARN] [1784856864.352528084] [pinn_franka_controller]: Trajectory stale (357.2s > 2.0s) -- holding at last known position via gravity compensation.
[pinn_controller_node-1] [WARN] [1784856865.353031820] [pinn_franka_controller]: Trajectory stale (358.2s > 2.0s) -- holding at last known position via gravity compensation.
[pinn_controller_node-1] [WARN] [1784856866.353463729] [pinn_franka_controller]: Trajectory stale (359.2s > 2.0s) -- holding at last known position via gravity compensation.
[pinn_controller_node-1] [WARN] [1784856867.353536524] [pinn_franka_controller]: Trajectory stale (360.2s > 2.0s) -- holding at last known position via gravity compensation.
[pinn_controller_node-1] [WARN] [1784856868.354458475] [pinn_franka_controller]: Trajectory stale (361.2s > 2.0s) -- holding at last known position via gravity compensation.
[pinn_controller_node-1] [WARN] [1784856869.354605960] [pinn_franka_controller]: Trajectory stale (362.2s > 2.0s) -- holding at last known position via gravity compensation.
[pinn_controller_node-1] [WARN] [1784856870.355404398] [pinn_franka_controller]: Trajectory stale (363.2s > 2.0s) -- holding at last known position via gravity compensation.
[pinn_controller_node-1] [WARN] [1784856871.356347383] [pinn_franka_controller]: Trajectory stale (364.2s > 2.0s) -- holding at last known position via gravity compensation.
[pinn_controller_node-1] [WARN] [1784856872.356518641] [pinn_franka_controller]: Trajectory stale (365.2s > 2.0s) -- holding at last known position via gravity compensation.
[pinn_controller_node-1] [WARN] [1784856873.357398176] [pinn_franka_controller]: Trajectory stale (366.2s > 2.0s) -- holding at last known position via gravity compensation.
[pinn_controller_node-1] [WARN] [1784856874.358349925] [pinn_franka_controller]: Trajectory stale (367.2s > 2.0s) -- holding at last known position via gravity compensation.
[pinn_controller_node-1] [WARN] [1784856875.359418295] [pinn_franka_controller]: Trajectory stale (368.2s > 2.0s) -- holding at last known position via gravity compensation.
[pinn_controller_node-1] [WARN] [1784856876.360344182] [pinn_franka_controller]: Trajectory stale (369.2s > 2.0s) -- holding at last known position via gravity compensation.
[pinn_controller_node-1] [WARN] [1784856877.361334876] [pinn_franka_controller]: Trajectory stale (370.2s > 2.0s) -- holding at last known position via gravity compensation.
[pinn_controller_node-1] [WARN] [1784856878.361439994] [pinn_franka_controller]: Trajectory stale (371.2s > 2.0s) -- holding at last known position via gravity compensation.
[pinn_controller_node-1] [WARN] [1784856879.362205133] [pinn_franka_controller]: Trajectory stale (372.2s > 2.0s) -- holding at last known position via gravity compensation.
[pinn_controller_node-1] [WARN] [1784856880.363168188] [pinn_franka_controller]: Trajectory stale (373.2s > 2.0s) -- holding at last known position via gravity compensation.
[pinn_controller_node-1] [WARN] [1784856881.363461585] [pinn_franka_controller]: Trajectory stale (374.2s > 2.0s) -- holding at last known position via gravity compensation.
[pinn_controller_node-1] [WARN] [1784856882.363480157] [pinn_franka_controller]: Trajectory stale (375.2s > 2.0s) -- holding at last known position via gravity compensation.
[pinn_controller_node-1] [WARN] [1784856883.364319320] [pinn_franka_controller]: Trajectory stale (376.2s > 2.0s) -- holding at last known position via gravity compensation.
[pinn_controller_node-1] [WARN] [1784856884.364354569] [pinn_franka_controller]: Trajectory stale (377.2s > 2.0s) -- holding at last known position via gravity compensation.
[pinn_controller_node-1] [WARN] [1784856885.364388033] [pinn_franka_controller]: Trajectory stale (378.2s > 2.0s) -- holding at last known position via gravity compensation.
[pinn_controller_node-1] [WARN] [1784856886.364518944] [pinn_franka_controller]: Trajectory stale (379.2s > 2.0s) -- holding at last known position via gravity compensation.
[pinn_controller_node-1] [WARN] [1784856887.365354175] [pinn_franka_controller]: Trajectory stale (380.2s > 2.0s) -- holding at last known position via gravity compensation.
[pinn_controller_node-1] [WARN] [1784856888.365525218] [pinn_franka_controller]: Trajectory stale (381.2s > 2.0s) -- holding at last known position via gravity compensation.
[pinn_controller_node-1] [WARN] [1784856889.365550258] [pinn_franka_controller]: Trajectory stale (382.2s > 2.0s) -- holding at last known position via gravity compensation.
[pinn_controller_node-1] [WARN] [1784856890.366429558] [pinn_franka_controller]: Trajectory stale (383.2s > 2.0s) -- holding at last known position via gravity compensation.
[pinn_controller_node-1] [WARN] [1784856891.366441762] [pinn_franka_controller]: Trajectory stale (384.2s > 2.0s) -- holding at last known position via gravity compensation.
[pinn_controller_node-1] [WARN] [1784856892.367466134] [pinn_franka_controller]: Trajectory stale (385.2s > 2.0s) -- holding at last known position via gravity compensation.
[pinn_controller_node-1] [WARN] [1784856893.368179457] [pinn_franka_controller]: Trajectory stale (386.2s > 2.0s) -- holding at last known position via gravity compensation.
[pinn_controller_node-1] [WARN] [1784856894.369057742] [pinn_franka_controller]: Trajectory stale (387.2s > 2.0s) -- holding at last known position via gravity compensation.
[pinn_controller_node-1] [WARN] [1784856895.369334801] [pinn_franka_controller]: Trajectory stale (388.2s > 2.0s) -- holding at last known position via gravity compensation.
[pinn_controller_node-1] [WARN] [1784856896.369334586] [pinn_franka_controller]: Trajectory stale (389.2s > 2.0s) -- holding at last known position via gravity compensation.
[pinn_controller_node-1] [WARN] [1784856897.370139446] [pinn_franka_controller]: Trajectory stale (390.2s > 2.0s) -- holding at last known position via gravity compensation.
[pinn_controller_node-1] [WARN] [1784856898.370342879] [pinn_franka_controller]: Trajectory stale (391.2s > 2.0s) -- holding at last known position via gravity compensation.
[pinn_controller_node-1] [WARN] [1784856899.370782200] [pinn_franka_controller]: Trajectory stale (392.2s > 2.0s) -- holding at last known position via gravity compensation.
[pinn_controller_node-1] [WARN] [1784856900.371319952] [pinn_franka_controller]: Trajectory stale (393.2s > 2.0s) -- holding at last known position via gravity compensation.
[pinn_controller_node-1] [WARN] [1784856901.371546566] [pinn_franka_controller]: Trajectory stale (394.2s > 2.0s) -- holding at last known position via gravity compensation.
[pinn_controller_node-1] [WARN] [1784856902.372320916] [pinn_franka_controller]: Trajectory stale (395.2s > 2.0s) -- holding at last known position via gravity compensation.
[pinn_controller_node-1] [WARN] [1784856903.372370781] [pinn_franka_controller]: Trajectory stale (396.2s > 2.0s) -- holding at last known position via gravity compensation.
[pinn_controller_node-1] [WARN] [1784856904.373451304] [pinn_franka_controller]: Trajectory stale (397.2s > 2.0s) -- holding at last known position via gravity compensation.
[pinn_controller_node-1] [WARN] [1784856905.373616500] [pinn_franka_controller]: Trajectory stale (398.2s > 2.0s) -- holding at last known position via gravity compensation.
[pinn_controller_node-1] [WARN] [1784856906.374412996] [pinn_franka_controller]: Trajectory stale (399.2s > 2.0s) -- holding at last known position via gravity compensation.
[pinn_controller_node-1] [WARN] [1784856907.375489849] [pinn_franka_controller]: Trajectory stale (400.2s > 2.0s) -- holding at last known position via gravity compensation.
[pinn_controller_node-1] [WARN] [1784856908.376342132] [pinn_franka_controller]: Trajectory stale (401.2s > 2.0s) -- holding at last known position via gravity compensation.
[pinn_controller_node-1] [WARN] [1784856909.376413375] [pinn_franka_controller]: Trajectory stale (402.2s > 2.0s) -- holding at last known position via gravity compensation.
[pinn_controller_node-1] [WARN] [1784856910.376949600] [pinn_franka_controller]: Trajectory stale (403.2s > 2.0s) -- holding at last known position via gravity compensation.
[pinn_controller_node-1] [WARN] [1784856911.377483552] [pinn_franka_controller]: Trajectory stale (404.2s > 2.0s) -- holding at last known position via gravity compensation.
[pinn_controller_node-1] [WARN] [1784856912.378520941] [pinn_franka_controller]: Trajectory stale (405.2s > 2.0s) -- holding at last known position via gravity compensation.
[pinn_controller_node-1] [WARN] [1784856913.378533797] [pinn_franka_controller]: Trajectory stale (406.2s > 2.0s) -- holding at last known position via gravity compensation.
[pinn_controller_node-1] [WARN] [1784856914.379365720] [pinn_franka_controller]: Trajectory stale (407.2s > 2.0s) -- holding at last known position via gravity compensation.
[pinn_controller_node-1] [WARN] [1784856915.379642396] [pinn_franka_controller]: Trajectory stale (408.2s > 2.0s) -- holding at last known position via gravity compensation.
[pinn_controller_node-1] [WARN] [1784856916.380384162] [pinn_franka_controller]: Trajectory stale (409.2s > 2.0s) -- holding at last known position via gravity compensation.
[pinn_controller_node-1] [WARN] [1784856917.381380161] [pinn_franka_controller]: Trajectory stale (410.2s > 2.0s) -- holding at last known position via gravity compensation.
[pinn_controller_node-1] [WARN] [1784856918.381433985] [pinn_franka_controller]: Trajectory stale (411.2s > 2.0s) -- holding at last known position via gravity compensation.
[pinn_controller_node-1] [WARN] [1784856919.381548221] [pinn_franka_controller]: Trajectory stale (412.2s > 2.0s) -- holding at last known position via gravity compensation.
[pinn_controller_node-1] [WARN] [1784856920.382352089] [pinn_franka_controller]: Trajectory stale (413.2s > 2.0s) -- holding at last known position via gravity compensation.
[pinn_controller_node-1] [WARN] [1784856921.382399060] [pinn_franka_controller]: Trajectory stale (414.2s > 2.0s) -- holding at last known position via gravity compensation.
[pinn_controller_node-1] [WARN] [1784856922.383345570] [pinn_franka_controller]: Trajectory stale (415.2s > 2.0s) -- holding at last known position via gravity compensation.
[pinn_controller_node-1] [WARN] [1784856923.384245817] [pinn_franka_controller]: Trajectory stale (416.2s > 2.0s) -- holding at last known position via gravity compensation.
[pinn_controller_node-1] [WARN] [1784856924.384435930] [pinn_franka_controller]: Trajectory stale (417.2s > 2.0s) -- holding at last known position via gravity compensation.
[pinn_controller_node-1] [WARN] [1784856925.384762339] [pinn_franka_controller]: Trajectory stale (418.2s > 2.0s) -- holding at last known position via gravity compensation.
[pinn_controller_node-1] [WARN] [1784856926.385334321] [pinn_franka_controller]: Trajectory stale (419.2s > 2.0s) -- holding at last known position via gravity compensation.
[pinn_controller_node-1] [WARN] [1784856927.385801592] [pinn_franka_controller]: Trajectory stale (420.2s > 2.0s) -- holding at last known position via gravity compensation.
[pinn_controller_node-1] [WARN] [1784856928.386118955] [pinn_franka_controller]: Trajectory stale (421.2s > 2.0s) -- holding at last known position via gravity compensation.
[pinn_controller_node-1] [WARN] [1784856929.386787055] [pinn_franka_controller]: Trajectory stale (422.2s > 2.0s) -- holding at last known position via gravity compensation.
[pinn_controller_node-1] [WARN] [1784856930.386827473] [pinn_franka_controller]: Trajectory stale (423.2s > 2.0s) -- holding at last known position via gravity compensation.
[pinn_controller_node-1] [WARN] [1784856931.387527130] [pinn_franka_controller]: Trajectory stale (424.2s > 2.0s) -- holding at last known position via gravity compensation.
[pinn_controller_node-1] [WARN] [1784856932.387944023] [pinn_franka_controller]: Trajectory stale (425.2s > 2.0s) -- holding at last known position via gravity compensation.
[pinn_controller_node-1] [WARN] [1784856933.388359227] [pinn_franka_controller]: Trajectory stale (426.2s > 2.0s) -- holding at last known position via gravity compensation.
[pinn_controller_node-1] [WARN] [1784856934.389327803] [pinn_franka_controller]: Trajectory stale (427.2s > 2.0s) -- holding at last known position via gravity compensation.
[pinn_controller_node-1] [WARN] [1784856935.390225142] [pinn_franka_controller]: Trajectory stale (428.2s > 2.0s) -- holding at last known position via gravity compensation.
[pinn_controller_node-1] [WARN] [1784856936.391459475] [pinn_franka_controller]: Trajectory stale (429.2s > 2.0s) -- holding at last known position via gravity compensation.
[pinn_controller_node-1] [WARN] [1784856937.392318913] [pinn_franka_controller]: Trajectory stale (430.2s > 2.0s) -- holding at last known position via gravity compensation.
[pinn_controller_node-1] [WARN] [1784856938.392593397] [pinn_franka_controller]: Trajectory stale (431.2s > 2.0s) -- holding at last known position via gravity compensation.
[pinn_controller_node-1] [WARN] [1784856939.393543078] [pinn_franka_controller]: Trajectory stale (432.2s > 2.0s) -- holding at last known position via gravity compensation.
[pinn_controller_node-1] [WARN] [1784856940.393580485] [pinn_franka_controller]: Trajectory stale (433.2s > 2.0s) -- holding at last known position via gravity compensation.
[pinn_controller_node-1] [WARN] [1784856941.394396187] [pinn_franka_controller]: Trajectory stale (434.2s > 2.0s) -- holding at last known position via gravity compensation.
[pinn_controller_node-1] [WARN] [1784856942.395286894] [pinn_franka_controller]: Trajectory stale (435.2s > 2.0s) -- holding at last known position via gravity compensation.
[pinn_controller_node-1] [WARN] [1784856943.395352233] [pinn_franka_controller]: Trajectory stale (436.2s > 2.0s) -- holding at last known position via gravity compensation.
[pinn_controller_node-1] [WARN] [1784856944.396344447] [pinn_franka_controller]: Trajectory stale (437.2s > 2.0s) -- holding at last known position via gravity compensation.
[pinn_controller_node-1] [WARN] [1784856945.396509772] [pinn_franka_controller]: Trajectory stale (438.2s > 2.0s) -- holding at last known position via gravity compensation.
[pinn_controller_node-1] [WARN] [1784856946.397396172] [pinn_franka_controller]: Trajectory stale (439.2s > 2.0s) -- holding at last known position via gravity compensation.
[pinn_controller_node-1] [WARN] [1784856947.398137711] [pinn_franka_controller]: Trajectory stale (440.2s > 2.0s) -- holding at last known position via gravity compensation.
[pinn_controller_node-1] [WARN] [1784856948.398803421] [pinn_franka_controller]: Trajectory stale (441.2s > 2.0s) -- holding at last known position via gravity compensation.
[pinn_controller_node-1] [WARN] [1784856949.399378134] [pinn_franka_controller]: Trajectory stale (442.2s > 2.0s) -- holding at last known position via gravity compensation.
[pinn_controller_node-1] [WARN] [1784856950.400356100] [pinn_franka_controller]: Trajectory stale (443.2s > 2.0s) -- holding at last known position via gravity compensation.
[pinn_controller_node-1] [WARN] [1784856951.400635808] [pinn_franka_controller]: Trajectory stale (444.2s > 2.0s) -- holding at last known position via gravity compensation.
[pinn_controller_node-1] [WARN] [1784856952.400877313] [pinn_franka_controller]: Trajectory stale (445.2s > 2.0s) -- holding at last known position via gravity compensation.
[pinn_controller_node-1] [WARN] [1784856953.401000403] [pinn_franka_controller]: Trajectory stale (446.2s > 2.0s) -- holding at last known position via gravity compensation.
[pinn_controller_node-1] [WARN] [1784856954.401001009] [pinn_franka_controller]: Trajectory stale (447.2s > 2.0s) -- holding at last known position via gravity compensation.
[pinn_controller_node-1] [WARN] [1784856955.401384070] [pinn_franka_controller]: Trajectory stale (448.2s > 2.0s) -- holding at last known position via gravity compensation.
[pinn_controller_node-1] [WARN] [1784856956.402395989] [pinn_franka_controller]: Trajectory stale (449.2s > 2.0s) -- holding at last known position via gravity compensation.
[pinn_controller_node-1] [WARN] [1784856957.402730165] [pinn_franka_controller]: Trajectory stale (450.2s > 2.0s) -- holding at last known position via gravity compensation.
[pinn_controller_node-1] [WARN] [1784856958.403441614] [pinn_franka_controller]: Trajectory stale (451.2s > 2.0s) -- holding at last known position via gravity compensation.
[pinn_controller_node-1] [WARN] [1784856959.404897384] [pinn_franka_controller]: Trajectory stale (452.2s > 2.0s) -- holding at last known position via gravity compensation.
[pinn_controller_node-1] [WARN] [1784856960.405989771] [pinn_franka_controller]: Trajectory stale (453.2s > 2.0s) -- holding at last known position via gravity compensation.
[pinn_controller_node-1] [WARN] [1784856961.406332319] [pinn_franka_controller]: Trajectory stale (454.2s > 2.0s) -- holding at last known position via gravity compensation.
[pinn_controller_node-1] [WARN] [1784856962.406361088] [pinn_franka_controller]: Trajectory stale (455.2s > 2.0s) -- holding at last known position via gravity compensation.
[pinn_controller_node-1] [WARN] [1784856963.406651659] [pinn_franka_controller]: Trajectory stale (456.2s > 2.0s) -- holding at last known position via gravity compensation.
[pinn_controller_node-1] [WARN] [1784856964.407425122] [pinn_franka_controller]: Trajectory stale (457.2s > 2.0s) -- holding at last known position via gravity compensation.
[pinn_controller_node-1] [WARN] [1784856965.408357402] [pinn_franka_controller]: Trajectory stale (458.2s > 2.0s) -- holding at last known position via gravity compensation.
[pinn_controller_node-1] [WARN] [1784856966.408451030] [pinn_franka_controller]: Trajectory stale (459.2s > 2.0s) -- holding at last known position via gravity compensation.
[pinn_controller_node-1] [WARN] [1784856967.409355433] [pinn_franka_controller]: Trajectory stale (460.2s > 2.0s) -- holding at last known position via gravity compensation.
[pinn_controller_node-1] [WARN] [1784856968.410348678] [pinn_franka_controller]: Trajectory stale (461.2s > 2.0s) -- holding at last known position via gravity compensation.
[pinn_controller_node-1] [WARN] [1784856969.411354339] [pinn_franka_controller]: Trajectory stale (462.2s > 2.0s) -- holding at last known position via gravity compensation.
[pinn_controller_node-1] [WARN] [1784856970.412378676] [pinn_franka_controller]: Trajectory stale (463.2s > 2.0s) -- holding at last known position via gravity compensation.
[pinn_controller_node-1] [WARN] [1784856971.412408769] [pinn_franka_controller]: Trajectory stale (464.2s > 2.0s) -- holding at last known position via gravity compensation.
[pinn_controller_node-1] [WARN] [1784856972.412434839] [pinn_franka_controller]: Trajectory stale (465.2s > 2.0s) -- holding at last known position via gravity compensation.
[pinn_controller_node-1] [WARN] [1784856973.412549992] [pinn_franka_controller]: Trajectory stale (466.2s > 2.0s) -- holding at last known position via gravity compensation.
[pinn_controller_node-1] [WARN] [1784856974.413354820] [pinn_franka_controller]: Trajectory stale (467.2s > 2.0s) -- holding at last known position via gravity compensation.
[pinn_controller_node-1] [WARN] [1784856975.414376798] [pinn_franka_controller]: Trajectory stale (468.2s > 2.0s) -- holding at last known position via gravity compensation.
[pinn_controller_node-1] [WARN] [1784856976.414459014] [pinn_franka_controller]: Trajectory stale (469.2s > 2.0s) -- holding at last known position via gravity compensation.
[pinn_controller_node-1] [WARN] [1784856977.415387675] [pinn_franka_controller]: Trajectory stale (470.2s > 2.0s) -- holding at last known position via gravity compensation.
[pinn_controller_node-1] [WARN] [1784856978.415523872] [pinn_franka_controller]: Trajectory stale (471.2s > 2.0s) -- holding at last known position via gravity compensation.
[pinn_controller_node-1] [WARN] [1784856979.416367064] [pinn_franka_controller]: Trajectory stale (472.2s > 2.0s) -- holding at last known position via gravity compensation.
[pinn_controller_node-1] [WARN] [1784856980.417359495] [pinn_franka_controller]: Trajectory stale (473.2s > 2.0s) -- holding at last known position via gravity compensation.
[pinn_controller_node-1] [WARN] [1784856981.417370907] [pinn_franka_controller]: Trajectory stale (474.2s > 2.0s) -- holding at last known position via gravity compensation.
[pinn_controller_node-1] [WARN] [1784856982.418346297] [pinn_franka_controller]: Trajectory stale (475.2s > 2.0s) -- holding at last known position via gravity compensation.
[pinn_controller_node-1] [WARN] [1784856983.418682754] [pinn_franka_controller]: Trajectory stale (476.2s > 2.0s) -- holding at last known position via gravity compensation.
[pinn_controller_node-1] [WARN] [1784856984.419380027] [pinn_franka_controller]: Trajectory stale (477.2s > 2.0s) -- holding at last known position via gravity compensation.
[pinn_controller_node-1] [WARN] [1784856985.419475313] [pinn_franka_controller]: Trajectory stale (478.2s > 2.0s) -- holding at last known position via gravity compensation.
[pinn_controller_node-1] [WARN] [1784856986.420437423] [pinn_franka_controller]: Trajectory stale (479.2s > 2.0s) -- holding at last known position via gravity compensation.
[pinn_controller_node-1] [WARN] [1784856987.421347944] [pinn_franka_controller]: Trajectory stale (480.2s > 2.0s) -- holding at last known position via gravity compensation.
[pinn_controller_node-1] [WARN] [1784856988.421550813] [pinn_franka_controller]: Trajectory stale (481.2s > 2.0s) -- holding at last known position via gravity compensation.
[pinn_controller_node-1] [WARN] [1784856989.422432021] [pinn_franka_controller]: Trajectory stale (482.2s > 2.0s) -- holding at last known position via gravity compensation.
[pinn_controller_node-1] [WARN] [1784856990.422684147] [pinn_franka_controller]: Trajectory stale (483.2s > 2.0s) -- holding at last known position via gravity compensation.
[pinn_controller_node-1] [WARN] [1784856991.423420371] [pinn_franka_controller]: Trajectory stale (484.2s > 2.0s) -- holding at last known position via gravity compensation.
[pinn_controller_node-1] [WARN] [1784856992.424392096] [pinn_franka_controller]: Trajectory stale (485.2s > 2.0s) -- holding at last known position via gravity compensation.
[pinn_controller_node-1] [WARN] [1784856993.425411925] [pinn_franka_controller]: Trajectory stale (486.2s > 2.0s) -- holding at last known position via gravity compensation.
[pinn_controller_node-1] [WARN] [1784856994.426328074] [pinn_franka_controller]: Trajectory stale (487.2s > 2.0s) -- holding at last known position via gravity compensation.
[pinn_controller_node-1] [WARN] [1784856995.426664931] [pinn_franka_controller]: Trajectory stale (488.2s > 2.0s) -- holding at last known position via gravity compensation.
[pinn_controller_node-1] [WARN] [1784856996.427579878] [pinn_franka_controller]: Trajectory stale (489.2s > 2.0s) -- holding at last known position via gravity compensation.
[pinn_controller_node-1] [WARN] [1784856997.427783561] [pinn_franka_controller]: Trajectory stale (490.2s > 2.0s) -- holding at last known position via gravity compensation.
[pinn_controller_node-1] [WARN] [1784856998.428751140] [pinn_franka_controller]: Trajectory stale (491.3s > 2.0s) -- holding at last known position via gravity compensation.
[pinn_controller_node-1] [WARN] [1784856999.429420551] [pinn_franka_controller]: Trajectory stale (492.3s > 2.0s) -- holding at last known position via gravity compensation.
[pinn_controller_node-1] [WARN] [1784857000.430436405] [pinn_franka_controller]: Trajectory stale (493.3s > 2.0s) -- holding at last known position via gravity compensation.
[pinn_controller_node-1] [WARN] [1784857001.430440459] [pinn_franka_controller]: Trajectory stale (494.3s > 2.0s) -- holding at last known position via gravity compensation.
[pinn_controller_node-1] [WARN] [1784857002.431565941] [pinn_franka_controller]: Trajectory stale (495.3s > 2.0s) -- holding at last known position via gravity compensation.
[pinn_controller_node-1] [WARN] [1784857003.433218634] [pinn_franka_controller]: Trajectory stale (496.3s > 2.0s) -- holding at last known position via gravity compensation.
[pinn_controller_node-1] [WARN] [1784857004.433354143] [pinn_franka_controller]: Trajectory stale (497.3s > 2.0s) -- holding at last known position via gravity compensation.
[pinn_controller_node-1] [WARN] [1784857005.433556272] [pinn_franka_controller]: Trajectory stale (498.3s > 2.0s) -- holding at last known position via gravity compensation.
[pinn_controller_node-1] [WARN] [1784857006.433883639] [pinn_franka_controller]: Trajectory stale (499.3s > 2.0s) -- holding at last known position via gravity compensation.
[pinn_controller_node-1] [WARN] [1784857007.434796971] [pinn_franka_controller]: Trajectory stale (500.3s > 2.0s) -- holding at last known position via gravity compensation.
[pinn_controller_node-1] [WARN] [1784857008.435343783] [pinn_franka_controller]: Trajectory stale (501.3s > 2.0s) -- holding at last known position via gravity compensation.
[pinn_controller_node-1] [WARN] [1784857009.435377527] [pinn_franka_controller]: Trajectory stale (502.3s > 2.0s) -- holding at last known position via gravity compensation.
[pinn_controller_node-1] [WARN] [1784857010.435510665] [pinn_franka_controller]: Trajectory stale (503.3s > 2.0s) -- holding at last known position via gravity compensation.
[pinn_controller_node-1] [WARN] [1784857011.436322734] [pinn_franka_controller]: Trajectory stale (504.3s > 2.0s) -- holding at last known position via gravity compensation.
[pinn_controller_node-1] [WARN] [1784857012.437349102] [pinn_franka_controller]: Trajectory stale (505.3s > 2.0s) -- holding at last known position via gravity compensation.
[pinn_controller_node-1] [WARN] [1784857013.437609882] [pinn_franka_controller]: Trajectory stale (506.3s > 2.0s) -- holding at last known position via gravity compensation.
[pinn_controller_node-1] [WARN] [1784857014.438482365] [pinn_franka_controller]: Trajectory stale (507.3s > 2.0s) -- holding at last known position via gravity compensation.
[pinn_controller_node-1] [WARN] [1784857015.439433367] [pinn_franka_controller]: Trajectory stale (508.3s > 2.0s) -- holding at last known position via gravity compensation.
[pinn_controller_node-1] [WARN] [1784857016.440370704] [pinn_franka_controller]: Trajectory stale (509.3s > 2.0s) -- holding at last known position via gravity compensation.
[pinn_controller_node-1] [WARN] [1784857017.441351873] [pinn_franka_controller]: Trajectory stale (510.3s > 2.0s) -- holding at last known position via gravity compensation.
[pinn_controller_node-1] [WARN] [1784857018.441444179] [pinn_franka_controller]: Trajectory stale (511.3s > 2.0s) -- holding at last known position via gravity compensation.
[pinn_controller_node-1] [WARN] [1784857019.441556717] [pinn_franka_controller]: Trajectory stale (512.3s > 2.0s) -- holding at last known position via gravity compensation.
[pinn_controller_node-1] [WARN] [1784857020.442373207] [pinn_franka_controller]: Trajectory stale (513.3s > 2.0s) -- holding at last known position via gravity compensation.
[pinn_controller_node-1] [WARN] [1784857021.443486065] [pinn_franka_controller]: Trajectory stale (514.3s > 2.0s) -- holding at last known position via gravity compensation.
[pinn_controller_node-1] [WARN] [1784857022.443660327] [pinn_franka_controller]: Trajectory stale (515.3s > 2.0s) -- holding at last known position via gravity compensation.
[pinn_controller_node-1] [WARN] [1784857023.443835802] [pinn_franka_controller]: Trajectory stale (516.3s > 2.0s) -- holding at last known position via gravity compensation.
[pinn_controller_node-1] [WARN] [1784857024.444372579] [pinn_franka_controller]: Trajectory stale (517.3s > 2.0s) -- holding at last known position via gravity compensation.
[pinn_controller_node-1] [WARN] [1784857025.444478993] [pinn_franka_controller]: Trajectory stale (518.3s > 2.0s) -- holding at last known position via gravity compensation.
[pinn_controller_node-1] [WARN] [1784857026.445010730] [pinn_franka_controller]: Trajectory stale (519.3s > 2.0s) -- holding at last known position via gravity compensation.
[pinn_controller_node-1] [WARN] [1784857027.445405808] [pinn_franka_controller]: Trajectory stale (520.3s > 2.0s) -- holding at last known position via gravity compensation.
[pinn_controller_node-1] [WARN] [1784857028.446353667] [pinn_franka_controller]: Trajectory stale (521.3s > 2.0s) -- holding at last known position via gravity compensation.
[pinn_controller_node-1] [WARN] [1784857029.446458850] [pinn_franka_controller]: Trajectory stale (522.3s > 2.0s) -- holding at last known position via gravity compensation.
[pinn_controller_node-1] [WARN] [1784857030.447463413] [pinn_franka_controller]: Trajectory stale (523.3s > 2.0s) -- holding at last known position via gravity compensation.
[pinn_controller_node-1] [WARN] [1784857031.448370491] [pinn_franka_controller]: Trajectory stale (524.3s > 2.0s) -- holding at last known position via gravity compensation.
[pinn_controller_node-1] [WARN] [1784857032.449341640] [pinn_franka_controller]: Trajectory stale (525.3s > 2.0s) -- holding at last known position via gravity compensation.
[pinn_controller_node-1] [WARN] [1784857033.449452655] [pinn_franka_controller]: Trajectory stale (526.3s > 2.0s) -- holding at last known position via gravity compensation.
[pinn_controller_node-1] [WARN] [1784857034.449957309] [pinn_franka_controller]: Trajectory stale (527.3s > 2.0s) -- holding at last known position via gravity compensation.
[pinn_controller_node-1] [WARN] [1784857035.450385775] [pinn_franka_controller]: Trajectory stale (528.3s > 2.0s) -- holding at last known position via gravity compensation.
[pinn_controller_node-1] [WARN] [1784857036.451596467] [pinn_franka_controller]: Trajectory stale (529.3s > 2.0s) -- holding at last known position via gravity compensation.
[pinn_controller_node-1] [WARN] [1784857037.451720465] [pinn_franka_controller]: Trajectory stale (530.3s > 2.0s) -- holding at last known position via gravity compensation.
[pinn_controller_node-1] [WARN] [1784857038.452497029] [pinn_franka_controller]: Trajectory stale (531.3s > 2.0s) -- holding at last known position via gravity compensation.
[pinn_controller_node-1] [WARN] [1784857039.453315594] [pinn_franka_controller]: Trajectory stale (532.3s > 2.0s) -- holding at last known position via gravity compensation.
[pinn_controller_node-1] [WARN] [1784857040.453381395] [pinn_franka_controller]: Trajectory stale (533.3s > 2.0s) -- holding at last known position via gravity compensation.
[pinn_controller_node-1] [WARN] [1784857041.453546207] [pinn_franka_controller]: Trajectory stale (534.3s > 2.0s) -- holding at last known position via gravity compensation.
[pinn_controller_node-1] [WARN] [1784857042.454335326] [pinn_franka_controller]: Trajectory stale (535.3s > 2.0s) -- holding at last known position via gravity compensation.
[pinn_controller_node-1] [WARN] [1784857043.454421618] [pinn_franka_controller]: Trajectory stale (536.3s > 2.0s) -- holding at last known position via gravity compensation.
[pinn_controller_node-1] [WARN] [1784857044.454678644] [pinn_franka_controller]: Trajectory stale (537.3s > 2.0s) -- holding at last known position via gravity compensation.
[pinn_controller_node-1] [WARN] [1784857045.455288452] [pinn_franka_controller]: Trajectory stale (538.3s > 2.0s) -- holding at last known position via gravity compensation.
[pinn_controller_node-1] [WARN] [1784857046.455289246] [pinn_franka_controller]: Trajectory stale (539.3s > 2.0s) -- holding at last known position via gravity compensation.
[pinn_controller_node-1] [WARN] [1784857047.455968190] [pinn_franka_controller]: Trajectory stale (540.3s > 2.0s) -- holding at last known position via gravity compensation.
[pinn_controller_node-1] [WARN] [1784857048.456287725] [pinn_franka_controller]: Trajectory stale (541.3s > 2.0s) -- holding at last known position via gravity compensation.
[pinn_controller_node-1] [WARN] [1784857049.456357723] [pinn_franka_controller]: Trajectory stale (542.3s > 2.0s) -- holding at last known position via gravity compensation.
[pinn_controller_node-1] [WARN] [1784857050.456424895] [pinn_franka_controller]: Trajectory stale (543.3s > 2.0s) -- holding at last known position via gravity compensation.
[pinn_controller_node-1] [WARN] [1784857051.457449527] [pinn_franka_controller]: Trajectory stale (544.3s > 2.0s) -- holding at last known position via gravity compensation.
[pinn_controller_node-1] [WARN] [1784857052.458365503] [pinn_franka_controller]: Trajectory stale (545.3s > 2.0s) -- holding at last known position via gravity compensation.
[pinn_controller_node-1] [WARN] [1784857053.459354141] [pinn_franka_controller]: Trajectory stale (546.3s > 2.0s) -- holding at last known position via gravity compensation.
[pinn_controller_node-1] [WARN] [1784857054.459733539] [pinn_franka_controller]: Trajectory stale (547.3s > 2.0s) -- holding at last known position via gravity compensation.
[pinn_controller_node-1] [WARN] [1784857055.460311210] [pinn_franka_controller]: Trajectory stale (548.3s > 2.0s) -- holding at last known position via gravity compensation.
[pinn_controller_node-1] [WARN] [1784857056.460443016] [pinn_franka_controller]: Trajectory stale (549.3s > 2.0s) -- holding at last known position via gravity compensation.
[pinn_controller_node-1] [WARN] [1784857057.461370681] [pinn_franka_controller]: Trajectory stale (550.3s > 2.0s) -- holding at last known position via gravity compensation.
[pinn_controller_node-1] [WARN] [1784857058.461453816] [pinn_franka_controller]: Trajectory stale (551.3s > 2.0s) -- holding at last known position via gravity compensation.
[pinn_controller_node-1] [WARN] [1784857059.462327725] [pinn_franka_controller]: Trajectory stale (552.3s > 2.0s) -- holding at last known position via gravity compensation.
[pinn_controller_node-1] [WARN] [1784857060.462338043] [pinn_franka_controller]: Trajectory stale (553.3s > 2.0s) -- holding at last known position via gravity compensation.
[pinn_controller_node-1] [WARN] [1784857061.463373740] [pinn_franka_controller]: Trajectory stale (554.3s > 2.0s) -- holding at last known position via gravity compensation.
[pinn_controller_node-1] [WARN] [1784857062.463732747] [pinn_franka_controller]: Trajectory stale (555.3s > 2.0s) -- holding at last known position via gravity compensation.
[pinn_controller_node-1] [WARN] [1784857063.464368525] [pinn_franka_controller]: Trajectory stale (556.3s > 2.0s) -- holding at last known position via gravity compensation.
[pinn_controller_node-1] [WARN] [1784857064.464515999] [pinn_franka_controller]: Trajectory stale (557.3s > 2.0s) -- holding at last known position via gravity compensation.
[pinn_controller_node-1] [WARN] [1784857065.464995434] [pinn_franka_controller]: Trajectory stale (558.3s > 2.0s) -- holding at last known position via gravity compensation.
[pinn_controller_node-1] [WARN] [1784857066.465344457] [pinn_franka_controller]: Trajectory stale (559.3s > 2.0s) -- holding at last known position via gravity compensation.
[pinn_controller_node-1] [WARN] [1784857067.465372415] [pinn_franka_controller]: Trajectory stale (560.3s > 2.0s) -- holding at last known position via gravity compensation.
[pinn_controller_node-1] [WARN] [1784857068.465935924] [pinn_franka_controller]: Trajectory stale (561.3s > 2.0s) -- holding at last known position via gravity compensation.
[pinn_controller_node-1] [WARN] [1784857069.466766096] [pinn_franka_controller]: Trajectory stale (562.3s > 2.0s) -- holding at last known position via gravity compensation.
[pinn_controller_node-1] [WARN] [1784857070.467276735] [pinn_franka_controller]: Trajectory stale (563.3s > 2.0s) -- holding at last known position via gravity compensation.
[pinn_controller_node-1] [WARN] [1784857071.467350846] [pinn_franka_controller]: Trajectory stale (564.3s > 2.0s) -- holding at last known position via gravity compensation.
[pinn_controller_node-1] [WARN] [1784857072.467371189] [pinn_franka_controller]: Trajectory stale (565.3s > 2.0s) -- holding at last known position via gravity compensation.
[pinn_controller_node-1] [WARN] [1784857073.468350627] [pinn_franka_controller]: Trajectory stale (566.3s > 2.0s) -- holding at last known position via gravity compensation.
[pinn_controller_node-1] [WARN] [1784857074.469359493] [pinn_franka_controller]: Trajectory stale (567.3s > 2.0s) -- holding at last known position via gravity compensation.
[pinn_controller_node-1] [WARN] [1784857075.469513739] [pinn_franka_controller]: Trajectory stale (568.3s > 2.0s) -- holding at last known position via gravity compensation.
[pinn_controller_node-1] [WARN] [1784857076.469514518] [pinn_franka_controller]: Trajectory stale (569.3s > 2.0s) -- holding at last known position via gravity compensation.
[pinn_controller_node-1] [WARN] [1784857077.470047114] [pinn_franka_controller]: Trajectory stale (570.3s > 2.0s) -- holding at last known position via gravity compensation.
[pinn_controller_node-1] [WARN] [1784857078.470356145] [pinn_franka_controller]: Trajectory stale (571.3s > 2.0s) -- holding at last known position via gravity compensation.
[pinn_controller_node-1] [WARN] [1784857079.470367130] [pinn_franka_controller]: Trajectory stale (572.3s > 2.0s) -- holding at last known position via gravity compensation.
[pinn_controller_node-1] [WARN] [1784857080.471351990] [pinn_franka_controller]: Trajectory stale (573.3s > 2.0s) -- holding at last known position via gravity compensation.
[pinn_controller_node-1] [WARN] [1784857081.471362126] [pinn_franka_controller]: Trajectory stale (574.3s > 2.0s) -- holding at last known position via gravity compensation.
[pinn_controller_node-1] [WARN] [1784857082.471686643] [pinn_franka_controller]: Trajectory stale (575.3s > 2.0s) -- holding at last known position via gravity compensation.
[pinn_controller_node-1] [WARN] [1784857083.472349019] [pinn_franka_controller]: Trajectory stale (576.3s > 2.0s) -- holding at last known position via gravity compensation.
[pinn_controller_node-1] [WARN] [1784857084.472510188] [pinn_franka_controller]: Trajectory stale (577.3s > 2.0s) -- holding at last known position via gravity compensation.
[pinn_controller_node-1] [WARN] [1784857085.473504160] [pinn_franka_controller]: Trajectory stale (578.3s > 2.0s) -- holding at last known position via gravity compensation.
[pinn_controller_node-1] [WARN] [1784857086.473929400] [pinn_franka_controller]: Trajectory stale (579.3s > 2.0s) -- holding at last known position via gravity compensation.
[pinn_controller_node-1] [WARN] [1784857087.474546593] [pinn_franka_controller]: Trajectory stale (580.3s > 2.0s) -- holding at last known position via gravity compensation.
[pinn_controller_node-1] [WARN] [1784857088.475355615] [pinn_franka_controller]: Trajectory stale (581.3s > 2.0s) -- holding at last known position via gravity compensation.
[pinn_controller_node-1] [WARN] [1784857089.475564755] [pinn_franka_controller]: Trajectory stale (582.3s > 2.0s) -- holding at last known position via gravity compensation.
[pinn_controller_node-1] [WARN] [1784857090.476376350] [pinn_franka_controller]: Trajectory stale (583.3s > 2.0s) -- holding at last known position via gravity compensation.
[pinn_controller_node-1] [WARN] [1784857091.477341194] [pinn_franka_controller]: Trajectory stale (584.3s > 2.0s) -- holding at last known position via gravity compensation.
[pinn_controller_node-1] [WARN] [1784857092.477445491] [pinn_franka_controller]: Trajectory stale (585.3s > 2.0s) -- holding at last known position via gravity compensation.
[pinn_controller_node-1] [WARN] [1784857093.478360772] [pinn_franka_controller]: Trajectory stale (586.3s > 2.0s) -- holding at last known position via gravity compensation.
[pinn_controller_node-1] [WARN] [1784857094.478372669] [pinn_franka_controller]: Trajectory stale (587.3s > 2.0s) -- holding at last known position via gravity compensation.
[pinn_controller_node-1] [WARN] [1784857095.479376934] [pinn_franka_controller]: Trajectory stale (588.3s > 2.0s) -- holding at last known position via gravity compensation.
[pinn_controller_node-1] [WARN] [1784857096.480353427] [pinn_franka_controller]: Trajectory stale (589.3s > 2.0s) -- holding at last known position via gravity compensation.
[pinn_controller_node-1] [WARN] [1784857097.480376905] [pinn_franka_controller]: Trajectory stale (590.3s > 2.0s) -- holding at last known position via gravity compensation.
[pinn_controller_node-1] [WARN] [1784857098.480729483] [pinn_franka_controller]: Trajectory stale (591.3s > 2.0s) -- holding at last known position via gravity compensation.
[pinn_controller_node-1] [WARN] [1784857099.481421082] [pinn_franka_controller]: Trajectory stale (592.3s > 2.0s) -- holding at last known position via gravity compensation.
[pinn_controller_node-1] [WARN] [1784857100.481587067] [pinn_franka_controller]: Trajectory stale (593.3s > 2.0s) -- holding at last known position via gravity compensation.
[pinn_controller_node-1] [WARN] [1784857101.482137534] [pinn_franka_controller]: Trajectory stale (594.3s > 2.0s) -- holding at last known position via gravity compensation.
[pinn_controller_node-1] [WARN] [1784857102.482350398] [pinn_franka_controller]: Trajectory stale (595.3s > 2.0s) -- holding at last known position via gravity compensation.
[pinn_controller_node-1] [WARN] [1784857103.482472502] [pinn_franka_controller]: Trajectory stale (596.3s > 2.0s) -- holding at last known position via gravity compensation.
[pinn_controller_node-1] [WARN] [1784857104.483368177] [pinn_franka_controller]: Trajectory stale (597.3s > 2.0s) -- holding at last known position via gravity compensation.
[pinn_controller_node-1] [WARN] [1784857105.483734105] [pinn_franka_controller]: Trajectory stale (598.3s > 2.0s) -- holding at last known position via gravity compensation.
[pinn_controller_node-1] [WARN] [1784857106.484352129] [pinn_franka_controller]: Trajectory stale (599.3s > 2.0s) -- holding at last known position via gravity compensation.
[pinn_controller_node-1] [WARN] [1784857107.484358658] [pinn_franka_controller]: Trajectory stale (600.3s > 2.0s) -- holding at last known position via gravity compensation.
[pinn_controller_node-1] [WARN] [1784857108.485372016] [pinn_franka_controller]: Trajectory stale (601.3s > 2.0s) -- holding at last known position via gravity compensation.
[pinn_controller_node-1] [WARN] [1784857109.485590761] [pinn_franka_controller]: Trajectory stale (602.3s > 2.0s) -- holding at last known position via gravity compensation.
[pinn_controller_node-1] [WARN] [1784857110.486379384] [pinn_franka_controller]: Trajectory stale (603.3s > 2.0s) -- holding at last known position via gravity compensation.
[pinn_controller_node-1] [WARN] [1784857111.487344198] [pinn_franka_controller]: Trajectory stale (604.3s > 2.0s) -- holding at last known position via gravity compensation.
[pinn_controller_node-1] [WARN] [1784857112.487450236] [pinn_franka_controller]: Trajectory stale (605.3s > 2.0s) -- holding at last known position via gravity compensation.
[pinn_controller_node-1] [WARN] [1784857113.488386935] [pinn_franka_controller]: Trajectory stale (606.3s > 2.0s) -- holding at last known position via gravity compensation.
[pinn_controller_node-1] [WARN] [1784857114.488947595] [pinn_franka_controller]: Trajectory stale (607.3s > 2.0s) -- holding at last known position via gravity compensation.
[pinn_controller_node-1] [WARN] [1784857115.489398073] [pinn_franka_controller]: Trajectory stale (608.3s > 2.0s) -- holding at last known position via gravity compensation.
[pinn_controller_node-1] [WARN] [1784857116.490310702] [pinn_franka_controller]: Trajectory stale (609.3s > 2.0s) -- holding at last known position via gravity compensation.
[pinn_controller_node-1] [WARN] [1784857117.490398725] [pinn_franka_controller]: Trajectory stale (610.3s > 2.0s) -- holding at last known position via gravity compensation.
[pinn_controller_node-1] [WARN] [1784857118.491282652] [pinn_franka_controller]: Trajectory stale (611.3s > 2.0s) -- holding at last known position via gravity compensation.
[pinn_controller_node-1] [WARN] [1784857119.491366514] [pinn_franka_controller]: Trajectory stale (612.3s > 2.0s) -- holding at last known position via gravity compensation.
[pinn_controller_node-1] [WARN] [1784857120.491399437] [pinn_franka_controller]: Trajectory stale (613.3s > 2.0s) -- holding at last known position via gravity compensation.
[pinn_controller_node-1] [WARN] [1784857121.491430174] [pinn_franka_controller]: Trajectory stale (614.3s > 2.0s) -- holding at last known position via gravity compensation.
[pinn_controller_node-1] [WARN] [1784857122.492366073] [pinn_franka_controller]: Trajectory stale (615.3s > 2.0s) -- holding at last known position via gravity compensation.
[pinn_controller_node-1] [WARN] [1784857123.492904228] [pinn_franka_controller]: Trajectory stale (616.3s > 2.0s) -- holding at last known position via gravity compensation.
[pinn_controller_node-1] [WARN] [1784857124.493350611] [pinn_franka_controller]: Trajectory stale (617.3s > 2.0s) -- holding at last known position via gravity compensation.
[pinn_controller_node-1] [WARN] [1784857125.493377440] [pinn_franka_controller]: Trajectory stale (618.3s > 2.0s) -- holding at last known position via gravity compensation.
[pinn_controller_node-1] [WARN] [1784857126.493769483] [pinn_franka_controller]: Trajectory stale (619.3s > 2.0s) -- holding at last known position via gravity compensation.
[pinn_controller_node-1] [WARN] [1784857127.494363347] [pinn_franka_controller]: Trajectory stale (620.3s > 2.0s) -- holding at last known position via gravity compensation.
[pinn_controller_node-1] [WARN] [1784857128.495400528] [pinn_franka_controller]: Trajectory stale (621.3s > 2.0s) -- holding at last known position via gravity compensation.
[pinn_controller_node-1] [WARN] [1784857129.496381238] [pinn_franka_controller]: Trajectory stale (622.3s > 2.0s) -- holding at last known position via gravity compensation.
[pinn_controller_node-1] [WARN] [1784857130.497301723] [pinn_franka_controller]: Trajectory stale (623.3s > 2.0s) -- holding at last known position via gravity compensation.
[pinn_controller_node-1] [WARN] [1784857131.497310179] [pinn_franka_controller]: Trajectory stale (624.3s > 2.0s) -- holding at last known position via gravity compensation.
[pinn_controller_node-1] [WARN] [1784857132.497339923] [pinn_franka_controller]: Trajectory stale (625.3s > 2.0s) -- holding at last known position via gravity compensation.
[pinn_controller_node-1] [WARN] [1784857133.497378257] [pinn_franka_controller]: Trajectory stale (626.3s > 2.0s) -- holding at last known position via gravity compensation.
[pinn_controller_node-1] [WARN] [1784857134.497687817] [pinn_franka_controller]: Trajectory stale (627.3s > 2.0s) -- holding at last known position via gravity compensation.
[pinn_controller_node-1] [WARN] [1784857135.498422583] [pinn_franka_controller]: Trajectory stale (628.3s > 2.0s) -- holding at last known position via gravity compensation.
[pinn_controller_node-1] [WARN] [1784857136.499373758] [pinn_franka_controller]: Trajectory stale (629.3s > 2.0s) -- holding at last known position via gravity compensation.
[pinn_controller_node-1] [WARN] [1784857137.500351756] [pinn_franka_controller]: Trajectory stale (630.3s > 2.0s) -- holding at last known position via gravity compensation.
[pinn_controller_node-1] [WARN] [1784857138.500417437] [pinn_franka_controller]: Trajectory stale (631.3s > 2.0s) -- holding at last known position via gravity compensation.
[pinn_controller_node-1] [WARN] [1784857139.501350480] [pinn_franka_controller]: Trajectory stale (632.3s > 2.0s) -- holding at last known position via gravity compensation.
[pinn_controller_node-1] [WARN] [1784857140.502321814] [pinn_franka_controller]: Trajectory stale (633.3s > 2.0s) -- holding at last known position via gravity compensation.
[pinn_controller_node-1] [WARN] [1784857141.502360226] [pinn_franka_controller]: Trajectory stale (634.3s > 2.0s) -- holding at last known position via gravity compensation.
[pinn_controller_node-1] [WARN] [1784857142.502757719] [pinn_franka_controller]: Trajectory stale (635.3s > 2.0s) -- holding at last known position via gravity compensation.
[pinn_controller_node-1] [WARN] [1784857143.503501631] [pinn_franka_controller]: Trajectory stale (636.3s > 2.0s) -- holding at last known position via gravity compensation.
[pinn_controller_node-1] [WARN] [1784857144.504362775] [pinn_franka_controller]: Trajectory stale (637.3s > 2.0s) -- holding at last known position via gravity compensation.
[pinn_controller_node-1] [WARN] [1784857145.505349169] [pinn_franka_controller]: Trajectory stale (638.3s > 2.0s) -- holding at last known position via gravity compensation.
[pinn_controller_node-1] [WARN] [1784857146.505562245] [pinn_franka_controller]: Trajectory stale (639.3s > 2.0s) -- holding at last known position via gravity compensation.
[pinn_controller_node-1] [WARN] [1784857147.506402049] [pinn_franka_controller]: Trajectory stale (640.3s > 2.0s) -- holding at last known position via gravity compensation.
[pinn_controller_node-1] [WARN] [1784857148.507374406] [pinn_franka_controller]: Trajectory stale (641.3s > 2.0s) -- holding at last known position via gravity compensation.
[pinn_controller_node-1] [WARN] [1784857149.508354676] [pinn_franka_controller]: Trajectory stale (642.3s > 2.0s) -- holding at last known position via gravity compensation.
[pinn_controller_node-1] [WARN] [1784857150.508356700] [pinn_franka_controller]: Trajectory stale (643.3s > 2.0s) -- holding at last known position via gravity compensation.
[pinn_controller_node-1] [WARN] [1784857151.509275119] [pinn_franka_controller]: Trajectory stale (644.3s > 2.0s) -- holding at last known position via gravity compensation.
[pinn_controller_node-1] [WARN] [1784857152.509369886] [pinn_franka_controller]: Trajectory stale (645.3s > 2.0s) -- holding at last known position via gravity compensation.
[pinn_controller_node-1] [WARN] [1784857153.510429597] [pinn_franka_controller]: Trajectory stale (646.3s > 2.0s) -- holding at last known position via gravity compensation.
[pinn_controller_node-1] [WARN] [1784857154.510640093] [pinn_franka_controller]: Trajectory stale (647.3s > 2.0s) -- holding at last known position via gravity compensation.
[pinn_controller_node-1] [WARN] [1784857155.511412032] [pinn_franka_controller]: Trajectory stale (648.3s > 2.0s) -- holding at last known position via gravity compensation.
[pinn_controller_node-1] [WARN] [1784857156.511597061] [pinn_franka_controller]: Trajectory stale (649.3s > 2.0s) -- holding at last known position via gravity compensation.
[pinn_controller_node-1] [WARN] [1784857157.511869772] [pinn_franka_controller]: Trajectory stale (650.3s > 2.0s) -- holding at last known position via gravity compensation.
[pinn_controller_node-1] [WARN] [1784857158.512715327] [pinn_franka_controller]: Trajectory stale (651.3s > 2.0s) -- holding at last known position via gravity compensation.
[pinn_controller_node-1] [WARN] [1784857159.513466665] [pinn_franka_controller]: Trajectory stale (652.3s > 2.0s) -- holding at last known position via gravity compensation.
[pinn_controller_node-1] [WARN] [1784857160.513541831] [pinn_franka_controller]: Trajectory stale (653.3s > 2.0s) -- holding at last known position via gravity compensation.
[pinn_controller_node-1] [WARN] [1784857161.514373389] [pinn_franka_controller]: Trajectory stale (654.3s > 2.0s) -- holding at last known position via gravity compensation.
[pinn_controller_node-1] [WARN] [1784857162.514387046] [pinn_franka_controller]: Trajectory stale (655.3s > 2.0s) -- holding at last known position via gravity compensation.
[pinn_controller_node-1] [WARN] [1784857163.515369379] [pinn_franka_controller]: Trajectory stale (656.3s > 2.0s) -- holding at last known position via gravity compensation.
[pinn_controller_node-1] [WARN] [1784857164.516377782] [pinn_franka_controller]: Trajectory stale (657.3s > 2.0s) -- holding at last known position via gravity compensation.
[pinn_controller_node-1] [WARN] [1784857165.517325584] [pinn_franka_controller]: Trajectory stale (658.3s > 2.0s) -- holding at last known position via gravity compensation.
[pinn_controller_node-1] [WARN] [1784857166.517650839] [pinn_franka_controller]: Trajectory stale (659.3s > 2.0s) -- holding at last known position via gravity compensation.
[pinn_controller_node-1] [WARN] [1784857167.518381116] [pinn_franka_controller]: Trajectory stale (660.3s > 2.0s) -- holding at last known position via gravity compensation.
[pinn_controller_node-1] [WARN] [1784857168.518436022] [pinn_franka_controller]: Trajectory stale (661.3s > 2.0s) -- holding at last known position via gravity compensation.
[pinn_controller_node-1] [WARN] [1784857169.519425173] [pinn_franka_controller]: Trajectory stale (662.3s > 2.0s) -- holding at last known position via gravity compensation.
[pinn_controller_node-1] [WARN] [1784857170.519491733] [pinn_franka_controller]: Trajectory stale (663.3s > 2.0s) -- holding at last known position via gravity compensation.
[pinn_controller_node-1] [WARN] [1784857171.520375499] [pinn_franka_controller]: Trajectory stale (664.3s > 2.0s) -- holding at last known position via gravity compensation.
[pinn_controller_node-1] [WARN] [1784857172.521343322] [pinn_franka_controller]: Trajectory stale (665.3s > 2.0s) -- holding at last known position via gravity compensation.
[pinn_controller_node-1] [WARN] [1784857173.521387744] [pinn_franka_controller]: Trajectory stale (666.3s > 2.0s) -- holding at last known position via gravity compensation.
[pinn_controller_node-1] [WARN] [1784857174.522377937] [pinn_franka_controller]: Trajectory stale (667.3s > 2.0s) -- holding at last known position via gravity compensation.
[pinn_controller_node-1] [WARN] [1784857175.522384812] [pinn_franka_controller]: Trajectory stale (668.3s > 2.0s) -- holding at last known position via gravity compensation.
[pinn_controller_node-1] [WARN] [1784857176.523355180] [pinn_franka_controller]: Trajectory stale (669.3s > 2.0s) -- holding at last known position via gravity compensation.
[pinn_controller_node-1] [WARN] [1784857177.523558081] [pinn_franka_controller]: Trajectory stale (670.3s > 2.0s) -- holding at last known position via gravity compensation.
[pinn_controller_node-1] [WARN] [1784857178.524320205] [pinn_franka_controller]: Trajectory stale (671.3s > 2.0s) -- holding at last known position via gravity compensation.
[pinn_controller_node-1] [WARN] [1784857179.524358887] [pinn_franka_controller]: Trajectory stale (672.3s > 2.0s) -- holding at last known position via gravity compensation.
[pinn_controller_node-1] [WARN] [1784857180.524571287] [pinn_franka_controller]: Trajectory stale (673.3s > 2.0s) -- holding at last known position via gravity compensation.
[pinn_controller_node-1] [WARN] [1784857181.524766823] [pinn_franka_controller]: Trajectory stale (674.3s > 2.0s) -- holding at last known position via gravity compensation.
[pinn_controller_node-1] [WARN] [1784857182.525395456] [pinn_franka_controller]: Trajectory stale (675.3s > 2.0s) -- holding at last known position via gravity compensation.
[pinn_controller_node-1] [WARN] [1784857183.526338485] [pinn_franka_controller]: Trajectory stale (676.3s > 2.0s) -- holding at last known position via gravity compensation.
[pinn_controller_node-1] [WARN] [1784857184.527389757] [pinn_franka_controller]: Trajectory stale (677.3s > 2.0s) -- holding at last known position via gravity compensation.
[pinn_controller_node-1] [WARN] [1784857185.527400569] [pinn_franka_controller]: Trajectory stale (678.3s > 2.0s) -- holding at last known position via gravity compensation.
[pinn_controller_node-1] [WARN] [1784857186.527664348] [pinn_franka_controller]: Trajectory stale (679.3s > 2.0s) -- holding at last known position via gravity compensation.
[pinn_controller_node-1] [WARN] [1784857187.528346106] [pinn_franka_controller]: Trajectory stale (680.3s > 2.0s) -- holding at last known position via gravity compensation.
[pinn_controller_node-1] [WARN] [1784857188.528350147] [pinn_franka_controller]: Trajectory stale (681.3s > 2.0s) -- holding at last known position via gravity compensation.
[pinn_controller_node-1] [WARN] [1784857189.529363411] [pinn_franka_controller]: Trajectory stale (682.4s > 2.0s) -- holding at last known position via gravity compensation.
[pinn_controller_node-1] [WARN] [1784857190.529372579] [pinn_franka_controller]: Trajectory stale (683.4s > 2.0s) -- holding at last known position via gravity compensation.
[pinn_controller_node-1] [WARN] [1784857191.530344699] [pinn_franka_controller]: Trajectory stale (684.4s > 2.0s) -- holding at last known position via gravity compensation.
[pinn_controller_node-1] [WARN] [1784857192.530364646] [pinn_franka_controller]: Trajectory stale (685.4s > 2.0s) -- holding at last known position via gravity compensation.
[pinn_controller_node-1] [WARN] [1784857193.531259217] [pinn_franka_controller]: Trajectory stale (686.4s > 2.0s) -- holding at last known position via gravity compensation.
[pinn_controller_node-1] [WARN] [1784857194.531424364] [pinn_franka_controller]: Trajectory stale (687.4s > 2.0s) -- holding at last known position via gravity compensation.
[pinn_controller_node-1] [WARN] [1784857195.531423887] [pinn_franka_controller]: Trajectory stale (688.4s > 2.0s) -- holding at last known position via gravity compensation.
[pinn_controller_node-1] [WARN] [1784857196.531466220] [pinn_franka_controller]: Trajectory stale (689.4s > 2.0s) -- holding at last known position via gravity compensation.
[pinn_controller_node-1] [WARN] [1784857197.532327464] [pinn_franka_controller]: Trajectory stale (690.4s > 2.0s) -- holding at last known position via gravity compensation.
[pinn_controller_node-1] [WARN] [1784857198.533071887] [pinn_franka_controller]: Trajectory stale (691.4s > 2.0s) -- holding at last known position via gravity compensation.
[pinn_controller_node-1] [WARN] [1784857199.533388860] [pinn_franka_controller]: Trajectory stale (692.4s > 2.0s) -- holding at last known position via gravity compensation.
[pinn_controller_node-1] [WARN] [1784857200.534352045] [pinn_franka_controller]: Trajectory stale (693.4s > 2.0s) -- holding at last known position via gravity compensation.
[pinn_controller_node-1] [WARN] [1784857201.534754473] [pinn_franka_controller]: Trajectory stale (694.4s > 2.0s) -- holding at last known position via gravity compensation.
[pinn_controller_node-1] [WARN] [1784857202.535601956] [pinn_franka_controller]: Trajectory stale (695.4s > 2.0s) -- holding at last known position via gravity compensation.
[pinn_controller_node-1] [WARN] [1784857203.536316096] [pinn_franka_controller]: Trajectory stale (696.4s > 2.0s) -- holding at last known position via gravity compensation.
[pinn_controller_node-1] [WARN] [1784857204.537007812] [pinn_franka_controller]: Trajectory stale (697.4s > 2.0s) -- holding at last known position via gravity compensation.
[pinn_controller_node-1] [WARN] [1784857205.537625878] [pinn_franka_controller]: Trajectory stale (698.4s > 2.0s) -- holding at last known position via gravity compensation.
[pinn_controller_node-1] [WARN] [1784857206.538371314] [pinn_franka_controller]: Trajectory stale (699.4s > 2.0s) -- holding at last known position via gravity compensation.
[pinn_controller_node-1] [WARN] [1784857207.539353285] [pinn_franka_controller]: Trajectory stale (700.4s > 2.0s) -- holding at last known position via gravity compensation.
[pinn_controller_node-1] [WARN] [1784857208.540180771] [pinn_franka_controller]: Trajectory stale (701.4s > 2.0s) -- holding at last known position via gravity compensation.
[pinn_controller_node-1] [WARN] [1784857209.540414446] [pinn_franka_controller]: Trajectory stale (702.4s > 2.0s) -- holding at last known position via gravity compensation.
[pinn_controller_node-1] [WARN] [1784857210.540888589] [pinn_franka_controller]: Trajectory stale (703.4s > 2.0s) -- holding at last known position via gravity compensation.
[pinn_controller_node-1] [WARN] [1784857211.541406884] [pinn_franka_controller]: Trajectory stale (704.4s > 2.0s) -- holding at last known position via gravity compensation.
[pinn_controller_node-1] [WARN] [1784857212.542376891] [pinn_franka_controller]: Trajectory stale (705.4s > 2.0s) -- holding at last known position via gravity compensation.
[pinn_controller_node-1] [WARN] [1784857213.543382252] [pinn_franka_controller]: Trajectory stale (706.4s > 2.0s) -- holding at last known position via gravity compensation.
[pinn_controller_node-1] [WARN] [1784857214.543898374] [pinn_franka_controller]: Trajectory stale (707.4s > 2.0s) -- holding at last known position via gravity compensation.
[pinn_controller_node-1] [WARN] [1784857215.544306995] [pinn_franka_controller]: Trajectory stale (708.4s > 2.0s) -- holding at last known position via gravity compensation.
[pinn_controller_node-1] [WARN] [1784857216.545195438] [pinn_franka_controller]: Trajectory stale (709.4s > 2.0s) -- holding at last known position via gravity compensation.
[pinn_controller_node-1] [WARN] [1784857217.545321626] [pinn_franka_controller]: Trajectory stale (710.4s > 2.0s) -- holding at last known position via gravity compensation.
[pinn_controller_node-1] [WARN] [1784857218.545517806] [pinn_franka_controller]: Trajectory stale (711.4s > 2.0s) -- holding at last known position via gravity compensation.
[pinn_controller_node-1] [WARN] [1784857219.545526955] [pinn_franka_controller]: Trajectory stale (712.4s > 2.0s) -- holding at last known position via gravity compensation.
[pinn_controller_node-1] [WARN] [1784857220.546313246] [pinn_franka_controller]: Trajectory stale (713.4s > 2.0s) -- holding at last known position via gravity compensation.
[pinn_controller_node-1] [WARN] [1784857221.547319317] [pinn_franka_controller]: Trajectory stale (714.4s > 2.0s) -- holding at last known position via gravity compensation.
[pinn_controller_node-1] [WARN] [1784857222.547407889] [pinn_franka_controller]: Trajectory stale (715.4s > 2.0s) -- holding at last known position via gravity compensation.
[pinn_controller_node-1] [WARN] [1784857223.547571433] [pinn_franka_controller]: Trajectory stale (716.4s > 2.0s) -- holding at last known position via gravity compensation.
[pinn_controller_node-1] [WARN] [1784857224.548409617] [pinn_franka_controller]: Trajectory stale (717.4s > 2.0s) -- holding at last known position via gravity compensation.
[pinn_controller_node-1] [WARN] [1784857225.549322692] [pinn_franka_controller]: Trajectory stale (718.4s > 2.0s) -- holding at last known position via gravity compensation.
[pinn_controller_node-1] [WARN] [1784857226.549381459] [pinn_franka_controller]: Trajectory stale (719.4s > 2.0s) -- holding at last known position via gravity compensation.
[pinn_controller_node-1] [WARN] [1784857227.549543209] [pinn_franka_controller]: Trajectory stale (720.4s > 2.0s) -- holding at last known position via gravity compensation.
[pinn_controller_node-1] [WARN] [1784857228.550265010] [pinn_franka_controller]: Trajectory stale (721.4s > 2.0s) -- holding at last known position via gravity compensation.
[pinn_controller_node-1] [WARN] [1784857229.550481824] [pinn_franka_controller]: Trajectory stale (722.4s > 2.0s) -- holding at last known position via gravity compensation.
[pinn_controller_node-1] [WARN] [1784857230.551312536] [pinn_franka_controller]: Trajectory stale (723.4s > 2.0s) -- holding at last known position via gravity compensation.
[pinn_controller_node-1] [WARN] [1784857231.551646676] [pinn_franka_controller]: Trajectory stale (724.4s > 2.0s) -- holding at last known position via gravity compensation.
[pinn_controller_node-1] [WARN] [1784857232.552477904] [pinn_franka_controller]: Trajectory stale (725.4s > 2.0s) -- holding at last known position via gravity compensation.
[pinn_controller_node-1] [WARN] [1784857233.552569777] [pinn_franka_controller]: Trajectory stale (726.4s > 2.0s) -- holding at last known position via gravity compensation.
[pinn_controller_node-1] [WARN] [1784857234.553353915] [pinn_franka_controller]: Trajectory stale (727.4s > 2.0s) -- holding at last known position via gravity compensation.
[pinn_controller_node-1] [WARN] [1784857235.553356508] [pinn_franka_controller]: Trajectory stale (728.4s > 2.0s) -- holding at last known position via gravity compensation.
[pinn_controller_node-1] [WARN] [1784857236.553389737] [pinn_franka_controller]: Trajectory stale (729.4s > 2.0s) -- holding at last known position via gravity compensation.
[pinn_controller_node-1] [WARN] [1784857237.553557269] [pinn_franka_controller]: Trajectory stale (730.4s > 2.0s) -- holding at last known position via gravity compensation.
[pinn_controller_node-1] [WARN] [1784857238.554422877] [pinn_franka_controller]: Trajectory stale (731.4s > 2.0s) -- holding at last known position via gravity compensation.
[pinn_controller_node-1] [WARN] [1784857239.555348967] [pinn_franka_controller]: Trajectory stale (732.4s > 2.0s) -- holding at last known position via gravity compensation.
[pinn_controller_node-1] [WARN] [1784857240.555370492] [pinn_franka_controller]: Trajectory stale (733.4s > 2.0s) -- holding at last known position via gravity compensation.
[pinn_controller_node-1] [WARN] [1784857241.555472900] [pinn_franka_controller]: Trajectory stale (734.4s > 2.0s) -- holding at last known position via gravity compensation.
[pinn_controller_node-1] [WARN] [1784857242.556360774] [pinn_franka_controller]: Trajectory stale (735.4s > 2.0s) -- holding at last known position via gravity compensation.
[pinn_controller_node-1] [WARN] [1784857243.556365794] [pinn_franka_controller]: Trajectory stale (736.4s > 2.0s) -- holding at last known position via gravity compensation.
[pinn_controller_node-1] [WARN] [1784857244.557346023] [pinn_franka_controller]: Trajectory stale (737.4s > 2.0s) -- holding at last known position via gravity compensation.
[pinn_controller_node-1] [WARN] [1784857245.557373900] [pinn_franka_controller]: Trajectory stale (738.4s > 2.0s) -- holding at last known position via gravity compensation.
[pinn_controller_node-1] [WARN] [1784857246.557980469] [pinn_franka_controller]: Trajectory stale (739.4s > 2.0s) -- holding at last known position via gravity compensation.
[pinn_controller_node-1] [WARN] [1784857247.558350304] [pinn_franka_controller]: Trajectory stale (740.4s > 2.0s) -- holding at last known position via gravity compensation.
[pinn_controller_node-1] [WARN] [1784857248.558378094] [pinn_franka_controller]: Trajectory stale (741.4s > 2.0s) -- holding at last known position via gravity compensation.
[pinn_controller_node-1] [WARN] [1784857249.559286432] [pinn_franka_controller]: Trajectory stale (742.4s > 2.0s) -- holding at last known position via gravity compensation.
[pinn_controller_node-1] [WARN] [1784857250.559383788] [pinn_franka_controller]: Trajectory stale (743.4s > 2.0s) -- holding at last known position via gravity compensation.
[pinn_controller_node-1] [WARN] [1784857251.559469790] [pinn_franka_controller]: Trajectory stale (744.4s > 2.0s) -- holding at last known position via gravity compensation.
[pinn_controller_node-1] [WARN] [1784857252.559529279] [pinn_franka_controller]: Trajectory stale (745.4s > 2.0s) -- holding at last known position via gravity compensation.
[pinn_controller_node-1] [WARN] [1784857253.559907996] [pinn_franka_controller]: Trajectory stale (746.4s > 2.0s) -- holding at last known position via gravity compensation.
[pinn_controller_node-1] [WARN] [1784857254.561062164] [pinn_franka_controller]: Trajectory stale (747.4s > 2.0s) -- holding at last known position via gravity compensation.
[pinn_controller_node-1] [WARN] [1784857255.561598266] [pinn_franka_controller]: Trajectory stale (748.4s > 2.0s) -- holding at last known position via gravity compensation.
[pinn_controller_node-1] [WARN] [1784857256.562652930] [pinn_franka_controller]: Trajectory stale (749.4s > 2.0s) -- holding at last known position via gravity compensation.
[pinn_controller_node-1] [WARN] [1784857257.563328034] [pinn_franka_controller]: Trajectory stale (750.4s > 2.0s) -- holding at last known position via gravity compensation.
[pinn_controller_node-1] [WARN] [1784857258.563358221] [pinn_franka_controller]: Trajectory stale (751.4s > 2.0s) -- holding at last known position via gravity compensation.
[pinn_controller_node-1] [WARN] [1784857259.564371017] [pinn_franka_controller]: Trajectory stale (752.4s > 2.0s) -- holding at last known position via gravity compensation.
[pinn_controller_node-1] [WARN] [1784857260.565344446] [pinn_franka_controller]: Trajectory stale (753.4s > 2.0s) -- holding at last known position via gravity compensation.
[pinn_controller_node-1] [WARN] [1784857261.565484583] [pinn_franka_controller]: Trajectory stale (754.4s > 2.0s) -- holding at last known position via gravity compensation.
[pinn_controller_node-1] [WARN] [1784857262.566414215] [pinn_franka_controller]: Trajectory stale (755.4s > 2.0s) -- holding at last known position via gravity compensation.
[pinn_controller_node-1] [WARN] [1784857263.567407812] [pinn_franka_controller]: Trajectory stale (756.4s > 2.0s) -- holding at last known position via gravity compensation.
[pinn_controller_node-1] [WARN] [1784857264.567712472] [pinn_franka_controller]: Trajectory stale (757.4s > 2.0s) -- holding at last known position via gravity compensation.
[pinn_controller_node-1] [WARN] [1784857265.568349803] [pinn_franka_controller]: Trajectory stale (758.4s > 2.0s) -- holding at last known position via gravity compensation.
[pinn_controller_node-1] [WARN] [1784857266.568442013] [pinn_franka_controller]: Trajectory stale (759.4s > 2.0s) -- holding at last known position via gravity compensation.
[pinn_controller_node-1] [WARN] [1784857267.569271566] [pinn_franka_controller]: Trajectory stale (760.4s > 2.0s) -- holding at last known position via gravity compensation.
[pinn_controller_node-1] [WARN] [1784857268.569423352] [pinn_franka_controller]: Trajectory stale (761.4s > 2.0s) -- holding at last known position via gravity compensation.
[pinn_controller_node-1] [WARN] [1784857269.570600016] [pinn_franka_controller]: Trajectory stale (762.4s > 2.0s) -- holding at last known position via gravity compensation.
[pinn_controller_node-1] [WARN] [1784857270.571447012] [pinn_franka_controller]: Trajectory stale (763.4s > 2.0s) -- holding at last known position via gravity compensation.
[pinn_controller_node-1] [WARN] [1784857271.572345351] [pinn_franka_controller]: Trajectory stale (764.4s > 2.0s) -- holding at last known position via gravity compensation.
[pinn_controller_node-1] [WARN] [1784857272.573343739] [pinn_franka_controller]: Trajectory stale (765.4s > 2.0s) -- holding at last known position via gravity compensation.
[pinn_controller_node-1] [WARN] [1784857273.573725499] [pinn_franka_controller]: Trajectory stale (766.4s > 2.0s) -- holding at last known position via gravity compensation.
[pinn_controller_node-1] [WARN] [1784857274.574737024] [pinn_franka_controller]: Trajectory stale (767.4s > 2.0s) -- holding at last known position via gravity compensation.
[pinn_controller_node-1] [WARN] [1784857275.575437112] [pinn_franka_controller]: Trajectory stale (768.4s > 2.0s) -- holding at last known position via gravity compensation.
[pinn_controller_node-1] [WARN] [1784857276.575524700] [pinn_franka_controller]: Trajectory stale (769.4s > 2.0s) -- holding at last known position via gravity compensation.
[pinn_controller_node-1] [WARN] [1784857277.575704786] [pinn_franka_controller]: Trajectory stale (770.4s > 2.0s) -- holding at last known position via gravity compensation.
[pinn_controller_node-1] [WARN] [1784857278.576298529] [pinn_franka_controller]: Trajectory stale (771.4s > 2.0s) -- holding at last known position via gravity compensation.
[pinn_controller_node-1] [WARN] [1784857279.576405545] [pinn_franka_controller]: Trajectory stale (772.4s > 2.0s) -- holding at last known position via gravity compensation.
[pinn_controller_node-1] [WARN] [1784857280.577366778] [pinn_franka_controller]: Trajectory stale (773.4s > 2.0s) -- holding at last known position via gravity compensation.
[pinn_controller_node-1] [WARN] [1784857281.577626145] [pinn_franka_controller]: Trajectory stale (774.4s > 2.0s) -- holding at last known position via gravity compensation.
[pinn_controller_node-1] [WARN] [1784857282.578310293] [pinn_franka_controller]: Trajectory stale (775.4s > 2.0s) -- holding at last known position via gravity compensation.
[pinn_controller_node-1] [WARN] [1784857283.578449808] [pinn_franka_controller]: Trajectory stale (776.4s > 2.0s) -- holding at last known position via gravity compensation.
[pinn_controller_node-1] [WARN] [1784857284.579407129] [pinn_franka_controller]: Trajectory stale (777.4s > 2.0s) -- holding at last known position via gravity compensation.
[pinn_controller_node-1] [WARN] [1784857285.579464239] [pinn_franka_controller]: Trajectory stale (778.4s > 2.0s) -- holding at last known position via gravity compensation.
[pinn_controller_node-1] [WARN] [1784857286.580465526] [pinn_franka_controller]: Trajectory stale (779.4s > 2.0s) -- holding at last known position via gravity compensation.
[pinn_controller_node-1] [WARN] [1784857287.581415438] [pinn_franka_controller]: Trajectory stale (780.4s > 2.0s) -- holding at last known position via gravity compensation.
[pinn_controller_node-1] [WARN] [1784857288.582330229] [pinn_franka_controller]: Trajectory stale (781.4s > 2.0s) -- holding at last known position via gravity compensation.
[pinn_controller_node-1] [WARN] [1784857289.582358429] [pinn_franka_controller]: Trajectory stale (782.4s > 2.0s) -- holding at last known position via gravity compensation.
[pinn_controller_node-1] [WARN] [1784857290.583400243] [pinn_franka_controller]: Trajectory stale (783.4s > 2.0s) -- holding at last known position via gravity compensation.
[pinn_controller_node-1] [WARN] [1784857291.584343208] [pinn_franka_controller]: Trajectory stale (784.4s > 2.0s) -- holding at last known position via gravity compensation.
[pinn_controller_node-1] [WARN] [1784857292.584560304] [pinn_franka_controller]: Trajectory stale (785.4s > 2.0s) -- holding at last known position via gravity compensation.
[pinn_controller_node-1] [WARN] [1784857293.585344390] [pinn_franka_controller]: Trajectory stale (786.4s > 2.0s) -- holding at last known position via gravity compensation.
[pinn_controller_node-1] [WARN] [1784857294.585406627] [pinn_franka_controller]: Trajectory stale (787.4s > 2.0s) -- holding at last known position via gravity compensation.
[pinn_controller_node-1] [WARN] [1784857295.586309708] [pinn_franka_controller]: Trajectory stale (788.4s > 2.0s) -- holding at last known position via gravity compensation.
[pinn_controller_node-1] [WARN] [1784857296.586584749] [pinn_franka_controller]: Trajectory stale (789.4s > 2.0s) -- holding at last known position via gravity compensation.
[pinn_controller_node-1] [WARN] [1784857297.587361526] [pinn_franka_controller]: Trajectory stale (790.4s > 2.0s) -- holding at last known position via gravity compensation.
[pinn_controller_node-1] [WARN] [1784857298.587475891] [pinn_franka_controller]: Trajectory stale (791.4s > 2.0s) -- holding at last known position via gravity compensation.
[pinn_controller_node-1] [WARN] [1784857299.588306880] [pinn_franka_controller]: Trajectory stale (792.4s > 2.0s) -- holding at last known position via gravity compensation.
[pinn_controller_node-1] [WARN] [1784857300.588391148] [pinn_franka_controller]: Trajectory stale (793.4s > 2.0s) -- holding at last known position via gravity compensation.
[pinn_controller_node-1] [WARN] [1784857301.589346062] [pinn_franka_controller]: Trajectory stale (794.4s > 2.0s) -- holding at last known position via gravity compensation.
[pinn_controller_node-1] [WARN] [1784857302.589416068] [pinn_franka_controller]: Trajectory stale (795.4s > 2.0s) -- holding at last known position via gravity compensation.
[pinn_controller_node-1] [WARN] [1784857303.589953468] [pinn_franka_controller]: Trajectory stale (796.4s > 2.0s) -- holding at last known position via gravity compensation.
[pinn_controller_node-1] [WARN] [1784857304.590366151] [pinn_franka_controller]: Trajectory stale (797.4s > 2.0s) -- holding at last known position via gravity compensation.
[pinn_controller_node-1] [WARN] [1784857305.590519778] [pinn_franka_controller]: Trajectory stale (798.4s > 2.0s) -- holding at last known position via gravity compensation.
[pinn_controller_node-1] [WARN] [1784857306.590740488] [pinn_franka_controller]: Trajectory stale (799.4s > 2.0s) -- holding at last known position via gravity compensation.
[pinn_controller_node-1] [WARN] [1784857307.591359772] [pinn_franka_controller]: Trajectory stale (800.4s > 2.0s) -- holding at last known position via gravity compensation.
[pinn_controller_node-1] [WARN] [1784857308.591750640] [pinn_franka_controller]: Trajectory stale (801.4s > 2.0s) -- holding at last known position via gravity compensation.
[pinn_controller_node-1] [WARN] [1784857309.592614337] [pinn_franka_controller]: Trajectory stale (802.4s > 2.0s) -- holding at last known position via gravity compensation.
[pinn_controller_node-1] [WARN] [1784857310.593343697] [pinn_franka_controller]: Trajectory stale (803.4s > 2.0s) -- holding at last known position via gravity compensation.
[pinn_controller_node-1] [WARN] [1784857311.593388022] [pinn_franka_controller]: Trajectory stale (804.4s > 2.0s) -- holding at last known position via gravity compensation.
[pinn_controller_node-1] [WARN] [1784857312.593429154] [pinn_franka_controller]: Trajectory stale (805.4s > 2.0s) -- holding at last known position via gravity compensation.
[pinn_controller_node-1] [WARN] [1784857313.593790511] [pinn_franka_controller]: Trajectory stale (806.4s > 2.0s) -- holding at last known position via gravity compensation.
[pinn_controller_node-1] [WARN] [1784857314.594320301] [pinn_franka_controller]: Trajectory stale (807.4s > 2.0s) -- holding at last known position via gravity compensation.
[pinn_controller_node-1] [WARN] [1784857315.594335709] [pinn_franka_controller]: Trajectory stale (808.4s > 2.0s) -- holding at last known position via gravity compensation.
[pinn_controller_node-1] [WARN] [1784857316.594499927] [pinn_franka_controller]: Trajectory stale (809.4s > 2.0s) -- holding at last known position via gravity compensation.
[pinn_controller_node-1] [WARN] [1784857317.594622736] [pinn_franka_controller]: Trajectory stale (810.4s > 2.0s) -- holding at last known position via gravity compensation.
[pinn_controller_node-1] [WARN] [1784857318.595664863] [pinn_franka_controller]: Trajectory stale (811.4s > 2.0s) -- holding at last known position via gravity compensation.
[pinn_controller_node-1] [WARN] [1784857319.595699658] [pinn_franka_controller]: Trajectory stale (812.4s > 2.0s) -- holding at last known position via gravity compensation.
[pinn_controller_node-1] [WARN] [1784857320.596351034] [pinn_franka_controller]: Trajectory stale (813.4s > 2.0s) -- holding at last known position via gravity compensation.
[pinn_controller_node-1] [WARN] [1784857321.596362221] [pinn_franka_controller]: Trajectory stale (814.4s > 2.0s) -- holding at last known position via gravity compensation.
[pinn_controller_node-1] [WARN] [1784857322.597277555] [pinn_franka_controller]: Trajectory stale (815.4s > 2.0s) -- holding at last known position via gravity compensation.
[pinn_controller_node-1] [WARN] [1784857323.597365344] [pinn_franka_controller]: Trajectory stale (816.4s > 2.0s) -- holding at last known position via gravity compensation.
[pinn_controller_node-1] [WARN] [1784857324.597521858] [pinn_franka_controller]: Trajectory stale (817.4s > 2.0s) -- holding at last known position via gravity compensation.
[pinn_controller_node-1] [WARN] [1784857325.598399046] [pinn_franka_controller]: Trajectory stale (818.4s > 2.0s) -- holding at last known position via gravity compensation.
[pinn_controller_node-1] [WARN] [1784857326.598724330] [pinn_franka_controller]: Trajectory stale (819.4s > 2.0s) -- holding at last known position via gravity compensation.
[pinn_controller_node-1] [WARN] [1784857327.599378388] [pinn_franka_controller]: Trajectory stale (820.4s > 2.0s) -- holding at last known position via gravity compensation.
[pinn_controller_node-1] [WARN] [1784857328.600366327] [pinn_franka_controller]: Trajectory stale (821.4s > 2.0s) -- holding at last known position via gravity compensation.
[pinn_controller_node-1] [WARN] [1784857329.601173266] [pinn_franka_controller]: Trajectory stale (822.4s > 2.0s) -- holding at last known position via gravity compensation.
[pinn_controller_node-1] [WARN] [1784857330.601573014] [pinn_franka_controller]: Trajectory stale (823.4s > 2.0s) -- holding at last known position via gravity compensation.
[pinn_controller_node-1] [WARN] [1784857331.602375247] [pinn_franka_controller]: Trajectory stale (824.4s > 2.0s) -- holding at last known position via gravity compensation.
[pinn_controller_node-1] [WARN] [1784857332.602454803] [pinn_franka_controller]: Trajectory stale (825.4s > 2.0s) -- holding at last known position via gravity compensation.
[pinn_controller_node-1] [WARN] [1784857333.603387182] [pinn_franka_controller]: Trajectory stale (826.4s > 2.0s) -- holding at last known position via gravity compensation.
[pinn_controller_node-1] [WARN] [1784857334.603540052] [pinn_franka_controller]: Trajectory stale (827.4s > 2.0s) -- holding at last known position via gravity compensation.
[pinn_controller_node-1] [WARN] [1784857335.604480110] [pinn_franka_controller]: Trajectory stale (828.4s > 2.0s) -- holding at last known position via gravity compensation.
[pinn_controller_node-1] [WARN] [1784857336.604602937] [pinn_franka_controller]: Trajectory stale (829.4s > 2.0s) -- holding at last known position via gravity compensation.
[pinn_controller_node-1] [WARN] [1784857337.604634858] [pinn_franka_controller]: Trajectory stale (830.4s > 2.0s) -- holding at last known position via gravity compensation.
[pinn_controller_node-1] [WARN] [1784857338.605282767] [pinn_franka_controller]: Trajectory stale (831.4s > 2.0s) -- holding at last known position via gravity compensation.
[pinn_controller_node-1] [WARN] [1784857339.605351810] [pinn_franka_controller]: Trajectory stale (832.4s > 2.0s) -- holding at last known position via gravity compensation.
[pinn_controller_node-1] [WARN] [1784857340.605366366] [pinn_franka_controller]: Trajectory stale (833.4s > 2.0s) -- holding at last known position via gravity compensation.
[pinn_controller_node-1] [WARN] [1784857341.605587762] [pinn_franka_controller]: Trajectory stale (834.4s > 2.0s) -- holding at last known position via gravity compensation.
[pinn_controller_node-1] [WARN] [1784857342.606485154] [pinn_franka_controller]: Trajectory stale (835.4s > 2.0s) -- holding at last known position via gravity compensation.
[pinn_controller_node-1] [WARN] [1784857343.606803884] [pinn_franka_controller]: Trajectory stale (836.4s > 2.0s) -- holding at last known position via gravity compensation.
[pinn_controller_node-1] [WARN] [1784857344.607344308] [pinn_franka_controller]: Trajectory stale (837.4s > 2.0s) -- holding at last known position via gravity compensation.
[pinn_controller_node-1] [WARN] [1784857345.607425989] [pinn_franka_controller]: Trajectory stale (838.4s > 2.0s) -- holding at last known position via gravity compensation.
[pinn_controller_node-1] [WARN] [1784857346.607466098] [pinn_franka_controller]: Trajectory stale (839.4s > 2.0s) -- holding at last known position via gravity compensation.
[pinn_controller_node-1] [WARN] [1784857347.608427760] [pinn_franka_controller]: Trajectory stale (840.4s > 2.0s) -- holding at last known position via gravity compensation.
[pinn_controller_node-1] [WARN] [1784857348.609408656] [pinn_franka_controller]: Trajectory stale (841.4s > 2.0s) -- holding at last known position via gravity compensation.
[pinn_controller_node-1] [WARN] [1784857349.609611386] [pinn_franka_controller]: Trajectory stale (842.4s > 2.0s) -- holding at last known position via gravity compensation.
[pinn_controller_node-1] [WARN] [1784857350.610530052] [pinn_franka_controller]: Trajectory stale (843.4s > 2.0s) -- holding at last known position via gravity compensation.
[pinn_controller_node-1] [WARN] [1784857351.611446163] [pinn_franka_controller]: Trajectory stale (844.4s > 2.0s) -- holding at last known position via gravity compensation.
[pinn_controller_node-1] [WARN] [1784857352.611457818] [pinn_franka_controller]: Trajectory stale (845.4s > 2.0s) -- holding at last known position via gravity compensation.
[pinn_controller_node-1] [WARN] [1784857353.612380811] [pinn_franka_controller]: Trajectory stale (846.4s > 2.0s) -- holding at last known position via gravity compensation.
[pinn_controller_node-1] [WARN] [1784857354.612477941] [pinn_franka_controller]: Trajectory stale (847.4s > 2.0s) -- holding at last known position via gravity compensation.
[pinn_controller_node-1] [WARN] [1784857355.612783516] [pinn_franka_controller]: Trajectory stale (848.4s > 2.0s) -- holding at last known position via gravity compensation.
[pinn_controller_node-1] [WARN] [1784857356.613370387] [pinn_franka_controller]: Trajectory stale (849.4s > 2.0s) -- holding at last known position via gravity compensation.
[pinn_controller_node-1] [WARN] [1784857357.613854517] [pinn_franka_controller]: Trajectory stale (850.4s > 2.0s) -- holding at last known position via gravity compensation.
[pinn_controller_node-1] [WARN] [1784857358.614345948] [pinn_franka_controller]: Trajectory stale (851.4s > 2.0s) -- holding at last known position via gravity compensation.
[pinn_controller_node-1] [WARN] [1784857359.614737443] [pinn_franka_controller]: Trajectory stale (852.4s > 2.0s) -- holding at last known position via gravity compensation.
[pinn_controller_node-1] [WARN] [1784857360.615411865] [pinn_franka_controller]: Trajectory stale (853.4s > 2.0s) -- holding at last known position via gravity compensation.
[pinn_controller_node-1] [WARN] [1784857361.615589045] [pinn_franka_controller]: Trajectory stale (854.4s > 2.0s) -- holding at last known position via gravity compensation.
[pinn_controller_node-1] [WARN] [1784857362.615659508] [pinn_franka_controller]: Trajectory stale (855.4s > 2.0s) -- holding at last known position via gravity compensation.
[pinn_controller_node-1] [WARN] [1784857363.615941483] [pinn_franka_controller]: Trajectory stale (856.4s > 2.0s) -- holding at last known position via gravity compensation.
[pinn_controller_node-1] [WARN] [1784857364.616621739] [pinn_franka_controller]: Trajectory stale (857.4s > 2.0s) -- holding at last known position via gravity compensation.
[pinn_controller_node-1] [WARN] [1784857365.617503453] [pinn_franka_controller]: Trajectory stale (858.4s > 2.0s) -- holding at last known position via gravity compensation.
[pinn_controller_node-1] [WARN] [1784857366.618528566] [pinn_franka_controller]: Trajectory stale (859.4s > 2.0s) -- holding at last known position via gravity compensation.
[pinn_controller_node-1] [WARN] [1784857367.619789665] [pinn_franka_controller]: Trajectory stale (860.4s > 2.0s) -- holding at last known position via gravity compensation.
[pinn_controller_node-1] [WARN] [1784857368.620472792] [pinn_franka_controller]: Trajectory stale (861.4s > 2.0s) -- holding at last known position via gravity compensation.
[pinn_controller_node-1] [WARN] [1784857369.620847231] [pinn_franka_controller]: Trajectory stale (862.4s > 2.0s) -- holding at last known position via gravity compensation.
[pinn_controller_node-1] [WARN] [1784857370.621787313] [pinn_franka_controller]: Trajectory stale (863.4s > 2.0s) -- holding at last known position via gravity compensation.
[pinn_controller_node-1] [WARN] [1784857371.622520940] [pinn_franka_controller]: Trajectory stale (864.4s > 2.0s) -- holding at last known position via gravity compensation.
[pinn_controller_node-1] [WARN] [1784857372.622838867] [pinn_franka_controller]: Trajectory stale (865.4s > 2.0s) -- holding at last known position via gravity compensation.
[pinn_controller_node-1] [WARN] [1784857373.623427403] [pinn_franka_controller]: Trajectory stale (866.4s > 2.0s) -- holding at last known position via gravity compensation.
[pinn_controller_node-1] [WARN] [1784857374.623732898] [pinn_franka_controller]: Trajectory stale (867.4s > 2.0s) -- holding at last known position via gravity compensation.
[pinn_controller_node-1] [WARN] [1784857375.623979581] [pinn_franka_controller]: Trajectory stale (868.4s > 2.0s) -- holding at last known position via gravity compensation.
[pinn_controller_node-1] [WARN] [1784857376.624336942] [pinn_franka_controller]: Trajectory stale (869.4s > 2.0s) -- holding at last known position via gravity compensation.
[pinn_controller_node-1] [WARN] [1784857377.625307867] [pinn_franka_controller]: Trajectory stale (870.4s > 2.0s) -- holding at last known position via gravity compensation.
[pinn_controller_node-1] [WARN] [1784857378.625378442] [pinn_franka_controller]: Trajectory stale (871.4s > 2.0s) -- holding at last known position via gravity compensation.
[pinn_controller_node-1] [WARN] [1784857379.625708852] [pinn_franka_controller]: Trajectory stale (872.4s > 2.0s) -- holding at last known position via gravity compensation.
[pinn_controller_node-1] [WARN] [1784857380.626381074] [pinn_franka_controller]: Trajectory stale (873.4s > 2.0s) -- holding at last known position via gravity compensation.
[pinn_controller_node-1] [WARN] [1784857381.627347042] [pinn_franka_controller]: Trajectory stale (874.4s > 2.0s) -- holding at last known position via gravity compensation.
[pinn_controller_node-1] [WARN] [1784857382.627914873] [pinn_franka_controller]: Trajectory stale (875.4s > 2.0s) -- holding at last known position via gravity compensation.
[pinn_controller_node-1] [WARN] [1784857383.628533065] [pinn_franka_controller]: Trajectory stale (876.4s > 2.0s) -- holding at last known position via gravity compensation.
[pinn_controller_node-1] [WARN] [1784857384.629464179] [pinn_franka_controller]: Trajectory stale (877.5s > 2.0s) -- holding at last known position via gravity compensation.
[pinn_controller_node-1] [WARN] [1784857385.629512060] [pinn_franka_controller]: Trajectory stale (878.5s > 2.0s) -- holding at last known position via gravity compensation.
[pinn_controller_node-1] [WARN] [1784857386.629601720] [pinn_franka_controller]: Trajectory stale (879.5s > 2.0s) -- holding at last known position via gravity compensation.
[pinn_controller_node-1] [WARN] [1784857387.630353560] [pinn_franka_controller]: Trajectory stale (880.5s > 2.0s) -- holding at last known position via gravity compensation.
[pinn_controller_node-1] [WARN] [1784857388.630359077] [pinn_franka_controller]: Trajectory stale (881.5s > 2.0s) -- holding at last known position via gravity compensation.
[pinn_controller_node-1] [WARN] [1784857389.630870746] [pinn_franka_controller]: Trajectory stale (882.5s > 2.0s) -- holding at last known position via gravity compensation.
[pinn_controller_node-1] [WARN] [1784857390.631727004] [pinn_franka_controller]: Trajectory stale (883.5s > 2.0s) -- holding at last known position via gravity compensation.
[pinn_controller_node-1] [WARN] [1784857391.632408078] [pinn_franka_controller]: Trajectory stale (884.5s > 2.0s) -- holding at last known position via gravity compensation.
[pinn_controller_node-1] [WARN] [1784857392.633441267] [pinn_franka_controller]: Trajectory stale (885.5s > 2.0s) -- holding at last known position via gravity compensation.
[pinn_controller_node-1] [WARN] [1784857393.633520541] [pinn_franka_controller]: Trajectory stale (886.5s > 2.0s) -- holding at last known position via gravity compensation.
[pinn_controller_node-1] [WARN] [1784857394.633588792] [pinn_franka_controller]: Trajectory stale (887.5s > 2.0s) -- holding at last known position via gravity compensation.
[pinn_controller_node-1] [WARN] [1784857395.634430684] [pinn_franka_controller]: Trajectory stale (888.5s > 2.0s) -- holding at last known position via gravity compensation.
[pinn_controller_node-1] [WARN] [1784857396.635416766] [pinn_franka_controller]: Trajectory stale (889.5s > 2.0s) -- holding at last known position via gravity compensation.
[pinn_controller_node-1] [WARN] [1784857397.636343488] [pinn_franka_controller]: Trajectory stale (890.5s > 2.0s) -- holding at last known position via gravity compensation.
[pinn_controller_node-1] [WARN] [1784857398.636360067] [pinn_franka_controller]: Trajectory stale (891.5s > 2.0s) -- holding at last known position via gravity compensation.
[pinn_controller_node-1] [WARN] [1784857399.636368689] [pinn_franka_controller]: Trajectory stale (892.5s > 2.0s) -- holding at last known position via gravity compensation.
[pinn_controller_node-1] [WARN] [1784857400.636624675] [pinn_franka_controller]: Trajectory stale (893.5s > 2.0s) -- holding at last known position via gravity compensation.
[pinn_controller_node-1] [WARN] [1784857401.637493813] [pinn_franka_controller]: Trajectory stale (894.5s > 2.0s) -- holding at last known position via gravity compensation.
[pinn_controller_node-1] [WARN] [1784857402.638355405] [pinn_franka_controller]: Trajectory stale (895.5s > 2.0s) -- holding at last known position via gravity compensation.
[pinn_controller_node-1] [WARN] [1784857403.638383231] [pinn_franka_controller]: Trajectory stale (896.5s > 2.0s) -- holding at last known position via gravity compensation.
[pinn_controller_node-1] [WARN] [1784857404.638599817] [pinn_franka_controller]: Trajectory stale (897.5s > 2.0s) -- holding at last known position via gravity compensation.
[pinn_controller_node-1] [WARN] [1784857405.639504781] [pinn_franka_controller]: Trajectory stale (898.5s > 2.0s) -- holding at last known position via gravity compensation.
[pinn_controller_node-1] [WARN] [1784857406.640389835] [pinn_franka_controller]: Trajectory stale (899.5s > 2.0s) -- holding at last known position via gravity compensation.
[pinn_controller_node-1] [WARN] [1784857407.640501195] [pinn_franka_controller]: Trajectory stale (900.5s > 2.0s) -- holding at last known position via gravity compensation.
[pinn_controller_node-1] [WARN] [1784857408.641405652] [pinn_franka_controller]: Trajectory stale (901.5s > 2.0s) -- holding at last known position via gravity compensation.
[pinn_controller_node-1] [WARN] [1784857409.642345065] [pinn_franka_controller]: Trajectory stale (902.5s > 2.0s) -- holding at last known position via gravity compensation.
[pinn_controller_node-1] [WARN] [1784857410.643364537] [pinn_franka_controller]: Trajectory stale (903.5s > 2.0s) -- holding at last known position via gravity compensation.
[pinn_controller_node-1] [WARN] [1784857411.644308070] [pinn_franka_controller]: Trajectory stale (904.5s > 2.0s) -- holding at last known position via gravity compensation.
[pinn_controller_node-1] [WARN] [1784857412.644993510] [pinn_franka_controller]: Trajectory stale (905.5s > 2.0s) -- holding at last known position via gravity compensation.
[pinn_controller_node-1] [WARN] [1784857413.645331915] [pinn_franka_controller]: Trajectory stale (906.5s > 2.0s) -- holding at last known position via gravity compensation.
[pinn_controller_node-1] [WARN] [1784857414.645396721] [pinn_franka_controller]: Trajectory stale (907.5s > 2.0s) -- holding at last known position via gravity compensation.
[pinn_controller_node-1] [WARN] [1784857415.645659781] [pinn_franka_controller]: Trajectory stale (908.5s > 2.0s) -- holding at last known position via gravity compensation.
[pinn_controller_node-1] [WARN] [1784857416.646576423] [pinn_franka_controller]: Trajectory stale (909.5s > 2.0s) -- holding at last known position via gravity compensation.
[pinn_controller_node-1] [WARN] [1784857417.646734175] [pinn_franka_controller]: Trajectory stale (910.5s > 2.0s) -- holding at last known position via gravity compensation.
[pinn_controller_node-1] [WARN] [1784857418.647355975] [pinn_franka_controller]: Trajectory stale (911.5s > 2.0s) -- holding at last known position via gravity compensation.
[pinn_controller_node-1] [WARN] [1784857419.647675332] [pinn_franka_controller]: Trajectory stale (912.5s > 2.0s) -- holding at last known position via gravity compensation.
[pinn_controller_node-1] [WARN] [1784857420.648176464] [pinn_franka_controller]: Trajectory stale (913.5s > 2.0s) -- holding at last known position via gravity compensation.
[pinn_controller_node-1] [WARN] [1784857421.648942558] [pinn_franka_controller]: Trajectory stale (914.5s > 2.0s) -- holding at last known position via gravity compensation.
[pinn_controller_node-1] [WARN] [1784857422.650211833] [pinn_franka_controller]: Trajectory stale (915.5s > 2.0s) -- holding at last known position via gravity compensation.
[pinn_controller_node-1] [WARN] [1784857423.650388357] [pinn_franka_controller]: Trajectory stale (916.5s > 2.0s) -- holding at last known position via gravity compensation.
[pinn_controller_node-1] [WARN] [1784857424.650585998] [pinn_franka_controller]: Trajectory stale (917.5s > 2.0s) -- holding at last known position via gravity compensation.
[pinn_controller_node-1] [WARN] [1784857425.651309089] [pinn_franka_controller]: Trajectory stale (918.5s > 2.0s) -- holding at last known position via gravity compensation.
[pinn_controller_node-1] [WARN] [1784857426.652356546] [pinn_franka_controller]: Trajectory stale (919.5s > 2.0s) -- holding at last known position via gravity compensation.
[pinn_controller_node-1] [WARN] [1784857427.652607139] [pinn_franka_controller]: Trajectory stale (920.5s > 2.0s) -- holding at last known position via gravity compensation.
[pinn_controller_node-1] [WARN] [1784857428.653282381] [pinn_franka_controller]: Trajectory stale (921.5s > 2.0s) -- holding at last known position via gravity compensation.
[pinn_controller_node-1] [WARN] [1784857429.653402590] [pinn_franka_controller]: Trajectory stale (922.5s > 2.0s) -- holding at last known position via gravity compensation.
[pinn_controller_node-1] [WARN] [1784857430.654339530] [pinn_franka_controller]: Trajectory stale (923.5s > 2.0s) -- holding at last known position via gravity compensation.
[pinn_controller_node-1] [WARN] [1784857431.654370071] [pinn_franka_controller]: Trajectory stale (924.5s > 2.0s) -- holding at last known position via gravity compensation.
[pinn_controller_node-1] [WARN] [1784857432.655313315] [pinn_franka_controller]: Trajectory stale (925.5s > 2.0s) -- holding at last known position via gravity compensation.
[pinn_controller_node-1] [WARN] [1784857433.656003414] [pinn_franka_controller]: Trajectory stale (926.5s > 2.0s) -- holding at last known position via gravity compensation.
[pinn_controller_node-1] [WARN] [1784857434.656307894] [pinn_franka_controller]: Trajectory stale (927.5s > 2.0s) -- holding at last known position via gravity compensation.
[pinn_controller_node-1] [WARN] [1784857435.656460502] [pinn_franka_controller]: Trajectory stale (928.5s > 2.0s) -- holding at last known position via gravity compensation.
[pinn_controller_node-1] [WARN] [1784857436.656460736] [pinn_franka_controller]: Trajectory stale (929.5s > 2.0s) -- holding at last known position via gravity compensation.
[pinn_controller_node-1] [WARN] [1784857437.656690334] [pinn_franka_controller]: Trajectory stale (930.5s > 2.0s) -- holding at last known position via gravity compensation.
[pinn_controller_node-1] [WARN] [1784857438.657358770] [pinn_franka_controller]: Trajectory stale (931.5s > 2.0s) -- holding at last known position via gravity compensation.
[pinn_controller_node-1] [WARN] [1784857439.657383243] [pinn_franka_controller]: Trajectory stale (932.5s > 2.0s) -- holding at last known position via gravity compensation.
[pinn_controller_node-1] [WARN] [1784857440.657430099] [pinn_franka_controller]: Trajectory stale (933.5s > 2.0s) -- holding at last known position via gravity compensation.
[pinn_controller_node-1] [WARN] [1784857441.658389714] [pinn_franka_controller]: Trajectory stale (934.5s > 2.0s) -- holding at last known position via gravity compensation.
[pinn_controller_node-1] [WARN] [1784857442.659363044] [pinn_franka_controller]: Trajectory stale (935.5s > 2.0s) -- holding at last known position via gravity compensation.
[pinn_controller_node-1] [WARN] [1784857443.659501177] [pinn_franka_controller]: Trajectory stale (936.5s > 2.0s) -- holding at last known position via gravity compensation.
[pinn_controller_node-1] [WARN] [1784857444.660275497] [pinn_franka_controller]: Trajectory stale (937.5s > 2.0s) -- holding at last known position via gravity compensation.
[pinn_controller_node-1] [WARN] [1784857445.660373259] [pinn_franka_controller]: Trajectory stale (938.5s > 2.0s) -- holding at last known position via gravity compensation.
[pinn_controller_node-1] [WARN] [1784857446.660449394] [pinn_franka_controller]: Trajectory stale (939.5s > 2.0s) -- holding at last known position via gravity compensation.
[pinn_controller_node-1] [WARN] [1784857447.661376551] [pinn_franka_controller]: Trajectory stale (940.5s > 2.0s) -- holding at last known position via gravity compensation.
[pinn_controller_node-1] [WARN] [1784857448.661953784] [pinn_franka_controller]: Trajectory stale (941.5s > 2.0s) -- holding at last known position via gravity compensation.
[pinn_controller_node-1] [WARN] [1784857449.662351661] [pinn_franka_controller]: Trajectory stale (942.5s > 2.0s) -- holding at last known position via gravity compensation.
[pinn_controller_node-1] [WARN] [1784857450.663269832] [pinn_franka_controller]: Trajectory stale (943.5s > 2.0s) -- holding at last known position via gravity compensation.
[pinn_controller_node-1] [WARN] [1784857451.663384154] [pinn_franka_controller]: Trajectory stale (944.5s > 2.0s) -- holding at last known position via gravity compensation.
[pinn_controller_node-1] [WARN] [1784857452.664309535] [pinn_franka_controller]: Trajectory stale (945.5s > 2.0s) -- holding at last known position via gravity compensation.
[pinn_controller_node-1] [WARN] [1784857453.664358558] [pinn_franka_controller]: Trajectory stale (946.5s > 2.0s) -- holding at last known position via gravity compensation.
[pinn_controller_node-1] [WARN] [1784857454.664388250] [pinn_franka_controller]: Trajectory stale (947.5s > 2.0s) -- holding at last known position via gravity compensation.
[pinn_controller_node-1] [WARN] [1784857455.665399522] [pinn_franka_controller]: Trajectory stale (948.5s > 2.0s) -- holding at last known position via gravity compensation.
[pinn_controller_node-1] [WARN] [1784857456.665619144] [pinn_franka_controller]: Trajectory stale (949.5s > 2.0s) -- holding at last known position via gravity compensation.
[pinn_controller_node-1] [WARN] [1784857457.666321831] [pinn_franka_controller]: Trajectory stale (950.5s > 2.0s) -- holding at last known position via gravity compensation.
[pinn_controller_node-1] [WARN] [1784857458.666511994] [pinn_franka_controller]: Trajectory stale (951.5s > 2.0s) -- holding at last known position via gravity compensation.
[pinn_controller_node-1] [WARN] [1784857459.667389068] [pinn_franka_controller]: Trajectory stale (952.5s > 2.0s) -- holding at last known position via gravity compensation.
[pinn_controller_node-1] [WARN] [1784857460.667395634] [pinn_franka_controller]: Trajectory stale (953.5s > 2.0s) -- holding at last known position via gravity compensation.
[pinn_controller_node-1] [WARN] [1784857461.667546697] [pinn_franka_controller]: Trajectory stale (954.5s > 2.0s) -- holding at last known position via gravity compensation.
[pinn_controller_node-1] [WARN] [1784857462.667734816] [pinn_franka_controller]: Trajectory stale (955.5s > 2.0s) -- holding at last known position via gravity compensation.
[pinn_controller_node-1] [WARN] [1784857463.668383776] [pinn_franka_controller]: Trajectory stale (956.5s > 2.0s) -- holding at last known position via gravity compensation.
[pinn_controller_node-1] [WARN] [1784857464.668422829] [pinn_franka_controller]: Trajectory stale (957.5s > 2.0s) -- holding at last known position via gravity compensation.
[pinn_controller_node-1] [WARN] [1784857465.668463128] [pinn_franka_controller]: Trajectory stale (958.5s > 2.0s) -- holding at last known position via gravity compensation.
[pinn_controller_node-1] [WARN] [1784857466.669452301] [pinn_franka_controller]: Trajectory stale (959.5s > 2.0s) -- holding at last known position via gravity compensation.
[pinn_controller_node-1] [WARN] [1784857467.669655476] [pinn_franka_controller]: Trajectory stale (960.5s > 2.0s) -- holding at last known position via gravity compensation.
[pinn_controller_node-1] [WARN] [1784857468.670482212] [pinn_franka_controller]: Trajectory stale (961.5s > 2.0s) -- holding at last known position via gravity compensation.
[pinn_controller_node-1] [WARN] [1784857469.671451182] [pinn_franka_controller]: Trajectory stale (962.5s > 2.0s) -- holding at last known position via gravity compensation.
[pinn_controller_node-1] [WARN] [1784857470.672345126] [pinn_franka_controller]: Trajectory stale (963.5s > 2.0s) -- holding at last known position via gravity compensation.
[pinn_controller_node-1] [WARN] [1784857471.672588175] [pinn_franka_controller]: Trajectory stale (964.5s > 2.0s) -- holding at last known position via gravity compensation.
[pinn_controller_node-1] [WARN] [1784857472.673516713] [pinn_franka_controller]: Trajectory stale (965.5s > 2.0s) -- holding at last known position via gravity compensation.
[pinn_controller_node-1] [WARN] [1784857473.673730225] [pinn_franka_controller]: Trajectory stale (966.5s > 2.0s) -- holding at last known position via gravity compensation.
[pinn_controller_node-1] [WARN] [1784857474.674358172] [pinn_franka_controller]: Trajectory stale (967.5s > 2.0s) -- holding at last known position via gravity compensation.
[pinn_controller_node-1] [WARN] [1784857475.674794111] [pinn_franka_controller]: Trajectory stale (968.5s > 2.0s) -- holding at last known position via gravity compensation.
[pinn_controller_node-1] [WARN] [1784857476.675537915] [pinn_franka_controller]: Trajectory stale (969.5s > 2.0s) -- holding at last known position via gravity compensation.
[pinn_controller_node-1] [WARN] [1784857477.676364048] [pinn_franka_controller]: Trajectory stale (970.5s > 2.0s) -- holding at last known position via gravity compensation.
[pinn_controller_node-1] [WARN] [1784857478.676370335] [pinn_franka_controller]: Trajectory stale (971.5s > 2.0s) -- holding at last known position via gravity compensation.
[pinn_controller_node-1] [WARN] [1784857479.677297452] [pinn_franka_controller]: Trajectory stale (972.5s > 2.0s) -- holding at last known position via gravity compensation.
[pinn_controller_node-1] [WARN] [1784857480.677346431] [pinn_franka_controller]: Trajectory stale (973.5s > 2.0s) -- holding at last known position via gravity compensation.
[pinn_controller_node-1] [WARN] [1784857481.677397485] [pinn_franka_controller]: Trajectory stale (974.5s > 2.0s) -- holding at last known position via gravity compensation.
[pinn_controller_node-1] [WARN] [1784857482.677625779] [pinn_franka_controller]: Trajectory stale (975.5s > 2.0s) -- holding at last known position via gravity compensation.
[pinn_controller_node-1] [WARN] [1784857483.678379591] [pinn_franka_controller]: Trajectory stale (976.5s > 2.0s) -- holding at last known position via gravity compensation.
[pinn_controller_node-1] [WARN] [1784857484.678383522] [pinn_franka_controller]: Trajectory stale (977.5s > 2.0s) -- holding at last known position via gravity compensation.
[pinn_controller_node-1] [WARN] [1784857485.679368245] [pinn_franka_controller]: Trajectory stale (978.5s > 2.0s) -- holding at last known position via gravity compensation.
[pinn_controller_node-1] [WARN] [1784857486.680362700] [pinn_franka_controller]: Trajectory stale (979.5s > 2.0s) -- holding at last known position via gravity compensation.
[pinn_controller_node-1] [WARN] [1784857487.680392778] [pinn_franka_controller]: Trajectory stale (980.5s > 2.0s) -- holding at last known position via gravity compensation.
[pinn_controller_node-1] [WARN] [1784857488.681303921] [pinn_franka_controller]: Trajectory stale (981.5s > 2.0s) -- holding at last known position via gravity compensation.
[pinn_controller_node-1] [WARN] [1784857489.681548162] [pinn_franka_controller]: Trajectory stale (982.5s > 2.0s) -- holding at last known position via gravity compensation.
[pinn_controller_node-1] [WARN] [1784857490.681715410] [pinn_franka_controller]: Trajectory stale (983.5s > 2.0s) -- holding at last known position via gravity compensation.
[pinn_controller_node-1] [WARN] [1784857491.682417571] [pinn_franka_controller]: Trajectory stale (984.5s > 2.0s) -- holding at last known position via gravity compensation.
[pinn_controller_node-1] [WARN] [1784857492.682445685] [pinn_franka_controller]: Trajectory stale (985.5s > 2.0s) -- holding at last known position via gravity compensation.
[pinn_controller_node-1] [WARN] [1784857493.683387231] [pinn_franka_controller]: Trajectory stale (986.5s > 2.0s) -- holding at last known position via gravity compensation.
[pinn_controller_node-1] [WARN] [1784857494.684316588] [pinn_franka_controller]: Trajectory stale (987.5s > 2.0s) -- holding at last known position via gravity compensation.
[pinn_controller_node-1] [WARN] [1784857495.684332927] [pinn_franka_controller]: Trajectory stale (988.5s > 2.0s) -- holding at last known position via gravity compensation.
[pinn_controller_node-1] [WARN] [1784857496.684637614] [pinn_franka_controller]: Trajectory stale (989.5s > 2.0s) -- holding at last known position via gravity compensation.
[pinn_controller_node-1] [WARN] [1784857497.685371968] [pinn_franka_controller]: Trajectory stale (990.5s > 2.0s) -- holding at last known position via gravity compensation.
[pinn_controller_node-1] [WARN] [1784857498.686344113] [pinn_franka_controller]: Trajectory stale (991.5s > 2.0s) -- holding at last known position via gravity compensation.
[pinn_controller_node-1] [WARN] [1784857499.686559231] [pinn_franka_controller]: Trajectory stale (992.5s > 2.0s) -- holding at last known position via gravity compensation.
[pinn_controller_node-1] [WARN] [1784857500.687420721] [pinn_franka_controller]: Trajectory stale (993.5s > 2.0s) -- holding at last known position via gravity compensation.
[pinn_controller_node-1] [WARN] [1784857501.688358339] [pinn_franka_controller]: Trajectory stale (994.5s > 2.0s) -- holding at last known position via gravity compensation.
[pinn_controller_node-1] [WARN] [1784857502.688359296] [pinn_franka_controller]: Trajectory stale (995.5s > 2.0s) -- holding at last known position via gravity compensation.
[pinn_controller_node-1] [WARN] [1784857503.689377034] [pinn_franka_controller]: Trajectory stale (996.5s > 2.0s) -- holding at last known position via gravity compensation.
[pinn_controller_node-1] [WARN] [1784857504.689521719] [pinn_franka_controller]: Trajectory stale (997.5s > 2.0s) -- holding at last known position via gravity compensation.
[pinn_controller_node-1] [WARN] [1784857505.690443941] [pinn_franka_controller]: Trajectory stale (998.5s > 2.0s) -- holding at last known position via gravity compensation.
[pinn_controller_node-1] [WARN] [1784857506.690650097] [pinn_franka_controller]: Trajectory stale (999.5s > 2.0s) -- holding at last known position via gravity compensation.
[pinn_controller_node-1] [WARN] [1784857507.691369272] [pinn_franka_controller]: Trajectory stale (1000.5s > 2.0s) -- holding at last known position via gravity compensation.
[pinn_controller_node-1] [WARN] [1784857508.692354670] [pinn_franka_controller]: Trajectory stale (1001.5s > 2.0s) -- holding at last known position via gravity compensation.
[pinn_controller_node-1] [WARN] [1784857509.693336512] [pinn_franka_controller]: Trajectory stale (1002.5s > 2.0s) -- holding at last known position via gravity compensation.
[pinn_controller_node-1] [WARN] [1784857510.693344894] [pinn_franka_controller]: Trajectory stale (1003.5s > 2.0s) -- holding at last known position via gravity compensation.
[pinn_controller_node-1] [WARN] [1784857511.694370108] [pinn_franka_controller]: Trajectory stale (1004.5s > 2.0s) -- holding at last known position via gravity compensation.
[pinn_controller_node-1] [WARN] [1784857512.694381901] [pinn_franka_controller]: Trajectory stale (1005.5s > 2.0s) -- holding at last known position via gravity compensation.
[pinn_controller_node-1] [WARN] [1784857513.694785313] [pinn_franka_controller]: Trajectory stale (1006.5s > 2.0s) -- holding at last known position via gravity compensation.
[pinn_controller_node-1] [WARN] [1784857514.695355932] [pinn_franka_controller]: Trajectory stale (1007.5s > 2.0s) -- holding at last known position via gravity compensation.
[pinn_controller_node-1] [WARN] [1784857515.695567462] [pinn_franka_controller]: Trajectory stale (1008.5s > 2.0s) -- holding at last known position via gravity compensation.
[pinn_controller_node-1] [WARN] [1784857516.696489023] [pinn_franka_controller]: Trajectory stale (1009.5s > 2.0s) -- holding at last known position via gravity compensation.
[pinn_controller_node-1] [WARN] [1784857517.697353777] [pinn_franka_controller]: Trajectory stale (1010.5s > 2.0s) -- holding at last known position via gravity compensation.
[pinn_controller_node-1] [WARN] [1784857518.697381309] [pinn_franka_controller]: Trajectory stale (1011.5s > 2.0s) -- holding at last known position via gravity compensation.
[pinn_controller_node-1] [WARN] [1784857519.697411736] [pinn_franka_controller]: Trajectory stale (1012.5s > 2.0s) -- holding at last known position via gravity compensation.
[pinn_controller_node-1] [WARN] [1784857520.697494153] [pinn_franka_controller]: Trajectory stale (1013.5s > 2.0s) -- holding at last known position via gravity compensation.
[pinn_controller_node-1] [WARN] [1784857521.698475764] [pinn_franka_controller]: Trajectory stale (1014.5s > 2.0s) -- holding at last known position via gravity compensation.
[pinn_controller_node-1] [WARN] [1784857522.698605547] [pinn_franka_controller]: Trajectory stale (1015.5s > 2.0s) -- holding at last known position via gravity compensation.
[pinn_controller_node-1] [WARN] [1784857523.699376523] [pinn_franka_controller]: Trajectory stale (1016.5s > 2.0s) -- holding at last known position via gravity compensation.
[pinn_controller_node-1] [WARN] [1784857524.700375297] [pinn_franka_controller]: Trajectory stale (1017.5s > 2.0s) -- holding at last known position via gravity compensation.
[pinn_controller_node-1] [WARN] [1784857525.700854828] [pinn_franka_controller]: Trajectory stale (1018.5s > 2.0s) -- holding at last known position via gravity compensation.
[pinn_controller_node-1] [WARN] [1784857526.701550729] [pinn_franka_controller]: Trajectory stale (1019.5s > 2.0s) -- holding at last known position via gravity compensation.
[pinn_controller_node-1] [WARN] [1784857527.702314965] [pinn_franka_controller]: Trajectory stale (1020.5s > 2.0s) -- holding at last known position via gravity compensation.
[pinn_controller_node-1] [WARN] [1784857528.702393456] [pinn_franka_controller]: Trajectory stale (1021.5s > 2.0s) -- holding at last known position via gravity compensation.
[pinn_controller_node-1] [WARN] [1784857529.702438285] [pinn_franka_controller]: Trajectory stale (1022.5s > 2.0s) -- holding at last known position via gravity compensation.
[pinn_controller_node-1] [WARN] [1784857530.702494596] [pinn_franka_controller]: Trajectory stale (1023.5s > 2.0s) -- holding at last known position via gravity compensation.
[pinn_controller_node-1] [WARN] [1784857531.702783185] [pinn_franka_controller]: Trajectory stale (1024.5s > 2.0s) -- holding at last known position via gravity compensation.
[pinn_controller_node-1] [WARN] [1784857532.703362411] [pinn_franka_controller]: Trajectory stale (1025.5s > 2.0s) -- holding at last known position via gravity compensation.
[pinn_controller_node-1] [WARN] [1784857533.703694695] [pinn_franka_controller]: Trajectory stale (1026.5s > 2.0s) -- holding at last known position via gravity compensation.
[pinn_controller_node-1] [WARN] [1784857534.704360208] [pinn_franka_controller]: Trajectory stale (1027.5s > 2.0s) -- holding at last known position via gravity compensation.
[pinn_controller_node-1] [WARN] [1784857535.705280024] [pinn_franka_controller]: Trajectory stale (1028.5s > 2.0s) -- holding at last known position via gravity compensation.
[pinn_controller_node-1] [WARN] [1784857536.705996978] [pinn_franka_controller]: Trajectory stale (1029.5s > 2.0s) -- holding at last known position via gravity compensation.
[pinn_controller_node-1] [WARN] [1784857537.706421511] [pinn_franka_controller]: Trajectory stale (1030.5s > 2.0s) -- holding at last known position via gravity compensation.
[pinn_controller_node-1] [WARN] [1784857538.706817426] [pinn_franka_controller]: Trajectory stale (1031.5s > 2.0s) -- holding at last known position via gravity compensation.
[pinn_controller_node-1] [WARN] [1784857539.707396830] [pinn_franka_controller]: Trajectory stale (1032.5s > 2.0s) -- holding at last known position via gravity compensation.
[pinn_controller_node-1] [WARN] [1784857540.708344952] [pinn_franka_controller]: Trajectory stale (1033.5s > 2.0s) -- holding at last known position via gravity compensation.
[pinn_controller_node-1] [WARN] [1784857541.708371006] [pinn_franka_controller]: Trajectory stale (1034.5s > 2.0s) -- holding at last known position via gravity compensation.
[pinn_controller_node-1] [WARN] [1784857542.709354197] [pinn_franka_controller]: Trajectory stale (1035.5s > 2.0s) -- holding at last known position via gravity compensation.
[pinn_controller_node-1] [WARN] [1784857543.709556200] [pinn_franka_controller]: Trajectory stale (1036.5s > 2.0s) -- holding at last known position via gravity compensation.
[pinn_controller_node-1] [WARN] [1784857544.710352878] [pinn_franka_controller]: Trajectory stale (1037.5s > 2.0s) -- holding at last known position via gravity compensation.
[pinn_controller_node-1] [WARN] [1784857545.710400410] [pinn_franka_controller]: Trajectory stale (1038.5s > 2.0s) -- holding at last known position via gravity compensation.
[pinn_controller_node-1] [WARN] [1784857546.711371156] [pinn_franka_controller]: Trajectory stale (1039.5s > 2.0s) -- holding at last known position via gravity compensation.
[pinn_controller_node-1] [WARN] [1784857547.712380099] [pinn_franka_controller]: Trajectory stale (1040.5s > 2.0s) -- holding at last known position via gravity compensation.
[pinn_controller_node-1] [WARN] [1784857548.713060457] [pinn_franka_controller]: Trajectory stale (1041.5s > 2.0s) -- holding at last known position via gravity compensation.
[pinn_controller_node-1] [WARN] [1784857549.713413480] [pinn_franka_controller]: Trajectory stale (1042.5s > 2.0s) -- holding at last known position via gravity compensation.
[pinn_controller_node-1] [WARN] [1784857550.713699876] [pinn_franka_controller]: Trajectory stale (1043.5s > 2.0s) -- holding at last known position via gravity compensation.
[pinn_controller_node-1] [WARN] [1784857551.714394717] [pinn_franka_controller]: Trajectory stale (1044.5s > 2.0s) -- holding at last known position via gravity compensation.
[pinn_controller_node-1] [WARN] [1784857552.714910364] [pinn_franka_controller]: Trajectory stale (1045.5s > 2.0s) -- holding at last known position via gravity compensation.
[pinn_controller_node-1] [WARN] [1784857553.715508699] [pinn_franka_controller]: Trajectory stale (1046.5s > 2.0s) -- holding at last known position via gravity compensation.
[pinn_controller_node-1] [WARN] [1784857554.716418778] [pinn_franka_controller]: Trajectory stale (1047.5s > 2.0s) -- holding at last known position via gravity compensation.
[pinn_controller_node-1] [WARN] [1784857555.716727898] [pinn_franka_controller]: Trajectory stale (1048.5s > 2.0s) -- holding at last known position via gravity compensation.
[pinn_controller_node-1] [WARN] [1784857556.717445949] [pinn_franka_controller]: Trajectory stale (1049.5s > 2.0s) -- holding at last known position via gravity compensation.
[pinn_controller_node-1] [WARN] [1784857557.718406877] [pinn_franka_controller]: Trajectory stale (1050.5s > 2.0s) -- holding at last known position via gravity compensation.
[pinn_controller_node-1] [WARN] [1784857558.719630256] [pinn_franka_controller]: Trajectory stale (1051.5s > 2.0s) -- holding at last known position via gravity compensation.
[pinn_controller_node-1] [WARN] [1784857559.720475741] [pinn_franka_controller]: Trajectory stale (1052.5s > 2.0s) -- holding at last known position via gravity compensation.
[pinn_controller_node-1] [WARN] [1784857560.721390444] [pinn_franka_controller]: Trajectory stale (1053.5s > 2.0s) -- holding at last known position via gravity compensation.
[pinn_controller_node-1] [WARN] [1784857561.721477832] [pinn_franka_controller]: Trajectory stale (1054.5s > 2.0s) -- holding at last known position via gravity compensation.
[pinn_controller_node-1] [WARN] [1784857562.721825450] [pinn_franka_controller]: Trajectory stale (1055.5s > 2.0s) -- holding at last known position via gravity compensation.
[pinn_controller_node-1] [WARN] [1784857563.722330027] [pinn_franka_controller]: Trajectory stale (1056.5s > 2.0s) -- holding at last known position via gravity compensation.
[pinn_controller_node-1] [WARN] [1784857564.722365759] [pinn_franka_controller]: Trajectory stale (1057.5s > 2.0s) -- holding at last known position via gravity compensation.
[pinn_controller_node-1] [WARN] [1784857565.723350565] [pinn_franka_controller]: Trajectory stale (1058.5s > 2.0s) -- holding at last known position via gravity compensation.
[pinn_controller_node-1] [WARN] [1784857566.724309389] [pinn_franka_controller]: Trajectory stale (1059.5s > 2.0s) -- holding at last known position via gravity compensation.
[pinn_controller_node-1] [WARN] [1784857567.724318638] [pinn_franka_controller]: Trajectory stale (1060.5s > 2.0s) -- holding at last known position via gravity compensation.
[pinn_controller_node-1] [WARN] [1784857568.724370762] [pinn_franka_controller]: Trajectory stale (1061.5s > 2.0s) -- holding at last known position via gravity compensation.
[pinn_controller_node-1] [WARN] [1784857569.725335656] [pinn_franka_controller]: Trajectory stale (1062.5s > 2.0s) -- holding at last known position via gravity compensation.
[pinn_controller_node-1] [WARN] [1784857570.726346286] [pinn_franka_controller]: Trajectory stale (1063.5s > 2.0s) -- holding at last known position via gravity compensation.
[pinn_controller_node-1] [WARN] [1784857571.726438383] [pinn_franka_controller]: Trajectory stale (1064.5s > 2.0s) -- holding at last known position via gravity compensation.
[pinn_controller_node-1] [WARN] [1784857572.727315812] [pinn_franka_controller]: Trajectory stale (1065.5s > 2.0s) -- holding at last known position via gravity compensation.
[pinn_controller_node-1] [WARN] [1784857573.727357308] [pinn_franka_controller]: Trajectory stale (1066.5s > 2.0s) -- holding at last known position via gravity compensation.
[pinn_controller_node-1] [WARN] [1784857574.727361057] [pinn_franka_controller]: Trajectory stale (1067.5s > 2.0s) -- holding at last known position via gravity compensation.
[pinn_controller_node-1] [WARN] [1784857575.727473871] [pinn_franka_controller]: Trajectory stale (1068.5s > 2.0s) -- holding at last known position via gravity compensation.
[pinn_controller_node-1] [WARN] [1784857576.728312363] [pinn_franka_controller]: Trajectory stale (1069.5s > 2.0s) -- holding at last known position via gravity compensation.
[pinn_controller_node-1] [WARN] [1784857577.728543205] [pinn_franka_controller]: Trajectory stale (1070.5s > 2.0s) -- holding at last known position via gravity compensation.
[pinn_controller_node-1] [WARN] [1784857578.729363305] [pinn_franka_controller]: Trajectory stale (1071.6s > 2.0s) -- holding at last known position via gravity compensation.
[pinn_controller_node-1] [WARN] [1784857579.729400331] [pinn_franka_controller]: Trajectory stale (1072.6s > 2.0s) -- holding at last known position via gravity compensation.
[pinn_controller_node-1] [WARN] [1784857580.729476863] [pinn_franka_controller]: Trajectory stale (1073.6s > 2.0s) -- holding at last known position via gravity compensation.
[pinn_controller_node-1] [WARN] [1784857581.730364567] [pinn_franka_controller]: Trajectory stale (1074.6s > 2.0s) -- holding at last known position via gravity compensation.
[pinn_controller_node-1] [WARN] [1784857582.731381197] [pinn_franka_controller]: Trajectory stale (1075.6s > 2.0s) -- holding at last known position via gravity compensation.
[pinn_controller_node-1] [WARN] [1784857583.732069823] [pinn_franka_controller]: Trajectory stale (1076.6s > 2.0s) -- holding at last known position via gravity compensation.
[pinn_controller_node-1] [WARN] [1784857584.732323573] [pinn_franka_controller]: Trajectory stale (1077.6s > 2.0s) -- holding at last known position via gravity compensation.
[pinn_controller_node-1] [WARN] [1784857585.733365619] [pinn_franka_controller]: Trajectory stale (1078.6s > 2.0s) -- holding at last known position via gravity compensation.
[pinn_controller_node-1] [WARN] [1784857586.734104896] [pinn_franka_controller]: Trajectory stale (1079.6s > 2.0s) -- holding at last known position via gravity compensation.
[pinn_controller_node-1] [WARN] [1784857587.734334836] [pinn_franka_controller]: Trajectory stale (1080.6s > 2.0s) -- holding at last known position via gravity compensation.
[pinn_controller_node-1] [WARN] [1784857588.734850436] [pinn_franka_controller]: Trajectory stale (1081.6s > 2.0s) -- holding at last known position via gravity compensation.
[pinn_controller_node-1] [WARN] [1784857589.735360492] [pinn_franka_controller]: Trajectory stale (1082.6s > 2.0s) -- holding at last known position via gravity compensation.
[pinn_controller_node-1] [WARN] [1784857590.736316597] [pinn_franka_controller]: Trajectory stale (1083.6s > 2.0s) -- holding at last known position via gravity compensation.
[pinn_controller_node-1] [WARN] [1784857591.737401319] [pinn_franka_controller]: Trajectory stale (1084.6s > 2.0s) -- holding at last known position via gravity compensation.
[pinn_controller_node-1] [WARN] [1784857592.737478744] [pinn_franka_controller]: Trajectory stale (1085.6s > 2.0s) -- holding at last known position via gravity compensation.
[pinn_controller_node-1] [WARN] [1784857593.738350917] [pinn_franka_controller]: Trajectory stale (1086.6s > 2.0s) -- holding at last known position via gravity compensation.
[pinn_controller_node-1] [WARN] [1784857594.739389255] [pinn_franka_controller]: Trajectory stale (1087.6s > 2.0s) -- holding at last known position via gravity compensation.
[pinn_controller_node-1] [WARN] [1784857595.740292257] [pinn_franka_controller]: Trajectory stale (1088.6s > 2.0s) -- holding at last known position via gravity compensation.
[pinn_controller_node-1] [WARN] [1784857596.740357902] [pinn_franka_controller]: Trajectory stale (1089.6s > 2.0s) -- holding at last known position via gravity compensation.
[pinn_controller_node-1] [WARN] [1784857597.740765714] [pinn_franka_controller]: Trajectory stale (1090.6s > 2.0s) -- holding at last known position via gravity compensation.
[pinn_controller_node-1] [WARN] [1784857598.741417866] [pinn_franka_controller]: Trajectory stale (1091.6s > 2.0s) -- holding at last known position via gravity compensation.
[pinn_controller_node-1] [WARN] [1784857599.741423777] [pinn_franka_controller]: Trajectory stale (1092.6s > 2.0s) -- holding at last known position via gravity compensation.
[pinn_controller_node-1] [WARN] [1784857600.742350534] [pinn_franka_controller]: Trajectory stale (1093.6s > 2.0s) -- holding at last known position via gravity compensation.
[pinn_controller_node-1] [WARN] [1784857601.743014434] [pinn_franka_controller]: Trajectory stale (1094.6s > 2.0s) -- holding at last known position via gravity compensation.
[pinn_controller_node-1] [WARN] [1784857602.743373403] [pinn_franka_controller]: Trajectory stale (1095.6s > 2.0s) -- holding at last known position via gravity compensation.
[pinn_controller_node-1] [WARN] [1784857603.743443442] [pinn_franka_controller]: Trajectory stale (1096.6s > 2.0s) -- holding at last known position via gravity compensation.
[pinn_controller_node-1] [WARN] [1784857604.744307614] [pinn_franka_controller]: Trajectory stale (1097.6s > 2.0s) -- holding at last known position via gravity compensation.
[pinn_controller_node-1] [WARN] [1784857605.744568190] [pinn_franka_controller]: Trajectory stale (1098.6s > 2.0s) -- holding at last known position via gravity compensation.
[pinn_controller_node-1] [WARN] [1784857606.745362647] [pinn_franka_controller]: Trajectory stale (1099.6s > 2.0s) -- holding at last known position via gravity compensation.
[pinn_controller_node-1] [WARN] [1784857607.745373181] [pinn_franka_controller]: Trajectory stale (1100.6s > 2.0s) -- holding at last known position via gravity compensation.
[pinn_controller_node-1] [WARN] [1784857608.746395357] [pinn_franka_controller]: Trajectory stale (1101.6s > 2.0s) -- holding at last known position via gravity compensation.
[pinn_controller_node-1] [WARN] [1784857609.746929998] [pinn_franka_controller]: Trajectory stale (1102.6s > 2.0s) -- holding at last known position via gravity compensation.
[pinn_controller_node-1] [WARN] [1784857610.747367054] [pinn_franka_controller]: Trajectory stale (1103.6s > 2.0s) -- holding at last known position via gravity compensation.
[pinn_controller_node-1] [WARN] [1784857611.747388233] [pinn_franka_controller]: Trajectory stale (1104.6s > 2.0s) -- holding at last known position via gravity compensation.
[pinn_controller_node-1] [WARN] [1784857612.747760885] [pinn_franka_controller]: Trajectory stale (1105.6s > 2.0s) -- holding at last known position via gravity compensation.
[pinn_controller_node-1] [WARN] [1784857613.747896702] [pinn_franka_controller]: Trajectory stale (1106.6s > 2.0s) -- holding at last known position via gravity compensation.
[pinn_controller_node-1] [WARN] [1784857614.748401868] [pinn_franka_controller]: Trajectory stale (1107.6s > 2.0s) -- holding at last known position via gravity compensation.
[pinn_controller_node-1] [WARN] [1784857615.748527994] [pinn_franka_controller]: Trajectory stale (1108.6s > 2.0s) -- holding at last known position via gravity compensation.
[pinn_controller_node-1] [WARN] [1784857616.748703602] [pinn_franka_controller]: Trajectory stale (1109.6s > 2.0s) -- holding at last known position via gravity compensation.
[pinn_controller_node-1] [WARN] [1784857617.749247246] [pinn_franka_controller]: Trajectory stale (1110.6s > 2.0s) -- holding at last known position via gravity compensation.
[pinn_controller_node-1] [WARN] [1784857618.749513964] [pinn_franka_controller]: Trajectory stale (1111.6s > 2.0s) -- holding at last known position via gravity compensation.
[pinn_controller_node-1] [WARN] [1784857619.750367022] [pinn_franka_controller]: Trajectory stale (1112.6s > 2.0s) -- holding at last known position via gravity compensation.
[pinn_controller_node-1] [WARN] [1784857620.750619450] [pinn_franka_controller]: Trajectory stale (1113.6s > 2.0s) -- holding at last known position via gravity compensation.
[pinn_controller_node-1] [WARN] [1784857621.751136651] [pinn_franka_controller]: Trajectory stale (1114.6s > 2.0s) -- holding at last known position via gravity compensation.
[pinn_controller_node-1] [WARN] [1784857622.751343551] [pinn_franka_controller]: Trajectory stale (1115.6s > 2.0s) -- holding at last known position via gravity compensation.
[pinn_controller_node-1] [WARN] [1784857623.752390630] [pinn_franka_controller]: Trajectory stale (1116.6s > 2.0s) -- holding at last known position via gravity compensation.
[pinn_controller_node-1] [WARN] [1784857624.753316614] [pinn_franka_controller]: Trajectory stale (1117.6s > 2.0s) -- holding at last known position via gravity compensation.
[pinn_controller_node-1] [WARN] [1784857625.753382604] [pinn_franka_controller]: Trajectory stale (1118.6s > 2.0s) -- holding at last known position via gravity compensation.
[pinn_controller_node-1] [WARN] [1784857626.754346961] [pinn_franka_controller]: Trajectory stale (1119.6s > 2.0s) -- holding at last known position via gravity compensation.
[pinn_controller_node-1] [WARN] [1784857627.754610810] [pinn_franka_controller]: Trajectory stale (1120.6s > 2.0s) -- holding at last known position via gravity compensation.
[pinn_controller_node-1] [WARN] [1784857628.755398355] [pinn_franka_controller]: Trajectory stale (1121.6s > 2.0s) -- holding at last known position via gravity compensation.
[pinn_controller_node-1] [WARN] [1784857629.755510219] [pinn_franka_controller]: Trajectory stale (1122.6s > 2.0s) -- holding at last known position via gravity compensation.
[pinn_controller_node-1] [WARN] [1784857630.756398587] [pinn_franka_controller]: Trajectory stale (1123.6s > 2.0s) -- holding at last known position via gravity compensation.
[pinn_controller_node-1] [WARN] [1784857631.757311098] [pinn_franka_controller]: Trajectory stale (1124.6s > 2.0s) -- holding at last known position via gravity compensation.
[pinn_controller_node-1] [WARN] [1784857632.757341147] [pinn_franka_controller]: Trajectory stale (1125.6s > 2.0s) -- holding at last known position via gravity compensation.
[pinn_controller_node-1] [WARN] [1784857633.757357211] [pinn_franka_controller]: Trajectory stale (1126.6s > 2.0s) -- holding at last known position via gravity compensation.
[pinn_controller_node-1] [WARN] [1784857634.758182027] [pinn_franka_controller]: Trajectory stale (1127.6s > 2.0s) -- holding at last known position via gravity compensation.
[pinn_controller_node-1] [WARN] [1784857635.758354856] [pinn_franka_controller]: Trajectory stale (1128.6s > 2.0s) -- holding at last known position via gravity compensation.
[pinn_controller_node-1] [WARN] [1784857636.759313033] [pinn_franka_controller]: Trajectory stale (1129.6s > 2.0s) -- holding at last known position via gravity compensation.
[pinn_controller_node-1] [WARN] [1784857637.759374226] [pinn_franka_controller]: Trajectory stale (1130.6s > 2.0s) -- holding at last known position via gravity compensation.
[pinn_controller_node-1] [WARN] [1784857638.760321257] [pinn_franka_controller]: Trajectory stale (1131.6s > 2.0s) -- holding at last known position via gravity compensation.
[pinn_controller_node-1] [WARN] [1784857639.760328508] [pinn_franka_controller]: Trajectory stale (1132.6s > 2.0s) -- holding at last known position via gravity compensation.
[pinn_controller_node-1] [WARN] [1784857640.760602727] [pinn_franka_controller]: Trajectory stale (1133.6s > 2.0s) -- holding at last known position via gravity compensation.
[pinn_controller_node-1] [WARN] [1784857641.760692540] [pinn_franka_controller]: Trajectory stale (1134.6s > 2.0s) -- holding at last known position via gravity compensation.
[pinn_controller_node-1] [WARN] [1784857642.761431475] [pinn_franka_controller]: Trajectory stale (1135.6s > 2.0s) -- holding at last known position via gravity compensation.
[pinn_controller_node-1] [WARN] [1784857643.761864800] [pinn_franka_controller]: Trajectory stale (1136.6s > 2.0s) -- holding at last known position via gravity compensation.
[pinn_controller_node-1] [WARN] [1784857644.762422853] [pinn_franka_controller]: Trajectory stale (1137.6s > 2.0s) -- holding at last known position via gravity compensation.
[pinn_controller_node-1] [WARN] [1784857645.762720660] [pinn_franka_controller]: Trajectory stale (1138.6s > 2.0s) -- holding at last known position via gravity compensation.
[pinn_controller_node-1] [WARN] [1784857646.763402639] [pinn_franka_controller]: Trajectory stale (1139.6s > 2.0s) -- holding at last known position via gravity compensation.
[pinn_controller_node-1] [WARN] [1784857647.763538401] [pinn_franka_controller]: Trajectory stale (1140.6s > 2.0s) -- holding at last known position via gravity compensation.
[pinn_controller_node-1] [WARN] [1784857648.764393710] [pinn_franka_controller]: Trajectory stale (1141.6s > 2.0s) -- holding at last known position via gravity compensation.
[pinn_controller_node-1] [WARN] [1784857649.765359490] [pinn_franka_controller]: Trajectory stale (1142.6s > 2.0s) -- holding at last known position via gravity compensation.
[pinn_controller_node-1] [WARN] [1784857650.765360959] [pinn_franka_controller]: Trajectory stale (1143.6s > 2.0s) -- holding at last known position via gravity compensation.
[pinn_controller_node-1] [WARN] [1784857651.765419844] [pinn_franka_controller]: Trajectory stale (1144.6s > 2.0s) -- holding at last known position via gravity compensation.
[pinn_controller_node-1] [WARN] [1784857652.765467748] [pinn_franka_controller]: Trajectory stale (1145.6s > 2.0s) -- holding at last known position via gravity compensation.
[pinn_controller_node-1] [WARN] [1784857653.765806014] [pinn_franka_controller]: Trajectory stale (1146.6s > 2.0s) -- holding at last known position via gravity compensation.
[pinn_controller_node-1] [WARN] [1784857654.766634895] [pinn_franka_controller]: Trajectory stale (1147.6s > 2.0s) -- holding at last known position via gravity compensation.
[pinn_controller_node-1] [WARN] [1784857655.767556669] [pinn_franka_controller]: Trajectory stale (1148.6s > 2.0s) -- holding at last known position via gravity compensation.
[pinn_controller_node-1] [WARN] [1784857656.768367757] [pinn_franka_controller]: Trajectory stale (1149.6s > 2.0s) -- holding at last known position via gravity compensation.
[pinn_controller_node-1] [WARN] [1784857657.768370404] [pinn_franka_controller]: Trajectory stale (1150.6s > 2.0s) -- holding at last known position via gravity compensation.
[pinn_controller_node-1] [WARN] [1784857658.769206608] [pinn_franka_controller]: Trajectory stale (1151.6s > 2.0s) -- holding at last known position via gravity compensation.
[pinn_controller_node-1] [WARN] [1784857659.769451771] [pinn_franka_controller]: Trajectory stale (1152.6s > 2.0s) -- holding at last known position via gravity compensation.
[pinn_controller_node-1] [WARN] [1784857660.769576963] [pinn_franka_controller]: Trajectory stale (1153.6s > 2.0s) -- holding at last known position via gravity compensation.
[pinn_controller_node-1] [WARN] [1784857661.770303840] [pinn_franka_controller]: Trajectory stale (1154.6s > 2.0s) -- holding at last known position via gravity compensation.
[pinn_controller_node-1] [WARN] [1784857662.770398270] [pinn_franka_controller]: Trajectory stale (1155.6s > 2.0s) -- holding at last known position via gravity compensation.
[pinn_controller_node-1] [WARN] [1784857663.771363363] [pinn_franka_controller]: Trajectory stale (1156.6s > 2.0s) -- holding at last known position via gravity compensation.
[pinn_controller_node-1] [WARN] [1784857664.772286713] [pinn_franka_controller]: Trajectory stale (1157.6s > 2.0s) -- holding at last known position via gravity compensation.
[pinn_controller_node-1] [WARN] [1784857665.772829489] [pinn_franka_controller]: Trajectory stale (1158.6s > 2.0s) -- holding at last known position via gravity compensation.
[pinn_controller_node-1] [WARN] [1784857666.773402311] [pinn_franka_controller]: Trajectory stale (1159.6s > 2.0s) -- holding at last known position via gravity compensation.
[pinn_controller_node-1] [WARN] [1784857667.773529122] [pinn_franka_controller]: Trajectory stale (1160.6s > 2.0s) -- holding at last known position via gravity compensation.
[pinn_controller_node-1] [WARN] [1784857668.773745195] [pinn_franka_controller]: Trajectory stale (1161.6s > 2.0s) -- holding at last known position via gravity compensation.
[pinn_controller_node-1] [WARN] [1784857669.774331833] [pinn_franka_controller]: Trajectory stale (1162.6s > 2.0s) -- holding at last known position via gravity compensation.
[pinn_controller_node-1] [WARN] [1784857670.775400702] [pinn_franka_controller]: Trajectory stale (1163.6s > 2.0s) -- holding at last known position via gravity compensation.
[pinn_controller_node-1] [WARN] [1784857671.776304352] [pinn_franka_controller]: Trajectory stale (1164.6s > 2.0s) -- holding at last known position via gravity compensation.
[pinn_controller_node-1] [WARN] [1784857672.776670577] [pinn_franka_controller]: Trajectory stale (1165.6s > 2.0s) -- holding at last known position via gravity compensation.
[pinn_controller_node-1] [WARN] [1784857673.777495309] [pinn_franka_controller]: Trajectory stale (1166.6s > 2.0s) -- holding at last known position via gravity compensation.
[pinn_controller_node-1] [WARN] [1784857674.777644706] [pinn_franka_controller]: Trajectory stale (1167.6s > 2.0s) -- holding at last known position via gravity compensation.
[pinn_controller_node-1] [WARN] [1784857675.778276352] [pinn_franka_controller]: Trajectory stale (1168.6s > 2.0s) -- holding at last known position via gravity compensation.
[pinn_controller_node-1] [WARN] [1784857676.778364556] [pinn_franka_controller]: Trajectory stale (1169.6s > 2.0s) -- holding at last known position via gravity compensation.
[pinn_controller_node-1] [WARN] [1784857677.778394076] [pinn_franka_controller]: Trajectory stale (1170.6s > 2.0s) -- holding at last known position via gravity compensation.
[pinn_controller_node-1] [WARN] [1784857678.778437448] [pinn_franka_controller]: Trajectory stale (1171.6s > 2.0s) -- holding at last known position via gravity compensation.
[pinn_controller_node-1] [WARN] [1784857679.778634023] [pinn_franka_controller]: Trajectory stale (1172.6s > 2.0s) -- holding at last known position via gravity compensation.
[pinn_controller_node-1] [WARN] [1784857680.779393675] [pinn_franka_controller]: Trajectory stale (1173.6s > 2.0s) -- holding at last known position via gravity compensation.
[pinn_controller_node-1] [WARN] [1784857681.779634902] [pinn_franka_controller]: Trajectory stale (1174.6s > 2.0s) -- holding at last known position via gravity compensation.
[pinn_controller_node-1] [WARN] [1784857682.780366377] [pinn_franka_controller]: Trajectory stale (1175.6s > 2.0s) -- holding at last known position via gravity compensation.
[pinn_controller_node-1] [WARN] [1784857683.780379446] [pinn_franka_controller]: Trajectory stale (1176.6s > 2.0s) -- holding at last known position via gravity compensation.
[pinn_controller_node-1] [WARN] [1784857684.781168551] [pinn_franka_controller]: Trajectory stale (1177.6s > 2.0s) -- holding at last known position via gravity compensation.
[pinn_controller_node-1] [WARN] [1784857685.781555037] [pinn_franka_controller]: Trajectory stale (1178.6s > 2.0s) -- holding at last known position via gravity compensation.
[pinn_controller_node-1] [WARN] [1784857686.782340505] [pinn_franka_controller]: Trajectory stale (1179.6s > 2.0s) -- holding at last known position via gravity compensation.
[pinn_controller_node-1] [WARN] [1784857687.782731722] [pinn_franka_controller]: Trajectory stale (1180.6s > 2.0s) -- holding at last known position via gravity compensation.
[pinn_controller_node-1] [WARN] [1784857688.783557860] [pinn_franka_controller]: Trajectory stale (1181.6s > 2.0s) -- holding at last known position via gravity compensation.
[pinn_controller_node-1] [WARN] [1784857689.784315897] [pinn_franka_controller]: Trajectory stale (1182.6s > 2.0s) -- holding at last known position via gravity compensation.
[pinn_controller_node-1] [WARN] [1784857690.784854678] [pinn_franka_controller]: Trajectory stale (1183.6s > 2.0s) -- holding at last known position via gravity compensation.
[pinn_controller_node-1] [WARN] [1784857691.785593442] [pinn_franka_controller]: Trajectory stale (1184.6s > 2.0s) -- holding at last known position via gravity compensation.
[pinn_controller_node-1] [WARN] [1784857692.786414130] [pinn_franka_controller]: Trajectory stale (1185.6s > 2.0s) -- holding at last known position via gravity compensation.
[pinn_controller_node-1] [WARN] [1784857693.786455710] [pinn_franka_controller]: Trajectory stale (1186.6s > 2.0s) -- holding at last known position via gravity compensation.
[pinn_controller_node-1] [WARN] [1784857694.786792848] [pinn_franka_controller]: Trajectory stale (1187.6s > 2.0s) -- holding at last known position via gravity compensation.
[pinn_controller_node-1] [WARN] [1784857695.787623126] [pinn_franka_controller]: Trajectory stale (1188.6s > 2.0s) -- holding at last known position via gravity compensation.
[pinn_controller_node-1] [WARN] [1784857696.788604431] [pinn_franka_controller]: Trajectory stale (1189.6s > 2.0s) -- holding at last known position via gravity compensation.
[pinn_controller_node-1] [WARN] [1784857697.789360553] [pinn_franka_controller]: Trajectory stale (1190.6s > 2.0s) -- holding at last known position via gravity compensation.
[pinn_controller_node-1] [WARN] [1784857698.789386041] [pinn_franka_controller]: Trajectory stale (1191.6s > 2.0s) -- holding at last known position via gravity compensation.
[pinn_controller_node-1] [WARN] [1784857699.789388403] [pinn_franka_controller]: Trajectory stale (1192.6s > 2.0s) -- holding at last known position via gravity compensation.
[pinn_controller_node-1] [WARN] [1784857700.790306383] [pinn_franka_controller]: Trajectory stale (1193.6s > 2.0s) -- holding at last known position via gravity compensation.
[pinn_controller_node-1] [WARN] [1784857701.790595020] [pinn_franka_controller]: Trajectory stale (1194.6s > 2.0s) -- holding at last known position via gravity compensation.
[pinn_controller_node-1] [WARN] [1784857702.791459837] [pinn_franka_controller]: Trajectory stale (1195.6s > 2.0s) -- holding at last known position via gravity compensation.
[pinn_controller_node-1] [WARN] [1784857703.792714907] [pinn_franka_controller]: Trajectory stale (1196.6s > 2.0s) -- holding at last known position via gravity compensation.
[pinn_controller_node-1] [WARN] [1784857704.793566585] [pinn_franka_controller]: Trajectory stale (1197.6s > 2.0s) -- holding at last known position via gravity compensation.
[pinn_controller_node-1] [WARN] [1784857705.794319468] [pinn_franka_controller]: Trajectory stale (1198.6s > 2.0s) -- holding at last known position via gravity compensation.
[pinn_controller_node-1] [WARN] [1784857706.795331286] [pinn_franka_controller]: Trajectory stale (1199.6s > 2.0s) -- holding at last known position via gravity compensation.
[pinn_controller_node-1] [WARN] [1784857707.795570738] [pinn_franka_controller]: Trajectory stale (1200.6s > 2.0s) -- holding at last known position via gravity compensation.
[pinn_controller_node-1] [WARN] [1784857708.796437207] [pinn_franka_controller]: Trajectory stale (1201.6s > 2.0s) -- holding at last known position via gravity compensation.
[pinn_controller_node-1] [WARN] [1784857709.796466131] [pinn_franka_controller]: Trajectory stale (1202.6s > 2.0s) -- holding at last known position via gravity compensation.
[pinn_controller_node-1] [WARN] [1784857710.796605990] [pinn_franka_controller]: Trajectory stale (1203.6s > 2.0s) -- holding at last known position via gravity compensation.
[pinn_controller_node-1] [WARN] [1784857711.797319390] [pinn_franka_controller]: Trajectory stale (1204.6s > 2.0s) -- holding at last known position via gravity compensation.
[pinn_controller_node-1] [WARN] [1784857712.797751735] [pinn_franka_controller]: Trajectory stale (1205.6s > 2.0s) -- holding at last known position via gravity compensation.
[pinn_controller_node-1] [WARN] [1784857713.798557123] [pinn_franka_controller]: Trajectory stale (1206.6s > 2.0s) -- holding at last known position via gravity compensation.
[pinn_controller_node-1] [WARN] [1784857714.799331170] [pinn_franka_controller]: Trajectory stale (1207.6s > 2.0s) -- holding at last known position via gravity compensation.
[pinn_controller_node-1] [WARN] [1784857715.799450514] [pinn_franka_controller]: Trajectory stale (1208.6s > 2.0s) -- holding at last known position via gravity compensation.
[pinn_controller_node-1] [WARN] [1784857716.799664339] [pinn_franka_controller]: Trajectory stale (1209.6s > 2.0s) -- holding at last known position via gravity compensation.
[pinn_controller_node-1] [WARN] [1784857717.800361567] [pinn_franka_controller]: Trajectory stale (1210.6s > 2.0s) -- holding at last known position via gravity compensation.
[pinn_controller_node-1] [WARN] [1784857718.800386129] [pinn_franka_controller]: Trajectory stale (1211.6s > 2.0s) -- holding at last known position via gravity compensation.
[pinn_controller_node-1] [WARN] [1784857719.800388900] [pinn_franka_controller]: Trajectory stale (1212.6s > 2.0s) -- holding at last known position via gravity compensation.
[pinn_controller_node-1] [WARN] [1784857720.801368978] [pinn_franka_controller]: Trajectory stale (1213.6s > 2.0s) -- holding at last known position via gravity compensation.
[pinn_controller_node-1] [WARN] [1784857721.802352554] [pinn_franka_controller]: Trajectory stale (1214.6s > 2.0s) -- holding at last known position via gravity compensation.
[pinn_controller_node-1] [WARN] [1784857722.803154059] [pinn_franka_controller]: Trajectory stale (1215.6s > 2.0s) -- holding at last known position via gravity compensation.
[pinn_controller_node-1] [WARN] [1784857723.803371385] [pinn_franka_controller]: Trajectory stale (1216.6s > 2.0s) -- holding at last known position via gravity compensation.
[pinn_controller_node-1] [WARN] [1784857724.804390550] [pinn_franka_controller]: Trajectory stale (1217.6s > 2.0s) -- holding at last known position via gravity compensation.
[pinn_controller_node-1] [WARN] [1784857725.804616323] [pinn_franka_controller]: Trajectory stale (1218.6s > 2.0s) -- holding at last known position via gravity compensation.
[pinn_controller_node-1] [WARN] [1784857726.805493172] [pinn_franka_controller]: Trajectory stale (1219.6s > 2.0s) -- holding at last known position via gravity compensation.
[pinn_controller_node-1] [WARN] [1784857727.806324059] [pinn_franka_controller]: Trajectory stale (1220.6s > 2.0s) -- holding at last known position via gravity compensation.
[pinn_controller_node-1] [WARN] [1784857728.806378913] [pinn_franka_controller]: Trajectory stale (1221.6s > 2.0s) -- holding at last known position via gravity compensation.
[pinn_controller_node-1] [WARN] [1784857729.807346340] [pinn_franka_controller]: Trajectory stale (1222.6s > 2.0s) -- holding at last known position via gravity compensation.
[pinn_controller_node-1] [WARN] [1784857730.807356753] [pinn_franka_controller]: Trajectory stale (1223.6s > 2.0s) -- holding at last known position via gravity compensation.
[pinn_controller_node-1] [WARN] [1784857731.807380165] [pinn_franka_controller]: Trajectory stale (1224.6s > 2.0s) -- holding at last known position via gravity compensation.
[pinn_controller_node-1] [WARN] [1784857732.807814261] [pinn_franka_controller]: Trajectory stale (1225.6s > 2.0s) -- holding at last known position via gravity compensation.
[pinn_controller_node-1] [WARN] [1784857733.807831802] [pinn_franka_controller]: Trajectory stale (1226.6s > 2.0s) -- holding at last known position via gravity compensation.
[pinn_controller_node-1] [WARN] [1784857734.808367432] [pinn_franka_controller]: Trajectory stale (1227.6s > 2.0s) -- holding at last known position via gravity compensation.
[pinn_controller_node-1] [WARN] [1784857735.808416731] [pinn_franka_controller]: Trajectory stale (1228.6s > 2.0s) -- holding at last known position via gravity compensation.
[pinn_controller_node-1] [WARN] [1784857736.808705080] [pinn_franka_controller]: Trajectory stale (1229.6s > 2.0s) -- holding at last known position via gravity compensation.
[pinn_controller_node-1] [WARN] [1784857737.809603813] [pinn_franka_controller]: Trajectory stale (1230.6s > 2.0s) -- holding at last known position via gravity compensation.
[pinn_controller_node-1] [WARN] [1784857738.809670233] [pinn_franka_controller]: Trajectory stale (1231.6s > 2.0s) -- holding at last known position via gravity compensation.
[pinn_controller_node-1] [WARN] [1784857739.809689608] [pinn_franka_controller]: Trajectory stale (1232.6s > 2.0s) -- holding at last known position via gravity compensation.
[pinn_controller_node-1] [WARN] [1784857740.810669414] [pinn_franka_controller]: Trajectory stale (1233.6s > 2.0s) -- holding at last known position via gravity compensation.
[pinn_controller_node-1] [WARN] [1784857741.811360102] [pinn_franka_controller]: Trajectory stale (1234.6s > 2.0s) -- holding at last known position via gravity compensation.
[pinn_controller_node-1] [WARN] [1784857742.811360107] [pinn_franka_controller]: Trajectory stale (1235.6s > 2.0s) -- holding at last known position via gravity compensation.
[pinn_controller_node-1] [WARN] [1784857743.811374937] [pinn_franka_controller]: Trajectory stale (1236.6s > 2.0s) -- holding at last known position via gravity compensation.
[pinn_controller_node-1] [WARN] [1784857744.812343497] [pinn_franka_controller]: Trajectory stale (1237.6s > 2.0s) -- holding at last known position via gravity compensation.
[pinn_controller_node-1] [WARN] [1784857745.812431443] [pinn_franka_controller]: Trajectory stale (1238.6s > 2.0s) -- holding at last known position via gravity compensation.
[pinn_controller_node-1] [WARN] [1784857746.813309358] [pinn_franka_controller]: Trajectory stale (1239.6s > 2.0s) -- holding at last known position via gravity compensation.
[pinn_controller_node-1] [WARN] [1784857747.813531414] [pinn_franka_controller]: Trajectory stale (1240.6s > 2.0s) -- holding at last known position via gravity compensation.
[pinn_controller_node-1] [WARN] [1784857748.814340667] [pinn_franka_controller]: Trajectory stale (1241.6s > 2.0s) -- holding at last known position via gravity compensation.
[pinn_controller_node-1] [WARN] [1784857749.814812898] [pinn_franka_controller]: Trajectory stale (1242.6s > 2.0s) -- holding at last known position via gravity compensation.
[pinn_controller_node-1] [WARN] [1784857750.815387773] [pinn_franka_controller]: Trajectory stale (1243.6s > 2.0s) -- holding at last known position via gravity compensation.
[pinn_controller_node-1] [WARN] [1784857751.815568037] [pinn_franka_controller]: Trajectory stale (1244.6s > 2.0s) -- holding at last known position via gravity compensation.
[pinn_controller_node-1] [WARN] [1784857752.816376726] [pinn_franka_controller]: Trajectory stale (1245.6s > 2.0s) -- holding at last known position via gravity compensation.
[pinn_controller_node-1] [WARN] [1784857753.817328016] [pinn_franka_controller]: Trajectory stale (1246.6s > 2.0s) -- holding at last known position via gravity compensation.
[pinn_controller_node-1] [WARN] [1784857754.817542030] [pinn_franka_controller]: Trajectory stale (1247.6s > 2.0s) -- holding at last known position via gravity compensation.
[pinn_controller_node-1] [WARN] [1784857755.818367268] [pinn_franka_controller]: Trajectory stale (1248.6s > 2.0s) -- holding at last known position via gravity compensation.
[pinn_controller_node-1] [WARN] [1784857756.819750249] [pinn_franka_controller]: Trajectory stale (1249.6s > 2.0s) -- holding at last known position via gravity compensation.
[pinn_controller_node-1] [WARN] [1784857757.820393498] [pinn_franka_controller]: Trajectory stale (1250.6s > 2.0s) -- holding at last known position via gravity compensation.
[pinn_controller_node-1] [WARN] [1784857758.821353797] [pinn_franka_controller]: Trajectory stale (1251.6s > 2.0s) -- holding at last known position via gravity compensation.
[pinn_controller_node-1] [WARN] [1784857759.822334191] [pinn_franka_controller]: Trajectory stale (1252.6s > 2.0s) -- holding at last known position via gravity compensation.
[pinn_controller_node-1] [WARN] [1784857760.822381211] [pinn_franka_controller]: Trajectory stale (1253.6s > 2.0s) -- holding at last known position via gravity compensation.
[pinn_controller_node-1] [WARN] [1784857761.822594834] [pinn_franka_controller]: Trajectory stale (1254.6s > 2.0s) -- holding at last known position via gravity compensation.
[pinn_controller_node-1] [WARN] [1784857762.823379706] [pinn_franka_controller]: Trajectory stale (1255.6s > 2.0s) -- holding at last known position via gravity compensation.
[pinn_controller_node-1] [WARN] [1784857763.823581748] [pinn_franka_controller]: Trajectory stale (1256.6s > 2.0s) -- holding at last known position via gravity compensation.
[pinn_controller_node-1] [WARN] [1784857764.824515072] [pinn_franka_controller]: Trajectory stale (1257.6s > 2.0s) -- holding at last known position via gravity compensation.
[pinn_controller_node-1] [WARN] [1784857765.825375934] [pinn_franka_controller]: Trajectory stale (1258.6s > 2.0s) -- holding at last known position via gravity compensation.
[pinn_controller_node-1] [WARN] [1784857766.825590885] [pinn_franka_controller]: Trajectory stale (1259.6s > 2.0s) -- holding at last known position via gravity compensation.
[pinn_controller_node-1] [WARN] [1784857767.826362605] [pinn_franka_controller]: Trajectory stale (1260.6s > 2.0s) -- holding at last known position via gravity compensation.
[pinn_controller_node-1] [WARN] [1784857768.826379990] [pinn_franka_controller]: Trajectory stale (1261.6s > 2.0s) -- holding at last known position via gravity compensation.
[pinn_controller_node-1] [WARN] [1784857769.826388078] [pinn_franka_controller]: Trajectory stale (1262.6s > 2.0s) -- holding at last known position via gravity compensation.
[pinn_controller_node-1] [WARN] [1784857770.827331958] [pinn_franka_controller]: Trajectory stale (1263.6s > 2.0s) -- holding at last known position via gravity compensation.
[pinn_controller_node-1] [WARN] [1784857771.827841786] [pinn_franka_controller]: Trajectory stale (1264.6s > 2.0s) -- holding at last known position via gravity compensation.
[pinn_controller_node-1] [WARN] [1784857772.828335340] [pinn_franka_controller]: Trajectory stale (1265.6s > 2.0s) -- holding at last known position via gravity compensation.
[pinn_controller_node-1] [WARN] [1784857773.828351124] [pinn_franka_controller]: Trajectory stale (1266.6s > 2.0s) -- holding at last known position via gravity compensation.
[pinn_controller_node-1] [WARN] [1784857774.828375790] [pinn_franka_controller]: Trajectory stale (1267.6s > 2.0s) -- holding at last known position via gravity compensation.
[pinn_controller_node-1] [WARN] [1784857775.829381498] [pinn_franka_controller]: Trajectory stale (1268.7s > 2.0s) -- holding at last known position via gravity compensation.
[pinn_controller_node-1] [WARN] [1784857776.830320086] [pinn_franka_controller]: Trajectory stale (1269.7s > 2.0s) -- holding at last known position via gravity compensation.
[pinn_controller_node-1] [WARN] [1784857777.830398123] [pinn_franka_controller]: Trajectory stale (1270.7s > 2.0s) -- holding at last known position via gravity compensation.
[pinn_controller_node-1] [WARN] [1784857778.830607209] [pinn_franka_controller]: Trajectory stale (1271.7s > 2.0s) -- holding at last known position via gravity compensation.
[pinn_controller_node-1] [WARN] [1784857779.830629266] [pinn_franka_controller]: Trajectory stale (1272.7s > 2.0s) -- holding at last known position via gravity compensation.
[pinn_controller_node-1] [WARN] [1784857780.831557580] [pinn_franka_controller]: Trajectory stale (1273.7s > 2.0s) -- holding at last known position via gravity compensation.
[pinn_controller_node-1] [WARN] [1784857781.832426890] [pinn_franka_controller]: Trajectory stale (1274.7s > 2.0s) -- holding at last known position via gravity compensation.
[pinn_controller_node-1] [WARN] [1784857782.832581331] [pinn_franka_controller]: Trajectory stale (1275.7s > 2.0s) -- holding at last known position via gravity compensation.
[pinn_controller_node-1] [WARN] [1784857783.833365475] [pinn_franka_controller]: Trajectory stale (1276.7s > 2.0s) -- holding at last known position via gravity compensation.
[pinn_controller_node-1] [WARN] [1784857784.833403865] [pinn_franka_controller]: Trajectory stale (1277.7s > 2.0s) -- holding at last known position via gravity compensation.
[pinn_controller_node-1] [WARN] [1784857785.834353271] [pinn_franka_controller]: Trajectory stale (1278.7s > 2.0s) -- holding at last known position via gravity compensation.
[pinn_controller_node-1] [WARN] [1784857786.834626007] [pinn_franka_controller]: Trajectory stale (1279.7s > 2.0s) -- holding at last known position via gravity compensation.
[pinn_controller_node-1] [WARN] [1784857787.835347873] [pinn_franka_controller]: Trajectory stale (1280.7s > 2.0s) -- holding at last known position via gravity compensation.
[pinn_controller_node-1] [WARN] [1784857788.835455476] [pinn_franka_controller]: Trajectory stale (1281.7s > 2.0s) -- holding at last known position via gravity compensation.
[pinn_controller_node-1] [WARN] [1784857789.835578462] [pinn_franka_controller]: Trajectory stale (1282.7s > 2.0s) -- holding at last known position via gravity compensation.
[pinn_controller_node-1] [WARN] [1784857790.836342024] [pinn_franka_controller]: Trajectory stale (1283.7s > 2.0s) -- holding at last known position via gravity compensation.
[pinn_controller_node-1] [WARN] [1784857791.836404546] [pinn_franka_controller]: Trajectory stale (1284.7s > 2.0s) -- holding at last known position via gravity compensation.
[pinn_controller_node-1] [WARN] [1784857792.837218436] [pinn_franka_controller]: Trajectory stale (1285.7s > 2.0s) -- holding at last known position via gravity compensation.
[pinn_controller_node-1] [WARN] [1784857793.837336302] [pinn_franka_controller]: Trajectory stale (1286.7s > 2.0s) -- holding at last known position via gravity compensation.
[pinn_controller_node-1] [WARN] [1784857794.837383208] [pinn_franka_controller]: Trajectory stale (1287.7s > 2.0s) -- holding at last known position via gravity compensation.
[pinn_controller_node-1] [WARN] [1784857795.837410442] [pinn_franka_controller]: Trajectory stale (1288.7s > 2.0s) -- holding at last known position via gravity compensation.
[pinn_controller_node-1] [WARN] [1784857796.838314109] [pinn_franka_controller]: Trajectory stale (1289.7s > 2.0s) -- holding at last known position via gravity compensation.
[pinn_controller_node-1] [WARN] [1784857797.838423545] [pinn_franka_controller]: Trajectory stale (1290.7s > 2.0s) -- holding at last known position via gravity compensation.
[pinn_controller_node-1] [WARN] [1784857798.838493475] [pinn_franka_controller]: Trajectory stale (1291.7s > 2.0s) -- holding at last known position via gravity compensation.
[pinn_controller_node-1] [WARN] [1784857799.838842413] [pinn_franka_controller]: Trajectory stale (1292.7s > 2.0s) -- holding at last known position via gravity compensation.
[pinn_controller_node-1] [WARN] [1784857800.839891159] [pinn_franka_controller]: Trajectory stale (1293.7s > 2.0s) -- holding at last known position via gravity compensation.
[pinn_controller_node-1] [WARN] [1784857801.840238654] [pinn_franka_controller]: Trajectory stale (1294.7s > 2.0s) -- holding at last known position via gravity compensation.
